a,b,year,n_pmids
PARP1,POLE,1985,1
H4C1,PMS2,1985,1
H4C1,RRM1,1985,1
H4C1,IGFBP3,1985,1
H4C1,NHP2,1985,1
H4C1,PPM1D,1985,1
POLM,RAD51,1985,1
POLM,UNG,1985,1
CDK4,RBX1,1985,1
CDK4,USP1,1985,1
CDK4,CETN2,1985,1
CDK4,RAD23B,1985,1
CDK4,MTOR,1985,1
CDK4,H4C1,1985,1
CDK4,XRCC2,1985,1
PARP1,ZBTB32,1985,1
PARP1,RPL13A,1985,1
RAD23B,USP1,1985,1
RAD23B,SSBP1,1985,1
PARP1,RELA,1985,1
PARP1,RAD23B,1985,1
PARP1,USP1,1985,1
PARP1,SESN2,1985,1
PARP1,RAD9A,1985,1
PARP1,RBX1,1985,1
PARP1,SSBP1,1985,1
PARP1,TNFRSF10B,1985,1
RPL13A,SSBP1,1985,1
RPL13A,XRCC2,1985,1
RPL13A,USP1,1985,1
RPL13A,WRAP53,1985,1
RBX1,UNG,1985,1
H4C1,XRCC2,1985,1
H4C1,MAPK12,1985,1
POLM,PPM1D,1985,1
POLM,RAD23B,1985,1
POLM,SSBP1,1985,1
POLM,WRAP53,1985,1
POLM,SESN2,1985,1
POLM,XRCC2,1985,1
POLM,ZBTB32,1985,1
POLM,RPL13A,1985,1
POLM,TNFRSF10B,1985,1
H4C1,PARP1,1985,1
H4C1,MT1X,1985,1
H4C1,POLD4,1985,1
H4C1,ZBTB32,1985,1
H4C1,IGHMBP2,1985,1
H4C1,RAD51,1985,1
H4C1,UNG,1985,1
CDK4,ERCC1,1985,1
H4C1,WRAP53,1985,1
H4C1,RPL13A,1985,1
H4C1,TNFRSF10B,1985,1
CDK4,RPL13A,1985,1
CDK4,IGFBP3,1985,1
CDK4,POLE,1985,1
CDK4,PMS2,1985,1
CDK4,SESN2,1985,1
UNG,XRCC2,1985,1
H4C1,KDR,1985,1
H4C1,SSBP1,1985,1
H4C1,IGF1,1985,1
H4C1,POLE,1985,1
CDK4,WRAP53,1985,1
CDK4,EGFR,1985,1
H4C1,RAD9A,1985,1
H4C1,USP1,1985,1
H4C1,RELA,1985,1
H4C1,POLM,1985,1
H4C1,SESN2,1985,1
CDK4,DNTT,1985,1
CDK4,MDM2,1985,1
CDK4,NHP2,1985,1
CDK4,ZBTB32,1985,1
CDK4,H2AC8,1985,1
UNG,WRAP53,1985,1
UNG,USP1,1985,1
H4C1,RBX1,1985,1
H4C1,MDM2,1985,1
POLD1,RAD9A,1985,1
POLD1,POLM,1985,1
H4C1,MTOR,1985,1
H4C1,POLD1,1985,1
CDK4,SSBP1,1985,1
CDK4,IGF1,1985,1
CDK4,POLD4,1985,1
POLD1,POLE,1985,1
H4C1,RAD23B,1985,1
UNG,ZBTB32,1985,1
POLD1,WRAP53,1985,1
CDK4,POLD1,1985,1
CDK4,RELA,1985,1
CDK4,POLM,1985,1
CDK4,PARP2,1985,1
CDK4,KDR,1985,1
ERCC1,RAD23B,1985,1
ERCC1,POLE,1985,1
ERCC1,MDM2,1985,1
CDK4,MAPK12,1985,1
CDK4,RAD9A,1985,1
CDK4,PPM1D,1985,1
CDK4,GTF2H1,1985,1
CDK4,MT1X,1985,1
POLD1,UNG,1985,1
POLD1,SESN2,1985,1
POLD1,PPM1D,1985,1
POLD1,RRM1,1985,1
POLD1,RAD23B,1985,1
POLD1,XRCC2,1985,1
POLD1,RBX1,1985,1
POLD1,TNFRSF10B,1985,1
ERCC1,NHP2,1985,1
ERCC1,RPL13A,1985,1
ERCC1,KDR,1985,1
ERCC1,POLD1,1985,1
ERCC1,SSBP1,1985,1
POLD1,RPL13A,1985,1
POLD1,USP1,1985,1
POLD1,POLD4,1985,1
POLD1,ZBTB32,1985,1
POLD1,SSBP1,1985,1
ERCC1,XRCC2,1985,1
ERCC1,PARP1,1985,1
ERCC1,PMS2,1985,1
ERCC1,IGFBP3,1985,1
ERCC1,H2AC8,1985,1
ERCC1,MTOR,1985,1
RELA,USP1,1985,1
RELA,SESN2,1985,1
RELA,RPL13A,1985,1
RELA,UNG,1985,1
ERCC1,RRM1,1985,1
ERCC1,ZBTB32,1985,1
ERCC1,TNFRSF10B,1985,1
ERCC1,H4C1,1985,1
ERCC1,RAD9A,1985,1
ERCC1,USP1,1985,1
ERCC1,IGHMBP2,1985,1
ERCC1,RBX1,1985,1
ERCC1,POLM,1985,1
ERCC1,GTF2H1,1985,1
ERCC1,RELA,1985,1
ERCC1,RAD51,1985,1
RELA,XRCC2,1985,1
RELA,RRM1,1985,1
RELA,SSBP1,1985,1
ERCC1,WRAP53,1985,1
ERCC1,SESN2,1985,1
ERCC1,MAPK12,1985,1
ERCC1,IGF1,1985,1
ERCC1,MT1X,1985,1
ERCC1,PARP2,1985,1
RELA,WRAP53,1985,1
ERCC1,UNG,1985,1
ERCC1,POLD4,1985,1
ERCC1,PPM1D,1985,1
PARP1,POLD4,1985,1
RELA,TNFRSF10B,1985,1
RELA,ZBTB32,1985,1
CDK6,POLM,1985,1
CDK6,MTOR,1985,1
CDK6,RELA,1985,1
CDK6,ZBTB32,1985,1
CDK6,RPL13A,1985,1
PPM1D,XRCC2,1985,1
PPM1D,ZBTB32,1985,1
PPM1D,RAD9A,1985,1
PPM1D,RBX1,1985,1
BRCA1,DNTT,1985,1
BRCA1,UNG,1985,1
BRCA1,SESN2,1985,1
BRCA1,CDK2,1985,1
BRCA1,POLD4,1985,1
BRCA1,GTF2H1,1985,1
BRCA1,USP1,1985,1
BRCA1,PMS2,1985,1
BRCA1,RPL13A,1985,1
BRCA1,POLD1,1985,1
BRCA1,MT1X,1985,1
BRCA1,IGF1,1985,1
BRCA1,CETN2,1985,1
BRCA1,RELA,1985,1
BRCA1,PARP2,1985,2
BRCA1,RAD9A,1985,1
BRCA1,MAPK12,1985,1
BRCA1,ERCC1,1985,1
BRCA1,POLE,1985,1
BRCA1,IGHMBP2,1985,1
BRCA1,CDK4,1985,1
BRCA1,NHP2,1985,1
PPM1D,RPL13A,1985,1
CDK6,SESN2,1985,1
CDK6,MAPK12,1985,1
CDK6,IGFBP3,1985,1
CDK6,POLD4,1985,1
CDK6,XRCC2,1985,1
CDK6,NHP2,1985,1
CDK6,RRM1,1985,1
CDK6,H2AC8,1985,1
CDK6,IGHMBP2,1985,1
CDK6,PMS2,1985,1
CDK6,RAD9A,1985,1
CDK6,POLD1,1985,1
CDK6,TNFRSF10B,1985,1
CDK6,IGF1,1985,1
CDK6,WRAP53,1985,1
CDK6,H4C1,1985,1
MT1X,SSBP1,1985,1
MT1X,POLD4,1985,1
MT1X,UNG,1985,1
MT1X,SESN2,1985,1
MT1X,TNFRSF10B,1985,1
CDK6,PARP1,1985,1
CDK6,CETN2,1985,1
CDK6,RBX1,1985,1
CDK6,RAD23B,1985,1
CDK6,EGFR,1985,1
CDK6,POLE,1985,1
CDK6,KDR,1985,1
CDK6,PPM1D,1985,1
CDK6,DNTT,1985,1
CDK6,ERCC1,1985,1
CDK6,RAD51,1985,1
MT1X,RAD51,1985,1
MT1X,POLE,1985,1
MT1X,USP1,1985,1
MT1X,PARP2,1985,1
MT1X,RRM1,1985,1
CDK6,USP1,1985,1
CDK6,SSBP1,1985,1
CDK6,GTF2H1,1985,1
CDK6,MDM2,1985,1
CDK6,MT1X,1985,1
CDK6,UNG,1985,1
MT1X,PARP1,1985,1
MT1X,PMS2,1985,1
MT1X,PPM1D,1985,1
MT1X,POLM,1985,1
MT1X,ZBTB32,1985,1
BRCA1,POLM,1985,1
PPM1D,TNFRSF10B,1985,1
PPM1D,SESN2,1985,1
BRCA1,RAD23B,1985,1
IGF1,USP1,1985,1
IGF1,NHP2,1985,1
MT1X,WRAP53,1985,1
MT1X,XRCC2,1985,1
MT1X,RAD9A,1985,1
MT1X,NHP2,1985,1
MT1X,RELA,1985,1
MT1X,RPL13A,1985,1
MT1X,RAD23B,1985,1
MT1X,MTOR,1985,1
MT1X,RBX1,1985,1
MT1X,POLD1,1985,1
IGF1,MT1X,1985,1
IGF1,POLM,1985,1
IGF1,IGFBP3,1985,1
IGF1,XRCC2,1985,1
IGF1,MDM2,1985,1
IGF1,MAPK12,1985,1
IGF1,SSBP1,1985,1
IGF1,RAD51,1985,1
PPM1D,WRAP53,1985,1
PPM1D,SSBP1,1985,1
BRCA1,H4C1,1985,1
BRCA1,IGFBP3,1985,1
BRCA1,WRAP53,1985,1
BRCA1,TNFRSF10B,1985,1
BRCA1,MTOR,1985,1
BRCA1,ZBTB32,1985,1
IGF1,UNG,1985,1
IGF1,ZBTB32,1985,1
IGF1,WRAP53,1985,1
IGF1,PPM1D,1985,1
IGF1,KDR,1985,1
IGF1,RELA,1985,1
IGF1,IGHMBP2,1985,1
IGF1,PARP1,1985,1
IGF1,POLE,1985,1
IGF1,PARP2,1985,1
IGF1,POLD1,1985,1
IGF1,RAD9A,1985,1
IGF1,RAD23B,1985,1
IGF1,RRM1,1985,1
IGF1,RPL13A,1985,1
IGF1,SESN2,1985,1
DNTT,MAPK12,1985,1
DNTT,POLE,1985,1
DNTT,IGFBP3,1985,1
DNTT,TNFRSF10B,1985,1
DNTT,KDR,1985,1
IGF1,POLD4,1985,1
IGF1,MTOR,1985,1
DNTT,RAD51,1985,1
DNTT,USP1,1985,1
DNTT,RAD9A,1985,1
DNTT,RBX1,1985,1
DNTT,PARP2,1985,1
DNTT,ZBTB32,1985,1
IGF1,PMS2,1985,1
IGF1,RBX1,1985,1
IGF1,TNFRSF10B,1985,1
DNTT,RRM1,1985,1
DNTT,POLD4,1985,1
DNTT,UNG,1985,1
DNTT,RELA,1985,1
DNTT,RAD23B,1985,1
DNTT,MT1X,1985,1
DNTT,PPM1D,1985,1
DNTT,SESN2,1985,1
DNTT,WRAP53,1985,1
BRCA1,PPM1D,1985,1
BRCA1,H2AC8,1985,1
PPM1D,RAD23B,1985,1
PPM1D,UNG,1985,1
PPM1D,USP1,1985,1
PPM1D,RELA,1985,1
PPM1D,RRM1,1985,1
DNTT,H2AC8,1985,1
DNTT,IGHMBP2,1985,1
DNTT,MTOR,1985,1
DNTT,XRCC2,1985,1
DNTT,EGFR,1985,1
DNTT,RPL13A,1985,1
DNTT,NHP2,1985,1
DNTT,GTF2H1,1985,1
BRCA1,RRM1,1985,1
BRCA1,MDM2,1985,1
BRCA1,CDK6,1985,1
BRCA1,SSBP1,1985,1
BRCA1,KDR,1985,1
PPM1D,RAD51,1985,1
DNTT,IGF1,1985,1
DNTT,PARP1,1985,1
POLD4,SESN2,1985,1
POLD4,RELA,1985,1
POLD4,WRAP53,1985,1
POLD4,SSBP1,1985,1
POLD4,RAD9A,1985,1
DNTT,PMS2,1985,1
DNTT,POLD1,1985,1
DNTT,MDM2,1985,1
DNTT,H4C1,1985,1
BRCA1,RBX1,1985,1
GTF2H1,WRAP53,1985,1
GTF2H1,RRM1,1985,1
GTF2H1,RBX1,1985,1
DNTT,SSBP1,1985,1
DNTT,ERCC1,1985,1
DNTT,POLM,1985,1
POLD4,RAD51,1985,1
POLD4,RPL13A,1985,1
IGHMBP2,USP1,1985,1
IGHMBP2,POLD1,1985,1
IGHMBP2,PPM1D,1985,1
IGHMBP2,RELA,1985,1
POLD4,UNG,1985,1
POLD4,POLE,1985,1
POLD4,PPM1D,1985,1
POLD4,RBX1,1985,1
POLD4,POLM,1985,1
POLD4,TNFRSF10B,1985,1
POLD4,USP1,1985,1
POLD4,ZBTB32,1985,1
GTF2H1,ZBTB32,1985,1
GTF2H1,XRCC2,1985,1
IGHMBP2,RAD23B,1985,1
IGHMBP2,MTOR,1985,1
IGHMBP2,MT1X,1985,1
GTF2H1,POLD4,1985,1
IGHMBP2,PARP1,1985,1
IGHMBP2,NHP2,1985,1
IGHMBP2,PMS2,1985,1
IGHMBP2,RBX1,1985,1
IGHMBP2,RPL13A,1985,1
IGHMBP2,SESN2,1985,1
IGHMBP2,MDM2,1985,1
IGHMBP2,POLM,1985,1
IGHMBP2,KDR,1985,1
POLD4,RRM1,1985,1
POLD4,XRCC2,1985,1
POLD4,RAD23B,1985,1
GTF2H1,MAPK12,1985,1
GTF2H1,IGF1,1985,1
GTF2H1,TNFRSF10B,1985,1
IGFBP3,MT1X,1985,1
IGFBP3,POLD1,1985,1
IGHMBP2,POLE,1985,1
IGHMBP2,RRM1,1985,1
IGHMBP2,MAPK12,1985,1
IGHMBP2,WRAP53,1985,1
CETN2,DNTT,1985,1
CETN2,PARP1,1985,1
CETN2,SESN2,1985,1
IGHMBP2,TNFRSF10B,1985,1
IGHMBP2,ZBTB32,1985,1
IGHMBP2,UNG,1985,1
IGHMBP2,RAD51,1985,1
IGFBP3,SSBP1,1985,1
IGFBP3,MDM2,1985,1
IGFBP3,KDR,1985,1
IGFBP3,PMS2,1985,1
IGFBP3,RELA,1985,1
IGHMBP2,POLD4,1985,1
IGHMBP2,SSBP1,1985,1
IGHMBP2,RAD9A,1985,1
GTF2H1,KDR,1985,1
GTF2H1,IGFBP3,1985,1
GTF2H1,RAD23B,1985,1
GTF2H1,IGHMBP2,1985,1
GTF2H1,RAD51,1985,1
GTF2H1,H4C1,1985,1
GTF2H1,RELA,1985,1
GTF2H1,USP1,1985,1
IGFBP3,POLE,1985,1
IGFBP3,RBX1,1985,1
IGFBP3,ZBTB32,1985,1
IGFBP3,XRCC2,1985,1
IGFBP3,RAD9A,1985,1
IGFBP3,RAD23B,1985,1
IGFBP3,NHP2,1985,1
IGFBP3,MAPK12,1985,1
CDK2,RBX1,1985,1
CDK2,SSBP1,1985,1
CDK2,POLM,1985,1
CDK2,RPL13A,1985,1
CDK2,SESN2,1985,1
CDK2,RAD9A,1985,1
IGFBP3,RRM1,1985,1
IGFBP3,TNFRSF10B,1985,1
CDK2,ERCC1,1985,1
CDK2,PMS2,1985,1
CDK2,IGF1,1985,1
CDK2,H4C1,1985,1
IGFBP3,POLD4,1985,1
IGFBP3,PARP1,1985,1
IGFBP3,USP1,1985,1
IGFBP3,WRAP53,1985,1
CDK2,NHP2,1985,1
CDK2,XRCC2,1985,1
CDK2,POLD4,1985,1
CDK2,RRM1,1985,1
CDK2,MT1X,1985,1
CDK2,PARP1,1985,1
IGFBP3,RAD51,1985,1
IGFBP3,RPL13A,1985,1
CDK2,KDR,1985,1
CDK2,MDM2,1985,1
CDK2,EGFR,1985,1
CDK2,CETN2,1985,1
CDK2,H2AC8,1985,1
CDK2,MTOR,1985,1
CDK2,IGHMBP2,1985,1
CDK2,MAPK12,1985,1
IGFBP3,SESN2,1985,1
IGFBP3,MTOR,1985,1
CDK2,ZBTB32,1985,1
CDK2,RAD51,1985,1
CDK2,UNG,1985,1
CDK2,POLD1,1985,1
CDK2,PPM1D,1985,1
CDK2,TNFRSF10B,1985,1
CDK2,IGFBP3,1985,1
IGFBP3,IGHMBP2,1985,1
IGFBP3,PPM1D,1985,1
IGFBP3,POLM,1985,1
GTF2H1,PPM1D,1985,1
GTF2H1,RPL13A,1985,1
CETN2,USP1,1985,1
CETN2,XRCC2,1985,1
CETN2,RAD51,1985,1
CETN2,MDM2,1985,1
MTOR,SSBP1,1985,1
MTOR,PMS2,1985,1
MTOR,ZBTB32,1985,1
MTOR,RELA,1985,1
CDK2,RELA,1985,1
CDK2,RAD23B,1985,1
CETN2,ERCC1,1985,1
CETN2,MAPK12,1985,1
CETN2,UNG,1985,1
CETN2,KDR,1985,1
CETN2,MT1X,1985,1
CETN2,RRM1,1985,1
CETN2,PARP2,1985,1
SSBP1,UNG,1985,1
SSBP1,TNFRSF10B,1985,1
SSBP1,ZBTB32,1985,1
SSBP1,WRAP53,1985,1
CDK2,GTF2H1,1985,1
CDK2,POLE,1985,1
CDK2,DNTT,1985,1
CDK2,USP1,1985,1
CDK2,WRAP53,1985,1
SSBP1,XRCC2,1985,1
CETN2,GTF2H1,1985,1
CETN2,POLD1,1985,1
CETN2,PPM1D,1985,1
CETN2,POLD4,1985,1
CETN2,TNFRSF10B,1985,1
CETN2,IGHMBP2,1985,1
CETN2,IGF1,1985,1
CETN2,NHP2,1985,1
CETN2,POLE,1985,1
CETN2,MTOR,1985,1
CETN2,RPL13A,1985,1
CETN2,ZBTB32,1985,1
CETN2,RAD9A,1985,1
CETN2,WRAP53,1985,1
GTF2H1,MDM2,1985,1
CETN2,POLM,1985,1
CETN2,SSBP1,1985,1
EGFR,RBX1,1985,1
EGFR,ZBTB32,1985,1
EGFR,H2AC8,1985,1
EGFR,RAD9A,1985,1
EGFR,MAPK12,1985,1
EGFR,ERCC1,1985,1
EGFR,PMS2,1985,1
EGFR,XRCC2,1985,1
EGFR,IGF1,1985,1
EGFR,PARP2,1985,2
EGFR,PPM1D,1985,1
POLE,RAD23B,1985,1
SSBP1,USP1,1985,1
MDM2,RPL13A,1985,1
MDM2,RAD9A,1985,1
MDM2,PMS2,1985,1
MDM2,MTOR,1985,1
MDM2,POLD1,1985,1
POLE,RBX1,1985,1
POLE,POLM,1985,1
POLE,RPL13A,1985,1
TNFRSF10B,XRCC2,1985,1
TNFRSF10B,ZBTB32,1985,1
TNFRSF10B,USP1,1985,1
TNFRSF10B,WRAP53,1985,1
TNFRSF10B,UNG,1985,1
CETN2,PMS2,1985,1
CETN2,H4C1,1985,1
CETN2,RBX1,1985,1
POLE,WRAP53,1985,1
POLE,UNG,1985,1
POLE,SESN2,1985,1
POLE,TNFRSF10B,1985,1
POLE,SSBP1,1985,1
CETN2,H2AC8,1985,1
CETN2,EGFR,1985,1
CETN2,RELA,1985,1
CETN2,RAD23B,1985,1
CETN2,IGFBP3,1985,1
MDM2,RBX1,1985,1
MDM2,RAD23B,1985,1
MDM2,PARP2,1985,1
MDM2,POLM,1985,1
MDM2,RELA,1985,1
MDM2,RAD51,1985,1
MDM2,SSBP1,1985,1
MDM2,POLE,1985,1
MDM2,UNG,1985,1
EGFR,RPL13A,1985,1
EGFR,RAD23B,1985,1
GTF2H1,POLM,1985,1
GTF2H1,H2AC8,1985,1
MTOR,UNG,1985,1
MTOR,POLM,1985,1
MTOR,RBX1,1985,1
MTOR,PPM1D,1985,1
MTOR,RPL13A,1985,1
MTOR,RAD51,1985,1
MTOR,POLD1,1985,1
MTOR,RAD9A,1985,1
ATM,UNG,1985,1
ATM,BID,1985,1
ATM,RPL13A,1985,1
ATM,RELA,1985,1
ATM,MTOR,1985,1
ATM,POLD1,1985,1
ATM,GTF2H1,1985,1
ATM,PPM1D,1985,1
ATM,MAPK12,1985,1
POLE,USP1,1985,1
POLE,PPM1D,1985,1
POLE,ZBTB32,1985,1
POLE,RELA,1985,1
POLE,XRCC2,1985,1
POLE,RRM1,1985,1
POLE,RAD9A,1985,1
ATM,POLM,1985,1
ATM,PMS2,1985,1
ATM,RBX1,1985,1
ATM,ZBTB32,1985,1
ATM,CDK2,1985,1
ATM,CETN2,1985,1
ATM,NHP2,1985,1
ATM,KDR,1985,1
ATM,IGF1,1985,1
ATM,POLD4,1985,1
ATM,RAD23B,1985,1
ATM,XRCC2,1985,1
POLE,RAD51,1985,1
ATM,MDM2,1985,1
ATM,MT1X,1985,1
ATM,DNTT,1985,1
EGFR,WRAP53,1985,1
EGFR,MT1X,1985,1
EGFR,POLE,1985,1
MDM2,SESN2,1985,1
MDM2,WRAP53,1985,1
MDM2,PARP1,1985,1
MDM2,ZBTB32,1985,1
MDM2,TNFRSF10B,1985,1
MDM2,MT1X,1985,1
EGFR,RAD51,1985,1
EGFR,TNFRSF10B,1985,1
EGFR,SSBP1,1985,1
EGFR,MDM2,1985,1
EGFR,IGHMBP2,1985,1
EGFR,UNG,1985,1
EGFR,H4C1,1985,1
ATM,TNFRSF10B,1985,1
ATM,ERCC1,1985,1
ATM,EGFR,1985,1
ATM,H4C1,1985,1
ATM,PARP2,1985,1
ATM,WRAP53,1985,1
ATM,IGHMBP2,1985,1
ATM,POLE,1985,1
ATM,CDK6,1985,1
ATM,H2AC8,1985,1
ATM,RRM1,1985,1
ATM,RAD51,1985,1
ATM,RAD9A,1985,1
ATM,SSBP1,1985,1
ATM,CDK4,1985,1
ATM,SESN2,1985,1
EGFR,SESN2,1985,1
EGFR,POLD1,1985,1
GTF2H1,PARP2,1985,1
GTF2H1,MTOR,1985,1
MTOR,RRM1,1985,1
MTOR,WRAP53,1985,1
MTOR,USP1,1985,1
MTOR,SESN2,1985,1
MTOR,POLE,1985,1
MDM2,XRCC2,1985,1
MDM2,NHP2,1985,1
MDM2,PPM1D,1985,1
MDM2,POLD4,1985,1
MDM2,USP1,1985,1
MDM2,RRM1,1985,1
ATM,IGFBP3,1985,1
EGFR,NHP2,1985,1
EGFR,RRM1,1985,1
EGFR,RELA,1985,1
EGFR,KDR,1985,1
GTF2H1,POLD1,1985,1
GTF2H1,PARP1,1985,1
RAD51,WRAP53,1985,1
RAD51,UNG,1985,1
RAD51,RPL13A,1985,1
MTOR,POLD4,1985,1
MTOR,PARP2,1985,1
GTF2H1,NHP2,1985,1
GTF2H1,MT1X,1985,1
GTF2H1,RAD9A,1985,1
GTF2H1,PMS2,1985,1
EGFR,POLD4,1985,1
RAD9A,UNG,1985,1
RAD9A,RPL13A,1985,1
RAD9A,RRM1,1985,1
RAD9A,ZBTB32,1985,1
KDR,RPL13A,1985,1
MTOR,XRCC2,1985,1
MTOR,NHP2,1985,1
MTOR,TNFRSF10B,1985,1
MTOR,PARP1,1985,1
MTOR,RAD23B,1985,1
RAD51,RBX1,1985,1
RAD51,SESN2,1985,1
RAD51,ZBTB32,1985,1
RAD9A,TNFRSF10B,1985,1
RAD9A,SSBP1,1985,1
EGFR,GTF2H1,1985,1
PARP2,SSBP1,1985,1
PARP2,USP1,1985,1
PARP2,RPL13A,1985,1
PARP2,RBX1,1985,1
PARP2,WRAP53,1985,1
PARP2,SESN2,1985,1
PARP2,RELA,1985,1
BID,ZBTB32,1985,1
GTF2H1,SSBP1,1985,1
GTF2H1,POLE,1985,1
GTF2H1,SESN2,1985,1
GTF2H1,UNG,1985,1
RAD9A,WRAP53,1985,1
RAD9A,USP1,1985,1
RAD9A,RELA,1985,1
RAD9A,XRCC2,1985,1
RAD9A,SESN2,1985,1
PARP2,POLD1,1985,1
BID,ERCC1,1985,1
BID,CETN2,1985,1
BID,POLD1,1985,1
BID,DNTT,1985,1
BID,SESN2,1985,1
PARP2,RAD51,1985,1
RAD51,SSBP1,1985,1
RAD51,TNFRSF10B,1985,1
RAD51,USP1,1985,1
RAD51,RRM1,1985,1
PARP2,TNFRSF10B,1985,1
PARP2,UNG,1985,1
PARP2,PPM1D,1985,1
PARP2,RAD9A,1985,1
BID,RPL13A,1985,1
BID,KDR,1985,1
PARP2,ZBTB32,1985,1
PARP2,POLD4,1985,1
KDR,USP1,1985,1
KDR,PMS2,1985,1
KDR,MT1X,1985,1
KDR,MTOR,1985,1
KDR,MDM2,1985,1
KDR,RAD9A,1985,1
KDR,WRAP53,1985,1
KDR,XRCC2,1985,1
PARP2,POLM,1985,1
PARP2,RAD23B,1985,1
PARP2,POLE,1985,1
RAD9A,RBX1,1985,1
H2AC8,RPL13A,1985,1
H2AC8,RRM1,1985,1
H2AC8,POLD1,1985,1
BID,RRM1,1985,1
BID,RBX1,1985,1
BID,POLD4,1985,1
BID,CDK4,1985,1
BID,USP1,1985,1
BID,MDM2,1985,1
BID,EGFR,1985,1
BID,BRCA1,1985,1
BID,MT1X,1985,1
BID,RAD9A,1985,1
BID,UNG,1985,1
BID,GTF2H1,1985,1
BID,MAPK12,1985,1
BID,H2AC8,1985,1
BID,NHP2,1985,1
SESN2,SSBP1,1985,1
H2AC8,KDR,1985,1
H2AC8,RAD9A,1985,1
H2AC8,MAPK12,1985,1
H2AC8,MDM2,1985,1
BID,WRAP53,1985,1
BID,H4C1,1985,1
BID,PMS2,1985,1
BID,IGHMBP2,1985,1
BID,RELA,1985,1
BID,IGF1,1985,1
BID,CDK6,1985,1
BID,MTOR,1985,1
BID,CDK2,1985,1
H2AC8,POLD4,1985,1
H2AC8,ZBTB32,1985,1
H2AC8,RAD51,1985,1
H2AC8,PARP2,1985,1
H2AC8,RAD23B,1985,1
SESN2,TNFRSF10B,1985,1
SESN2,ZBTB32,1985,1
SESN2,UNG,1985,1
SESN2,USP1,1985,1
BID,SSBP1,1985,1
BID,PARP1,1985,1
BID,XRCC2,1985,1
BID,TNFRSF10B,1985,1
BID,RAD51,1985,1
BID,IGFBP3,1985,1
BID,POLM,1985,1
H2AC8,PMS2,1985,1
H2AC8,RELA,1985,1
H2AC8,H4C1,1985,1
H2AC8,SSBP1,1985,1
H2AC8,SESN2,1985,1
H2AC8,PARP1,1985,1
H2AC8,XRCC2,1985,1
H2AC8,NHP2,1985,1
H2AC8,MTOR,1985,1
H2AC8,IGFBP3,1985,1
H2AC8,IGF1,1985,1
H2AC8,UNG,1985,1
H2AC8,PPM1D,1985,1
H2AC8,MT1X,1985,1
H2AC8,IGHMBP2,1985,1
H2AC8,TNFRSF10B,1985,1
PMS2,PPM1D,1985,1
PMS2,POLD4,1985,1
H2AC8,RBX1,1985,1
BID,PARP2,1985,1
BID,POLE,1985,1
BID,PPM1D,1985,1
BID,RAD23B,1985,1
USP1,ZBTB32,1985,1
USP1,XRCC2,1985,1
USP1,WRAP53,1985,1
SESN2,XRCC2,1985,1
SESN2,WRAP53,1985,1
H2AC8,WRAP53,1985,1
H2AC8,POLM,1985,1
H2AC8,USP1,1985,1
H2AC8,POLE,1985,1
RRM1,ZBTB32,1985,1
KDR,SSBP1,1985,1
KDR,RBX1,1985,1
KDR,POLM,1985,1
KDR,POLD4,1985,1
KDR,ZBTB32,1985,1
KDR,TNFRSF10B,1985,1
KDR,SESN2,1985,1
KDR,UNG,1985,1
KDR,RRM1,1985,2
KDR,RELA,1985,1
KDR,NHP2,1985,1
KDR,RAD51,1985,1
PMS2,RAD9A,1985,1
PMS2,RELA,1985,1
PMS2,POLD1,1985,1
PMS2,XRCC2,1985,1
PMS2,UNG,1985,1
PMS2,POLM,1985,1
PMS2,SESN2,1985,1
RRM1,XRCC2,1985,1
RRM1,SSBP1,1985,1
RRM1,TNFRSF10B,1985,1
PMS2,RBX1,1985,1
KDR,POLE,1985,1
KDR,POLD1,1985,1
KDR,RAD23B,1985,1
KDR,MAPK12,1985,1
XRCC2,ZBTB32,1985,1
RRM1,WRAP53,1985,1
RRM1,SESN2,1985,1
RRM1,UNG,1985,1
MAPK12,POLM,1985,1
MAPK12,WRAP53,1985,1
MAPK12,MT1X,1985,1
MAPK12,RPL13A,1985,1
RRM1,USP1,1985,1
PMS2,POLE,1985,1
PMS2,TNFRSF10B,1985,1
PMS2,SSBP1,1985,1
PMS2,RAD51,1985,1
PMS2,RPL13A,1985,1
PMS2,RAD23B,1985,1
KDR,PPM1D,1985,1
PMS2,USP1,1985,1
PMS2,WRAP53,1985,1
PMS2,ZBTB32,1985,1
PMS2,RRM1,1985,1
MAPK12,MTOR,1985,1
MAPK12,PMS2,1985,1
MAPK12,ZBTB32,1985,1
MAPK12,RAD23B,1985,1
MAPK12,UNG,1985,1
NHP2,RELA,1985,1
NHP2,POLM,1985,1
NHP2,POLE,1985,1
NHP2,RAD23B,1985,1
NHP2,RAD51,1985,1
NHP2,ZBTB32,1985,1
NHP2,PMS2,1985,1
NHP2,RBX1,1985,1
NHP2,POLD4,1985,1
MAPK12,MDM2,1985,1
MAPK12,SESN2,1985,1
MAPK12,NHP2,1985,1
NHP2,SESN2,1985,1
NHP2,PARP1,1985,1
NHP2,POLD1,1985,1
NHP2,UNG,1985,1
NHP2,RPL13A,1985,1
RAD23B,TNFRSF10B,1985,1
MAPK12,POLE,1985,1
MAPK12,USP1,1985,1
MAPK12,PARP1,1985,1
MAPK12,PPM1D,1985,1
MAPK12,POLD1,1985,1
MAPK12,RAD9A,1985,1
MAPK12,SSBP1,1985,1
MAPK12,RBX1,1985,1
MAPK12,TNFRSF10B,1985,1
NHP2,RAD9A,1985,1
NHP2,USP1,1985,1
NHP2,XRCC2,1985,1
NHP2,RRM1,1985,1
RPL13A,SESN2,1985,1
MAPK12,RAD51,1985,1
RAD23B,RBX1,1985,1
RAD23B,RAD9A,1985,1
RAD23B,SESN2,1985,1
RAD23B,XRCC2,1985,1
RAD23B,RAD51,1985,1
NHP2,SSBP1,1985,1
NHP2,TNFRSF10B,1985,1
NHP2,WRAP53,1985,1
MAPK12,RELA,1985,1
MAPK12,RRM1,1985,1
WRAP53,XRCC2,1985,1
PARP1,POLM,1985,1
PARP1,PPM1D,1985,1
PARP1,XRCC2,1985,1
RAD23B,RPL13A,1985,1
RAD23B,WRAP53,1985,1
PARP1,PMS2,1985,1
PARP1,WRAP53,1985,1
RAD23B,RRM1,1985,1
RAD23B,UNG,1985,1
RAD23B,ZBTB32,1985,1
RPL13A,ZBTB32,1985,1
RPL13A,RRM1,1985,1
RPL13A,UNG,1985,1
RPL13A,TNFRSF10B,1985,1
NHP2,PPM1D,1985,1
WRAP53,ZBTB32,1985,1
POLM,RRM1,1985,1
POLM,RBX1,1985,1
POLM,RELA,1985,1
POLM,RAD9A,1985,1
POLM,USP1,1985,1
RBX1,ZBTB32,1985,1
RBX1,SSBP1,1985,1
RBX1,XRCC2,1985,1
RBX1,USP1,1985,1
RBX1,WRAP53,1985,1
CDK4,RAD51,1985,1
CDK4,RRM1,1985,1
CDK4,UNG,1985,1
RBX1,RRM1,1985,1
PARP1,UNG,1985,1
RBX1,TNFRSF10B,1985,1
RBX1,SESN2,1985,1
RBX1,RELA,1985,1
RBX1,RPL13A,1985,1
RAD23B,RELA,1985,1
CDK4,TNFRSF10B,1985,1
MAP4,TP53,1999,1
RB1,TOP2A,2001,1
BIRC5,HRAS,2003,1
MYC,TNFRSF10B,2004,1
MYT1,TP53,2004,1
FBXW7,MYC,2005,1
ABCG2,PTPN3,2006,1
DCK,SMAD4,2006,1
DCK,PKN2,2006,1
CYP3A5,HERC5,2006,1
AMPD2,CYP3A5,2006,1
AMPD2,MAP4,2006,1
AMPD2,CYP2C8,2006,1
AMPD2,NR1I2,2006,1
AMPD2,CYP2C9,2006,1
AMPD2,MAP2,2006,1
AMPD2,CYP1B1,2006,1
AMPD2,BCL2,2006,1
AMPD2,MAPT,2006,1
AMPD2,CYP19A1,2006,1
AMPD2,CYP3A4,2006,1
FBXL14,MAP4,2006,1
ABCG2,PEX1,2006,1
ABCG2,C1S,2006,1
KCND1,SLC29A2,2006,1
ABCG2,XRCC6,2006,1
ABCG2,BIRC3,2006,1
ABCG2,PTPRD,2006,1
ABCG2,SMO,2006,1
ABCG2,PTPRF,2006,1
ABCG2,BUB1,2006,1
ABCG2,FBXL14,2006,1
ABCG2,RNF213,2006,1
ABCG2,MOK,2006,1
ABCG2,HCFC1,2006,1
SLCO1B3,XRCC6,2006,1
KCND1,RRM1,2006,1
ABCG2,ILK,2006,1
EEPD1,MAP4,2006,1
RFC5,TUBB1,2006,1
RFC5,SLCO1B3,2006,1
DCK,PSMB10,2006,1
DCK,KCND1,2006,1
DCK,DVL2,2006,1
DCK,RBM12,2006,1
CYP3A5,KCNQ4,2006,1
CYP3A5,HCFC1,2006,1
CYP3A5,SMO,2006,1
ALPK1,MAPT,2006,1
ALPK1,MAP2,2006,1
ALPK1,MAP4,2006,1
ALPK1,NR1I2,2006,1
ALPK1,SLCO1B3,2006,1
ALPK1,TUBB1,2006,1
CD9,CYP2C9,2006,1
CD9,SLCO1B3,2006,1
CD9,CYP2C8,2006,1
CD9,MAP2,2006,1
CD9,CYP3A5,2006,1
DCK,RRM1,2006,1
CYP3A5,RFC5,2006,1
CYP3A5,PTPRD,2006,1
CYP3A5,HACE1,2006,1
DCK,MAPK10,2006,1
DCK,SLC30A2,2006,1
EEPD1,NR1I2,2006,1
EEPD1,TUBB1,2006,1
EEPD1,MAPT,2006,1
EEPD1,MAP2,2006,1
EEPD1,SLCO1B3,2006,1
CD9,CYP1B1,2006,1
CD9,CYP3A4,2006,1
CD9,CYP19A1,2006,1
GTSE1,NR1I2,2006,1
GTSE1,MAPT,2006,1
GTSE1,MAP2,2006,1
GTSE1,SLCO1B3,2006,1
GTSE1,TUBB1,2006,1
TNK1,TYMS,2006,1
CYP3A5,EEPD1,2006,1
CYP3A5,TAP2,2006,1
PSMB4,TYMS,2006,1
PSMB4,SLC29A1,2006,1
PSMB4,SLC29A2,2006,1
PSMB4,RRM1,2006,1
CYP3A5,KIF5A,2006,1
GTSE1,MAP4,2006,1
CD9,TUBB1,2006,1
CD9,MAP4,2006,1
BCKDK,CYP3A5,2006,1
SLC29A1,TNK1,2006,1
DCK,PSMB4,2006,1
DCK,DLGAP4,2006,1
DCK,TNK1,2006,1
DCK,STAT4,2006,1
DCK,MAP3K1,2006,1
DCK,RNASEL,2006,1
DCK,FURIN,2006,1
CYP3A5,PTPRF,2006,1
CYP3A5,HECTD3,2006,1
CYP3A5,GTSE1,2006,1
CYP3A5,XRCC6,2006,1
CD9,NR1I2,2006,1
NR1I2,SENP1,2006,1
NR1I2,PPP3CA,2006,1
NR1I2,RFC5,2006,1
MOK,NR1I2,2006,1
NR1I2,SMO,2006,1
NR1I2,PTPRD,2006,1
MAP2,RAD9A,2006,1
MAP2,PPP3CA,2006,1
MAP2,PTPN3,2006,1
MAP2,XRCC6,2006,1
MAP2,SMO,2006,1
DCK,EPHA1,2006,1
CYP3A5,FANCF,2006,1
CYP3A5,PEX1,2006,1
CYP3A5,PPP3CA,2006,2
MAP2,RFC5,2006,1
CYP3A5,SOD2,2006,1
CYP3A5,LPAR1,2006,1
CYP3A5,SENP1,2006,1
CYP3A5,PTPN3,2006,1
NR1I2,SOD2,2006,1
NR1I2,PEX1,2006,1
NR1I2,PTPN3,2006,1
NR1I2,PTPRF,2006,1
NR1I2,RAD9A,2006,1
CYP3A5,FBXL14,2006,1
CYP3A5,RAD9A,2006,1
CYP3A5,ILK,2006,1
NR1I2,XRCC6,2006,1
NR1I2,TAP2,2006,1
CD9,MAPT,2006,1
CBR1,CYP2C8,2006,1
CBR1,CYP3A5,2006,1
CBR1,CYP19A1,2006,1
CBR1,NR1I2,2006,1
CBR1,CYP3A4,2006,1
CBR1,CYP2C9,2006,1
CBR1,TUBB1,2006,1
ALPK1,CYP2C8,2006,1
CYP2C8,HACE1,2006,1
CYP2C8,KIF5A,2006,1
BCKDK,CYP19A1,2006,1
BCKDK,CYP2C9,2006,1
BCKDK,CYP3A4,2006,1
CBR1,MAP4,2006,1
CBR1,CYP1B1,2006,1
MAP2,PEX1,2006,1
CBR1,SLCO1B3,2006,1
BCKDK,TUBB1,2006,1
BCKDK,MAP4,2006,1
BCKDK,BCL2,2006,1
BCKDK,SLCO1B3,2006,1
BCKDK,NR1I2,2006,1
BCKDK,CYP2C8,2006,1
BCKDK,CYP1B1,2006,1
BCKDK,MAP2,2006,1
CYP2C8,ILK,2006,1
CYP2C8,SMO,2006,1
CYP2C8,SENP1,2006,1
CYP2C8,RAD9A,2006,1
CYP2C8,PTPRF,2006,1
CBR1,MAPT,2006,1
CBR1,MAP2,2006,1
CYP2C8,PPP3CA,2006,1
CYP2C8,XRCC6,2006,1
CYP2C8,HECTD3,2006,1
CYP2C8,PTPN3,2006,1
CYP2C8,KCNQ4,2006,1
RRM1,SLC30A2,2006,1
RRM1,TYMS,2006,1
RRM1,TNK1,2006,1
PSMB10,SLC29A1,2006,1
MAP2,MOK,2006,1
MAP2,PTPRF,2006,1
MAP2,PTPRD,2006,1
MAP2,SENP1,2006,1
MAP2,SOD2,2006,1
BCKDK,MAPT,2006,1
SLC29A1,SLC30A2,2006,1
ABCC2,CBR1,2006,1
ABCC2,HECTD3,2006,1
RRM1,SMAD4,2006,1
RRM1,SLC29A2,2006,1
RRM1,SLC29A1,2006,1
RRM1,STAT4,2006,1
CYP2C8,TAP2,2006,1
CYP2C8,SOD2,2006,1
CYP2C8,MOK,2006,1
CYP2C8,FANCF,2006,1
CYP2C8,HERC5,2006,1
CYP2C8,HCFC1,2006,1
SLC29A1,STAT4,2006,1
SLC29A1,SMAD4,2006,1
CYP2C8,EEPD1,2006,1
CYP2C8,LPAR1,2006,1
PTPN3,SLCO1B3,2006,1
ABCC2,CNGA3,2006,1
ABCC2,HACE1,2006,1
ABCC2,PEX1,2006,1
ABCC2,CD9,2006,1
ABCC2,BIRC3,2006,1
FURIN,RRM1,2006,1
FURIN,TYMS,2006,1
FURIN,SLC29A1,2006,1
FURIN,SLC29A2,2006,1
CYP2C8,RFC5,2006,1
CYP2C8,PTPRD,2006,1
CYP2C8,FBXL14,2006,1
CYP2C8,GTSE1,2006,1
CYP2C8,PEX1,2006,1
ABCC2,AURKA,2006,1
CD47,CDA,2006,1
PSMB10,TYMS,2006,1
PSMB10,SLC29A2,2006,1
PSMB10,RRM1,2006,1
ALPK1,CYP3A5,2006,1
MAP2,TAP2,2006,1
ABCC2,C1S,2006,1
ABCC2,BCKDK,2006,1
ABCC2,GTSE1,2006,1
ABCC2,PTPRF,2006,1
ABCC2,ADA2,2006,1
ABCC2,PPP3CA,2006,1
ABCC2,FBXL14,2006,1
ABCC2,RNF213,2006,1
ABCC2,LPAR1,2006,1
PTPN3,TUBB1,2006,1
CNGA3,MAPT,2006,1
CNGA3,CYP2C8,2006,1
ABCC2,EEPD1,2006,1
ABCC2,SENP1,2006,1
ABCC2,TAP2,2006,1
ABCC2,SMO,2006,1
ABCC2,RAD9A,2006,1
ABCC2,AMPD2,2006,1
ABCC2,ILK,2006,1
ABCC2,XRCC6,2006,1
CNGA3,MAP2,2006,1
CD47,RRM1,2006,1
CD47,TYMS,2006,1
CD47,SLC29A2,2006,1
CD47,CMPK1,2006,1
CD47,SLC29A1,2006,1
ASPM,DCK,2006,1
ASPM,TYMS,2006,1
ASPM,CDA,2006,1
ASPM,SLC29A1,2006,1
ASPM,SLC29A2,2006,1
ASPM,RRM1,2006,1
ASPM,CMPK1,2006,1
CNGA3,SLCO1B3,2006,1
CNGA3,CYP2C9,2006,1
CNGA3,CYP3A5,2006,1
CNGA3,CYP3A4,2006,1
CNGA3,NR1I2,2006,1
CNGA3,CYP19A1,2006,1
CNGA3,CYP1B1,2006,1
CNGA3,TUBB1,2006,1
CNGA3,MAP4,2006,1
ABCC2,SOD2,2006,1
ABCC2,BUB1,2006,1
ABCC2,ALPK1,2006,1
ABCC2,KCNQ4,2006,1
ABCC2,KIF5A,2006,1
ABCC2,PTPRD,2006,1
ABCC2,FANCF,2006,1
CHEK1,SLC29A2,2006,2
CHEK1,DCK,2006,2
ABCC2,PTPN3,2006,1
ABCC2,HCFC1,2006,1
ABCC2,RFC5,2006,1
SENP1,TUBB1,2006,1
SENP1,SLCO1B3,2006,1
STAT4,TYMS,2006,1
CD47,DCK,2006,1
CYP2C9,SOD2,2006,1
CYP2C9,EEPD1,2006,1
CYP2C9,FBXL14,2006,1
CYP2C9,LPAR1,2006,1
CYP2C9,PPP3CA,2006,2
CYP2C9,PTPN3,2006,1
CYP2C9,HERC5,2006,1
CYP2C9,SMO,2006,1
CYP2C9,SENP1,2006,1
CYP2C9,PTPRF,2006,1
CYP2C9,ILK,2006,1
CYP2C9,TAP2,2006,1
SMAD4,TYMS,2006,1
ABCC2,HERC5,2006,1
ABCC2,CARS1,2006,1
ABCC2,MOK,2006,1
RAD9A,TUBB1,2006,1
SLC30A2,TYMS,2006,1
ABCC1,XRCC6,2006,1
ABCC1,LPAR1,2006,1
ABCC1,PPP3CA,2006,1
ABCC1,HCFC1,2006,1
ABCC1,SENP1,2006,1
ABCC1,FBXL14,2006,1
ALPK1,CYP2C9,2006,1
CYP2C9,RAD9A,2006,1
CYP2C9,PTPRD,2006,1
ABCC1,HERC5,2006,1
ABCC1,CNGA3,2006,1
CYP2C9,HACE1,2006,1
CYP2C9,PEX1,2006,1
CYP2C9,XRCC6,2006,1
CYP2C9,KIF5A,2006,1
CYP2C9,RFC5,2006,1
ABCC1,PTPRD,2006,1
ABCC1,BUB1,2006,1
ABCC1,GTSE1,2006,1
ABCC1,ALPK1,2006,1
ABCC1,BIRC3,2006,1
ABCC1,KCNQ4,2006,1
ABCC1,TAP2,2006,1
ABCC1,AURKA,2006,1
CYP2C9,MOK,2006,1
CYP2C9,GTSE1,2006,1
ABCC1,SOD2,2006,1
ABCC1,HECTD3,2006,1
ABCC1,RFC5,2006,1
RAD9A,SLCO1B3,2006,1
ABCC1,RAD9A,2006,1
PKN2,SLC29A1,2006,1
PKN2,RRM1,2006,1
PKN2,SLC29A2,2006,1
ABCC1,SMO,2006,1
ABCC1,PTPRF,2006,1
ABCC1,HACE1,2006,1
ABCC1,EEPD1,2006,1
ABCC1,AMPD2,2006,1
CYP3A5,MOK,2006,1
CHEK1,RRM1,2006,2
CHEK1,SLC29A1,2006,2
CHEK1,CMPK1,2006,2
TAP2,TUBB1,2006,1
TUBB1,XRCC6,2006,1
ABCC1,CARS1,2006,1
BCL2,GTSE1,2006,1
BCL2,FBXL14,2006,1
BCL2,HACE1,2006,1
BCL2,RFC5,2006,1
ABCC1,PEX1,2006,1
CYP2C9,HECTD3,2006,1
ABCC1,CD9,2006,1
ABCC1,BCKDK,2006,1
ABCC1,ADA2,2006,1
ABCC1,C1S,2006,1
ABCC1,FANCF,2006,1
ABCC1,MOK,2006,1
ABCC1,ILK,2006,1
ABCC1,PTPN3,2006,1
ABCC1,KIF5A,2006,1
ABCC1,RNF213,2006,1
BCL2,MOK,2006,1
BCL2,SOD2,2006,1
BCL2,PEX1,2006,1
CYP2C9,FANCF,2006,1
ABCC1,CBR1,2006,1
BCL2,RNF213,2006,1
CYP2C9,HCFC1,2006,1
PKN2,TYMS,2006,1
BCL2,PPP3CA,2006,1
BCL2,ILK,2006,1
BCL2,CBR1,2006,1
BCL2,LPAR1,2006,1
BCL2,HECTD3,2006,1
BCL2,CARS1,2006,1
BCL2,PTPN3,2006,1
ADA2,BCL2,2006,1
BCL2,FANCF,2006,1
BCL2,PTPRF,2006,1
BCL2,SENP1,2006,1
ALPK1,BCL2,2006,1
BCL2,KCNQ4,2006,1
CYP2C9,KCNQ4,2006,1
BCL2,EEPD1,2006,1
BCL2,HCFC1,2006,1
BCL2,SMO,2006,1
BCL2,RAD9A,2006,1
BCL2,BUB1,2006,1
BCL2,PTPRD,2006,1
BCL2,XRCC6,2006,1
BCL2,TAP2,2006,1
BCL2,C1S,2006,1
BCL2,CD9,2006,1
CMPK1,RRM1,2006,1
CMPK1,SMAD4,2006,1
CMPK1,FURIN,2006,1
CMPK1,TNK1,2006,1
CMPK1,SLC30A2,2006,1
CMPK1,MAPK10,2006,1
CMPK1,RBM12,2006,1
CMPK1,MAP3K1,2006,1
CMPK1,PSMB4,2006,1
ADA2,TUBB1,2006,1
MTOR,VHL,2006,1
PTPRF,TUBB1,2006,1
PTPRF,SLCO1B3,2006,1
CMPK1,EPHA1,2006,1
BCL2,CNGA3,2006,1
BCL2,KIF5A,2006,1
CMPK1,PSMB10,2006,1
CMPK1,DVL2,2006,1
ADA2,CYP19A1,2006,1
ADA2,CYP1B1,2006,1
ADA2,CYP2C8,2006,1
ADA2,MAP4,2006,1
ADA2,CYP2C9,2006,1
ADA2,MAPT,2006,1
ADA2,MAP2,2006,1
ADA2,NR1I2,2006,1
CMPK1,RNASEL,2006,1
CMPK1,PKN2,2006,1
CMPK1,KCND1,2006,1
CMPK1,DLGAP4,2006,1
CMPK1,STAT4,2006,1
CMPK1,CSE1L,2006,1
MAP4,PPP3CA,2006,1
MAP4,SENP1,2006,1
MAP4,PTPRD,2006,1
CFLAR,DCK,2006,1
CFLAR,RRM1,2006,1
CFLAR,TYMS,2006,1
CFLAR,SLC29A1,2006,1
CFLAR,CMPK1,2006,1
CFLAR,SLC29A2,2006,1
ILK,MAPT,2006,1
ILK,MAP2,2006,1
ILK,MAP4,2006,1
ILK,NR1I2,2006,1
ADA2,CYP3A4,2006,1
ADA2,CYP3A5,2006,1
ADA2,SLCO1B3,2006,1
ILK,SLCO1B3,2006,1
ILK,TUBB1,2006,1
MAP4,PTPN3,2006,1
MAP4,SMO,2006,1
MAP4,XRCC6,2006,1
BUB1,MAPT,2006,1
BUB1,MAP2,2006,1
BUB1,SLCO1B3,2006,1
BUB1,CYP3A4,2006,1
MAP4,MOK,2006,1
SLC29A2,SMAD4,2006,1
MAP4,TAP2,2006,1
MAP4,PTPRF,2006,1
MAP4,SOD2,2006,1
MAP4,RAD9A,2006,1
MAP4,RFC5,2006,1
MAP4,PEX1,2006,1
SOD2,TUBB1,2006,1
HECTD3,NR1I2,2006,1
HECTD3,MAPT,2006,1
HECTD3,MAP2,2006,1
HECTD3,SLCO1B3,2006,1
HECTD3,TUBB1,2006,1
HECTD3,MAP4,2006,1
SLC29A2,STAT4,2006,1
SLC29A2,TNK1,2006,1
SLC29A2,SLC30A2,2006,1
BIRC3,MAP4,2006,1
BIRC3,CYP2C8,2006,1
BIRC3,CYP3A5,2006,1
BIRC3,MAP2,2006,1
BIRC3,MAPT,2006,1
ABCB1,CHEK1,2006,2
ABCB1,STAT4,2006,1
ABCB1,RAD9A,2006,1
BIRC3,CYP2C9,2006,1
BIRC3,CYP1B1,2006,1
BIRC3,CYP19A1,2006,1
BIRC3,NR1I2,2006,1
BIRC3,CYP3A4,2006,1
BUB1,CYP3A5,2006,1
BUB1,CYP19A1,2006,1
BUB1,MAP4,2006,1
MAP3K1,RRM1,2006,1
BUB1,TUBB1,2006,1
BUB1,CYP1B1,2006,1
BIRC3,TUBB1,2006,1
BIRC3,SLCO1B3,2006,1
ABCB1,RFC5,2006,1
ABCB1,CD9,2006,1
ABCB1,ILK,2006,1
ABCB1,CBR1,2006,1
ABCB1,C1S,2006,1
ABCB1,SLC30A2,2006,1
ABCB1,PSMB10,2006,1
ABCB1,PTPN3,2006,1
ABCB1,PKN2,2006,1
ABCB1,PTPRD,2006,1
ABCB1,RRM1,2006,1
ABCB1,PPP3CA,2006,2
ABCB1,AMPD2,2006,1
BUB1,NR1I2,2006,1
BUB1,CYP2C9,2006,1
ABCB1,RBM12,2006,1
ABCB1,ASPM,2006,1
ABCB1,HACE1,2006,1
ABCB1,TNK1,2006,1
ABCB1,RNASEL,2006,1
ABCB1,CFLAR,2006,1
ABCB1,SMAD4,2006,1
ABCB1,BUB1,2006,1
ABCB1,FANCF,2006,1
ABCB1,TAP2,2006,1
ABCB1,PEX1,2006,1
MAP3K1,TYMS,2006,1
MAP3K1,SLC29A1,2006,1
MAP3K1,SLC29A2,2006,1
CYP1B1,LPAR1,2006,1
ABCB1,KIF5A,2006,1
CYP1B1,HACE1,2006,1
CYP1B1,PEX1,2006,1
CYP1B1,PTPRF,2006,1
CYP1B1,RAD9A,2006,1
CYP1B1,KCNQ4,2006,1
CYP1B1,RFC5,2006,1
CYP1B1,HERC5,2006,1
BUB1,CYP2C8,2006,1
FANCF,TUBB1,2006,1
FANCF,NR1I2,2006,1
FANCF,MAP2,2006,1
ABCB1,BIRC3,2006,1
ABCB1,CSE1L,2006,1
ABCB1,RNF213,2006,1
ABCB1,DVL2,2006,1
ABCB1,LPAR1,2006,1
ABCB1,HCFC1,2006,1
ABCB1,EPHA1,2006,1
ABCB1,MOK,2006,1
ABCB1,FBXL14,2006,1
ABCB1,SENP1,2006,1
ABCB1,PTPRF,2006,1
ABCB1,CARS1,2006,2
ABCB1,CNGA3,2006,1
ABCB1,BCKDK,2006,1
ABCB1,KCND1,2006,1
ABCB1,EEPD1,2006,1
ABCB1,KCNQ4,2006,1
ABCB1,MAP3K1,2006,1
ABCB1,ADA2,2006,1
ABCB1,ALPK1,2006,1
ABCB1,HECTD3,2006,1
CYP1B1,PPP3CA,2006,1
CYP1B1,HCFC1,2006,1
CYP1B1,ILK,2006,1
CYP1B1,TAP2,2006,1
CYP1B1,KIF5A,2006,1
ALPK1,CYP1B1,2006,1
MAPK10,SLC29A2,2006,1
MAPK10,TYMS,2006,1
FANCF,MAPT,2006,1
FANCF,SLCO1B3,2006,1
FANCF,MAP4,2006,1
CYP1B1,HECTD3,2006,1
CYP1B1,FANCF,2006,1
CYP1B1,PTPN3,2006,1
CYP1B1,MOK,2006,1
CYP1B1,SOD2,2006,1
MAPK10,RRM1,2006,1
RNASEL,SLC29A1,2006,1
RNASEL,TYMS,2006,1
RNASEL,SLC29A2,2006,1
RNASEL,RRM1,2006,1
CYP1B1,PTPRD,2006,1
CYP1B1,SENP1,2006,1
CYP1B1,SMO,2006,1
CYP1B1,EEPD1,2006,1
CYP1B1,FBXL14,2006,1
HERC5,NR1I2,2006,1
HERC5,MAPT,2006,1
HERC5,TUBB1,2006,1
HERC5,MAP2,2006,1
HERC5,SLCO1B3,2006,1
CYP1B1,GTSE1,2006,1
RBM12,SLC29A1,2006,1
RBM12,RRM1,2006,1
RBM12,TYMS,2006,1
ABCB1,CD47,2006,1
ABCB1,AURKA,2006,2
HCFC1,TUBB1,2006,1
HCFC1,MAP2,2006,1
HCFC1,MAP4,2006,1
HCFC1,MAPT,2006,1
ABCB1,XRCC6,2006,1
ABCB1,SMO,2006,1
ABCB1,PSMB4,2006,1
ABCB1,MAPK10,2006,1
ABCB1,HERC5,2006,1
ABCB1,GTSE1,2006,1
MAPK10,SLC29A1,2006,1
DLGAP4,TYMS,2006,1
HERC5,MAP4,2006,1
ABCB1,FURIN,2006,1
ABCB1,SOD2,2006,1
HCFC1,SLCO1B3,2006,1
HCFC1,NR1I2,2006,1
ABCB1,DLGAP4,2006,1
DLGAP4,SLC29A2,2006,1
KIF5A,MAP2,2006,1
KIF5A,NR1I2,2006,1
KIF5A,MAP4,2006,1
KIF5A,TUBB1,2006,1
KIF5A,SLCO1B3,2006,1
KIF5A,MAPT,2006,1
CYP1B1,XRCC6,2006,1
RBM12,SLC29A2,2006,1
CYP3A4,SENP1,2006,1
CYP3A4,HERC5,2006,1
CYP3A4,TAP2,2006,1
C1S,CYP3A5,2006,1
C1S,CYP3A4,2006,1
C1S,MAP4,2006,1
C1S,SLCO1B3,2006,1
C1S,CYP1B1,2006,1
KCNQ4,TUBB1,2006,1
KCNQ4,MAP2,2006,1
KCNQ4,MAPT,2006,1
KCNQ4,MAP4,2006,1
KCNQ4,SLCO1B3,2006,1
KCNQ4,NR1I2,2006,1
DLGAP4,RRM1,2006,1
DLGAP4,SLC29A1,2006,1
MOK,TUBB1,2006,1
MOK,SLCO1B3,2006,1
C1S,CYP2C9,2006,1
C1S,CYP19A1,2006,1
C1S,NR1I2,2006,1
C1S,MAPT,2006,1
C1S,MAP2,2006,1
C1S,TUBB1,2006,1
C1S,CYP2C8,2006,1
CDA,RBM12,2006,1
HACE1,NR1I2,2006,1
HACE1,SLCO1B3,2006,1
HACE1,MAPT,2006,1
HACE1,MAP2,2006,1
HACE1,TUBB1,2006,1
SMO,TUBB1,2006,1
CDA,STAT4,2006,1
CDA,CFLAR,2006,1
CDA,TNK1,2006,1
CDA,PSMB10,2006,1
CDA,PSMB4,2006,1
CDA,PKN2,2006,1
CDA,CSE1L,2006,1
CDA,FURIN,2006,1
CDA,RRM1,2006,1
CDA,MAPK10,2006,1
CDA,KCND1,2006,1
ARHGEF2,TP53,2006,1
CDA,SLC30A2,2006,1
CDA,RNASEL,2006,1
HACE1,MAP4,2006,1
CYP19A1,HERC5,2006,1
CYP19A1,HCFC1,2006,1
CYP19A1,PTPRD,2006,1
CYP19A1,PPP3CA,2006,1
CYP19A1,EEPD1,2006,1
CYP19A1,TAP2,2006,1
CYP19A1,PTPN3,2006,1
CYP19A1,SOD2,2006,1
CYP19A1,XRCC6,2006,1
CYP19A1,FANCF,2006,1
CDA,DLGAP4,2006,1
CDA,DVL2,2006,1
CDA,EPHA1,2006,1
CDA,MAP3K1,2006,1
CDA,SMAD4,2006,1
CDA,CHEK1,2006,2
AURKA,TUBB1,2006,1
CYP3A4,SOD2,2006,1
CYP3A4,PTPRD,2006,1
ALPK1,CYP3A4,2006,1
CYP3A4,HACE1,2006,1
CYP3A4,LPAR1,2006,1
CYP3A4,PEX1,2006,1
CYP3A4,PTPN3,2006,1
CYP3A4,MOK,2006,1
AURKA,MAPT,2006,1
CYP3A4,PTPRF,2006,1
CYP3A4,FANCF,2006,1
CYP3A4,EEPD1,2006,1
LPAR1,TUBB1,2006,1
LPAR1,SLCO1B3,2006,1
CYP19A1,ILK,2006,1
AURKA,MAP2,2006,1
AURKA,CYP2C8,2006,1
LPAR1,NR1I2,2006,1
LPAR1,MAPT,2006,1
CYP3A4,KIF5A,2006,1
CYP3A4,RFC5,2006,1
CYP3A4,SMO,2006,1
CYP3A4,FBXL14,2006,1
PEX1,SLCO1B3,2006,1
PEX1,TUBB1,2006,1
CYP3A4,GTSE1,2006,1
LPAR1,MAP4,2006,1
LPAR1,MAP2,2006,1
AURKA,CYP2C9,2006,1
AURKA,NR1I2,2006,1
AURKA,BCL2,2006,1
CYP19A1,HACE1,2006,1
CYP3A4,PPP3CA,2006,2
CYP3A4,HCFC1,2006,1
CYP3A4,ILK,2006,1
CYP3A4,RAD9A,2006,1
AURKA,CYP3A4,2006,1
AURKA,MAP4,2006,1
AURKA,SLCO1B3,2006,1
CSE1L,TYMS,2006,1
CSE1L,SLC29A2,2006,1
CSE1L,RRM1,2006,1
CYP3A4,XRCC6,2006,1
CYP3A4,KCNQ4,2006,1
CYP3A4,HECTD3,2006,1
AURKA,CYP3A5,2006,1
AURKA,CYP1B1,2006,1
CSE1L,DCK,2006,1
CYP19A1,PEX1,2006,1
CYP19A1,RFC5,2006,1
ALPK1,CYP19A1,2006,1
CYP19A1,GTSE1,2006,1
CYP19A1,SENP1,2006,1
MAPT,PPP3CA,2006,1
MAPT,MOK,2006,1
MAPT,SOD2,2006,1
MAPT,TAP2,2006,1
MAPT,PTPRD,2006,1
MAPT,RAD9A,2006,1
CYP19A1,KCNQ4,2006,1
CYP19A1,HECTD3,2006,1
CYP19A1,KIF5A,2006,1
CYP19A1,PTPRF,2006,1
CYP19A1,FBXL14,2006,1
CYP19A1,RAD9A,2006,1
CYP19A1,MOK,2006,1
CYP19A1,LPAR1,2006,1
EPHA1,TYMS,2006,1
EPHA1,RRM1,2006,1
EPHA1,SLC29A1,2006,1
EPHA1,SLC29A2,2006,1
MAP4,RNF213,2006,1
NR1I2,RNF213,2006,1
CYP2C8,RNF213,2006,1
CYP19A1,RNF213,2006,1
CYP2C9,RNF213,2006,1
AURKA,CYP19A1,2006,1
MAP2,RNF213,2006,1
CSE1L,SLC29A1,2006,1
CYP1B1,RNF213,2006,1
MAPT,RNF213,2006,1
RNF213,SLCO1B3,2006,1
PPP3CA,SLCO1B3,2006,1
CARS1,DCK,2006,1
CARS1,RRM1,2006,1
CARS1,TUBB1,2006,1
CARS1,CYP3A5,2006,2
CARS1,SLC29A2,2006,1
PTPRD,SLCO1B3,2006,1
PTPRD,TUBB1,2006,1
MAPT,PTPRF,2006,1
MAPT,RFC5,2006,1
MAPT,PTPN3,2006,1
MAPT,PEX1,2006,1
CYP19A1,SMO,2006,1
CARS1,MAP2,2006,1
CARS1,SLCO1B3,2006,1
CARS1,TYMS,2006,1
CARS1,CDA,2006,1
CARS1,CYP2C8,2006,1
CARS1,MAPT,2006,1
CARS1,NR1I2,2006,1
CARS1,CYP19A1,2006,1
ABCC10,MAP3K1,2006,1
ABCC10,CARS1,2006,1
MAPT,SMO,2006,1
MAPT,SENP1,2006,1
MAPT,XRCC6,2006,1
CARS1,CYP2C9,2006,2
CARS1,CMPK1,2006,1
CYP3A5,RNF213,2006,1
ABCC10,PKN2,2006,1
ABCC10,RNF213,2006,1
ABCC10,CNGA3,2006,1
ABCC10,CD9,2006,1
ABCC10,CFLAR,2006,1
ABCC10,MOK,2006,1
ABCC10,MAPK10,2006,1
ABCC10,FBXL14,2006,1
CARS1,CYP3A4,2006,2
CARS1,CYP1B1,2006,1
DVL2,RRM1,2006,1
DVL2,SLC29A1,2006,1
CARS1,MAP4,2006,1
CYP3A4,RNF213,2006,1
RNF213,TUBB1,2006,1
CARS1,SLC29A1,2006,1
ABCC10,C1S,2006,1
ABCC10,STAT4,2006,1
ABCC10,XRCC6,2006,1
ABCC10,BCKDK,2006,1
ABCC10,HECTD3,2006,1
ABCC10,DVL2,2006,1
ABCC10,SLC30A2,2006,1
ABCC10,PSMB4,2006,1
DVL2,TYMS,2006,1
DVL2,SLC29A2,2006,1
ABCC10,PTPRD,2006,1
ABCC10,RRM1,2006,1
PPP3CA,TUBB1,2006,1
ABCC10,FANCF,2006,1
ABCC10,PPP3CA,2006,1
ABCC10,ASPM,2006,1
ABCC10,PTPN3,2006,1
ABCC10,BIRC3,2006,1
ABCC10,TAP2,2006,1
ABCC10,RBM12,2006,1
ABCC10,KCNQ4,2006,1
ABCC10,EPHA1,2006,1
ABCC10,CD47,2006,1
ABCC10,CHEK1,2006,2
ABCC10,ADA2,2006,1
ABCC10,FURIN,2006,1
ABCC10,DLGAP4,2006,1
ABCC10,SOD2,2006,1
ABCC10,RFC5,2006,1
ABCC10,PEX1,2006,1
ABCC10,HCFC1,2006,1
ABCC10,KCND1,2006,1
ABCC10,SENP1,2006,1
ABCC10,CBR1,2006,1
ABCC10,RNASEL,2006,1
ABCC10,KIF5A,2006,1
SLCO1B3,TAP2,2006,1
SLCO1B3,SOD2,2006,1
SLCO1B3,SMO,2006,1
ABCC10,HERC5,2006,1
ABCC10,RAD9A,2006,1
ABCC10,LPAR1,2006,1
ABCC10,PSMB10,2006,1
ABCC10,SMAD4,2006,1
ABCC10,AMPD2,2006,1
ABCC10,EEPD1,2006,1
ABCC10,ILK,2006,1
ABCC10,TNK1,2006,1
AMPD2,SLCO1B3,2006,1
AMPD2,TUBB1,2006,1
FBXL14,TUBB1,2006,1
FBXL14,NR1I2,2006,1
FBXL14,MAPT,2006,1
KCND1,TYMS,2006,1
ABCC10,CSE1L,2006,1
ABCC10,PTPRF,2006,1
ABCC10,ALPK1,2006,1
ABCC10,BUB1,2006,1
ABCC10,SMO,2006,1
FBXL14,SLCO1B3,2006,1
ABCC10,GTSE1,2006,1
ABCC10,HACE1,2006,1
ABCC10,AURKA,2006,2
FBXL14,MAP2,2006,1
ABCG2,HACE1,2006,1
ABCG2,RFC5,2006,1
ABCG2,EEPD1,2006,1
ABCG2,GTSE1,2006,1
ABCG2,SENP1,2006,1
ABCG2,RAD9A,2006,1
ABCG2,ADA2,2006,1
ABCG2,AMPD2,2006,1
ABCG2,CBR1,2006,1
ABCG2,FANCF,2006,1
ABCG2,KIF5A,2006,1
ABCG2,LPAR1,2006,1
ABCG2,HERC5,2006,1
ABCG2,ALPK1,2006,1
ABCG2,KCNQ4,2006,1
ABCG2,HECTD3,2006,1
ABCG2,SOD2,2006,1
ABCG2,CNGA3,2006,1
ABCG2,PPP3CA,2006,2
ABCG2,BCKDK,2006,1
ABCG2,CARS1,2006,2
ABCG2,TAP2,2006,1
ABCG2,AURKA,2006,1
ABCG2,CD9,2006,1
KCND1,SLC29A1,2006,1
PRKAA1,TP53,2007,1
KRAS,VDAC1,2007,1
ECT2,RB1,2007,1
KRAS,PRKCA,2008,1
MARCHF5,NRAS,2009,1
KRAS,POLD3,2009,1
KRAS,UBQLN2,2009,1
KRAS,RPIA,2009,1
CUX1,HRAS,2009,1
LRRTM2,NRAS,2009,1
CRY2,NRAS,2009,1
CRY2,HRAS,2009,1
CRY2,KRAS,2009,1
GOLGB1,HRAS,2009,1
GOLGB1,NRAS,2009,1
AGTR1,HRAS,2009,1
AGTR1,NRAS,2009,1
BTBD1,KRAS,2009,1
BTBD1,HRAS,2009,1
BTBD1,NRAS,2009,1
CALM1,CDA,2009,1
CALM1,SLC29A1,2009,1
CALM1,DCK,2009,1
CUX1,KRAS,2009,1
CUX1,NRAS,2009,1
KRAS,UFSP1,2009,1
KRAS,SKP1,2009,1
KRAS,MCM6,2009,1
GDF10,NRAS,2009,1
NRAS,TTC3,2009,1
CKAP5,HRAS,2009,1
CKAP5,NRAS,2009,1
NRAS,PRKAR1B,2009,1
LACC1,NRAS,2009,1
HRAS,LACC1,2009,1
NRAS,SRP14,2009,1
MTR,NRAS,2009,1
ARPC5L,NRAS,2009,1
ARPC5L,KRAS,2009,1
ARPC5L,HRAS,2009,1
KHK,TYMS,2009,1
KHK,SLC29A1,2009,1
KHK,RRM1,2009,1
KHK,SLC29A2,2009,1
NRAS,TLNRD1,2009,1
CDC37L1,HRAS,2009,1
CDC37L1,KRAS,2009,1
CDC37L1,NRAS,2009,1
DCDC2,KRAS,2009,1
CD14,HRAS,2009,1
CD14,NRAS,2009,1
NCKAP1,NRAS,2009,1
CLIC1,NRAS,2009,1
CLIC1,KRAS,2009,1
CLIC1,HRAS,2009,1
MTA2,NRAS,2009,1
DNAJC11,HRAS,2009,1
DNAJC11,NRAS,2009,1
CTTNBP2NL,NRAS,2009,1
CTTNBP2NL,HRAS,2009,1
CTTNBP2NL,KRAS,2009,1
KCNJ3,NRAS,2009,1
KLHL38,KRAS,2009,1
KLHL38,NRAS,2009,1
HRAS,KLHL38,2009,1
COPZ1,KRAS,2009,1
COPZ1,NRAS,2009,1
KCNQ5,NRAS,2009,1
KCNQ5,KRAS,2009,1
FBXO44,KRAS,2009,1
FBXO44,HRAS,2009,1
FBXO44,NRAS,2009,1
KCNA5,NRAS,2009,1
METRNL,NRAS,2009,1
CCT8,NRAS,2009,1
CCT8,HRAS,2009,1
COPZ1,HRAS,2009,1
DGKA,SLC29A1,2009,1
DGKA,TYMS,2009,1
DGKA,SLC29A2,2009,1
DGKA,RRM1,2009,1
DCDC2,HRAS,2009,1
DCDC2,NRAS,2009,1
ADAM22,HRAS,2009,1
EOLA1,HRAS,2009,1
EOLA1,NRAS,2009,1
MYLK3,NRAS,2009,1
KCNA5,KRAS,2009,1
HRAS,NEIL2,2009,1
HRAS,ZNRF3,2009,1
DGLUCY,HRAS,2009,1
DGLUCY,NRAS,2009,1
HRAS,SNRNP200,2009,1
KRAS,SNRNP200,2009,1
NRAS,SNRNP200,2009,1
DOCK10,NRAS,2009,1
CPSF2,NRAS,2009,1
CPSF2,KRAS,2009,1
CPSF2,HRAS,2009,1
HRAS,IL2RG,2009,1
HRAS,WDR3,2009,1
HRAS,MNDA,2009,1
HRAS,SREBF2,2009,1
HRAS,MTA2,2009,1
HRAS,MRPL39,2009,1
HRAS,TMED10,2009,1
CDK9,NRAS,2009,1
CACNA2D2,HRAS,2009,1
CACNA2D2,NRAS,2009,1
DOCK10,KRAS,2009,1
DOCK10,HRAS,2009,1
CDK9,KRAS,2009,1
HRAS,TIMM22,2009,1
HRAS,SCN4A,2009,1
HRAS,NCAPG,2009,1
CDK9,HRAS,2009,1
NRAS,WDR83,2009,1
ATL2,NRAS,2009,1
ATL2,KRAS,2009,1
ATL2,HRAS,2009,1
IPO9,NRAS,2009,1
IPO9,KRAS,2009,1
MAD2L1,NRAS,2009,1
FIGN,HRAS,2009,1
FIGN,NRAS,2009,1
MDH2,NRAS,2009,1
HRAS,ZNF2,2009,1
HRAS,WNT9A,2009,1
HRAS,SQOR,2009,1
HRAS,PLK1,2009,1
HRAS,ISG20L2,2009,1
HRAS,PDCD5,2009,1
HRAS,NUP214,2009,1
HRAS,SRD5A3,2009,1
HRAS,MX1,2009,1
HRAS,NEK1,2009,1
HRAS,PRPF19,2009,1
HRAS,ILF2,2009,1
COL11A1,KRAS,2009,1
COL11A1,NRAS,2009,1
COL11A1,HRAS,2009,1
DRAM1,NRAS,2009,1
DRAM1,HRAS,2009,1
DRAM1,KRAS,2009,1
HAUS4,NRAS,2009,1
HAUS4,HRAS,2009,1
HAUS4,KRAS,2009,1
KIF14,KRAS,2009,1
KIF14,NRAS,2009,1
FANCD2,KRAS,2009,1
FANCD2,HRAS,2009,1
FANCD2,NRAS,2009,1
ITM2A,NRAS,2009,1
NCL,NRAS,2009,1
COPS5,NRAS,2009,1
COPS5,HRAS,2009,1
HRAS,IL1RAP,2009,1
HRAS,TMEM117,2009,1
HRAS,SH3PXD2B,2009,1
HRAS,PLAA,2009,1
HRAS,NOL6,2009,1
HRAS,SLC11A2,2009,1
DUSP16,NRAS,2009,1
DUSP16,HRAS,2009,1
ADAM22,NRAS,2009,1
BAIAP2L2,KRAS,2009,1
BAIAP2L2,HRAS,2009,1
BAIAP2L2,NRAS,2009,1
A2M,NRAS,2009,1
CNGA2,NRAS,2009,1
CNGA2,KRAS,2009,1
CNGA2,HRAS,2009,1
LIN7A,NRAS,2009,1
ACTR2,NRAS,2009,1
ACTR2,HRAS,2009,1
HSCB,KRAS,2009,1
RIPK2,TYMS,2009,1
RIPK2,RRM1,2009,1
RIPK2,SLC29A2,2009,1
HCAR1,HRAS,2009,1
HCAR1,NRAS,2009,1
EPHB1,HRAS,2009,1
EPHB1,TYMS,2009,1
EPHB1,KRAS,2009,1
EPHB1,NRAS,2009,1
ARL8A,KRAS,2009,1
ARL8A,NRAS,2009,1
ARL8A,HRAS,2009,1
GML,HRAS,2009,1
DNTTIP1,HRAS,2009,1
DNTTIP1,NRAS,2009,1
HRAS,RPS4X,2009,1
HRAS,TUBB1,2009,1
HRAS,NMNAT1,2009,1
RIPK2,SLC29A1,2009,1
HRAS,VTI1A,2009,1
HRAS,ZNF383,2009,1
HRAS,SIRPA,2009,1
ANKFN1,NRAS,2009,1
ANKFN1,KRAS,2009,1
GALC,NRAS,2009,1
GALC,HRAS,2009,1
GML,KRAS,2009,1
GML,NRAS,2009,1
LYST,NRAS,2009,1
EPHB1,RRM1,2009,1
EPHB1,SLC29A2,2009,1
EPHB1,SLC29A1,2009,1
HRAS,TBC1D1,2009,1
HRAS,LIN7A,2009,1
HRAS,PLG,2009,1
HRAS,PIP4K2A,2009,1
HRAS,KMT2A,2009,1
HRAS,HSD3B7,2009,1
HRAS,STAR,2009,1
HRAS,SDR42E1,2009,1
HRAS,TCOF1,2009,1
DES,NRAS,2009,1
DES,KRAS,2009,1
DES,HRAS,2009,1
ANKFN1,HRAS,2009,1
ARPC4,KRAS,2009,1
ARPC4,NRAS,2009,1
ARPC4,HRAS,2009,1
HRAS,RAG1,2009,1
HRAS,MLKL,2009,1
HRAS,THRA,2009,1
HRAS,TMEM86B,2009,1
MYBL2,NRAS,2009,1
MAPKAPK2,TYMS,2009,1
MAPKAPK2,SLC29A1,2009,1
MAPKAPK2,RRM1,2009,1
NDUFS4,NRAS,2009,1
HRAS,SNAP23,2009,1
HRAS,MRPL49,2009,1
HRAS,SRR,2009,1
HRAS,SHTN1,2009,1
HRAS,VPS13C,2009,1
HRAS,SFPQ,2009,1
HRAS,KCNH7,2009,1
ATG4A,HRAS,2009,1
FBXW8,HRAS,2009,1
FBXW8,NRAS,2009,1
CYLD,NRAS,2009,1
CYLD,HRAS,2009,1
MAPKAPK2,SLC29A2,2009,1
HRAS,NGLY1,2009,1
HRAS,KIF4A,2009,1
HRAS,KIF11,2009,1
HRAS,UHMK1,2009,1
HRAS,STAT1,2009,1
HRAS,IL10RA,2009,1
HRAS,LONRF3,2009,1
HRAS,RAD51AP2,2009,1
HRAS,KRT32,2009,1
FGL2,NRAS,2009,1
FGL2,KRAS,2009,1
BFSP1,NRAS,2009,1
BFSP1,HRAS,2009,1
MYBPC3,NRAS,2009,1
DHX8,KRAS,2009,1
ARID1B,HRAS,2009,1
ARID1B,NRAS,2009,1
KRAS,S1PR5,2009,1
NRAS,S1PR5,2009,1
HRAS,S1PR5,2009,1
DICER1,HRAS,2009,1
DICER1,NRAS,2009,1
DICER1,KRAS,2009,1
ATG4A,NRAS,2009,1
ATG4A,KRAS,2009,1
IFIT2,NRAS,2009,1
HRAS,PSMB5,2009,1
HRAS,TMEM177,2009,1
HRAS,NDUFS4,2009,1
DVL3,HRAS,2009,1
DVL3,NRAS,2009,1
NF1,NRAS,2009,1
GABPB1,KRAS,2009,1
GABPB1,HRAS,2009,1
GABPB1,NRAS,2009,1
IL1RAP,NRAS,2009,1
CHRNB4,NRAS,2009,1
CHRNB4,HRAS,2009,1
CSN1S1,NRAS,2009,1
CSN1S1,HRAS,2009,1
FGL2,HRAS,2009,1
HSCB,NRAS,2009,1
LAMTOR3,NRAS,2009,1
CAMK2D,NRAS,2009,1
CAMK2D,HRAS,2009,1
A2M,HRAS,2009,1
ATXN1L,NRAS,2009,1
STK17A,TYMS,2009,1
KRAS,SPOUT1,2009,1
NRAS,SPOUT1,2009,1
ALG2,HRAS,2009,1
ALG2,NRAS,2009,1
ALG2,KRAS,2009,1
LENG1,NRAS,2009,1
HNRNPM,KRAS,2009,1
HNRNPM,HRAS,2009,1
HNRNPM,NRAS,2009,1
HRAS,MPL,2009,1
HRAS,NUB1,2009,1
EIF3F,HRAS,2009,1
HRAS,OR52B2,2009,1
HRAS,SLC15A3,2009,1
HRAS,SEC13,2009,1
HRAS,UBE2R2,2009,1
HRAS,KLK8,2009,1
HRAS,NDUFA9,2009,1
AMFR,NRAS,2009,1
CCND2,NRAS,2009,1
CCND2,HRAS,2009,1
CD96,HRAS,2009,1
CD96,NRAS,2009,1
NRAS,STRADA,2009,1
CLMN,KRAS,2009,1
CLMN,HRAS,2009,1
HRAS,LRRTM2,2009,1
HRAS,TMEM135,2009,1
HRAS,NKAP,2009,1
HRAS,MPHOSPH10,2009,1
HRAS,RNF128,2009,1
HRAS,UBA6,2009,1
HRAS,ZMYM5,2009,1
HRAS,RPL4,2009,1
HRAS,IFT80,2009,1
ATP1B3,HRAS,2009,1
HRAS,MAGOH,2009,1
HRAS,TDP1,2009,1
HRAS,TAF6,2009,1
HRAS,PDZK1,2009,1
CYFIP1,HRAS,2009,1
CYFIP1,KRAS,2009,1
CYFIP1,NRAS,2009,1
MATN2,NRAS,2009,1
ATP1B3,KRAS,2009,1
ATP1B3,NRAS,2009,1
AMFR,HRAS,2009,1
ERGIC2,NRAS,2009,1
ERGIC2,KRAS,2009,1
ERGIC2,HRAS,2009,1
CLMN,NRAS,2009,1
NARS1,NRAS,2009,1
HRAS,SPOUT1,2009,1
GBGT1,HRAS,2009,1
GBGT1,KRAS,2009,1
GBGT1,NRAS,2009,1
CPNE5,HRAS,2009,1
CPNE5,KRAS,2009,1
CPNE5,NRAS,2009,1
HCN3,NRAS,2009,1
HRAS,ZNF207,2009,1
DACH1,NRAS,2009,1
DACH1,HRAS,2009,1
DACH1,KRAS,2009,1
HRAS,NOL3,2009,1
HRAS,TAOK1,2009,1
HRAS,KCNJ3,2009,1
HRAS,TOGARAM1,2009,1
NR1H2,NRAS,2009,1
MSLN,NRAS,2009,1
NRAS,RPL4,2009,1
NET1,NRAS,2009,1
HRAS,PSMA7,2009,1
HRAS,RPIA,2009,1
HRAS,UTP15,2009,1
HRAS,RNF166,2009,1
HRAS,USP39,2009,1
HRAS,PRTN3,2009,1
IARS2,NRAS,2009,1
GTF2A2,KRAS,2009,1
GTF2A2,NRAS,2009,1
GTF2A2,HRAS,2009,1
HRAS,NCAPD2,2009,1
HRAS,NLRC4,2009,1
HRAS,RIOK1,2009,1
HRAS,METRNL,2009,1
HRAS,NEDD4L,2009,1
HRAS,NAGS,2009,1
CSE1L,HRAS,2009,1
NRAS,PCLAF,2009,1
NRAS,RPF2,2009,1
HRAS,RPF2,2009,1
HRAS,RASL11A,2009,1
HRAS,TK2,2009,1
HRAS,PDSS2,2009,1
HRAS,MRPL23,2009,1
HRAS,TRIM52,2009,1
HRAS,VPS53,2009,1
HRAS,IKZF2,2009,1
HRAS,STRADA,2009,1
HRAS,SKP1,2009,1
HRAS,LIG3,2009,1
HCN3,KRAS,2009,1
HCN3,HRAS,2009,1
FEZ2,HRAS,2009,1
FEZ2,NRAS,2009,1
HRAS,PRKCSH,2009,1
HRAS,OTOF,2009,1
HRAS,ZC3H18,2009,1
CAPZB,HRAS,2009,1
CAPZB,NRAS,2009,1
CSNK2A1,KRAS,2009,1
CSNK2A1,NRAS,2009,1
CSNK2A1,HRAS,2009,1
ADGRG1,NRAS,2009,1
ADGRG1,HRAS,2009,1
CSE1L,KRAS,2009,1
CSE1L,NRAS,2009,1
HRAS,LGALSL,2009,1
HRAS,MYL12B,2009,1
HRAS,METTL14,2009,1
HRAS,POU4F1,2009,1
HRAS,ZNF550,2009,1
HRAS,KCTD3,2009,1
HRAS,TUBGCP3,2009,1
HRAS,OR2B11,2009,1
HRAS,MN1,2009,1
FBXW7,NRAS,2009,1
FBXW7,HRAS,2009,1
MPO,NRAS,2009,1
ELP1,NRAS,2009,1
MCM5,NRAS,2009,1
GP9,NRAS,2009,1
GP9,HRAS,2009,1
GP9,KRAS,2009,1
NOP10,NRAS,2009,1
HRAS,RSRP1,2009,1
KRAS,RSRP1,2009,1
ADGRL1,HRAS,2009,1
HRAS,POLDIP3,2009,1
HRAS,XRCC1,2009,1
HRAS,NCKAP1,2009,1
HRAS,HSPA9,2009,1
HRAS,ZCCHC24,2009,1
HRAS,RAPGEF2,2009,1
HRAS,MKI67,2009,1
HRAS,NUP160,2009,1
HRAS,OR5M9,2009,1
TYMS,TYRO3,2009,1
TYMS,WNK4,2009,1
TYMS,UCK1,2009,1
TYMS,VRK3,2009,1
HRAS,SP4,2009,1
HRAS,MAP3K1,2009,1
CTDNEP1,HRAS,2009,1
CTDNEP1,NRAS,2009,1
NPR2,NRAS,2009,1
HSPA14,NRAS,2009,1
HRAS,PROM1,2009,1
HRAS,ZFYVE16,2009,1
HRAS,SPHK1,2009,1
HRAS,KIF14,2009,1
HEATR1,NRAS,2009,1
HEATR1,HRAS,2009,1
HEATR1,KRAS,2009,1
KRT72,NRAS,2009,1
HRAS,IARS1,2009,1
HRAS,SRSF9,2009,1
HRAS,NUP93,2009,1
HRAS,ORC5,2009,1
HRAS,RPL39,2009,1
HRAS,KRT72,2009,1
HRAS,SLC26A6,2009,1
HRAS,RFC3,2009,1
HRAS,NOP10,2009,1
HRAS,REG1A,2009,1
HRAS,XKR6,2009,1
HRAS,PPP2R1B,2009,1
BUB3,HRAS,2009,1
BUB3,KRAS,2009,1
BUB3,NRAS,2009,1
JAK1,NRAS,2009,1
HRAS,WAC,2009,1
HRAS,IFI6,2009,1
FBXW10,HRAS,2009,1
FBXW10,KRAS,2009,1
FBXW10,NRAS,2009,1
NOL3,NRAS,2009,1
HRAS,TRPM2,2009,1
HRAS,PSMD6,2009,1
HRAS,POLR3B,2009,1
HRAS,SLC7A5,2009,1
HRAS,SLU7,2009,1
HRAS,KHDRBS3,2009,1
HRAS,UBA2,2009,1
HRAS,PAFAH1B1,2009,1
HRAS,RASGRF2,2009,1
HRAS,PGBD2,2009,1
HRAS,PKIA,2009,1
HRAS,NRDC,2009,1
BRIX1,NRAS,2009,1
HRAS,PSMA6,2009,1
HRAS,STT3A,2009,1
HRAS,KALRN,2009,1
HRAS,ZNF579,2009,1
HRAS,MCM6,2009,1
HRAS,R3HDM2,2009,1
ARAF,NRAS,2009,1
ARAF,HRAS,2009,1
ARAF,KRAS,2009,1
IFT80,NRAS,2009,1
HMGN2,HRAS,2009,1
HMGN2,NRAS,2009,1
CEBPZ,KRAS,2009,1
CEBPZ,NRAS,2009,1
CEBPZ,HRAS,2009,1
CNOT9,HRAS,2009,1
HRAS,RAB29,2009,1
HRAS,LAMTOR3,2009,1
HRAS,RPGR,2009,1
HRAS,THOC7,2009,1
HRAS,SRP54,2009,1
HRAS,ZNF777,2009,1
HRAS,ZFP2,2009,1
HRAS,SF3A1,2009,1
HRAS,POU2F2,2009,1
LSM5,NRAS,2009,1
BRIX1,HRAS,2009,1
HRAS,IREB2,2009,1
HRAS,PRLR,2009,1
HRAS,MID1,2009,1
HRAS,HSPD1,2009,1
HRAS,KMT5B,2009,1
ELP1,HRAS,2009,1
HRAS,UBE2D4,2009,1
HRAS,IL26,2009,1
LTK,NRAS,2009,1
HRAS,HUWE1,2009,1
HRAS,ITGA5,2009,1
HRAS,ZNHIT3,2009,1
NRAS,RSRP1,2009,1
GCM2,NRAS,2009,1
GCM2,HRAS,2009,1
MAPKAPK5,NRAS,2009,1
EFNB2,NRAS,2009,1
EFNB2,HRAS,2009,1
CDKN2A,DCK,2009,1
AURKA,DCK,2009,1
AURKA,TYMS,2009,1
HRAS,MMUT,2009,1
HRAS,PSKH2,2009,1
HRAS,MTX2,2009,1
HRAS,SUV39H2,2009,1
HRAS,TAF5,2009,1
HRAS,STK33,2009,2
HRAS,UBE2D1,2009,1
HRAS,TRIM39,2009,1
HRAS,NDC1,2009,1
HRAS,MYBL2,2009,1
HRAS,JAK1,2009,1
HRAS,VMP1,2009,1
HRAS,ZGPAT,2009,1
HRAS,LIN7C,2009,1
HRAS,QARS1,2009,1
ATXN1L,HRAS,2009,1
HRAS,RNF130,2009,1
HRAS,TMEM150A,2009,1
HRAS,POLA1,2009,1
HRAS,SRMS,2009,1
HRAS,JADE2,2009,1
HRAS,SEH1L,2009,1
HRAS,U2AF1,2009,1
HRAS,ZCCHC13,2009,1
AURKA,RRM1,2009,1
AURKA,CMPK1,2009,1
CTNNAL1,NRAS,2009,1
KRAS,STMN1,2009,1
HRAS,STMN1,2009,1
NRAS,STMN1,2009,1
FBXO28,NRAS,2009,1
CTNNAL1,HRAS,2009,1
CCDC120,NRAS,2009,1
CCDC120,HRAS,2009,1
DUSP22,HRAS,2009,1
AURKA,SLC29A2,2009,1
HRAS,TP53I3,2009,1
HRAS,KLB,2009,1
HRAS,MAP4,2009,1
HRAS,PPP1R8,2009,1
HRAS,RAC1,2009,1
HRAS,UTP14A,2009,1
HRAS,NRXN1,2009,1
HRAS,MED13L,2009,1
HRAS,ODC1,2009,1
HRAS,RXRG,2009,1
HRAS,ZNF32,2009,1
HRAS,MCPH1,2009,1
HRAS,PSEN1,2009,1
MPDZ,NRAS,2009,1
MAP2K1,NRAS,2009,1
HRAS,RAD9B,2009,1
HRAS,SCN8A,2009,1
ETFBKMT,HRAS,2009,1
AURKA,CDA,2009,1
AURKA,SLC29A1,2009,1
CDKN2A,CMPK1,2009,1
CDKN2A,SLC29A1,2009,1
CDKN2A,SLC29A2,2009,1
CDKN2A,TYMS,2009,1
CDKN2A,RRM1,2009,1
DUSP22,KRAS,2009,1
DUSP22,NRAS,2009,1
FBXO28,HRAS,2009,1
NRAS,ZPR1,2009,1
HCK,HRAS,2009,1
HRAS,KLHL8,2009,1
HRAS,TTC3,2009,1
HRAS,OXA1L,2009,1
GATAD2A,NRAS,2009,1
GATAD2A,HRAS,2009,1
HRAS,UTP4,2009,1
NRAS,UTP4,2009,1
KRAS,UTP4,2009,1
ATR,DCK,2009,1
MED23,NRAS,2009,1
CDH5,NRAS,2009,1
CDH5,HRAS,2009,1
DYNLRB1,HRAS,2009,1
DYNLRB1,NRAS,2009,1
HCK,RRM1,2009,1
HCK,NRAS,2009,1
HCK,TYMS,2009,1
HCK,SLC29A1,2009,1
HCK,SLC29A2,2009,1
CLSTN3,HRAS,2009,1
CLSTN3,NRAS,2009,1
ATR,SLC29A2,2009,1
ATR,CMPK1,2009,1
ATR,SLC29A1,2009,1
ATR,TYMS,2009,1
ATR,RRM1,2009,1
ATR,CDA,2009,1
ASB10,NRAS,2009,1
ASB10,KRAS,2009,1
ASB10,HRAS,2009,1
DIDO1,HRAS,2009,1
DIDO1,NRAS,2009,1
CUL5,NRAS,2009,1
CUL5,HRAS,2009,1
NAV3,NRAS,2009,1
NOP14,NRAS,2009,1
HACE1,KRAS,2009,1
CBL,NRAS,2009,1
LAS1L,NRAS,2009,1
BCORL1,NRAS,2009,1
BCORL1,HRAS,2009,1
HACE1,NRAS,2009,1
HACE1,HRAS,2009,1
FGD1,NRAS,2009,1
FGD1,HRAS,2009,1
NAT8,NRAS,2009,1
HRAS,NRM,2009,1
HRAS,SCARF1,2009,1
HRAS,HSCB,2009,1
HRAS,PON2,2009,1
HRAS,TNIK,2009,1
HRAS,OR14A16,2009,1
HRAS,PALMD,2009,1
HRAS,POLR3F,2009,1
KDM2B,KRAS,2009,1
HRAS,KDM2B,2009,1
KDM2B,NRAS,2009,1
ACE2,NRAS,2009,1
ACE2,HRAS,2009,1
NANP,NRAS,2009,1
CBL,HRAS,2009,1
HRAS,TAF15,2009,1
HRAS,STAU2,2009,1
HRAS,RAPGEF1,2009,1
HRAS,PSMB4,2009,1
HRAS,NOL4,2009,1
HRAS,PSMF1,2009,1
HRAS,TEAD2,2009,1
HRAS,RPS19,2009,1
HRAS,UBE2M,2009,1
HRAS,TPP2,2009,1
HRAS,TRERF1,2009,1
STYXL1,TYMS,2009,1
HRAS,PCGF5,2009,1
HRAS,MED23,2009,1
HRAS,PLP1,2009,1
HRAS,ZPR1,2009,1
HRAS,RPS15,2009,1
HRAS,KCNQ5,2009,1
HRAS,MYLIP,2009,1
HRAS,TTC21B,2009,1
CBLN4,KRAS,2009,1
CBLN4,HRAS,2009,1
CBLN4,NRAS,2009,1
CCT6A,NRAS,2009,1
CCT6A,HRAS,2009,1
CCT6A,KRAS,2009,1
SLC29A1,STYXL1,2009,1
RRM1,STYXL1,2009,1
SLC29A2,STYXL1,2009,1
HRAS,KCNG3,2009,1
HRAS,ST6GALNAC5,2009,1
HRAS,SULT1A2,2009,1
MFSD6,NRAS,2009,1
HRAS,MFSD6,2009,1
CENPE,HRAS,2009,1
CENPE,KRAS,2009,1
CENPE,NRAS,2009,1
HRAS,NUP43,2009,1
HRAS,JADE3,2009,1
HRAS,SFXN2,2009,1
HRAS,MICAL1,2009,1
HRAS,NR5A1,2009,1
HRAS,TBX20,2009,1
CASQ1,HRAS,2009,1
CASQ1,NRAS,2009,1
HRAS,TBCD,2009,1
HRAS,RTL6,2009,1
HRAS,NCL,2009,1
GOSR1,KRAS,2009,1
FOXA2,NRAS,2009,1
FOXA2,KRAS,2009,1
FOXA2,HRAS,2009,1
HRAS,RNF20,2009,1
HRAS,LAPTM5,2009,1
HRAS,POFUT1,2009,1
HRAS,SSR3,2009,1
HRAS,PLK2,2009,1
EEPD1,HRAS,2009,1
HRAS,RGS22,2009,1
HRAS,WWC1,2009,1
HRAS,PSMD12,2009,1
FMN1,KRAS,2009,1
FMN1,HRAS,2009,1
FMN1,NRAS,2009,1
HRAS,PLEKHG2,2009,1
HRAS,RSBN1,2009,1
HRAS,MATN2,2009,1
CDCA8,NRAS,2009,1
CDCA8,HRAS,2009,1
CXCL8,KRAS,2009,1
CXCL8,NRAS,2009,1
MOS,NRAS,2009,1
MMEL1,NRAS,2009,1
ITGA5,NRAS,2009,1
ITGA5,KRAS,2009,1
FASTKD2,KRAS,2009,1
FASTKD2,HRAS,2009,1
FASTKD2,NRAS,2009,1
GOSR1,NRAS,2009,1
GOSR1,HRAS,2009,1
ADORA2A,NRAS,2009,1
ATP9A,HRAS,2009,1
MAGI3,SLC29A2,2009,1
MAGI3,RRM1,2009,1
MAGI3,TYMS,2009,1
MAGI3,SLC29A1,2009,1
KRAS,MFSD6,2009,1
HRAS,NUMB,2009,1
HRAS,NOP56,2009,1
HRAS,LMO3,2009,1
HRAS,IFNA6,2009,1
HRAS,WDR37,2009,1
DKC1,HRAS,2009,1
DKC1,NRAS,2009,1
CDKL5,CMPK1,2009,1
CDKL5,SLC29A2,2009,1
CDKL5,TYMS,2009,1
CDKL5,SLC29A1,2009,1
CDKL5,RRM1,2009,1
CDKL5,DCK,2009,1
HRAS,ZNF608,2009,1
HRAS,ZNF556,2009,1
HRAS,SERINC1,2009,1
HRAS,MRPL3,2009,1
HRAS,RNF41,2009,1
HRAS,MDH1,2009,1
HRAS,USP30,2009,1
ADORA2A,HRAS,2009,1
KDM3B,NRAS,2009,1
CTSB,KRAS,2009,1
CTSB,HRAS,2009,1
CTSB,NRAS,2009,1
EIF2AK2,NRAS,2009,1
EIF2AK2,HRAS,2009,1
KAT6B,NRAS,2009,1
HIBCH,HRAS,2009,1
HIBCH,NRAS,2009,1
HRAS,XPO1,2009,1
HRAS,PHF5A,2009,1
HRAS,PNLDC1,2009,1
HRAS,NCOR1,2009,1
ALKBH7,HRAS,2009,1
ALKBH7,NRAS,2009,1
ADGRL1,NRAS,2009,1
HRAS,PPFIA1,2009,1
HRAS,TXNL4A,2009,1
HRAS,PPIL1,2009,1
HRAS,SNUPN,2009,1
HRAS,RPS12,2009,1
HRAS,RPL35,2009,1
HRAS,UHRF2,2009,1
HRAS,ING1,2009,1
HRAS,SQSTM1,2009,1
HRAS,XAGE3,2009,1
ASCC3,HRAS,2009,1
ASCC3,NRAS,2009,1
CRNKL1,HRAS,2009,1
CRNKL1,NRAS,2009,1
ATP9A,NRAS,2009,1
HRAS,SULT4A1,2009,1
HRAS,TTC7B,2009,1
SNRK,TYMS,2009,1
PKIA,SLC29A1,2009,1
PKIA,RRM1,2009,1
PKIA,SLC29A2,2009,1
PKIA,TYMS,2009,1
HRAS,PSMA5,2009,1
HRAS,NEDD8,2009,1
HRAS,PFDN1,2009,1
HRAS,VPS33A,2009,1
HRAS,LYST,2009,1
HRAS,OLIG2,2009,1
HRAS,POLK,2009,1
HRAS,STARD6,2009,1
HRAS,SEPTIN14,2009,1
HRAS,RNF40,2009,1
HRAS,LSM5,2009,1
HRAS,SERPINB12,2009,1
HRAS,RPP38,2009,1
HRAS,RPA2,2009,1
HRAS,OSBPL9,2009,1
HRAS,NOL8,2009,1
MICAL1,NRAS,2009,1
NRAS,RIDA,2009,1
KRAS,RIDA,2009,1
PI4K2A,RRM1,2009,1
PI4K2A,TYMS,2009,1
PI4K2A,SLC29A2,2009,1
PI4K2A,SLC29A1,2009,1
FLRT2,HRAS,2009,1
FLRT2,NRAS,2009,1
CPNE4,KRAS,2009,1
CPNE4,HRAS,2009,1
CPNE4,NRAS,2009,1
CAMK1D,SLC29A1,2009,1
CAMK1D,SLC29A2,2009,1
CAMK1D,DCK,2009,1
CAMK1D,TYMS,2009,1
HASPIN,KRAS,2009,1
HASPIN,NRAS,2009,1
HASPIN,HRAS,2009,1
MOB3A,NRAS,2009,1
GPR182,KRAS,2009,1
GPR182,HRAS,2009,1
GPR182,NRAS,2009,1
GPX4,NRAS,2009,1
GPX4,HRAS,2009,1
GPX4,KRAS,2009,1
HIGD2A,NRAS,2009,1
HIGD2A,HRAS,2009,1
CAMK1D,CMPK1,2009,1
CAMK1D,CDA,2009,1
CLU,NRAS,2009,1
CLU,HRAS,2009,1
NLRC4,NRAS,2009,1
HSPA9,NRAS,2009,1
KLF3,NRAS,2009,1
KLF3,KRAS,2009,1
CAMK1D,RRM1,2009,1
KRAS,NECAB2,2009,1
HRAS,NECAB2,2009,1
NECAB2,NRAS,2009,1
ERBIN,NRAS,2009,1
ERBIN,HRAS,2009,1
ERBIN,KRAS,2009,1
NAGS,NRAS,2009,1
GID8,HRAS,2009,1
GID8,KRAS,2009,1
GID8,NRAS,2009,1
DUSP2,NRAS,2009,1
DUSP2,HRAS,2009,1
KIT,NRAS,2009,1
NRAS,UTP25,2009,1
HRAS,UTP25,2009,1
KRAS,UTP25,2009,1
KDM5B,NRAS,2009,1
ARID5A,NRAS,2009,1
ARID5A,KRAS,2009,1
ARID5A,HRAS,2009,1
DIXDC1,HRAS,2009,1
DIXDC1,NRAS,2009,1
CD2BP2,KRAS,2009,1
CD2BP2,HRAS,2009,1
CD2BP2,NRAS,2009,1
CDC25B,KRAS,2009,1
IFI6,KRAS,2009,1
IFI6,NRAS,2009,1
FNDC9,HRAS,2009,1
FNDC9,NRAS,2009,1
GLI3,HRAS,2009,1
EIF5A2,NRAS,2009,1
EIF5A2,HRAS,2009,1
NDUFA9,NRAS,2009,1
AR,NRAS,2009,1
AR,KRAS,2009,1
AR,HRAS,2009,1
DDX52,HRAS,2009,1
DDX52,NRAS,2009,1
DDX52,KRAS,2009,1
EXOSC8,NRAS,2009,1
EXOSC8,HRAS,2009,1
HRAS,PJVK,2009,1
NRAS,PJVK,2009,1
GPATCH1,NRAS,2009,1
CDC25B,NRAS,2009,1
CDC25B,HRAS,2009,1
B4GALT5,NRAS,2009,1
B4GALT5,HRAS,2009,1
EXOSC8,KRAS,2009,1
GNL3L,HRAS,2009,1
GNL3L,NRAS,2009,1
EFCAB12,HRAS,2009,1
EFCAB12,NRAS,2009,1
MAP3K1,NRAS,2009,1
CSTF1,NRAS,2009,1
CSTF1,KRAS,2009,1
BACH2,NRAS,2009,1
BACH2,HRAS,2009,1
CACNB4,KRAS,2009,1
CACNB4,NRAS,2009,1
CACNB4,HRAS,2009,1
GLI3,NRAS,2009,1
APOC1,HRAS,2009,1
APOC1,KRAS,2009,1
APOC1,NRAS,2009,1
HRAS,RIMS1,2009,1
HRAS,MYBPC3,2009,1
HRAS,ZBTB5,2009,1
HRAS,ST7,2009,1
HRAS,MOB3A,2009,1
HRAS,USP9Y,2009,1
HRAS,UBTF,2009,1
GPAT3,HRAS,2009,1
HRAS,SEPTIN4,2009,1
DCLRE1A,NRAS,2009,1
DCLRE1A,HRAS,2009,1
DCLRE1A,KRAS,2009,1
CSTF1,HRAS,2009,1
MID1,NRAS,2009,1
HSDL2,NRAS,2009,1
GPATCH1,HRAS,2009,1
GPATCH1,KRAS,2009,1
ASB7,NRAS,2009,1
ASB7,KRAS,2009,1
ASB7,HRAS,2009,1
C7,NRAS,2009,1
C7,KRAS,2009,1
C7,HRAS,2009,1
GLB1,NRAS,2009,1
GLB1,HRAS,2009,1
MAPKAPK3,SLC29A1,2009,1
MAPKAPK3,SLC29A2,2009,1
MAPKAPK3,RRM1,2009,1
MAPKAPK3,TYMS,2009,1
GNPDA1,HRAS,2009,1
GNPDA1,NRAS,2009,1
KIAA0408,KRAS,2009,1
KIAA0408,NRAS,2009,1
HEMK1,NRAS,2009,1
HEMK1,HRAS,2009,1
HRAS,MOS,2009,1
HRAS,KCNV1,2009,1
HRAS,KCNMA1,2009,1
DOCK5,HRAS,2009,1
ESRRB,HRAS,2009,1
ESRRB,NRAS,2009,1
ESRRB,KRAS,2009,1
NMNAT1,NRAS,2009,1
CLK2,HRAS,2009,1
CLK2,NRAS,2009,1
DBT,NRAS,2009,1
DBT,HRAS,2009,1
DBT,KRAS,2009,1
H2AC1,HRAS,2009,1
H2AC1,NRAS,2009,1
H2AC1,KRAS,2009,1
NAT2,NRAS,2009,1
KRAS,NBEAL1,2009,1
HRAS,NBEAL1,2009,1
KRAS,NDUFAF6,2009,1
NDUFAF6,NRAS,2009,1
HRAS,NDUFAF6,2009,1
ABHD5,KRAS,2009,1
ABHD5,HRAS,2009,1
ABHD5,NRAS,2009,1
MTOR,NRAS,2009,1
DOCK5,NRAS,2009,1
DOCK5,KRAS,2009,1
FCHO1,NRAS,2009,1
FCHO1,HRAS,2009,1
AURKAIP1,TYMS,2009,1
AURKAIP1,SLC29A1,2009,1
AURKAIP1,DCK,2009,1
AURKAIP1,RRM1,2009,1
AURKAIP1,SLC29A2,2009,1
AURKAIP1,CDA,2009,1
AURKAIP1,CMPK1,2009,1
APLP1,NRAS,2009,1
APLP1,HRAS,2009,1
MARK1,TYMS,2009,1
MARK1,SLC29A2,2009,1
MARK1,RRM1,2009,1
MARK1,SLC29A1,2009,1
COPS4,NRAS,2009,1
NBEAL1,NRAS,2009,1
HRAS,TRMT5,2009,1
HRAS,PSMB6,2009,1
HRAS,KCTD12,2009,1
HRAS,SLC35G2,2009,1
KLK8,KRAS,2009,1
CAPN3,HRAS,2009,1
CAPN3,NRAS,2009,1
LRRN1,NRAS,2009,1
PLK3,SLC29A2,2009,1
PLK3,RRM1,2009,1
IL26,NRAS,2009,1
LTBP2,NRAS,2009,1
NRAS,SHTN1,2009,1
BTBD9,NRAS,2009,1
BTBD9,HRAS,2009,1
COPS4,HRAS,2009,1
GRAP2,NRAS,2009,1
GRAP2,HRAS,2009,1
CALR,NRAS,2009,1
CALR,HRAS,2009,1
FCGR1A,HRAS,2009,1
FCGR1A,NRAS,2009,1
CLIC4,NRAS,2009,1
CLIC4,HRAS,2009,1
CLIC4,KRAS,2009,1
MTX2,NRAS,2009,1
PLK3,TYMS,2009,1
PLK3,SLC29A1,2009,1
NRAS,RGCC,2009,1
HRAS,RGCC,2009,1
EIF3G,HRAS,2009,1
EIF3G,NRAS,2009,1
GPR61,NRAS,2009,1
GPR61,KRAS,2009,1
GPR61,HRAS,2009,1
KLK8,NRAS,2009,1
COPS2,HRAS,2009,1
CRELD2,HRAS,2009,1
CRELD2,NRAS,2009,1
BASP1,HRAS,2009,1
BASP1,NRAS,2009,1
BASP1,KRAS,2009,1
MN1,NRAS,2009,1
DDX46,NRAS,2009,1
FBXL20,HRAS,2009,1
LGALSL,NRAS,2009,1
EIF3A,NRAS,2009,1
EIF3A,HRAS,2009,1
HNF4G,HRAS,2009,1
HNF4G,NRAS,2009,1
HNF4G,KRAS,2009,1
PAK1,TYMS,2009,1
PAK1,SLC29A1,2009,1
CACNB3,KRAS,2009,1
CACNB3,NRAS,2009,1
CACNB3,HRAS,2009,1
CD302,HRAS,2009,1
CD302,NRAS,2009,1
DIS3,NRAS,2009,1
DIS3,KRAS,2009,1
DIS3,HRAS,2009,1
DSC1,KRAS,2009,1
DSC1,HRAS,2009,1
DSC1,NRAS,2009,1
FBXL20,NRAS,2009,1
BTBD9,KRAS,2009,1
COPS2,NRAS,2009,1
HRAS,KARS1,2009,1
HRAS,ZNF512,2009,1
HRAS,KCNA5,2009,1
HRAS,SNRPC,2009,1
HRAS,ZNF584,2009,1
HRAS,RAB22A,2009,1
DDX46,KRAS,2009,1
DDX46,HRAS,2009,1
COL1A1,KRAS,2009,1
COL1A1,HRAS,2009,1
COL1A1,NRAS,2009,1
ELOVL3,KRAS,2009,1
ELOVL3,NRAS,2009,1
ELOVL3,HRAS,2009,1
PAK1,RRM1,2009,1
PAK1,SLC29A2,2009,1
HRAS,STARD10,2009,1
HRAS,SPECC1,2009,1
KIF2C,NRAS,2009,1
ISG20L2,NRAS,2009,1
COX7B,NRAS,2009,1
COX7B,HRAS,2009,1
NAA10,NRAS,2009,1
HRAS,NAA10,2009,1
KARS1,NRAS,2009,1
GPATCH2,KRAS,2009,1
GPATCH2,HRAS,2009,1
GPATCH2,NRAS,2009,1
HRAS,POLR1C,2009,1
HRAS,RBM8A,2009,1
HRAS,ITFG1,2009,1
HRAS,STOML3,2009,1
HRAS,NPR2,2009,1
HRAS,RCHY1,2009,1
HRAS,NAA15,2009,1
HRAS,PGPEP1,2009,1
HRAS,SRPK3,2009,1
HRAS,ZDHHC16,2009,1
HRAS,PSMA1,2009,1
HRAS,SLC66A1,2009,1
CCAR2,NRAS,2009,1
CCNA2,HRAS,2009,1
CCNA2,NRAS,2009,1
HRAS,MMEL1,2009,1
HRAS,LOXL2,2009,1
HRAS,ZNF418,2009,1
HRAS,SMURF2,2009,1
HRAS,KCNH4,2009,1
HRAS,TAF1,2009,1
HRAS,PIGV,2009,1
HRAS,KCMF1,2009,1
HRAS,NDUFA12,2009,1
HRAS,PCID2,2009,1
HRAS,NF1,2009,1
HRAS,NOL10,2009,1
HRAS,ZC3H15,2009,1
HRAS,TOP2A,2009,1
HRAS,STARD7,2009,1
HRAS,IFIT2,2009,1
HRAS,RLF,2009,1
HMBOX1,KRAS,2009,1
HMBOX1,HRAS,2009,1
HMBOX1,NRAS,2009,1
MLF2,NRAS,2009,1
HRAS,KDM2A,2009,1
KDM2A,NRAS,2009,1
HRAS,SEM1,2009,1
HRAS,LTK,2009,1
HRAS,SRSF1,2009,1
HRAS,MPO,2009,1
CMTR1,HRAS,2009,1
HRAS,ZBTB34,2009,1
HRAS,NANP,2009,1
HRAS,NARS1,2009,1
HRAS,POLG,2009,1
HRAS,NIFK,2009,1
HRAS,MASTL,2009,1
GNGT1,HRAS,2009,1
GNGT1,NRAS,2009,1
GNGT1,KRAS,2009,1
KCNH7,NRAS,2009,1
HIPK1,RRM1,2009,1
HIPK1,TYMS,2009,1
HIPK1,SLC29A2,2009,1
HIPK1,SLC29A1,2009,1
RPS6KL1,SLC29A2,2009,1
RPS6KL1,TYMS,2009,1
RPS6KL1,SLC29A1,2009,1
RPS6KL1,RRM1,2009,1
ACVR2B,KRAS,2009,1
ACVR2B,HRAS,2009,1
HRAS,WDR83,2009,1
ACVR2B,NRAS,2009,1
GALNT15,HRAS,2009,1
GALNT15,KRAS,2009,1
GALNT15,NRAS,2009,1
KHDRBS3,NRAS,2009,1
KHDRBS3,KRAS,2009,1
HRAS,USP9X,2009,1
HRAS,LRRC32,2009,1
HRAS,PHF7,2009,1
HRAS,TAP2,2009,1
HRAS,SEMA4F,2009,1
HRAS,PDX1,2009,1
HRAS,MACROD2,2009,1
HRAS,MARVELD3,2009,1
DDX42,HRAS,2009,1
DDX42,NRAS,2009,1
CNPY3,KRAS,2009,1
CNPY3,NRAS,2009,1
CNPY3,HRAS,2009,1
FCHO1,KRAS,2009,1
NOL8,NRAS,2009,1
FLYWCH1,KRAS,2009,1
DLG4,NRAS,2009,1
DLG4,HRAS,2009,1
DLG4,KRAS,2009,1
DHX30,NRAS,2009,1
DHX30,HRAS,2009,1
CYP27A1,KRAS,2009,1
CYP27A1,NRAS,2009,1
CYP27A1,HRAS,2009,1
EIF2S2,NRAS,2009,1
EIF2S2,KRAS,2009,1
EIF2S2,HRAS,2009,1
COBLL1,NRAS,2009,1
COBLL1,HRAS,2009,1
LIN7C,NRAS,2009,1
HOXB5,NRAS,2009,1
HOXB5,HRAS,2009,1
KRT1,NRAS,2009,1
FLYWCH1,NRAS,2009,1
FLYWCH1,HRAS,2009,1
AGPAT2,HRAS,2009,1
AGPAT2,NRAS,2009,1
IRAK3,NRAS,2009,1
IRAK3,KRAS,2009,1
AAR2,HRAS,2009,1
AAR2,KRAS,2009,1
AAR2,NRAS,2009,1
CHSY3,KRAS,2009,1
CHSY3,HRAS,2009,1
CHSY3,NRAS,2009,1
KDR,SLC29A2,2009,1
KDR,SLC29A1,2009,1
MAPKAP1,SLC29A2,2009,1
FER,SLC29A2,2009,1
FER,RRM1,2009,1
FER,TYMS,2009,1
FER,SLC29A1,2009,1
MRPL23,NRAS,2009,1
NOL10,NRAS,2009,1
AK1,CDA,2009,1
AK1,SLC29A1,2009,1
AK1,RRM1,2009,1
AK1,DCK,2009,1
AK1,TYMS,2009,1
AK1,CMPK1,2009,1
HRAS,ZBTB39,2009,1
FGG,HRAS,2009,1
FGG,NRAS,2009,1
MAPKAP1,SLC29A1,2009,1
MAPKAP1,TYMS,2009,1
MRPL3,NRAS,2009,1
AK1,SLC29A2,2009,1
HRAS,MAPK7,2009,1
HRAS,PLEKHG4,2009,1
HRAS,PIAS1,2009,1
HRAS,INTU,2009,1
HRAS,SELENOS,2009,1
HRAS,RIDA,2009,1
HRAS,MTR,2009,1
HRAS,LRRN1,2009,1
HRAS,PCLAF,2009,1
HRAS,MPHOSPH6,2009,1
HRAS,RTEL1,2009,1
HRAS,PLEKHB1,2009,1
HRAS,SENP5,2009,1
HRAS,RFX4,2009,1
HRAS,MVP,2009,1
INO80E,NRAS,2009,1
INO80E,KRAS,2009,1
ERH,HRAS,2009,1
ERH,NRAS,2009,1
DHX9,KRAS,2009,1
DHX9,HRAS,2009,1
DHX9,NRAS,2009,1
HRAS,INO80E,2009,1
NCOA6,NRAS,2009,1
MAPKAP1,RRM1,2009,1
NRAS,PLIN2,2009,1
RIPK1,RRM1,2009,1
RIPK1,TYMS,2009,1
RIPK1,SLC29A2,2009,1
RIPK1,SLC29A1,2009,1
ATP1A2,KRAS,2009,1
ATP1A2,HRAS,2009,1
ATP1A2,NRAS,2009,1
FANCC,NRAS,2009,1
FANCC,HRAS,2009,1
HSD3B7,NRAS,2009,1
HRAS,PLIN2,2009,1
KRAS,PLIN2,2009,1
ERCC6L2,NRAS,2009,1
HM13,NRAS,2009,1
NOP16,NRAS,2009,1
ANKRD26,NRAS,2009,1
ANKRD26,HRAS,2009,1
HM13,KRAS,2009,1
HM13,HRAS,2009,1
F2RL3,HRAS,2009,1
F2RL3,NRAS,2009,1
LAPTM5,NRAS,2009,1
SLC29A1,UCK1,2009,1
SLC29A1,STK17A,2009,1
SLC29A1,STK33,2009,1
HRAS,TRIM46,2009,1
HRAS,PLA2G2A,2009,1
ACKR4,NRAS,2009,1
ACKR4,KRAS,2009,1
ACKR4,HRAS,2009,1
A2ML1,KRAS,2009,1
CPNE1,NRAS,2009,1
CPNE1,HRAS,2009,1
KCNMA1,NRAS,2009,1
KCNMA1,KRAS,2009,1
A2ML1,HRAS,2009,1
CRYM,NRAS,2009,1
CRYM,HRAS,2009,1
CRYM,KRAS,2009,1
PDPK1,SLC29A1,2009,1
G3BP1,HRAS,2009,1
CARM1,NRAS,2009,1
CARM1,HRAS,2009,1
HRAS,NNT,2009,1
HRAS,XK,2009,1
HRAS,RTN2,2009,1
HRAS,PTPN1,2009,1
HRAS,SOCS2,2009,1
SLC29A1,VRK3,2009,1
SLC29A1,TYRO3,2009,1
SLC29A1,TAOK3,2009,1
SLC29A1,SNRK,2009,1
NAE1,NRAS,2009,1
HDAC7,KRAS,2009,1
HDAC7,NRAS,2009,1
HDAC7,HRAS,2009,1
PKMYT1,TYMS,2009,1
PKMYT1,SLC29A2,2009,1
PKMYT1,RRM1,2009,1
PKMYT1,SLC29A1,2009,1
MRPL39,NRAS,2009,1
NEIL2,NRAS,2009,1
G3BP1,NRAS,2009,1
G3BP1,KRAS,2009,1
HRAS,MACIR,2009,1
MACIR,NRAS,2009,1
A2ML1,NRAS,2009,1
FAM114A1,NRAS,2009,1
FAM114A1,HRAS,2009,1
ANAPC2,NRAS,2009,1
ANAPC2,HRAS,2009,1
ANAPC2,KRAS,2009,1
CD226,HRAS,2009,1
CD226,NRAS,2009,1
CD226,KRAS,2009,1
FAM114A1,KRAS,2009,1
MACROD2,NRAS,2009,1
HRAS,RREB1,2009,1
HRAS,OR13A1,2009,1
HRAS,KRT1,2009,1
ASB16,NRAS,2009,1
COX4I2,HRAS,2009,1
COX4I2,NRAS,2009,1
PDPK1,RRM1,2009,1
PDPK1,TYMS,2009,1
PDPK1,SLC29A2,2009,1
ASB16,HRAS,2009,1
ANKH,NRAS,2009,1
ANKH,HRAS,2009,1
ANKH,KRAS,2009,1
HRAS,THOC1,2009,1
CCAR2,HRAS,2009,1
HRAS,MAP2K5,2009,1
HRAS,IL2RB,2009,1
HRAS,UBE2Z,2009,1
HRAS,NCKIPSD,2009,1
HRAS,RGS5,2009,1
HRAS,SLC30A3,2009,1
SLC29A1,SPHK1,2009,1
SLC29A1,TK2,2009,1
SLC29A1,WNK4,2009,1
BCL2L1,KRAS,2009,1
BCL2L1,HRAS,2009,1
BCL2L1,NRAS,2009,1
CZIB,NRAS,2009,1
CZIB,KRAS,2009,1
CZIB,HRAS,2009,1
MAPK8,NRAS,2009,1
EPRS1,HRAS,2009,1
EPRS1,NRAS,2009,1
ALKBH3,HRAS,2009,1
ALKBH3,NRAS,2009,1
EIF4G1,KRAS,2009,1
ESS2,HRAS,2009,1
ESS2,NRAS,2009,1
CAMKV,HRAS,2009,1
LOXL2,NRAS,2009,1
NOL4,NRAS,2009,1
COPS3,NRAS,2009,1
COPS3,HRAS,2009,1
ALMS1,NRAS,2009,1
DDX39B,NRAS,2009,1
DDX39B,KRAS,2009,1
DDX39B,HRAS,2009,1
GRK6,RRM1,2009,1
GRK6,TYMS,2009,1
CAMK1,DCK,2009,1
CAMK1,RRM1,2009,1
GSTA3,NRAS,2009,1
GSTA3,HRAS,2009,1
GRK6,SLC29A2,2009,1
GRK6,SLC29A1,2009,1
HRAS,UBA1,2009,1
HRAS,NAV3,2009,1
HRAS,OIP5,2009,1
HRAS,PARP12,2009,1
HRAS,PSMA4,2009,1
HRAS,YES1,2009,1
HRAS,SGMS1,2009,1
HRAS,WWC2,2009,1
HRAS,UBE2I,2009,1
HRAS,UBXN2A,2009,1
HRAS,LIPG,2009,1
HRAS,WDR36,2009,1
ELOVL7,HRAS,2009,1
ELOVL7,KRAS,2009,1
ELOVL7,NRAS,2009,1
CAMK1,SLC29A2,2009,1
CAMK1,TYMS,2009,1
CAMK1,CMPK1,2009,1
CAMK1,SLC29A1,2009,1
CAMK1,CDA,2009,1
ALMS1,HRAS,2009,1
NECAP1,NRAS,2009,1
NRAS,TLCD2,2009,1
MTBP,NRAS,2009,1
GATA6,NRAS,2009,1
GATA6,HRAS,2009,1
EIF4G1,NRAS,2009,1
EIF4G1,HRAS,2009,1
CAMKV,KRAS,2009,1
CAMKV,NRAS,2009,1
CCDC112,HRAS,2009,1
CCDC112,NRAS,2009,1
FBXL2,NRAS,2009,1
FBXL2,HRAS,2009,1
FBXL2,KRAS,2009,1
HRAS,TGIF2,2009,1
AEBP2,NRAS,2009,1
AEBP2,KRAS,2009,1
AEBP2,HRAS,2009,1
GSTA3,KRAS,2009,1
HRAS,IARS2,2009,1
HRAS,PRTFDC1,2009,1
HRAS,SNX2,2009,1
HRAS,PATZ1,2009,1
HRAS,SCAMP3,2009,1
HRAS,RPL30,2009,1
HRAS,MAPK8,2009,1
HRAS,ZC3HAV1L,2009,1
HRAS,MTBP,2009,1
LIPG,NRAS,2009,1
CNTNAP1,KRAS,2009,1
CNTNAP1,HRAS,2009,1
CNTNAP1,NRAS,2009,1
NRAS,XK,2009,1
ATG5,NRAS,2009,1
HRAS,LAS1L,2009,1
HRAS,POLD3,2009,1
HRAS,RPS14,2009,1
HRAS,ZNF74,2009,1
CDC5L,HRAS,2009,1
CYBC1,KRAS,2009,1
CYBC1,HRAS,2009,1
KLB,KRAS,2009,1
KLB,NRAS,2009,1
NRAS,RPF1,2009,1
HRAS,RPF1,2009,1
MRPL49,NRAS,2009,1
MX1,NRAS,2009,1
MAGOH,NRAS,2009,1
FBXO9,NRAS,2009,1
FBXO9,HRAS,2009,1
CD81,HRAS,2009,1
CD81,NRAS,2009,1
HRAS,SPTBN5,2009,1
HRAS,ILK,2009,1
HRAS,KIAA0408,2009,1
HRAS,PHTF1,2009,1
HRAS,TNXB,2009,1
HRAS,UBAP2L,2009,1
HRAS,MAPKAPK5,2009,1
HRAS,RHOBTB3,2009,1
HRAS,UGCG,2009,1
HRAS,PYM1,2009,1
ATG5,HRAS,2009,1
ATG5,KRAS,2009,1
HRAS,SHKBP1,2009,1
CREG1,NRAS,2009,1
CREG1,HRAS,2009,1
CDC5L,NRAS,2009,1
HRAS,NXF1,2009,1
HRAS,TRIM3,2009,1
HRAS,ZNF775,2009,1
HRAS,PHF20,2009,1
CYBC1,NRAS,2009,1
HDAC9,HRAS,2009,1
HDAC9,NRAS,2009,1
HDAC9,KRAS,2009,1
GEMIN5,NRAS,2009,1
GEMIN5,KRAS,2009,1
GEMIN5,HRAS,2009,1
MARVELD3,NRAS,2009,1
FAM9B,HRAS,2009,1
FAM9B,KRAS,2009,1
FAM9B,NRAS,2009,1
HRAS,NVL,2009,1
NRAS,SDR42E1,2009,1
KRAS,SDR42E1,2009,1
HRAS,TPH1,2009,1
HRAS,TRIM36,2009,1
HRAS,SLC25A1,2009,1
DSTYK,HRAS,2009,1
HRAS,PIM2,2009,1
HRAS,TEF,2009,1
HRAS,UNKL,2009,1
HRAS,SLC2A2,2009,1
HRAS,YME1L1,2009,1
HRAS,SMC4,2009,1
HRAS,RPL17,2009,1
HRAS,PLD4,2009,1
HRAS,VGLL2,2009,1
HRAS,ICMT,2009,1
HRAS,TCERG1,2009,1
HRAS,PIN1,2009,1
ELOA,HRAS,2009,1
HRAS,RPS17,2009,1
HRAS,HSDL2,2009,1
HRAS,NPNT,2009,1
ERCC6L2,HRAS,2009,1
FANCA,NRAS,2009,1
FANCA,HRAS,2009,1
FRMPD1,HRAS,2009,1
FRMPD1,NRAS,2009,1
CFL1,NRAS,2009,1
ATOH1,NRAS,2009,1
ATOH1,KRAS,2009,1
ATOH1,HRAS,2009,1
ADAMDEC1,NRAS,2009,1
ADAMDEC1,HRAS,2009,1
ADAMDEC1,KRAS,2009,1
CNTN4,KRAS,2009,1
CNTN4,HRAS,2009,1
IL24,KRAS,2009,1
IL24,NRAS,2009,1
EXOSC1,HRAS,2009,1
EXOSC1,NRAS,2009,1
FAM76B,KRAS,2009,1
FAM76B,NRAS,2009,1
FAM76B,HRAS,2009,1
HRAS,NECAP1,2009,1
DCTN4,NRAS,2009,1
ATP13A4,KRAS,2009,1
ATP13A4,NRAS,2009,1
CCT3,NRAS,2009,1
CCT3,HRAS,2009,1
HRAS,MAD2L1,2009,1
HRAS,UCHL5,2009,1
HRAS,MICAL3,2009,1
HRAS,PEAK1,2009,1
HRAS,PDCD11,2009,1
HRAS,PDZD8,2009,1
HRAS,KLHL25,2009,1
LSS,NRAS,2009,1
ATP13A4,HRAS,2009,1
HRAS,ZSCAN9,2009,1
HRAS,TOMM20,2009,1
HRAS,PDE4DIP,2009,1
HRAS,NET1,2009,1
HRAS,UNC45A,2009,1
HRAS,NFATC2,2009,1
HRAS,RAB5B,2009,1
HRAS,PSMC5,2009,1
HRAS,TOMM40,2009,1
HRAS,MSRB2,2009,1
HRAS,HSPA14,2009,1
HRAS,LRRN4CL,2009,1
HRAS,SUGP1,2009,1
HRAS,SRD5A1,2009,1
DCTN4,HRAS,2009,1
KCMF1,NRAS,2009,1
HRAS,NCOA6,2009,1
HRAS,PRKAR1B,2009,1
HRAS,ZNF570,2009,1
HRAS,TSPAN15,2009,1
HRAS,RAB3IP,2009,1
HRAS,SLC25A28,2009,1
HRAS,RBBP6,2009,1
HRAS,RBM39,2009,1
HRAS,ZFX,2009,1
HRAS,UQCR10,2009,1
DET1,NRAS,2009,1
DET1,HRAS,2009,1
DET1,KRAS,2009,1
DCK,PDPK1,2009,1
DCK,PAK1,2009,1
DCK,FER,2009,1
DCK,MAPKAPK2,2009,1
HRAS,USPL1,2009,1
HRAS,KIF2C,2009,1
HRAS,NSA2,2009,1
HRAS,TRIM21,2009,1
HRAS,RPS25,2009,1
HRAS,TLNRD1,2009,1
NKAP,NRAS,2009,1
HUWE1,NRAS,2009,1
CFL1,KRAS,2009,1
CFL1,HRAS,2009,1
EEPD1,KRAS,2009,1
EEPD1,NRAS,2009,1
IREB2,NRAS,2009,1
GPD1,NRAS,2009,1
GPD1,HRAS,2009,1
MKI67,NRAS,2009,1
DCK,TAOK3,2009,1
DCK,MARK1,2009,1
DCK,NEK6,2009,1
DCK,UCK1,2009,1
DCK,PRKD3,2009,1
DCK,SNRK,2009,1
ACTR1A,NRAS,2009,1
ACTR1A,HRAS,2009,1
ACTR1A,KRAS,2009,1
PANK2,RRM1,2009,1
PANK2,SLC29A2,2009,1
PANK2,TYMS,2009,1
PANK2,SLC29A1,2009,1
MCPH1,NRAS,2009,1
DCK,STK33,2009,1
DCK,DGKA,2009,1
DCK,MAP3K7,2009,1
DCK,KHK,2009,1
DCK,RIPK1,2009,1
DCK,PI4K2A,2009,1
DCK,MAGI3,2009,1
DCK,MAP2K7,2009,1
DCK,STYXL1,2009,1
DCK,MAPKAPK3,2009,1
DCK,RPS6KL1,2009,1
DCK,HIPK1,2009,1
DCK,PANK2,2009,1
DCK,PRKAG3,2009,1
KCNH4,NRAS,2009,1
FARS2,HRAS,2009,1
FARS2,NRAS,2009,1
IKBKB,NRAS,2009,1
IKBKB,KRAS,2009,1
DCK,TK2,2009,1
DCK,FLT1,2009,1
DCK,HCK,2009,1
DCK,WNK4,2009,1
DCK,PRKD2,2009,1
GRHL2,HRAS,2009,1
GRHL2,NRAS,2009,1
MYLIP,NRAS,2009,1
EPS8,NRAS,2009,1
EPS8,HRAS,2009,1
ASB17,NRAS,2009,1
ASB17,HRAS,2009,1
CTNS,HRAS,2009,1
ARL4A,NRAS,2009,1
ARL4A,HRAS,2009,1
CTNS,NRAS,2009,1
ALG3,NRAS,2009,1
ALG3,KRAS,2009,1
ALG3,HRAS,2009,1
DCK,MAPKAP1,2009,1
DCK,PKMYT1,2009,1
DCK,TYRO3,2009,1
DCK,TAB2,2009,1
DCK,GRK6,2009,1
DCK,SPHK1,2009,1
METTL14,NRAS,2009,1
KRAS,METTL14,2009,1
MDH1,NRAS,2009,1
DCK,LMTK2,2009,1
KRAS,TRMO,2009,1
NRAS,TRMO,2009,1
HRAS,TRMO,2009,1
DCK,STK17A,2009,1
DCK,VRK3,2009,1
DCK,EPHB1,2009,1
DCK,ITPKC,2009,1
HRAS,SUZ12,2009,1
HRAS,HSD3B2,2009,1
MAP2K7,SLC29A2,2009,1
MAP2K7,RRM1,2009,1
MAP2K7,SLC29A1,2009,1
MAP2K7,TYMS,2009,1
ACP6,KRAS,2009,1
ACP6,NRAS,2009,1
ACP6,HRAS,2009,1
DCK,RIPK2,2009,1
DCK,PKIA,2009,1
DCK,PLK3,2009,1
DCK,KDR,2009,1
IL10RA,NRAS,2009,1
TK2,TYMS,2009,1
MSRB2,NRAS,2009,1
EDA2R,NRAS,2009,1
EDA2R,HRAS,2009,1
HRAS,TEAD1,2009,1
HRAS,SPRY2,2009,1
HRAS,UBC,2009,1
HRAS,PCGF2,2009,1
HRAS,MPDZ,2009,1
HRAS,USP38,2009,1
HRAS,UFSP1,2009,1
HRAS,KPRP,2009,1
HRAS,SVEP1,2009,1
HRAS,KCNRG,2009,1
HRAS,SPAST,2009,1
KBTBD3,KRAS,2009,1
KBTBD3,NRAS,2009,1
FLT1,SLC29A1,2009,1
FLT1,SLC29A2,2009,1
FLT1,RRM1,2009,1
INTU,NRAS,2009,1
INTU,KRAS,2009,1
CBR3,NRAS,2009,1
CBR3,HRAS,2009,1
FLT1,TYMS,2009,1
BMPR1A,HRAS,2009,1
BMPR1A,KRAS,2009,1
BMPR1A,NRAS,2009,1
CDKL3,NRAS,2009,1
CDKL3,HRAS,2009,1
CCDC14,NRAS,2009,1
HRAS,PIWIL4,2009,1
HRAS,ZFP37,2009,1
HRAS,MCM5,2009,1
HRAS,PWP1,2009,1
HRAS,NQO2,2009,1
HRAS,LENG1,2009,1
HBS1L,HRAS,2009,1
HBS1L,NRAS,2009,1
GSPT1,NRAS,2009,1
GSPT1,HRAS,2009,1
HRAS,IKBKB,2009,1
ATAD2B,HRAS,2009,1
ATAD2B,NRAS,2009,1
EPB41L4B,NRAS,2009,1
EPB41L4B,HRAS,2009,1
LMO3,NRAS,2009,1
HRAS,TFB2M,2009,1
HRAS,SNW1,2009,1
HRAS,IBTK,2009,1
HRAS,TLCD2,2009,1
HRAS,SF3B6,2009,1
HRAS,RTN4RL2,2009,1
HRAS,RAP1GDS1,2009,1
HRAS,RAD54L2,2009,1
HRAS,TAF12,2009,1
HRAS,POLB,2009,1
HRAS,URI1,2009,1
HRAS,POLR2H,2009,1
HRAS,MSLN,2009,1
HRAS,SPC24,2009,1
HRAS,UBE3B,2009,1
HRAS,TFCP2L1,2009,1
HRAS,TUBGCP4,2009,1
HRAS,TTLL3,2009,1
HRAS,UBQLN2,2009,1
HRAS,ZC3H10,2009,1
HRAS,UPF1,2009,1
HRAS,NADK,2009,1
HRAS,TNNT3,2009,1
HRAS,NDUFV2,2009,1
HRAS,NEU1,2009,1
CCDC14,KRAS,2009,1
CCDC14,HRAS,2009,1
NR1I2,NRAS,2009,1
NF2,NRAS,2009,1
LMTK2,SLC29A2,2009,1
LMTK2,TYMS,2009,1
LMTK2,SLC29A1,2009,1
LMTK2,RRM1,2009,1
NRAS,TRMT5,2009,1
KNL1,NRAS,2009,1
HRAS,KNL1,2009,1
DTX4,NRAS,2009,1
DTX4,HRAS,2009,1
DTX4,KRAS,2009,1
ERCC6L,NRAS,2009,1
ERCC6L,HRAS,2009,1
ERCC6L,KRAS,2009,1
CSNK1D,SLC29A2,2009,1
CSNK1D,DCK,2009,1
BDKRB1,NRAS,2009,1
BDKRB1,HRAS,2009,1
HRAS,RAB9B,2009,1
HRAS,VHL,2009,1
HRAS,SH2D3A,2009,1
CSNK1D,TYMS,2009,1
CTTNBP2,HRAS,2009,1
CTTNBP2,NRAS,2009,1
MLKL,NRAS,2009,1
CSNK1D,SLC29A1,2009,1
CSNK1D,RRM1,2009,1
CYP27B1,NRAS,2009,1
CYP27B1,HRAS,2009,1
ARPC2,NRAS,2009,1
RRM1,STK17A,2009,1
RRM1,VRK3,2009,1
RRM1,STK33,2009,1
HRAS,NAT8,2009,1
CXCL8,HRAS,2009,1
HRAS,UBA52,2009,1
MIA,NRAS,2009,1
ANAPC1,NRAS,2009,1
ANAPC1,HRAS,2009,1
BDKRB1,KRAS,2009,1
ADH1A,HRAS,2009,1
ADH1A,NRAS,2009,1
ARPC2,HRAS,2009,1
ILF2,KRAS,2009,1
ILF2,NRAS,2009,1
CNOT1,NRAS,2009,1
CNOT1,HRAS,2009,1
CENPO,NRAS,2009,1
RRM1,WNK4,2009,1
RRM1,TK2,2009,1
RRM1,TAOK3,2009,1
ERN2,NRAS,2009,1
ABCB5,HRAS,2009,1
ABCB5,NRAS,2009,1
HRAS,RRP9,2009,1
HRAS,KDM3B,2009,1
HRAS,NR1I2,2009,1
HRAS,RRM1,2009,1
HRAS,USP6,2009,1
HRAS,SRP14,2009,1
HRAS,THAP10,2009,1
HRAS,PITX2,2009,1
TAOK3,TYMS,2009,1
FADS2,HRAS,2009,1
GC,NRAS,2009,1
GC,HRAS,2009,1
GC,KRAS,2009,1
ERN2,HRAS,2009,1
ERN2,KRAS,2009,1
RRM1,UCK1,2009,1
RRM1,SNRK,2009,1
RRM1,TYRO3,2009,1
CENPO,HRAS,2009,1
FZD8,HRAS,2009,1
FZD8,NRAS,2009,1
HRAS,MFSD12,2009,1
MFSD12,NRAS,2009,1
KRAS,MFSD12,2009,1
IL2RB,NRAS,2009,1
IL2RB,KRAS,2009,1
CNTN4,NRAS,2009,1
NRAS,ZFC3H1,2009,1
KRAS,ZFC3H1,2009,1
HRAS,ZFC3H1,2009,1
IL5RA,NRAS,2009,1
STK33,TYMS,2009,1
FADS2,NRAS,2009,1
FADS2,KRAS,2009,1
HRAS,NOP14,2009,1
HRAS,PRDM4,2009,1
HRAS,MIA,2009,1
HRAS,PRKAR2B,2009,1
HRAS,NDN,2009,1
KCNV1,KRAS,2009,1
KCNV1,NRAS,2009,1
AP2B1,NRAS,2009,1
AP2B1,HRAS,2009,1
KRAS,TAF12,2009,1
KRAS,UBXN2A,2009,1
KRAS,XKR6,2009,1
KRAS,SVEP1,2009,1
KRAS,TDP1,2009,1
KRAS,RAPGEF2,2009,1
KRAS,NUB1,2009,1
KRAS,MINDY1,2009,1
MINDY1,NRAS,2009,1
HRAS,MINDY1,2009,1
CKS2,RRM1,2009,1
CKS2,TYMS,2009,1
CKS2,SLC29A2,2009,1
CKS2,SLC29A1,2009,1
CKS2,CMPK1,2009,1
CKS2,DCK,2009,1
HRAS,PHC3,2009,1
HRAS,OR2H2,2009,1
HRAS,SYT14,2009,1
HRAS,YBX2,2009,1
HRAS,ZNF76,2009,1
KRAS,TOGARAM1,2009,1
NRAS,TOGARAM1,2009,1
MSL2,NRAS,2009,1
ATG16L2,KRAS,2009,1
ATG16L2,NRAS,2009,1
ATG16L2,HRAS,2009,1
HRAS,SCFD1,2009,1
HRAS,TNRC6C,2009,1
HRAS,SLC9A7,2009,1
HRAS,USP49,2009,1
HRAS,TMED8,2009,1
HRAS,SNX10,2009,1
HRAS,ZC3H13,2009,1
BCL2L13,HRAS,2009,1
BCL2L13,KRAS,2009,1
BCL2L13,NRAS,2009,1
KRAS,RTN4RL2,2009,1
KRAS,PRKAR1B,2009,1
KRAS,RGS22,2009,1
KRAS,SPRY2,2009,1
KRAS,UBA2,2009,1
KRAS,PSMF1,2009,1
KRAS,SRSF1,2009,1
KRAS,NOP14,2009,1
ELOA,KRAS,2009,1
KRAS,SCN4A,2009,1
KRAS,SENP5,2009,1
KRAS,SNRPC,2009,1
KRAS,RAB3IP,2009,1
KRAS,POLR1C,2009,1
KRAS,PLD4,2009,1
DAPK2,SLC29A2,2009,1
DAPK2,SLC29A1,2009,1
DAPK2,RRM1,2009,1
DAPK2,DCK,2009,1
DAPK2,TYMS,2009,1
EXOSC10,NRAS,2009,1
EXOSC10,HRAS,2009,1
KRAS,NKAP,2009,1
JADE2,KRAS,2009,1
KRAS,PATZ1,2009,1
KRAS,PLG,2009,1
KRAS,PHTF1,2009,1
KRAS,USP9X,2009,1
NRAS,WWC2,2009,1
NRAS,NSA2,2009,1
NRAS,UBA2,2009,1
NRAS,TRIM46,2009,1
CS,NRAS,2009,1
CS,KRAS,2009,1
CS,HRAS,2009,1
TAB2,TYMS,2009,1
SLC29A2,TAB2,2009,1
SLC29A1,TAB2,2009,1
RRM1,TAB2,2009,1
KRAS,TRPM2,2009,1
KRAS,SQOR,2009,1
ADGRL1,KRAS,2009,1
KRAS,PDX1,2009,1
KRAS,XK,2009,1
KRAS,OR13A1,2009,1
KRAS,RPS17,2009,1
KRAS,TNRC18,2009,1
NRAS,ZNF418,2009,1
NRAS,VHL,2009,1
NRAS,POLR3F,2009,1
NRAS,SPTBN5,2009,1
NRAS,SCAMP3,2009,1
NRAS,POU2F2,2009,1
NRAS,POLDIP3,2009,1
NRAS,SRP54,2009,1
NRAS,UQCR10,2009,1
NRAS,RTN4RL2,2009,1
NRAS,NUB1,2009,1
NRAS,TRIM3,2009,1
NRAS,RAB5B,2009,1
NRAS,STK33,2009,2
NRAS,WDR36,2009,1
NRAS,SH2D3A,2009,1
KRAS,MYBPC3,2009,1
KRAS,UBE2K,2009,1
KRAS,POLDIP3,2009,1
KRAS,LSS,2009,1
CHAF1A,KRAS,2009,1
CHAF1A,NRAS,2009,1
HRAS,MTOR,2009,1
HRAS,TWIST1,2009,1
HRAS,LTBP2,2009,1
HRAS,RGP1,2009,1
IARS1,NRAS,2009,1
HPS5,NRAS,2009,1
HPS5,HRAS,2009,1
ABI3,HRAS,2009,1
ABI3,KRAS,2009,1
ABI3,NRAS,2009,1
CRABP1,HRAS,2009,1
CRABP1,NRAS,2009,1
CRABP1,KRAS,2009,1
HRAS,IL5RA,2009,1
HRAS,USP25,2009,1
HRAS,SERPINB5,2009,1
HRAS,NAE1,2009,1
CDC27,NRAS,2009,1
CDC27,HRAS,2009,1
CHAF1A,HRAS,2009,1
HRAS,REX1BD,2009,1
NRAS,REX1BD,2009,1
KRAS,REX1BD,2009,1
HRAS,TSSK1B,2009,1
HRAS,RMI2,2009,1
HRAS,SYTL2,2009,1
HRAS,UBAC2,2009,1
HRAS,NR1H2,2009,1
HRAS,PLAUR,2009,1
HRAS,LSS,2009,1
HRAS,MLF2,2009,1
HRAS,RRM2B,2009,1
HRAS,POLE,2009,1
HRAS,ITM2A,2009,1
HRAS,KLF3,2009,1
HRAS,RAD23B,2009,1
HRAS,TTBK2,2009,1
HRAS,METAP2,2009,1
HRAS,NAT2,2009,1
HRAS,PMF1,2009,1
HRAS,TRIM44,2009,1
HRAS,SH3TC2,2009,1
HRAS,RELN,2009,1
HRAS,MAP2K1,2009,1
EXOSC4,HRAS,2009,1
EXOSC4,NRAS,2009,1
HRAS,RPL13,2009,1
EFL1,HRAS,2009,1
EFL1,KRAS,2009,1
EFL1,NRAS,2009,1
HRAS,TMEM17,2009,1
HRAS,UBE2U,2009,1
HRAS,PHF21B,2009,1
HRAS,MYLK3,2009,1
HRAS,MDH2,2009,1
HRAS,LSM3,2009,1
HRAS,PI3,2009,1
HRAS,POLM,2009,1
HRAS,ULBP2,2009,1
HRAS,IL24,2009,1
HRAS,KAT6B,2009,1
HRAS,UBE2E1,2009,1
HRAS,IPO9,2009,1
HRAS,SLC17A7,2009,1
HRAS,UBE2K,2009,1
HRAS,MSL2,2009,1
HRAS,TMEM109,2009,1
HRAS,NF2,2009,1
HRAS,SH3GLB1,2009,1
HRAS,MARCHF5,2009,1
HRAS,UBE2O,2009,1
HRAS,ZZZ3,2009,1
HRAS,KBTBD3,2009,1
HRAS,POGLUT2,2009,1
HRAS,RFC5,2009,1
KRAS,ULBP2,2009,1
KRAS,TPH1,2009,1
KRAS,THRA,2009,1
KRAS,TAF15,2009,1
NRAS,PPIL1,2009,1
NRAS,UBE3B,2009,1
NRAS,WDR3,2009,1
NRAS,SEMA4F,2009,1
NRAS,ZFP37,2009,1
NRAS,SCN4A,2009,1
NRAS,NUP93,2009,1
NRAS,RXRG,2009,1
NRAS,PSMB4,2009,1
NRAS,PGPEP1,2009,1
NRAS,RPL30,2009,1
NRAS,UBXN2A,2009,1
HRAS,NOP16,2009,1
HRAS,RYR2,2009,1
CHMP2B,HRAS,2009,1
HEBP2,NRAS,2009,1
HEBP2,HRAS,2009,1
HEBP2,KRAS,2009,1
HSD3B2,NRAS,2009,1
CDC73,NRAS,2009,1
CDC73,HRAS,2009,1
HRAS,PNPLA4,2009,1
HRAS,NUP205,2009,1
HRAS,KDM5B,2009,1
HRAS,SNTB2,2009,1
HRAS,KANSL1,2009,1
HRAS,SNRPN,2009,1
HRAS,PDHB,2009,1
HRAS,PINK1,2009,1
HRAS,RHBDL2,2009,1
HRAS,ZMAT1,2009,1
HRAS,SAE1,2009,1
HRAS,RRS1,2009,1
FERMT2,HRAS,2009,1
CILK1,HRAS,2009,1
HRAS,PPL,2009,1
CHMP2B,NRAS,2009,1
CHMP2B,KRAS,2009,1
HRAS,IRAK3,2009,1
HRAS,SRP72,2009,1
NRAS,PAFAH1B1,2009,1
NRAS,OSBPL9,2009,1
NRAS,THRA,2009,1
NRAS,SAE1,2009,1
KRAS,NLRC4,2009,1
KRAS,OR52B2,2009,1
KRAS,MIA,2009,1
KRAS,TMEM150A,2009,1
KRAS,STARD7,2009,1
KRAS,SCFD1,2009,1
KRAS,PKIA,2009,1
KRAS,RAB22A,2009,1
KRAS,NOL10,2009,1
KRAS,MYLK3,2009,1
KRAS,SREBF2,2009,1
KRAS,SP4,2009,1
EIF4A3,HRAS,2009,1
EIF4A3,NRAS,2009,1
HRAS,NMI,2009,1
HRAS,SEMA7A,2009,1
HRAS,ZNRF1,2009,1
CBS,HRAS,2009,1
CBS,NRAS,2009,1
MCM6,NRAS,2009,1
FA2H,HRAS,2009,1
FA2H,KRAS,2009,1
FA2H,NRAS,2009,1
EAF1,HRAS,2009,1
EAF1,NRAS,2009,1
EAF1,KRAS,2009,1
KRAS,SYT14,2009,1
KRAS,USP25,2009,1
KRAS,VPS13C,2009,1
NRAS,TXNL4A,2009,1
NRAS,PLA2G2A,2009,1
NRAS,TBC1D1,2009,1
NRAS,RAPGEF1,2009,1
NRAS,PARP12,2009,1
NRAS,TAF1,2009,1
NRAS,SNRPN,2009,1
NRAS,POLG,2009,1
NRAS,SRD5A3,2009,1
NRAS,STT3A,2009,1
JADE3,NRAS,2009,1
NRAS,SRD5A1,2009,1
NRAS,TAF5,2009,1
ADPRS,KRAS,2009,1
ADPRS,NRAS,2009,1
ADPRS,HRAS,2009,1
NRAS,RPS17,2009,1
NRAS,OIP5,2009,1
KRAS,PLEKHG4,2009,1
KRAS,PNLDC1,2009,1
KRAS,PRLR,2009,1
KRAS,ZCCHC24,2009,1
KRAS,MPO,2009,1
NRAS,SLC25A28,2009,1
NRAS,RASGRF2,2009,1
NRAS,ODC1,2009,1
NRAS,USP39,2009,1
NRAS,PHC3,2009,1
NRAS,NRM,2009,1
ELOA,NRAS,2009,1
NRAS,PDX1,2009,1
NRAS,TOMM20,2009,1
KLHL25,NRAS,2009,1
ANKRD13C,NRAS,2009,1
NRAS,TTPAL,2009,1
HRAS,TTPAL,2009,1
DNAJB2,NRAS,2009,1
DNAJB2,HRAS,2009,1
ANKRD13C,KRAS,2009,1
ANKRD13C,HRAS,2009,1
HOXC11,KRAS,2009,1
HOXC11,HRAS,2009,1
HOXC11,NRAS,2009,1
KIF4A,NRAS,2009,1
NRAS,RPL17,2009,1
H2BC8,HRAS,2009,1
H2BC8,KRAS,2009,1
LSM3,NRAS,2009,1
NEU1,NRAS,2009,1
FBXW11,NRAS,2009,1
FBXW11,HRAS,2009,1
HRAS,SHCBP1L,2009,1
NRAS,SHCBP1L,2009,1
NDUFA12,NRAS,2009,1
H2BC8,NRAS,2009,1
NEK1,NRAS,2009,1
NFATC2,NRAS,2009,1
ACSL4,NRAS,2009,1
ACSL4,HRAS,2009,1
ELL,HRAS,2009,1
ELL,NRAS,2009,1
KCTD12,NRAS,2009,1
ANAPC4,HRAS,2009,1
ANAPC4,NRAS,2009,1
NRAS,TUBB1,2009,1
NRAS,UBQLN2,2009,1
NRAS,UBE2Z,2009,1
NRAS,TPP2,2009,1
NRAS,NXF1,2009,1
NRAS,UBE2I,2009,1
NRAS,ZBTB5,2009,1
KRAS,NUMB,2009,1
KRAS,PCGF5,2009,1
KRAS,MAP4,2009,1
NRAS,ZNF550,2009,1
NRAS,SF3B6,2009,1
NRAS,SLC15A3,2009,1
NRAS,PIN1,2009,1
NRAS,TNNT3,2009,1
NRAS,POFUT1,2009,1
LONRF3,NRAS,2009,1
EYA4,NRAS,2009,1
EYA4,HRAS,2009,1
EYA4,KRAS,2009,1
ACSL4,KRAS,2009,1
NRAS,ZC3H18,2009,1
NRAS,RFC3,2009,1
NRAS,UCHL5,2009,1
NRAS,RPS25,2009,1
NRAS,OLIG2,2009,1
NRAS,XKR6,2009,1
NRAS,SH3PXD2B,2009,1
NRAS,TAF6,2009,1
NRAS,SH3TC2,2009,1
KRAS,NCKAP1,2009,1
ETFBKMT,KRAS,2009,1
KRAS,SRR,2009,1
KRAS,PDHB,2009,1
KRAS,NEDD4L,2009,1
KRAS,TAP2,2009,1
KRAS,SELENOS,2009,1
KRAS,RAPGEF1,2009,1
NRAS,VMP1,2009,1
NRAS,VPS33A,2009,1
NRAS,TTC21B,2009,1
NRAS,NRDC,2009,1
NRAS,ZZZ3,2009,1
NRAS,OR5M9,2009,1
NRAS,UPF1,2009,1
NRAS,PSEN1,2009,1
NRAS,ST6GALNAC5,2009,1
NRAS,ZC3H15,2009,1
NRAS,YBX2,2009,1
NRAS,SEMA7A,2009,1
NRAS,SPAST,2009,1
NRAS,UBC,2009,1
DSTYK,NRAS,2009,1
NRAS,TNIK,2009,1
KRAS,STOML3,2009,1
KRAS,SNX10,2009,1
KRAS,PDCD11,2009,1
KRAS,MSRB2,2009,1
KRAS,SRP14,2009,1
NRAS,ZFP2,2009,1
NRAS,RAD51AP2,2009,1
NRAS,PFDN1,2009,1
NRAS,PLG,2009,1
NRAS,WAC,2009,1
NRAS,USP49,2009,1
NRAS,RPS19,2009,1
NRAS,PLAA,2009,1
NRAS,TOMM40,2009,1
NRAS,PSMF1,2009,1
CTC1,NRAS,2009,1
CTC1,KRAS,2009,1
FBL,HRAS,2009,1
FBL,NRAS,2009,1
DPH1,HRAS,2009,1
NPNT,NRAS,2009,1
DPH1,NRAS,2009,1
CSRNP1,NRAS,2009,1
CSRNP1,HRAS,2009,1
NRAS,POLR3B,2009,1
NRAS,UBE2R2,2009,1
NRAS,TRIM39,2009,1
NRAS,ZDHHC16,2009,1
NRAS,PSMD12,2009,1
NRAS,PCGF2,2009,1
KRAS,ODC1,2009,1
KRAS,LYST,2009,1
KRAS,MRPL3,2009,1
KRAS,ST7,2009,1
KRAS,ZNF570,2009,1
KRAS,TEAD1,2009,1
KRAS,SOCS2,2009,1
KRAS,SEPTIN14,2009,1
KRAS,PSMA7,2009,1
KRAS,ZNRF3,2009,1
HOXD1,HRAS,2009,1
HOXD1,NRAS,2009,1
ETFBKMT,NRAS,2009,1
GPN3,NRAS,2009,1
GPN3,HRAS,2009,1
GPN3,KRAS,2009,1
CTC1,HRAS,2009,1
CMPK1,PRKAG3,2009,1
CMPK1,LMTK2,2009,1
CMPK1,EPHB1,2009,1
CMPK1,PKMYT1,2009,1
CMPK1,SPHK1,2009,1
CMPK1,PRKD2,2009,1
ACTR10,NRAS,2009,1
ACTR10,HRAS,2009,1
KRAS,SEPTIN4,2009,1
KRAS,MARVELD3,2009,1
KRAS,KRT72,2009,1
NRAS,RAD54L2,2009,1
NRAS,TWIST1,2009,1
NRAS,TAOK1,2009,1
NRAS,SRR,2009,1
NRAS,UBAP2L,2009,1
NRAS,TDP1,2009,1
NRAS,ZNHIT3,2009,1
NRAS,RASL11A,2009,1
NRAS,THOC7,2009,1
NRAS,PSMA4,2009,1
NRAS,POLR1C,2009,1
NDC1,NRAS,2009,1
NRAS,PI3,2009,1
CMPK1,MAP3K7,2009,1
CMPK1,FLT1,2009,1
CMPK1,MAGI3,2009,1
CMPK1,CSNK1D,2009,1
CMPK1,CSK,2009,1
CMPK1,HCK,2009,1
CMPK1,STYXL1,2009,1
CMPK1,STK33,2009,1
CMPK1,TAB2,2009,1
CMPK1,KHK,2009,1
CMPK1,TYRO3,2009,1
CMPK1,UCK1,2009,1
CMPK1,MAPKAPK2,2009,1
CMPK1,GRK6,2009,1
CMPK1,TK2,2009,1
CMPK1,MAPKAPK3,2009,1
CMPK1,DAPK2,2009,1
CMPK1,PRKD3,2009,1
CMPK1,MAP2K7,2009,1
CMPK1,PLK3,2009,1
CMPK1,RIPK2,2009,1
CMPK1,KDR,2009,1
CMPK1,MARK1,2009,1
CMPK1,PANK2,2009,1
CMPK1,RPS6KL1,2009,1
CMPK1,SNRK,2009,1
CMPK1,ITPKC,2009,1
CMPK1,HIPK1,2009,1
CMPK1,DGKA,2009,1
CMPK1,PAK1,2009,1
CMPK1,STK17A,2009,1
CMPK1,WNK4,2009,1
CMPK1,FER,2009,1
KMT5B,NRAS,2009,1
NRAS,SYTL2,2009,1
NRAS,RPL39,2009,1
KRAS,ZNF775,2009,1
KRAS,LSM3,2009,1
KRAS,MPHOSPH10,2009,1
KRAS,RBM39,2009,1
KRAS,TLCD2,2009,1
KRAS,SLC25A28,2009,1
KRAS,LRRN1,2009,1
NRAS,R3HDM2,2009,1
NRAS,SSR3,2009,1
NRAS,QARS1,2009,1
NRAS,ZNRF1,2009,1
NRAS,TOP2A,2009,1
NRAS,TMEM135,2009,1
C6,HRAS,2009,1
C6,NRAS,2009,1
CMPK1,RIPK1,2009,1
CMPK1,MAPKAP1,2009,1
CMPK1,VRK3,2009,1
CMPK1,NEK6,2009,1
CMPK1,TAOK3,2009,1
CMPK1,PKIA,2009,1
CMPK1,PDPK1,2009,1
CMPK1,PI4K2A,2009,1
IBTK,NRAS,2009,1
CCHCR1,HRAS,2009,1
CCHCR1,NRAS,2009,1
ADA2,HRAS,2009,1
ADA2,NRAS,2009,1
NRAS,ZNF74,2009,1
NRAS,UBE2E1,2009,1
NRAS,RFX4,2009,1
NRAS,ZC3HAV1L,2009,1
CNOT9,NRAS,2009,1
NRAS,PIM2,2009,1
NRAS,SEC13,2009,1
NRAS,PPP1R8,2009,1
NRAS,RPS14,2009,1
NRAS,SRSF9,2009,1
KRAS,SERPINB12,2009,1
KRAS,UBA6,2009,1
KRAS,NECAP1,2009,1
KRAS,PPP2R1B,2009,1
KRAS,SERINC1,2009,1
KRAS,SF3B6,2009,1
KANSL1,NRAS,2009,1
ITPKC,SLC29A1,2009,1
ITPKC,TYMS,2009,1
ITPKC,SLC29A2,2009,1
ITPKC,RRM1,2009,1
CRY1,NRAS,2009,1
CRY1,HRAS,2009,1
CRY1,KRAS,2009,1
KLHL8,NRAS,2009,1
KLHL8,KRAS,2009,1
HNRNPC,HRAS,2009,1
HNRNPC,NRAS,2009,1
EIF3E,HRAS,2009,1
EIF3E,NRAS,2009,1
EIF3E,KRAS,2009,1
AP4E1,KRAS,2009,1
AHCTF1,HRAS,2009,1
AHCTF1,NRAS,2009,1
GTF2B,NRAS,2009,1
GTF2B,KRAS,2009,1
MASTL,NRAS,2009,1
HRAS,RIPOR3,2009,1
NRAS,RIPOR3,2009,1
KRAS,RIPOR3,2009,1
DCLK2,NRAS,2009,1
DCLK2,HRAS,2009,1
GFPT2,KRAS,2009,1
GFPT2,NRAS,2009,1
GFPT2,HRAS,2009,1
FBXO36,HRAS,2009,1
FBXO36,NRAS,2009,1
KCNRG,NRAS,2009,1
DNAJC5G,NRAS,2009,1
DNAJC5G,KRAS,2009,1
DNAJC5G,HRAS,2009,1
BRCA2,NRAS,2009,1
GTF2B,HRAS,2009,1
KIF11,NRAS,2009,1
KIF11,KRAS,2009,1
AP4E1,NRAS,2009,1
AP4E1,HRAS,2009,1
NGLY1,NRAS,2009,1
CCIN,NRAS,2009,1
CCIN,HRAS,2009,1
ARF4,NRAS,2009,1
ARF4,KRAS,2009,1
HRAS,PXDC1,2009,1
KRAS,PXDC1,2009,1
NRAS,PXDC1,2009,1
PRKD3,SLC29A1,2009,1
PRKD3,SLC29A2,2009,1
PRKD3,RRM1,2009,1
PRKD3,TYMS,2009,1
BRCA2,HRAS,2009,1
CATSPER1,HRAS,2009,1
CATSPER1,NRAS,2009,1
ILK,NRAS,2009,1
CDC16,NRAS,2009,1
CDC16,HRAS,2009,1
ARF4,HRAS,2009,1
FBXL7,NRAS,2009,1
FBXL7,KRAS,2009,1
FBXL7,HRAS,2009,1
MAPK7,NRAS,2009,1
KRAS,SLC30A3,2009,1
KRAS,ZCCHC13,2009,1
KRAS,ZBTB39,2009,1
KRAS,RPL39,2009,1
KRAS,TFB2M,2009,1
KRAS,MICAL3,2009,1
KRAS,RTL6,2009,1
NRAS,TRIM21,2009,1
NRAS,SFPQ,2009,1
NRAS,SRPK3,2009,1
NRAS,SERPINB12,2009,1
NRAS,ZNF775,2009,1
NRAS,RLF,2009,1
NRAS,STAR,2009,1
NRAS,RAD9B,2009,1
NRAS,RTEL1,2009,1
ESR2,KRAS,2009,1
ESR2,NRAS,2009,1
NRAS,POGLUT2,2009,1
DCX,HRAS,2009,1
DCX,NRAS,2009,1
DCX,KRAS,2009,1
EIF4G2,HRAS,2009,1
EIF4G2,NRAS,2009,1
EIF4G2,KRAS,2009,1
NIFK,NRAS,2009,1
DAG1,HRAS,2009,1
DAG1,NRAS,2009,1
CA12,NRAS,2009,1
CA12,HRAS,2009,1
PRKD2,TYMS,2009,1
PRKD2,SLC29A2,2009,1
PRKD2,RRM1,2009,1
PRKD2,SLC29A1,2009,1
CDCA3,HRAS,2009,1
CDCA3,NRAS,2009,1
AGBL5,KRAS,2009,1
AGBL5,HRAS,2009,1
AGBL5,NRAS,2009,1
GMPPB,NRAS,2009,1
GMPPB,HRAS,2009,1
ESR2,HRAS,2009,1
NRAS,TCOF1,2009,1
NRAS,URI1,2009,1
NRAS,UBE2O,2009,1
NRAS,RPL35,2009,1
NRAS,USP38,2009,1
NRAS,TRERF1,2009,1
NRAS,RBBP6,2009,1
KRAS,PLK2,2009,1
KRAS,TEF,2009,1
KRAS,PIAS1,2009,1
KRAS,NPR2,2009,1
KRAS,MKI67,2009,1
KRAS,PDSS2,2009,1
KRAS,MMEL1,2009,1
KRAS,NDUFA12,2009,1
KRAS,NEIL2,2009,1
SLC29A2,WNK4,2009,1
SLC29A2,SPHK1,2009,1
SLC29A2,STK33,2009,1
SLC29A2,UCK1,2009,1
MAP4,NRAS,2009,1
SLC29A2,TK2,2009,1
SLC29A2,VRK3,2009,1
SLC29A2,STK17A,2009,1
SLC29A2,TAOK3,2009,1
SLC29A2,TYRO3,2009,1
SLC29A2,SNRK,2009,1
GPAT3,NRAS,2009,1
KRAS,PACC1,2009,1
NRAS,PACC1,2009,1
HRAS,PACC1,2009,1
FABP3,NRAS,2009,1
FABP3,KRAS,2009,1
DYNLT3,NRAS,2009,1
DYNLT3,HRAS,2009,1
DYNLT3,KRAS,2009,1
KCNG3,KRAS,2009,1
KCNG3,NRAS,2009,1
FABP4,HRAS,2009,1
FABP4,NRAS,2009,1
FABP4,KRAS,2009,1
CD82,HRAS,2009,1
CD82,NRAS,2009,1
KRAS,SH3GLB1,2009,1
KRAS,TXNL4A,2009,1
NRAS,NUP205,2009,1
NRAS,PDE4DIP,2009,1
NRAS,ZNF777,2009,1
NRAS,PSMB5,2009,1
NRAS,YME1L1,2009,1
NRAS,ZNF512,2009,1
NRAS,TMEM17,2009,1
NRAS,SNUPN,2009,1
NRAS,RPP38,2009,1
NRAS,YES1,2009,1
NRAS,PRLR,2009,1
NRAS,ZMYM5,2009,1
NRAS,TEAD1,2009,1
NRAS,RAPGEF2,2009,1
CHN1,HRAS,2009,1
CHN1,NRAS,2009,1
MMUT,NRAS,2009,1
EMID1,NRAS,2009,1
EMID1,HRAS,2009,1
FABP3,HRAS,2009,1
HOMER1,NRAS,2009,1
HOMER1,HRAS,2009,1
HRAS,MIS18A,2009,1
MIS18A,NRAS,2009,1
ING1,NRAS,2009,1
NMI,NRAS,2009,1
NRAS,TMEM248,2009,1
HRAS,TMEM248,2009,1
CSNK1G1,HRAS,2009,1
CSNK1G1,NRAS,2009,1
CSNK1G1,KRAS,2009,1
ELP5,KRAS,2009,1
NRAS,SRP72,2009,1
MYL12B,NRAS,2009,1
NRAS,RTL6,2009,1
FBXO40,NRAS,2009,1
FBXO40,KRAS,2009,1
FBXO40,HRAS,2009,1
MED13L,NRAS,2009,1
CILK1,KRAS,2009,1
CILK1,NRAS,2009,1
ING1,KRAS,2009,1
NRAS,SQOR,2009,1
NRAS,PSMA1,2009,1
KRAS,VPS53,2009,1
KRAS,STARD10,2009,1
KRAS,SRSF9,2009,1
KRAS,ZMYM5,2009,1
KRAS,RHOBTB3,2009,1
KRAS,MSL2,2009,1
KRAS,RXRG,2009,1
KRAS,ZZZ3,2009,1
NRAS,THOC1,2009,1
NRAS,TPH1,2009,1
NRAS,TTLL3,2009,1
NRAS,UTP14A,2009,1
NRAS,PIP4K2A,2009,1
NRAS,RAB22A,2009,1
BFAR,HRAS,2009,1
BFAR,NRAS,2009,1
BFAR,KRAS,2009,1
MICAL3,NRAS,2009,1
MVP,NRAS,2009,1
KRAS,MFF,2009,1
HRAS,MFF,2009,1
MFF,NRAS,2009,1
NAA15,NRAS,2009,1
NRAS,SLC17A7,2009,1
NRAS,STAT1,2009,1
NRAS,TK2,2009,1
NRAS,PDCD11,2009,1
NRAS,SQSTM1,2009,1
NRAS,RAB29,2009,1
NRAS,TP53I3,2009,1
NRAS,RBM8A,2009,1
NRAS,PITX2,2009,1
KRAS,POU4F1,2009,1
KRAS,RNF128,2009,1
KRAS,LRRTM2,2009,1
KRAS,STAT1,2009,1
KRAS,ZBTB34,2009,1
KRAS,MTBP,2009,1
KRAS,RNF166,2009,1
KRAS,ZNF579,2009,1
KRAS,RBM8A,2009,1
KRAS,MYBL2,2009,1
KRAS,LAPTM5,2009,1
NRAS,RRM2B,2009,1
NRAS,OR52B2,2009,1
NRAS,SCN8A,2009,1
NRAS,SULT4A1,2009,1
NRAS,SNW1,2009,1
NRAS,VPS53,2009,1
NRAS,PRTN3,2009,1
NRAS,TSPAN15,2009,1
NRAS,SEH1L,2009,1
NRAS,SVEP1,2009,1
NRAS,PDHB,2009,1
NRAS,RREB1,2009,1
NRAS,SNTB2,2009,1
NRAS,SLC66A1,2009,1
NRAS,ZBTB39,2009,1
NRAS,SCARF1,2009,1
ERCC6L2,KRAS,2009,1
KRAS,LIN7A,2009,1
KRAS,PSMA6,2009,1
KRAS,NRM,2009,1
KRAS,KRT1,2009,1
GPAT3,KRAS,2009,1
KRAS,LTBP2,2009,1
KRAS,MACROD2,2009,1
KRAS,TTBK2,2009,1
KRAS,VGLL2,2009,1
KRAS,RPL13,2009,1
KRAS,POLE,2009,1
LRRN4CL,NRAS,2009,1
BTN2A2,NRAS,2009,1
BTN2A2,KRAS,2009,1
BTN2A2,HRAS,2009,1
ABCB1,GRK6,2009,1
ABCB1,MAP2K7,2009,1
ABCB1,HCK,2009,1
ABCB1,AK1,2009,1
ABCB1,RPS6KL1,2009,1
NOL6,NRAS,2009,1
KRAS,MED13L,2009,1
KRAS,OR5M9,2009,1
NRAS,STARD6,2009,1
NRAS,PHF20,2009,1
NRAS,ZNF584,2009,1
NRAS,RIMS1,2009,1
FERMT2,NRAS,2009,1
NRAS,RPIA,2009,1
NRAS,OR14A16,2009,1
NRAS,USP9Y,2009,1
NRAS,TGIF2,2009,1
NRAS,TMEM150A,2009,1
NRAS,PRPF19,2009,1
NRAS,RHOBTB3,2009,1
NRAS,TMEM177,2009,1
NRAS,SULT1A2,2009,1
ABCB1,PI4K2A,2009,1
ABCB1,MAPKAPK2,2009,1
ABCB1,RIPK4,2009,1
ABCB1,KHK,2009,1
ABCB1,TAOK3,2009,1
ABCB1,PRKD2,2009,1
ABCB1,FER,2009,1
ABCB1,VRK3,2009,1
ABCB1,RIPK2,2009,1
FIP1L1,NRAS,2009,1
FIP1L1,HRAS,2009,1
CCDC51,KRAS,2009,1
CCDC51,HRAS,2009,1
ELP5,NRAS,2009,1
ELP5,HRAS,2009,1
CDC45,KRAS,2009,1
CDC45,HRAS,2009,1
ABCB1,CAMK1D,2009,1
ABCB1,KDR,2009,1
ABCB1,NEK6,2009,1
ABCB1,CDC42BPA,2009,1
ABCB1,TAB2,2009,1
ABCB1,WNK4,2009,1
GNS,NRAS,2009,1
GNS,KRAS,2009,1
DCXR,HRAS,2009,1
CDC45,NRAS,2009,1
IKZF2,NRAS,2009,1
DHX38,NRAS,2009,1
DHX38,HRAS,2009,1
ABCB1,TYRO3,2009,1
NRAS,PSMA6,2009,1
NRAS,TFB2M,2009,1
KRAS,UGCG,2009,1
ATXN1L,KRAS,2009,1
KRAS,YBX2,2009,1
KRAS,NAT2,2009,1
KRAS,OXA1L,2009,1
NRAS,POLE,2009,1
NRAS,PINK1,2009,1
NRAS,USPL1,2009,1
NRAS,PIWIL4,2009,1
NRAS,PALMD,2009,1
NRAS,RNF40,2009,1
NRAS,SLC7A5,2009,1
NRAS,STARD10,2009,1
NRAS,PLD4,2009,1
ABCB1,FLT1,2009,1
ABCB1,CSNK1D,2009,1
DCXR,NRAS,2009,1
MAP2K5,NRAS,2009,1
CCDC51,NRAS,2009,1
GNS,HRAS,2009,1
ABCB1,EPHB1,2009,1
ABCB1,PKMYT1,2009,1
ABCB1,PRKD3,2009,1
ABCB1,STK17A,2009,1
ABCB1,ITPKC,2009,1
ABCB1,HIPK1,2009,1
ABCB1,CSK,2009,1
ABCB1,PANK2,2009,1
DCXR,KRAS,2009,1
ABCB1,PRKAG3,2009,1
NRAS,OR13A1,2009,1
NRAS,PKIA,2009,1
NRAS,SLC25A1,2009,1
NRAS,ZNF570,2009,1
NRAS,PLK2,2009,1
NRAS,RGS5,2009,1
KRAS,PLAA,2009,1
KRAS,RBBP6,2009,1
JADE3,KRAS,2009,1
KRAS,ZSCAN9,2009,1
KRAS,PHC3,2009,1
KRAS,TMEM17,2009,1
KRAS,NCOA6,2009,1
KRAS,NARS1,2009,1
KRAS,WAC,2009,1
ABCB1,STK33,2009,1
ABCB1,PLK3,2009,1
ABCB1,LMTK2,2009,1
ABCB1,SNRK,2009,1
ABCB1,MAPKAP1,2009,1
ABCB1,CALM1,2009,2
ABCB1,ATR,2009,1
ABCB1,AURKAIP1,2009,1
ABCB1,STYXL1,2009,1
ABCB1,UCK1,2009,1
ABCB1,MARK1,2009,1
ABCB1,RIPK1,2009,1
ABCB1,CDKN2A,2009,1
ABCB1,MAPKAPK3,2009,1
ABCB1,MAP3K7,2009,1
ARL13A,HRAS,2009,1
ARL13A,NRAS,2009,1
ITFG1,NRAS,2009,1
ABCB1,MAGI3,2009,1
ABCB1,DGKA,2009,1
ABCB1,DAPK2,2009,1
DCK,RIPK4,2009,1
RIPK4,RRM1,2009,1
CMPK1,RIPK4,2009,1
RIPK4,SLC29A1,2009,1
RIPK4,SLC29A2,2009,1
CDA,RIPK4,2009,1
RIPK4,TYMS,2009,1
CDKL1,HRAS,2009,1
CDKL1,NRAS,2009,1
NNT,NRAS,2009,1
KRAS,TRMT5,2009,1
KRAS,LMO3,2009,1
NRAS,PIGV,2009,1
NRAS,NUP214,2009,1
NRAS,PCGF5,2009,1
NRAS,PTPN1,2009,1
NRAS,XAGE3,2009,1
NRAS,ZMAT1,2009,1
NRAS,SERINC1,2009,1
NRAS,ZNF2,2009,1
NRAS,RRS1,2009,1
NRAS,OXA1L,2009,1
NRAS,SGMS1,2009,1
NRAS,TNXB,2009,1
NRAS,U2AF1,2009,1
NRAS,SRSF1,2009,1
ABCB1,CAMK1,2009,1
ABCB1,CDKL5,2009,1
ABCB1,CKS2,2009,1
AMPH,HRAS,2009,1
AMPH,NRAS,2009,1
NEDD8,NRAS,2009,1
ENPP4,HRAS,2009,1
ENPP4,NRAS,2009,1
NADK,NRAS,2009,1
MAP3K7,SLC29A1,2009,1
MAP3K7,SLC29A2,2009,1
MAP3K7,TYMS,2009,1
MAP3K7,RRM1,2009,1
CSK,SLC29A1,2009,1
ABCB1,PAK1,2009,1
ABCB1,TK2,2009,1
ABCB1,SPHK1,2009,1
ABCB1,PDPK1,2009,1
ABCB1,PKIA,2009,1
NRAS,PEAK1,2009,1
NRAS,TMED8,2009,1
KRAS,PGBD2,2009,1
KRAS,TAF6,2009,1
KRAS,TP53I3,2009,1
KRAS,SEMA7A,2009,1
KRAS,LAMTOR3,2009,1
KRAS,PHF5A,2009,1
KRAS,SPECC1,2009,1
KRAS,PLEKHG2,2009,1
KRAS,UCHL5,2009,1
KRAS,MLKL,2009,1
KRAS,ZNF418,2009,1
KRAS,UTP14A,2009,1
KRAS,NUP214,2009,1
KRAS,PPL,2009,1
FLVCR2,HRAS,2009,1
FLVCR2,KRAS,2009,1
FLVCR2,NRAS,2009,1
KRAS,NDUFV2,2009,1
KRAS,TBX20,2009,1
KRAS,PDE4DIP,2009,1
NRAS,SPRY2,2009,1
NRAS,VTI1A,2009,1
NRAS,RRM1,2009,1
NRAS,SLC2A2,2009,1
NRAS,PWP1,2009,1
NRAS,SYT14,2009,1
NRAS,TMED10,2009,1
NRAS,SHKBP1,2009,1
NRAS,POLD3,2009,1
NRAS,SNX2,2009,1
NRAS,USP30,2009,1
NRAS,PYM1,2009,1
NRAS,UBAC2,2009,1
CIT,NRAS,2009,1
NRAS,RAC1,2009,1
NRAS,VGLL2,2009,1
KRAS,TBK1,2009,1
KRAS,SLC26A6,2009,1
KRAS,RAD51AP2,2009,1
KRAS,LRRN4CL,2009,1
NRAS,SUV39H2,2009,1
NRAS,SLU7,2009,1
NRAS,OTOF,2009,1
NRAS,ZNRF3,2009,1
NRAS,UBE2D1,2009,1
NRAS,PLEKHB1,2009,1
NRAS,RCHY1,2009,1
NRAS,SERPINB5,2009,1
NRAS,PHF5A,2009,1
NRAS,PDZK1,2009,1
MNDA,NRAS,2009,1
CIT,HRAS,2009,1
IL2RG,NRAS,2009,1
HHATL,NRAS,2009,1
HHATL,KRAS,2009,1
HHATL,HRAS,2009,1
EEF1A1,HRAS,2009,1
EEF1A1,NRAS,2009,1
CHD7,HRAS,2009,1
CHD7,NRAS,2009,1
CHD7,KRAS,2009,1
NRAS,PDCD5,2009,1
NRAS,ZGPAT,2009,1
NRAS,PMF1,2009,1
NRAS,RBM39,2009,1
NRAS,RIOK1,2009,1
NRAS,TMEM117,2009,1
KRAS,RPP38,2009,1
KRAS,TUBGCP3,2009,1
KRAS,MN1,2009,1
KRAS,TOMM40,2009,1
KRAS,UBE2O,2009,1
KRAS,SRP72,2009,1
KRAS,STRADA,2009,1
KRAS,ZNF777,2009,1
KMT5B,KRAS,2009,1
KRAS,TUBB1,2009,1
CDA,CDC42BPA,2009,1
CDA,CDKN2A,2009,1
CDA,NEK6,2009,1
NDUFV2,NRAS,2009,1
ANXA5,HRAS,2009,1
ANXA5,NRAS,2009,1
MPHOSPH6,NRAS,2009,1
KRAS,PCGF2,2009,1
KRAS,POU2F2,2009,1
KRAS,WWC2,2009,1
KRAS,ZFP2,2009,1
NRAS,POU4F1,2009,1
NRAS,POLB,2009,1
NRAS,NUMB,2009,1
NRAS,ZC3H13,2009,1
NRAS,ZCCHC24,2009,1
NRAS,UNC45A,2009,1
NRAS,PRTFDC1,2009,1
NRAS,RAG1,2009,1
NRAS,REG1A,2009,1
NRAS,RPL13,2009,1
NRAS,SPC24,2009,1
NRAS,PLEKHG4,2009,1
KMT2A,NRAS,2009,1
CDA,HIPK1,2009,1
KRAS,TTC39A,2009,1
HRAS,TTC39A,2009,1
NRAS,TTC39A,2009,1
NCKIPSD,NRAS,2009,1
NRAS,OR2H2,2009,1
NRAS,PSMA5,2009,1
NRAS,PSKH2,2009,1
NRAS,TEF,2009,1
KRAS,PIGV,2009,1
KRAS,SLC7A5,2009,1
KRAS,TNIK,2009,1
KRAS,MDH2,2009,1
KRAS,ORC5,2009,1
NRAS,XRCC1,2009,1
NRAS,PIAS1,2009,1
NRAS,PHTF1,2009,1
NRAS,ZCCHC13,2009,1
NRAS,RTN2,2009,1
NRAS,NUP160,2009,1
NRAS,ZC3H10,2009,1
DNPEP,NRAS,2009,1
CDA,MAPKAPK3,2009,1
CDA,SPHK1,2009,1
CDA,FLT1,2009,1
CDA,PRKD2,2009,1
CDA,CSNK1D,2009,1
CDA,MAP2K7,2009,1
CDA,CKS2,2009,1
CDA,ITPKC,2009,1
CDA,STK17A,2009,1
CDA,PI4K2A,2009,1
CDA,PDPK1,2009,1
CDA,RIPK2,2009,1
CDA,GRK6,2009,1
CDA,MAPKAPK2,2009,1
CDA,SNRK,2009,1
CDA,KDR,2009,1
CDA,PRKD3,2009,1
CDA,MAPKAP1,2009,1
CDA,KHK,2009,1
CDA,EPHB1,2009,1
ACVRL1,NRAS,2009,1
DYNLL2,NRAS,2009,1
DYNLL2,HRAS,2009,1
DNPEP,KRAS,2009,1
DNPEP,HRAS,2009,1
CDA,STK33,2009,1
CDA,RPS6KL1,2009,1
CDA,RIPK1,2009,1
CDA,PRKAG3,2009,1
CDA,MAGI3,2009,1
CDA,PLK3,2009,1
CDA,PANK2,2009,1
ACVRL1,HRAS,2009,1
CDA,WNK4,2009,1
CDA,VRK3,2009,1
CDA,CDKL5,2009,1
CDA,CSK,2009,1
FOXR1,HRAS,2009,1
FOXR1,NRAS,2009,1
KLHL36,KRAS,2009,1
KLHL36,NRAS,2009,1
HRAS,KLHL36,2009,1
LRRC32,NRAS,2009,1
GALNT14,NRAS,2009,1
GALNT14,HRAS,2009,1
GALNT14,KRAS,2009,1
CDA,PAK1,2009,1
CDA,STYXL1,2009,1
CDA,TAOK3,2009,1
CDA,TYRO3,2009,1
NRAS,TMEM86B,2009,1
NRAS,SF3A1,2009,1
NRAS,USP25,2009,1
NRAS,SNX10,2009,1
NRAS,PGBD2,2009,1
NRAS,RNF166,2009,1
NRAS,TUBGCP4,2009,1
NRAS,RPA2,2009,1
NRAS,PLK1,2009,1
KRAS,LENG1,2009,1
KRAS,RNF20,2009,1
KRAS,TRIM46,2009,1
HNRNPC,KRAS,2009,1
ISY1,KRAS,2009,1
KRAS,SEMA4F,2009,1
KRAS,TNXB,2009,1
CDA,UCK1,2009,1
CDA,DGKA,2009,1
CDA,DAPK2,2009,1
CDA,FER,2009,1
CDA,PKMYT1,2009,1
CDA,TAB2,2009,1
CDA,LMTK2,2009,1
CDA,HCK,2009,1
CDA,PKIA,2009,1
CDA,MARK1,2009,1
CDA,MAP3K7,2009,1
CDA,TK2,2009,1
CLPX,HRAS,2009,1
CLPX,KRAS,2009,1
CLPX,NRAS,2009,1
NRAS,SHOC1,2009,1
HRAS,SHOC1,2009,1
DNASE1L1,HRAS,2009,1
DNASE1L1,NRAS,2009,1
KRAS,SRMS,2009,1
KRAS,PLP1,2009,1
KRAS,PRTFDC1,2009,1
KRAS,MX1,2009,1
KRAS,THAP10,2009,1
KRAS,MCM5,2009,1
KRAS,RPS14,2009,1
KRAS,MRPL39,2009,1
NRAS,SMC4,2009,1
NRAS,TNRC6C,2009,1
NRAS,UBTF,2009,1
NRAS,ZNF76,2009,1
NRAS,TBCD,2009,1
NRAS,RAB3IP,2009,1
NRAS,PROM1,2009,1
NRAS,UBE2U,2009,1
ARHGAP24,KRAS,2009,1
DCTN3,HRAS,2009,1
DCTN3,NRAS,2009,1
NRAS,SLC9A7,2009,1
FAM3C,HRAS,2009,1
FAM3C,NRAS,2009,1
FAM3C,KRAS,2009,1
MPL,NRAS,2009,1
CCT2,HRAS,2009,1
CCT2,NRAS,2009,1
NOP56,NRAS,2009,1
NQO2,NRAS,2009,1
CXXC4,HRAS,2009,1
CXXC4,NRAS,2009,1
ARHGAP24,NRAS,2009,1
ARHGAP24,HRAS,2009,1
NRAS,SH3GLB1,2009,1
NRAS,PSMB6,2009,1
NRAS,PCID2,2009,1
NRAS,TRIM36,2009,1
NRAS,USP6,2009,1
NRAS,TIMM22,2009,1
NRAS,SMURF2,2009,1
NRAS,UBE2M,2009,1
KRAS,ZNF76,2009,1
KRAS,ZNF2,2009,1
KRAS,POFUT1,2009,1
KRAS,RPS4X,2009,1
KRAS,SCAMP3,2009,1
KRAS,ZNF608,2009,1
KRAS,TTC3,2009,1
KRAS,TNRC6C,2009,1
METAP2,NRAS,2009,1
AKR1A1,NRAS,2009,1
AKR1A1,HRAS,2009,1
AKR1A1,KRAS,2009,1
KRAS,USP49,2009,1
KRAS,OR14A16,2009,1
KRAS,PHF20,2009,1
KRAS,USP38,2009,1
KRAS,ZPR1,2009,1
KRAS,UBE2D4,2009,1
NRAS,TCERG1,2009,1
NRAS,PSMA7,2009,1
NRAS,WDR37,2009,1
NRAS,SKP1,2009,1
NRAS,PDZD8,2009,1
NRAS,ZNF207,2009,1
NRAS,SIRPA,2009,1
JADE2,NRAS,2009,1
NRAS,TAF15,2009,1
NRAS,USP9X,2009,1
CSK,TYMS,2009,1
DHX15,HRAS,2009,1
DHX15,NRAS,2009,1
DHX15,KRAS,2009,1
FCRL3,NRAS,2009,1
FCRL3,HRAS,2009,1
NRAS,ZBTB34,2009,1
NRAS,TRIM44,2009,1
NRAS,UHMK1,2009,1
NRAS,SEPTIN4,2009,1
NRAS,RGS22,2009,1
NRAS,UGCG,2009,1
KRAS,UBA52,2009,1
KRAS,PDZD8,2009,1
KRAS,MDH1,2009,1
KRAS,TMEM109,2009,1
KRAS,TMEM86B,2009,1
NRAS,WNT9A,2009,1
NRAS,NRXN1,2009,1
NRAS,RPGR,2009,1
NRAS,ORC5,2009,1
NRAS,RHBDL2,2009,1
NRAS,UFSP1,2009,1
NRAS,PLP1,2009,1
NRAS,UBE2D4,2009,1
NRAS,TRPM2,2009,1
NRAS,SPHK1,2009,1
NRAS,SLC30A3,2009,1
NRAS,WWC1,2009,1
NRAS,STOML3,2009,1
NRAS,POLR2H,2009,1
NRAS,UBA6,2009,1
KRAS,UNC45A,2009,1
KRAS,ZNRF1,2009,1
KRAS,NFATC2,2009,1
KRAS,SLC66A1,2009,1
KRAS,U2AF1,2009,1
KRAS,RAD23B,2009,1
NRAS,RPS4X,2009,1
KALRN,NRAS,2009,1
GOT2,HRAS,2009,1
GOT2,NRAS,2009,1
DDX21,NRAS,2009,1
DDX21,HRAS,2009,1
KRAS,PEAK1,2009,1
KRAS,TNNT3,2009,1
KRAS,PHF21B,2009,1
NRAS,SPECC1,2009,1
NRAS,TTBK2,2009,1
NRAS,TMEM109,2009,1
NRAS,SOCS2,2009,1
NRAS,TTC7B,2009,1
NRAS,RNF130,2009,1
NRAS,UBA52,2009,1
NRAS,ULBP2,2009,1
NRAS,RAP1GDS1,2009,1
NRAS,ZNF32,2009,1
NRAS,PATZ1,2009,1
NRAS,SENP5,2009,1
NRAS,RPS12,2009,1
NRAS,SCFD1,2009,1
NRAS,SNAP23,2009,1
NRAS,PHF7,2009,1
KRAS,TRIM52,2009,1
KRAS,ZFX,2009,1
KRAS,PFDN1,2009,1
KRAS,MYL12B,2009,1
KRAS,RPS25,2009,1
KRAS,SQSTM1,2009,1
KRAS,NIFK,2009,1
NRAS,OR2B11,2009,1
NRAS,PPP2R1B,2009,1
NRAS,PRDM4,2009,1
NRAS,SEM1,2009,1
NRAS,PRKCSH,2009,1
NRAS,SELENOS,2009,1
DNM3,NRAS,2009,1
DNM3,HRAS,2009,1
KCTD3,NRAS,2009,1
KCTD3,KRAS,2009,1
ASPH,HRAS,2009,1
ASPH,NRAS,2009,1
C2CD2,HRAS,2009,1
C2CD2,NRAS,2009,1
C2CD2,KRAS,2009,1
GTF2A1L,KRAS,2009,1
GTF2A1L,HRAS,2009,1
GTF2A1L,NRAS,2009,1
NRAS,PHF21B,2009,1
NRAS,TFCP2L1,2009,1
NRAS,POLM,2009,1
NRAS,TEAD2,2009,1
NRAS,UTP15,2009,1
NRAS,POLK,2009,1
NRAS,SNRPC,2009,1
NRAS,STAU2,2009,1
NRAS,RAD23B,2009,1
NRAS,RAB9B,2009,1
KRAS,R3HDM2,2009,1
KRAS,NVL,2009,1
KRAS,SLC9A7,2009,1
KRAS,STK33,2009,1
KRAS,NEU1,2009,1
KRAS,RPS15,2009,1
ABCC10,DAPK2,2009,1
ABCC10,PKIA,2009,1
ABCC10,MAP2K7,2009,1
ABCC10,KHK,2009,1
ABCC10,MAGI3,2009,1
ECH1,HRAS,2009,1
ECH1,KRAS,2009,1
ECH1,NRAS,2009,1
CALML4,NRAS,2009,1
CALML4,KRAS,2009,1
CALML4,HRAS,2009,1
ABCC10,ITPKC,2009,1
ABCC10,STYXL1,2009,1
ABCC10,PAK1,2009,1
ABCC10,MAP3K7,2009,1
ABCC10,CAMK1,2009,1
ABCC10,FLT1,2009,1
ABCC10,SPHK1,2009,1
KRAS,MPL,2009,1
NRAS,PSMD6,2009,1
NRAS,TAP2,2009,1
NRAS,SRMS,2009,1
NRAS,RNF128,2009,1
NRAS,RSBN1,2009,1
NRAS,PNLDC1,2009,1
NRAS,XPO1,2009,1
NRAS,NVL,2009,1
NRAS,ZFYVE16,2009,1
NRAS,TRIM52,2009,1
NRAS,RELN,2009,1
NRAS,SUZ12,2009,1
NRAS,STARD7,2009,1
NRAS,ZNF579,2009,1
NRAS,UBE2K,2009,1
ABCC10,RIPK2,2009,1
ABCC10,VRK3,2009,1
ABCC10,KDR,2009,1
ABCC10,PRKD3,2009,1
ABCC10,CDKL5,2009,1
ABCC10,NEK6,2009,1
ABCC10,STK33,2009,1
ABCC10,STK17A,2009,1
ABCC10,TAB2,2009,1
ABCC10,HIPK1,2009,1
ABCC10,CSK,2009,1
ABCC10,CDC42BPA,2009,1
ABCC10,PKMYT1,2009,1
ABCC10,AK1,2009,1
ABCC10,RIPK1,2009,1
ABCC10,WNK4,2009,1
ABCC10,HCK,2009,1
NRAS,RNF20,2009,1
EIF3F,KRAS,2009,1
KRAS,SRPK3,2009,1
KRAS,RRM2B,2009,1
NRAS,RGP1,2009,1
NRAS,RMI2,2009,1
NRAS,RRP9,2009,1
NRAS,SP4,2009,1
NRAS,ZNF608,2009,1
NRAS,PDSS2,2009,1
NRAS,PPL,2009,1
NRAS,POLA1,2009,1
NRAS,ZFX,2009,1
NRAS,PSMC5,2009,1
NRAS,THAP10,2009,1
NRAS,ZNF383,2009,1
ABCC10,EPHB1,2009,1
ABCC10,MAPKAPK2,2009,1
ABCC10,DGKA,2009,1
ABCC10,CALM1,2009,1
ABCC10,LMTK2,2009,1
ABCC10,GRK6,2009,1
ABCC10,RPS6KL1,2009,1
ABCC10,MAPKAP1,2009,1
ABCC10,UCK1,2009,1
ABCC10,CSNK1D,2009,1
ABCC10,CAMK1D,2009,1
ABCC10,TAOK3,2009,1
ABCC10,MARK1,2009,1
ABCC10,TYRO3,2009,1
NRAS,RNF41,2009,1
NRAS,UHRF2,2009,1
NRAS,NUP43,2009,1
NRAS,UNKL,2009,1
KRAS,PPFIA1,2009,1
KRAS,MARCHF5,2009,1
KRAS,TBC1D1,2009,1
KRAS,PCID2,2009,1
KRAS,WNT9A,2009,1
KRAS,PRDM4,2009,1
KRAS,YME1L1,2009,1
KRAS,RAD54L2,2009,1
KRAS,MICAL1,2009,1
KRAS,SPC24,2009,1
KRAS,RAB29,2009,1
KRAS,SCARF1,2009,1
ABCC10,PANK2,2009,1
ABCC10,AURKAIP1,2009,1
ABCC10,CKS2,2009,1
ABCC10,PDPK1,2009,1
ABCC10,CDKN2A,2009,1
ABCC10,PRKD2,2009,1
AHCY,HRAS,2009,1
AHCY,NRAS,2009,1
ABCC10,PI4K2A,2009,1
ABCC10,FER,2009,1
ABCC10,MAPKAPK3,2009,1
ABCC10,RIPK4,2009,1
ABCC10,PRKAG3,2009,1
ABCC10,TK2,2009,1
ABCC10,ATR,2009,1
ABCC10,PLK3,2009,1
ABCC10,SNRK,2009,1
NRAS,RPP25L,2009,1
KPRP,NRAS,2009,1
DNAJC6,KRAS,2009,1
DNAJC6,NRAS,2009,1
DNAJC6,HRAS,2009,1
ADAMTSL5,NRAS,2009,1
ADAMTSL5,HRAS,2009,1
KRT32,NRAS,2009,1
ARPC3,NRAS,2009,1
ARPC3,HRAS,2009,1
NDN,NRAS,2009,1
LIG3,NRAS,2009,1
HSPD1,NRAS,2009,1
NEDD4L,NRAS,2009,1
NCOR1,NRAS,2009,1
KRAS,ZNF74,2009,1
NRAS,PRKAR2B,2009,1
NRAS,TBX20,2009,1
NRAS,SEPTIN14,2009,1
NRAS,TSSK1B,2009,1
NRAS,VPS13C,2009,1
NRAS,SLC35G2,2009,1
NRAS,TAF12,2009,1
NRAS,PLAUR,2009,1
NRAS,SLC11A2,2009,1
NRAS,SREBF2,2009,1
NRAS,SLC26A6,2009,1
NRAS,PON2,2009,1
NRAS,RYR2,2009,1
NRAS,PPFIA1,2009,1
NRAS,SFXN2,2009,1
CARHSP1,KRAS,2009,1
CARHSP1,HRAS,2009,1
CARHSP1,NRAS,2009,1
NEK6,TYMS,2009,1
NEK6,SLC29A1,2009,1
NEK6,SLC29A2,2009,1
NEK6,RRM1,2009,1
CTNNA1,HRAS,2009,1
DPAGT1,HRAS,2009,1
DPAGT1,NRAS,2009,1
DPAGT1,KRAS,2009,1
HRAS,RPP25L,2009,1
FAM167A,KRAS,2009,1
FAM167A,HRAS,2009,1
FAM167A,NRAS,2009,1
CTNNA1,NRAS,2009,1
NRAS,ST7,2009,1
KRAS,PYM1,2009,1
KRAS,NCOR1,2009,1
KRAS,TRIM21,2009,1
KRAS,LONRF3,2009,1
COPS8,HRAS,2009,1
COPS8,NRAS,2009,1
ATP5PD,HRAS,2009,1
ATP5PD,NRAS,2009,1
ATP5PD,KRAS,2009,1
ATP10A,NRAS,2009,1
ATP10A,HRAS,2009,1
NRAS,PLEKHG2,2009,1
NRAS,UBA1,2009,1
NRAS,ZSCAN9,2009,1
CMTR1,NRAS,2009,1
CMTR1,KRAS,2009,1
CRNN,HRAS,2009,1
CRNN,NRAS,2009,1
CSK,DCK,2009,1
CSK,RRM1,2009,1
CSK,SLC29A2,2009,1
NRAS,SUGP1,2009,1
DCBLD2,HRAS,2009,1
DCBLD2,NRAS,2009,1
DCBLD2,KRAS,2009,1
CAB39,KRAS,2009,1
CAB39,NRAS,2009,1
CAB39,HRAS,2009,1
PRKAG3,TYMS,2009,1
PRKAG3,RRM1,2009,1
PRKAG3,SLC29A1,2009,1
PRKAG3,SLC29A2,2009,1
CLDN10,KRAS,2009,1
CLDN10,HRAS,2009,1
CLDN10,NRAS,2009,1
NCAPG,NRAS,2009,1
IFNA6,NRAS,2009,1
IFNA6,KRAS,2009,1
NRAS,PNPLA4,2009,1
NRAS,RFC5,2009,1
NRAS,ZNF556,2009,1
NRAS,TUBGCP3,2009,1
DDX43,HRAS,2009,1
DDX43,NRAS,2009,1
NR5A1,NRAS,2009,1
KRAS,NOL6,2009,1
KRAS,YES1,2009,1
KRAS,UBE2U,2009,1
KRAS,NGLY1,2009,1
KRAS,UHMK1,2009,1
KRAS,SNUPN,2009,1
KRAS,ZNF32,2009,1
HAL,HRAS,2009,1
HAL,NRAS,2009,1
DHFR,MSH2,2009,1
NCAPD2,NRAS,2009,1
GON4L,HRAS,2009,1
GON4L,NRAS,2009,1
EIF3F,NRAS,2009,1
MPHOSPH10,NRAS,2009,1
ATP2A2,KRAS,2009,1
ATP2A2,HRAS,2009,1
ATP2A2,NRAS,2009,1
KRAS,ZNHIT3,2009,1
KRAS,RGS5,2009,1
KRAS,NR1H2,2009,1
KRAS,USP39,2009,1
KRAS,SMURF2,2009,1
NRAS,RPS15,2009,1
CALM1,TYMS,2009,1
CDC42BPA,RRM1,2009,1
CDC42BPA,SLC29A2,2009,1
CDC42BPA,CMPK1,2009,1
CDC42BPA,TYMS,2009,1
CDC42BPA,DCK,2009,1
CDC42BPA,SLC29A1,2009,1
EPS8L1,KRAS,2009,1
EPS8L1,NRAS,2009,1
EPS8L1,HRAS,2009,1
KRAS,METRNL,2009,1
KRAS,NUP160,2009,1
KRAS,MOS,2009,1
KRAS,SUGP1,2009,1
KRAS,SULT1A2,2009,1
KRAS,MASTL,2009,1
KRAS,THOC7,2009,1
CALM1,SLC29A2,2009,1
CALM1,RRM1,2009,1
CALM1,CMPK1,2009,1
CDK13,HRAS,2009,1
CDK13,NRAS,2009,1
GOLGB1,KRAS,2009,1
GDF10,HRAS,2009,1
KRAS,MTOR,2009,1
DBF4,ORM1,2010,1
IL4,KIT,2010,1
CUX1,ORM1,2010,1
CUX1,CYP2D6,2010,1
CUX1,CYP1A2,2010,1
CUX1,KIT,2010,1
CUX1,RET,2010,1
CUX1,CYP2C19,2010,1
CALM1,ORM1,2010,1
FKBP11,PDGFRB,2010,1
FKBP11,KIT,2010,1
CUX1,PDGFRA,2010,1
CUX1,CYP3A4,2010,1
CUX1,PTGS1,2010,1
CUX1,CYP2C9,2010,1
IL4,ORM1,2010,1
CYP2D6,TRIM24,2010,1
DBF4,PDGFRA,2010,1
DBF4,PTGS1,2010,1
DBF4,DDR1,2010,1
DBF4,NTRK1,2010,1
DBF4,RET,2010,1
DBF4,SLC22A2,2010,1
PRKCQ,RET,2010,1
FKBP11,RET,2010,1
FKBP11,PDGFRA,2010,1
FKBP11,ORM1,2010,1
FKBP11,PTGS1,2010,1
FKBP11,SLC22A2,2010,1
FKBP11,NTRK1,2010,1
PRKCQ,PTGS1,2010,1
IL4,SLC22A2,2010,1
CYP2D6,RPL36A,2010,1
CYP2D6,S1PR2,2010,1
CYP2D6,IFI16,2010,1
CYP2D6,SYT11,2010,1
CYP2D6,SCAF11,2010,1
CYP2D6,TLE1,2010,1
CYP2D6,ZP3,2010,1
CYP2D6,SNTA1,2010,1
CYP2D6,SESTD1,2010,1
CYP2D6,TPM1,2010,1
CYP2D6,H3C7,2010,1
CYP2D6,PLEKHM1,2010,1
CYP2D6,IL4,2010,1
CYP2D6,TFAP2B,2010,1
CYP2D6,PGLS,2010,1
CYP2D6,SKP1,2010,1
CYP2D6,SAT1,2010,1
CYP2D6,TNFRSF9,2010,1
CYP2D6,FOSL1,2010,1
CYP2D6,TMEFF1,2010,1
ABCG2,CELF2,2010,1
ABCG2,NCOA3,2010,1
ABCG2,ATP7A,2010,1
ABCG2,GLIPR1,2010,1
ABCG2,PDE4DIP,2010,1
ABCG2,ERMP1,2010,1
ABCG2,DBF4,2010,1
ABCG2,SRI,2010,1
ABCG2,PYROXD1,2010,1
ABCG2,UTP14A,2010,1
ABCG2,FLT3LG,2010,1
ABCG2,THAP1,2010,1
ABCG2,CNR1,2010,1
ABCG2,IL27RA,2010,1
ABCG2,CXCR3,2010,1
ABCG2,CPSF1,2010,1
CYP2D6,KAT6A,2010,1
CYP2D6,DDAH1,2010,1
CYP2D6,SMARCA1,2010,1
CYP2D6,PPP3CA,2010,1
CYP2D6,MAPK11,2010,1
CYP2D6,ZNF140,2010,1
CYP2D6,SNX10,2010,1
CYP2D6,RAP1A,2010,1
CYP2D6,FKBP11,2010,1
CYP2D6,FLT3LG,2010,1
CYP2D6,PYROXD1,2010,1
CYP2D6,SETMAR,2010,1
ABCG2,AZGP1,2010,1
ABCG2,IFI16,2010,1
ABCG2,RPL21,2010,1
ABCG2,SEPTIN6,2010,1
ABCG2,FZD8,2010,1
ABCG2,PGAP2,2010,1
ABCG2,HIF3A,2010,1
ABCG2,TBCCD1,2010,1
ABCG2,PLOD2,2010,1
ABCG2,WNT5A,2010,1
ABCG2,TLE1,2010,1
ABCG2,CUX1,2010,1
ABCG2,SPTB,2010,1
ABCG2,COL3A1,2010,1
ABCG2,CAPRIN1,2010,1
ABCG2,NUDT3,2010,1
ABCG2,EPB42,2010,1
ABCG2,PDE6H,2010,1
ABCG2,UBA6,2010,1
ABCG2,CD93,2010,1
ABCG2,MAPK11,2010,1
ABCG2,MAML1,2010,1
ABCG2,H3C7,2010,1
ABCG2,RAP1A,2010,1
ABCG2,SAT1,2010,1
ABCG2,TAS2R14,2010,1
ABCG2,SKP1,2010,1
ABCG2,ZNF140,2010,1
ABCG2,EHF,2010,1
ABCG2,CAPN6,2010,1
ABCG2,CALM1,2010,1
ABCG2,INTS6L,2010,1
CYP2D6,PRKCQ,2010,1
CYP2D6,TBCCD1,2010,1
CYP2D6,RPL21,2010,1
CYP2D6,NRG2,2010,1
CYP2D6,SRI,2010,1
ABCG2,TFAP2B,2010,1
ABCG2,UBE3A,2010,1
ABCG2,BAD,2010,1
ABCG2,ITCH,2010,1
ABCG2,SRSF1,2010,1
ABCG2,PRKCQ,2010,1
ABCG2,SETMAR,2010,1
ABCG2,ITGB1,2010,1
ABCG2,RCAN2,2010,1
ABCG2,ANK3,2010,1
ABCG2,FZD2,2010,1
ABCG2,SNTA1,2010,1
ABCG2,SEL1L,2010,1
ABCG2,TPM1,2010,1
ABCG2,TJP1,2010,1
ABCG2,CXCR4,2010,1
CYP2D6,UTP14A,2010,1
CYP2D6,LIPE,2010,1
CYP2D6,GGCX,2010,1
CYP2D6,PGAP2,2010,1
CYP2D6,PDLIM5,2010,1
CYP2D6,NFATC1,2010,1
CYP2D6,GAPDH,2010,1
CYP2D6,RCAN1,2010,1
CYP2D6,EGR3,2010,1
CYP2D6,EHF,2010,1
CYP2D6,ITGB1,2010,1
ABCG2,CLTA,2010,1
ABCG2,CLTC,2010,1
ABCG2,PGLS,2010,1
ABCG2,PLCB1,2010,1
ABCG2,SLC50A1,2010,1
ABCG2,CACNA2D2,2010,1
ABCG2,PDLIM5,2010,1
ABCG2,DLAT,2010,1
ABCG2,CAMK2G,2010,1
ABCG2,MBD4,2010,1
ABCG2,ATF5,2010,1
ABCG2,ACSL1,2010,1
ABCG2,CTDSPL,2010,1
ABCG2,CRYBB2,2010,1
ABCG2,ATP6V0E1,2010,1
ABCG2,MORC3,2010,1
ABCG2,CLDN3,2010,1
ABCG2,GGCX,2010,1
ABCG2,ATP2C2,2010,1
ABCG2,RO60,2010,1
ABCG2,FCN3,2010,1
ABCG2,LIPE,2010,1
ABCG2,RARA,2010,1
ABCG2,TNFRSF9,2010,1
ABCG2,PPP3CB,2010,1
ABCG2,SP110,2010,1
ABCG2,MGAT2,2010,1
ABCG2,NRG2,2010,1
ABCG2,CLPX,2010,1
ABCG2,NFATC1,2010,1
ABCG2,ZNF473,2010,1
ABCG2,IL4,2010,1
ABCG2,EDF1,2010,1
ABCG2,LAPTM4B,2010,1
ABCG2,SORBS1,2010,1
ABCG2,TRIP11,2010,1
ABCG2,SNX10,2010,1
ABCG2,PLEKHM1,2010,1
ABCG2,CA2,2010,1
ABCG2,FKBP11,2010,1
ABCG2,DDAH1,2010,1
ABCG2,API5,2010,1
ABCG2,CRCP,2010,1
ABCG2,GTF2H5,2010,1
ABCG2,PPP1R2,2010,1
ABCG2,CEACAM1,2010,1
ABCG2,CAMK2B,2010,1
ABCG2,KAT6A,2010,1
ABCG2,RCAN1,2010,1
ABCG2,FOSL1,2010,1
ABCG2,LDLRAD4,2010,1
ABCG2,SMARCA1,2010,1
ABCG2,PRMT8,2010,1
ABCG2,RPL5,2010,1
ABCG2,SESTD1,2010,1
ABCG2,ALDOC,2010,1
ABCG2,ADAM22,2010,1
ABCG2,EGR3,2010,1
ABCG2,IRF7,2010,1
ABCG2,CA5A,2010,1
ABCG2,S1PR2,2010,1
ABCG2,RPL35,2010,1
ABCG2,AKR7A2,2010,1
ABCG2,ZP3,2010,1
CYP2D6,ZNF473,2010,1
CYP2D6,RPL35,2010,1
CYP2D6,ERMP1,2010,1
CYP2D6,LAPTM4B,2010,1
CYP2D6,SRSF1,2010,1
CYP2D6,SP110,2010,1
CYP2D6,SP100,2010,1
CYP2D6,SLC50A1,2010,1
ABCG2,CADM4,2010,1
ABCG2,SYT11,2010,1
ABCG2,SCAF11,2010,1
ABCG2,SP100,2010,1
ABCG2,GAPDH,2010,1
ABCG2,TRIM24,2010,1
ABCG2,RPL36A,2010,1
ABCG2,CTSB,2010,1
CYP2D6,IRF7,2010,1
CYP2D6,RPL5,2010,1
CYP2D6,MAML1,2010,1
ABCG2,TMEFF1,2010,1
ITGB1,PDGFRB,2010,1
ITGB1,PTGS1,2010,1
MAPK11,PDGFRB,2010,1
ITGB1,PDGFRA,2010,1
CYP2D6,PLOD2,2010,1
CYP2D6,MORC3,2010,1
CYP2D6,ITCH,2010,1
CYP2D6,RO60,2010,1
CYP2D6,MGAT2,2010,1
CYP2D6,PDE6H,2010,1
CYP2D6,MBD4,2010,1
CYP2D6,PPP3CB,2010,1
NCOA3,PTGS1,2010,1
NCOA3,PDGFRB,2010,1
NCOA3,ORM1,2010,1
CYP2D6,DBF4,2010,1
CYP2D6,PPP1R2,2010,1
CYP2D6,RARA,2010,1
CYP2D6,SORBS1,2010,1
CYP2D6,EDF1,2010,1
CYP2D6,RCAN2,2010,1
CYP2D6,INTS6L,2010,1
CYP2D6,TRIP11,2010,1
CYP2D6,SEPTIN6,2010,1
CYP2D6,TAS2R14,2010,1
CYP2D6,PRMT8,2010,1
CYP2D6,UBA6,2010,1
ITGB1,SLC22A2,2010,1
CALM1,RET,2010,1
CALM1,CYP3A5,2010,1
NCOA3,RET,2010,1
EGR3,NTRK1,2010,1
EGR3,RET,2010,1
EGR3,PDGFRA,2010,1
EGR3,ORM1,2010,1
EGR3,SLC22A2,2010,1
EGR3,KIT,2010,1
EGR3,PTGS1,2010,1
EGR3,PDGFRB,2010,1
CXCR3,SLC22A2,2010,1
CXCR3,DDR1,2010,1
NCOA3,PDGFRA,2010,1
NCOA3,NTRK1,2010,1
NCOA3,SLC22A2,2010,1
CALM1,CYP2C9,2010,1
FCN3,KIT,2010,1
FCN3,RET,2010,1
CXCR3,PTGS1,2010,1
CXCR3,CYP2C9,2010,1
CXCR3,RET,2010,1
CXCR3,ORM1,2010,1
CXCR3,PDGFRB,2010,1
CXCR3,NTRK1,2010,1
CXCR3,CYP3A4,2010,1
H3C7,ORM1,2010,1
H3C7,SLC22A2,2010,1
H3C7,KIT,2010,1
H3C7,NTRK1,2010,1
CALM1,CSF1R,2010,1
CALM1,CYP2D6,2010,1
CXCR3,CYP2C19,2010,1
CXCR3,PDGFRA,2010,1
CXCR3,CYP1A2,2010,1
CXCR3,CYP2D6,2010,1
FCN3,SLC22A2,2010,1
FCN3,ORM1,2010,1
FCN3,PTGS1,2010,1
FCN3,PDGFRB,2010,1
FCN3,NTRK1,2010,1
FCN3,PDGFRA,2010,1
RCAN1,RET,2010,1
RCAN1,SLC22A2,2010,1
H3C7,PDGFRA,2010,1
H3C7,RET,2010,1
H3C7,PTGS1,2010,1
H3C7,PDGFRB,2010,1
ATP2C2,PTGS1,2010,1
ATP2C2,PDGFRB,2010,1
ATP2C2,CYP2D6,2010,1
ITGB1,KIT,2010,1
ITGB1,ORM1,2010,1
PTGS1,SMARCA1,2010,1
PTGS1,RPL5,2010,1
PTGS1,UTP14A,2010,1
PTGS1,SRI,2010,1
KRAS,WT1,2010,1
PTGS1,SCAF11,2010,1
SEL1L,SLC22A2,2010,1
PTGS1,SKP1,2010,1
SETMAR,SLC22A2,2010,1
CXCR3,CYP3A5,2010,1
CXCR3,KIT,2010,1
ABCA3,TFAP2B,2010,1
ABCA3,ATP2C2,2010,1
ATP2C2,NTRK1,2010,1
ATP2C2,DDR1,2010,1
ATP2C2,CYP1A2,2010,1
ATP2C2,BCR,2010,1
ATP2C2,KIT,2010,1
ATP2C2,PDGFRA,2010,1
ATP2C2,CYP3A5,2010,1
ATP2C2,SLC22A2,2010,1
ATP2C2,CYP3A4,2010,1
ATP2C2,RET,2010,1
ATP2C2,ORM1,2010,1
ATP2C2,CSF1R,2010,1
ATP2C2,CYP2C9,2010,1
ATP2C2,CYP2C19,2010,1
CYP2D6,WNT5A,2010,1
CYP2D6,THAP1,2010,1
CYP2D6,GLIPR1,2010,1
CYP2D6,PLCB1,2010,1
CYP2D6,SEL1L,2010,1
CYP2D6,PDE4DIP,2010,1
CYP2D6,GTF2H5,2010,1
CYP2D6,FCN3,2010,1
FZD8,SLC22A2,2010,1
FZD8,RET,2010,1
FZD8,KIT,2010,1
FZD8,PDGFRA,2010,1
FZD8,PTGS1,2010,1
FZD8,PDGFRB,2010,1
FZD8,ORM1,2010,1
FZD8,NTRK1,2010,1
ABCA3,LIPE,2010,1
ABCA3,SORBS1,2010,1
ABCA3,SYT11,2010,1
ABCA3,WNT5A,2010,1
ABCA3,CALM1,2010,1
SLC22A2,TRIP11,2010,1
CYP2D6,UBE3A,2010,1
CYP2D6,FZD8,2010,1
CYP2D6,FZD2,2010,1
CYP2D6,DLAT,2010,1
CYP2D6,NCOA3,2010,1
CYP2D6,SPTB,2010,1
CYP2D6,HIF3A,2010,1
CYP2D6,TJP1,2010,1
CYP2D6,NUDT3,2010,1
CYP2D6,EPB42,2010,1
SLC22A2,TFAP2B,2010,1
SLC22A2,SNX10,2010,1
SLC22A2,WNT5A,2010,1
SLC22A2,SP110,2010,1
RO60,SLC22A2,2010,1
SLC22A2,ZNF140,2010,1
SLC22A2,SYT11,2010,1
SLC22A2,SPTB,2010,1
SLC22A2,SP100,2010,1
SLC22A2,SRI,2010,1
SLC22A2,TNFRSF9,2010,1
SLC22A2,ZP3,2010,1
ABCA3,PPP3CB,2010,1
ABCA3,SPTB,2010,1
ABCA3,TPM1,2010,1
ABCA3,ERMP1,2010,1
DLAT,NTRK1,2010,1
ABCA3,ANK3,2010,1
ABCA3,CRCP,2010,1
ABCA3,TMEFF1,2010,1
ABCA3,ADAM22,2010,1
ABCA3,GAPDH,2010,1
ABCA3,TAS2R14,2010,1
ABCA3,RPL5,2010,1
ABCA3,CADM4,2010,1
ABCA3,MGAT2,2010,1
ABCA3,SP110,2010,1
ABCA3,CLTA,2010,1
ABCA3,GTF2H5,2010,1
ABCA3,SETMAR,2010,1
ABCA3,AKR7A2,2010,1
SLC22A2,SRSF1,2010,1
ABCA3,EDF1,2010,1
ABCA3,RARA,2010,1
ABCA3,IFI16,2010,1
ABCA3,INTS6L,2010,1
ABCA3,ATF5,2010,1
ABCA3,CTDSPL,2010,1
ABCA3,CLPX,2010,1
ABCA3,PPP3CA,2010,1
ABCA3,AZGP1,2010,1
ABCA3,THAP1,2010,1
ABCA3,SESTD1,2010,1
ABCA3,NUDT3,2010,1
ABCA3,CARS1,2010,1
ABCA3,CAMK2G,2010,1
ABCA3,FKBP11,2010,1
DLAT,KIT,2010,1
ALB,CAMK2G,2010,1
ALB,RPL5,2010,1
ALB,ATF5,2010,1
ALB,TFAP2B,2010,1
ALB,CD93,2010,1
GGCX,RET,2010,1
GGCX,KIT,2010,1
GGCX,PTGS1,2010,1
MAPK11,PDGFRA,2010,1
ABCA3,SNX10,2010,1
ABCA3,NFATC1,2010,1
ABCA3,UBA6,2010,1
MAPK11,SLC22A2,2010,1
ABCA3,TRIP11,2010,1
ABCA3,CELF2,2010,1
ABCA3,DLAT,2010,1
ALB,TMEFF1,2010,1
SLC22A2,TRIM24,2010,1
SLC22A2,UTP14A,2010,1
SLC22A2,SORBS1,2010,1
SLC22A2,TMEFF1,2010,1
ABCA3,IL27RA,2010,1
ABCA3,SKP1,2010,1
ABCA3,DDAH1,2010,1
ABCA3,PPP1R2,2010,1
ABCA3,GGCX,2010,1
ABCA3,CACNA2D2,2010,1
ABCA3,CAPN6,2010,1
ABCA3,UBE3A,2010,1
ABCA3,FLT3LG,2010,1
ABCA3,COL3A1,2010,1
ABCA3,CUX1,2010,1
SLC22A2,TLE1,2010,1
SLC22A2,ZNF473,2010,1
SLC22A2,UBA6,2010,1
SLC22A2,SNTA1,2010,1
ALB,FKBP11,2010,1
ALB,UTP14A,2010,1
ALB,FCN3,2010,1
MAPK11,PTGS1,2010,1
ALB,MGAT2,2010,1
ALB,ZP3,2010,1
ALB,LAPTM4B,2010,1
ALB,TRIP11,2010,1
ALB,PYROXD1,2010,1
ALB,FZD2,2010,1
ALB,CAPN6,2010,1
ALB,SAT1,2010,1
MAPK11,ORM1,2010,1
MAPK11,RET,2010,1
GGCX,SLC22A2,2010,1
GGCX,NTRK1,2010,1
GGCX,PDGFRB,2010,1
GGCX,PDGFRA,2010,1
GGCX,ORM1,2010,1
SLC22A2,SLC50A1,2010,1
RET,SLC50A1,2010,1
SLC22A2,TJP1,2010,1
SLC22A2,SMARCA1,2010,1
SLC22A2,UBE3A,2010,1
SLC22A2,TPM1,2010,1
SLC22A2,THAP1,2010,1
SLC22A2,TBCCD1,2010,1
SLC22A2,TAS2R14,2010,1
MAPK11,NTRK1,2010,1
DLAT,PDGFRA,2010,1
DLAT,RET,2010,1
DLAT,SLC22A2,2010,1
DLAT,PDGFRB,2010,1
DLAT,ORM1,2010,1
DLAT,PTGS1,2010,1
ABL1,UBE3A,2010,1
ABL1,CTSB,2010,1
ABL1,GLIPR1,2010,1
ABL1,SP110,2010,1
ABL1,THAP1,2010,1
ABL1,TRIM24,2010,1
CYP3A4,WNT5A,2010,1
CYP3A4,MBD4,2010,1
ERMP1,NTRK1,2010,1
ALB,CLTA,2010,1
ALB,UBA6,2010,1
ALB,PRKCQ,2010,1
ALB,API5,2010,1
ALB,IL27RA,2010,1
ALB,CEACAM1,2010,1
ALB,SRI,2010,1
ALB,RPL21,2010,1
ALB,WNT5A,2010,1
ALB,RARA,2010,1
ALB,H3C7,2010,1
ALB,SCAF11,2010,1
ALB,NFATC1,2010,1
ALB,MAML1,2010,1
ERMP1,KIT,2010,1
ERMP1,PDGFRA,2010,1
ERMP1,SLC22A2,2010,1
ERMP1,PTGS1,2010,1
ERMP1,ORM1,2010,1
ERMP1,RET,2010,1
PLOD2,SLC22A2,2010,1
PLOD2,RET,2010,1
ABL1,LDLRAD4,2010,1
ABL1,CXCR4,2010,1
ABL1,IFI16,2010,1
ABL1,SNX10,2010,1
ABL1,PDLIM5,2010,1
ABL1,ZNF140,2010,1
ABL1,RCAN2,2010,1
ABL1,CXCR3,2010,1
ALB,AZGP1,2010,1
ALB,SYT11,2010,1
ABL1,CLTC,2010,1
ABL1,TAS2R14,2010,1
ABL1,SCAF11,2010,1
ABL1,CAPN6,2010,1
ABL1,ADAM22,2010,1
API5,PDGFRA,2010,1
API5,NTRK1,2010,1
API5,CYP2C9,2010,1
API5,BCR,2010,1
ABL1,HIF3A,2010,1
ABL1,ERMP1,2010,1
ABL1,CALM1,2010,1
ABL1,SRI,2010,1
ABL1,SKP1,2010,1
ABL1,IL27RA,2010,1
ABL1,TPM1,2010,1
ABL1,PPP1R2,2010,1
ABL1,SEPTIN6,2010,1
ERMP1,PDGFRB,2010,1
PLOD2,PTGS1,2010,1
ABL1,INTS6L,2010,1
API5,RET,2010,1
API5,CYP2C19,2010,1
API5,DDR1,2010,1
API5,ORM1,2010,1
API5,CYP3A4,2010,1
API5,CYP3A5,2010,1
API5,SLC22A2,2010,1
API5,PDGFRB,2010,1
API5,CYP2D6,2010,1
API5,CYP1A2,2010,1
API5,KIT,2010,1
API5,CSF1R,2010,1
API5,PTGS1,2010,1
COL3A1,ORM1,2010,1
COL3A1,CYP2C9,2010,1
COL3A1,CYP2D6,2010,1
COL3A1,SLC22A2,2010,1
ABL1,CLDN3,2010,1
ABL1,PYROXD1,2010,1
ABL1,UBA6,2010,1
ABL1,FLT3LG,2010,1
ABL1,SLC50A1,2010,1
ABL1,MGAT2,2010,1
ABL1,RPL35,2010,1
HRAS,PRKCD,2010,1
ABL1,TRIP11,2010,1
ABL1,ALDOC,2010,1
ABL1,CAPRIN1,2010,1
ABL1,EDF1,2010,1
SEPTIN6,SLC22A2,2010,1
COL3A1,CYP3A5,2010,1
COL3A1,PDGFRB,2010,1
COL3A1,CSF1R,2010,1
COL3A1,KIT,2010,1
COL3A1,PDGFRA,2010,1
COL3A1,RET,2010,1
COL3A1,DDR1,2010,1
COL3A1,CYP2C19,2010,1
COL3A1,CYP1A2,2010,1
COL3A1,CYP3A4,2010,1
COL3A1,PTGS1,2010,1
COL3A1,NTRK1,2010,1
ABL1,FOSL1,2010,1
ABL1,ANK3,2010,1
ABL1,SP100,2010,1
ABL1,SORBS1,2010,1
ABL1,LIPE,2010,1
ABL1,FZD8,2010,1
ABL1,RPL21,2010,1
ABL1,ATP7A,2010,1
ABL1,TLE1,2010,1
ABL1,ITGB1,2010,1
ABL1,CADM4,2010,1
ABL1,CLTA,2010,1
ABL1,PLCB1,2010,1
ABL1,SMARCA1,2010,1
ABL1,BAD,2010,1
ATP6V0E1,PDGFRA,2010,1
ATP6V0E1,CSF1R,2010,1
ATP6V0E1,RET,2010,1
ATP6V0E1,CYP1A2,2010,1
ABL1,CEACAM1,2010,1
ABL1,SPTB,2010,1
ABL1,CAMK2B,2010,1
ABL1,ATP2C2,2010,1
ABL1,NCOA3,2010,1
ABL1,MAML1,2010,1
ABL1,CNR1,2010,1
ABL1,PRMT8,2010,1
ABL1,TBCCD1,2010,1
ABL1,CELF2,2010,1
ABL1,CACNA2D2,2010,1
ABL1,SRSF1,2010,1
ATP6V0E1,SLC22A2,2010,1
ABL1,KAT6A,2010,1
PDLIM5,PTGS1,2010,1
ABL1,IRF7,2010,1
RAP1A,SLC22A2,2010,1
RAP1A,RET,2010,1
ABL1,RPL36A,2010,1
ABL1,CA5A,2010,1
ABL1,CPSF1,2010,1
ABL1,PDE4DIP,2010,1
ABL1,TNFRSF9,2010,1
ABL1,FCN3,2010,1
ABL1,PLOD2,2010,1
ABL1,RCAN1,2010,1
ABL1,CUX1,2010,1
ABL1,SYT11,2010,1
ABL1,RAP1A,2010,1
ABL1,SEL1L,2010,1
ALB,TNFRSF9,2010,1
ALB,GAPDH,2010,1
ALB,CTDSPL,2010,1
ALB,SP100,2010,1
ALB,SNTA1,2010,1
ALB,NUDT3,2010,1
ALB,CXCR4,2010,1
ALB,CACNA2D2,2010,1
ALB,SRSF1,2010,1
ALB,TLE1,2010,1
ALB,LIPE,2010,1
ALB,SLC50A1,2010,1
ALB,SP110,2010,1
ALB,INTS6L,2010,1
PDLIM5,RET,2010,1
PDLIM5,SLC22A2,2010,1
ALB,PLCB1,2010,1
ALB,ANK3,2010,1
ALB,IFI16,2010,1
ALB,FZD8,2010,1
ALB,HIF3A,2010,1
ALB,TPM1,2010,1
ALB,PPP3CB,2010,1
ALB,ZNF140,2010,1
ALB,FLT3LG,2010,1
ALB,SKP1,2010,1
ALB,EGR3,2010,1
ALB,TRIM24,2010,1
CARS1,KIT,2010,1
ABL1,PDE6H,2010,1
ALB,CRCP,2010,1
ALB,IRF7,2010,1
ALB,COL3A1,2010,1
ALB,NCOA3,2010,1
ALB,CLTC,2010,1
ALB,ATP7A,2010,1
ALB,CNR1,2010,1
ABL1,PGLS,2010,1
CARS1,PDGFRA,2010,1
CARS1,ORM1,2010,1
CARS1,CYP1A2,2010,1
CARS1,CSF1R,2010,1
CARS1,PTGS1,2010,1
CARS1,DDR1,2010,1
ALB,RO60,2010,1
ALB,CAPRIN1,2010,1
ALB,PGLS,2010,1
ALB,PPP1R2,2010,1
ALB,SMARCA1,2010,1
ALB,CRYBB2,2010,1
ALB,ZNF473,2010,1
CARS1,RET,2010,1
ABL1,NRG2,2010,1
ALB,ITGB1,2010,1
ALB,CXCR3,2010,1
ALB,MAPK11,2010,1
ALB,PGAP2,2010,1
ALB,ALDOC,2010,1
ALB,NRG2,2010,1
ALB,ATP2C2,2010,1
ALB,PDE6H,2010,1
ALB,CPSF1,2010,1
ALB,DLAT,2010,1
ALB,CADM4,2010,1
ALB,GLIPR1,2010,1
ALB,PRMT8,2010,1
ALB,SESTD1,2010,1
ALB,CARS1,2010,1
ALB,SORBS1,2010,1
ALB,CAMK2B,2010,1
ALB,CELF2,2010,1
ALB,IL4,2010,1
ALB,CALM1,2010,1
ALB,KAT6A,2010,1
ALB,EPB42,2010,1
ALB,ATP6V0E1,2010,1
ALB,SEPTIN6,2010,1
ALB,DBF4,2010,1
ALB,TAS2R14,2010,1
ALB,RAP1A,2010,1
ALB,GTF2H5,2010,1
ALB,TJP1,2010,1
ALB,LDLRAD4,2010,1
ALB,CLPX,2010,1
ALB,ITCH,2010,1
ALB,PPP3CA,2010,1
ALB,MBD4,2010,1
ALB,RPL36A,2010,1
ALB,SNX10,2010,1
ALB,CLDN3,2010,1
ALB,EHF,2010,1
ALB,SETMAR,2010,1
ALB,ERMP1,2010,1
ALB,PDE4DIP,2010,1
ALB,GGCX,2010,1
ALB,MORC3,2010,1
CARS1,NTRK1,2010,1
CARS1,CYP2D6,2010,1
CARS1,CYP2C19,2010,1
ALB,PLOD2,2010,1
ALB,EDF1,2010,1
ALB,RCAN1,2010,1
ALB,S1PR2,2010,1
ALB,CA2,2010,1
ALB,THAP1,2010,1
ALB,PLEKHM1,2010,1
ALB,RPL35,2010,1
ALB,CA5A,2010,1
ALB,RCAN2,2010,1
ALB,UBE3A,2010,1
ALB,DDAH1,2010,1
ALB,CUX1,2010,1
MAML1,NTRK1,2010,1
MAML1,PTGS1,2010,1
MAML1,RET,2010,1
MAML1,PDGFRA,2010,1
MAML1,ORM1,2010,1
ALB,BAD,2010,1
ALB,SPTB,2010,1
ALB,FOSL1,2010,1
ALB,PDLIM5,2010,1
ALB,SEL1L,2010,1
ALB,CTSB,2010,1
ALB,TBCCD1,2010,1
S1PR2,SLC22A2,2010,1
ABCA3,CD93,2010,1
CARS1,PDGFRB,2010,1
CARS1,SLC22A2,2010,1
MAML1,SLC22A2,2010,1
ABCA3,TJP1,2010,1
ABCA3,SEPTIN6,2010,1
ABCA3,RAP1A,2010,1
ABCA3,ALDOC,2010,1
ABCA3,CA2,2010,1
ABCA3,TRIM24,2010,1
ABCA3,CA5A,2010,1
ABCA3,ACSL1,2010,1
ABCA3,PRKCQ,2010,1
ABCA3,SRI,2010,1
ABCA3,TNFRSF9,2010,1
ABCA3,BAD,2010,1
ABCA3,ZP3,2010,1
ABCA3,MAML1,2010,1
ABCA3,ATP6V0E1,2010,1
ABCA3,SCAF11,2010,1
ABCA3,FZD8,2010,1
ABCA3,PRMT8,2010,1
ABCA3,PDE6H,2010,1
ABCA3,CAPRIN1,2010,1
ABCA3,MORC3,2010,1
ABCA3,TLE1,2010,1
ABCA3,CLDN3,2010,1
ABL1,MAPK11,2010,1
ABL1,UTP14A,2010,1
EHF,PDGFRA,2010,1
EHF,PDGFRB,2010,1
EHF,KIT,2010,1
EHF,PTGS1,2010,1
RPL36A,SLC22A2,2010,1
MAML1,PDGFRB,2010,1
ABCA3,PDLIM5,2010,1
ATP6V0E1,PTGS1,2010,1
ABCA3,FOSL1,2010,1
ABCA3,HIF3A,2010,1
ATP6V0E1,CYP3A5,2010,1
ATP6V0E1,DDR1,2010,1
EHF,RET,2010,1
EHF,NTRK1,2010,1
EHF,SLC22A2,2010,1
EHF,ORM1,2010,1
ABCA3,SEL1L,2010,1
ABCA3,ABCB6,2010,1
ABCA3,IRF7,2010,1
ABCA3,FCN3,2010,1
ABCA3,PYROXD1,2010,1
ABCA3,CPSF1,2010,1
ABCA3,ZNF473,2010,1
ABCA3,SLC50A1,2010,1
ABCA3,ITCH,2010,1
ABCA3,RPL36A,2010,1
ABCA3,RPL35,2010,1
ABCA3,UTP14A,2010,1
ABCA3,CTSB,2010,1
ABCA3,PGAP2,2010,1
ABCA3,NCOA3,2010,1
ABCA3,S1PR2,2010,1
ATP6V0E1,CYP2C19,2010,1
ATP6V0E1,KIT,2010,1
ATP6V0E1,NTRK1,2010,1
ABCA3,LDLRAD4,2010,1
ABCA3,PLEKHM1,2010,1
ABCA3,SNTA1,2010,1
ABCA3,IL4,2010,1
ABCA3,RO60,2010,1
ABCA3,CRYBB2,2010,1
ABCA3,CAMK2B,2010,1
ABCA3,DBF4,2010,1
ABCA3,SAT1,2010,1
ABCA3,SRSF1,2010,1
ABCA3,MAPK11,2010,1
ABCA3,PLCB1,2010,1
ABCA3,CXCR4,2010,1
ABCA3,RCAN1,2010,1
ATP6V0E1,BCR,2010,1
ATP6V0E1,CYP3A4,2010,1
ATP6V0E1,CYP2C9,2010,1
ABCA3,GLIPR1,2010,1
ABCA3,API5,2010,1
ABCA3,CLTC,2010,1
ABCA3,NRG2,2010,1
ABCA3,MBD4,2010,1
ABCA3,TBCCD1,2010,1
ABCA3,SMARCA1,2010,1
ABCA3,ITGB1,2010,1
ABCA3,PLOD2,2010,1
ABCA3,RCAN2,2010,1
ABCA3,LAPTM4B,2010,1
ABCA3,PGLS,2010,1
ABCA3,CEACAM1,2010,1
ABCA3,CXCR3,2010,1
ABCA3,KAT6A,2010,1
ABCA3,RPL21,2010,1
ABCA3,ATP7A,2010,1
ABCA3,EGR3,2010,1
ITCH,ORM1,2010,1
ITCH,PDGFRA,2010,1
ITCH,KIT,2010,1
ITCH,PTGS1,2010,1
ITCH,RET,2010,1
ITCH,NTRK1,2010,1
ITCH,SLC22A2,2010,1
ITCH,PDGFRB,2010,1
ABCA3,H3C7,2010,1
ABCA3,FZD2,2010,1
ABCA3,PDE4DIP,2010,1
ABCA3,EPB42,2010,1
ABCA3,EHF,2010,1
ABCA3,SP100,2010,1
ABCA3,ZNF140,2010,1
ABCA3,CNR1,2010,1
CTDSPL,CYP3A4,2010,1
CTDSPL,CYP3A5,2010,1
CTDSPL,ORM1,2010,1
CTDSPL,CYP2D6,2010,1
CTDSPL,RET,2010,1
CTDSPL,CYP2C19,2010,1
DDR1,RARA,2010,1
DDR1,PRMT8,2010,1
DDR1,SRSF1,2010,1
DDR1,TPM1,2010,1
DDR1,IL27RA,2010,1
DDR1,KAT6A,2010,1
DDR1,LAPTM4B,2010,1
ATP6V0E1,CYP2D6,2010,1
ATP6V0E1,PDGFRB,2010,1
ATP6V0E1,ORM1,2010,1
ACSL1,ALB,2010,1
ACSL1,CYP2C19,2010,1
ACSL1,SLC22A2,2010,1
ACSL1,ORM1,2010,1
ACSL1,PDGFRB,2010,1
CAMK2G,CYP2D6,2010,1
CAMK2G,ORM1,2010,1
CAMK2G,CYP2C19,2010,1
CAMK2G,PDGFRB,2010,1
CTDSPL,CYP2C9,2010,1
CTDSPL,PDGFRA,2010,1
CTDSPL,PDGFRB,2010,1
CTDSPL,CYP1A2,2010,1
CTDSPL,DDR1,2010,1
CUX1,SLC22A2,2010,1
CTDSPL,PTGS1,2010,1
ACSL1,CYP3A4,2010,1
ACSL1,RET,2010,1
ACSL1,PDGFRA,2010,1
ACSL1,NTRK1,2010,1
ACSL1,CYP3A5,2010,1
ACSL1,CSF1R,2010,1
ACSL1,BCR,2010,1
ACSL1,CYP2D6,2010,1
ACSL1,KIT,2010,1
CLPX,CYP3A4,2010,1
CLPX,PDGFRA,2010,1
CLPX,CYP3A5,2010,1
ACSL1,CYP2C9,2010,1
CTDSPL,NTRK1,2010,1
CTDSPL,KIT,2010,1
CTDSPL,SLC22A2,2010,1
CLPX,CYP2C19,2010,1
CLPX,RET,2010,1
CLPX,DDR1,2010,1
CLPX,KIT,2010,1
CLPX,PTGS1,2010,1
CLPX,CYP1A2,2010,1
ACSL1,PTGS1,2010,1
ACSL1,CYP1A2,2010,1
DDR1,RPL5,2010,1
DDR1,GLIPR1,2010,1
DDR1,ITGB1,2010,1
DDR1,EHF,2010,1
DDR1,SYT11,2010,1
DDR1,NUDT3,2010,1
DDR1,SLC50A1,2010,1
ACSL1,DDR1,2010,1
CUX1,DDR1,2010,1
INTS6L,PDGFRB,2010,1
INTS6L,ORM1,2010,1
INTS6L,KIT,2010,1
INTS6L,NTRK1,2010,1
INTS6L,RET,2010,1
INTS6L,PDGFRA,2010,1
INTS6L,SLC22A2,2010,1
INTS6L,PTGS1,2010,1
CLPX,ORM1,2010,1
CLPX,PDGFRB,2010,1
CLPX,CSF1R,2010,1
CLPX,CYP2C9,2010,1
CLPX,SLC22A2,2010,1
CLPX,CYP2D6,2010,1
CLPX,NTRK1,2010,1
IL27RA,PTGS1,2010,1
IL27RA,NTRK1,2010,1
IL27RA,KIT,2010,1
IL27RA,RET,2010,1
DDR1,FKBP11,2010,1
DDR1,RO60,2010,1
DDR1,MBD4,2010,1
DDR1,IRF7,2010,1
DDR1,SESTD1,2010,1
DDR1,IL4,2010,1
DDR1,SKP1,2010,1
DDR1,SCAF11,2010,1
DDR1,IFI16,2010,1
CUX1,CYP3A5,2010,1
CAMK2G,SLC22A2,2010,1
CAMK2G,CYP1A2,2010,1
DDR1,TFAP2B,2010,1
DDR1,INTS6L,2010,1
DDR1,PDE6H,2010,1
DDR1,UBA6,2010,1
CUX1,NTRK1,2010,1
IL27RA,PDGFRA,2010,1
IL27RA,PDGFRB,2010,1
IL27RA,ORM1,2010,1
IL27RA,SLC22A2,2010,1
ABL1,FZD2,2010,1
CAMK2G,NTRK1,2010,1
CAMK2G,CYP2C9,2010,1
CAMK2G,PDGFRA,2010,1
CAMK2G,CSF1R,2010,1
CAMK2G,RET,2010,1
CAMK2G,DDR1,2010,1
CAMK2G,CYP3A4,2010,1
CAMK2G,CYP3A5,2010,1
CAMK2G,PTGS1,2010,1
CAMK2G,KIT,2010,1
DDR1,S1PR2,2010,1
DDR1,FZD8,2010,1
DDR1,FCN3,2010,1
DDR1,GAPDH,2010,1
DDR1,FZD2,2010,1
DDR1,RPL35,2010,1
DDR1,RAP1A,2010,1
DDR1,EGR3,2010,1
DDR1,SRI,2010,1
DDR1,EDF1,2010,1
DDR1,HIF3A,2010,1
DDR1,TJP1,2010,1
LDLRAD4,RET,2010,1
LDLRAD4,ORM1,2010,1
CYP3A4,LDLRAD4,2010,1
CYP1A2,LDLRAD4,2010,1
LDLRAD4,PTGS1,2010,1
DDR1,LDLRAD4,2010,1
ABL1,DLAT,2010,1
ABL1,MORC3,2010,1
ABL1,COL3A1,2010,1
ABL1,SESTD1,2010,1
CYP2D6,LDLRAD4,2010,1
CYP2C9,LDLRAD4,2010,1
CYP2C19,LDLRAD4,2010,1
LDLRAD4,PDGFRA,2010,1
CSF1R,LDLRAD4,2010,1
ABL1,CRYBB2,2010,1
ABL1,ZP3,2010,1
DDR1,SORBS1,2010,1
DDR1,SP100,2010,1
DDR1,RCAN1,2010,1
DDR1,RCAN2,2010,1
DDR1,PPP1R2,2010,1
DDR1,TRIP11,2010,1
DDR1,UTP14A,2010,1
DDR1,RPL36A,2010,1
DDR1,TNFRSF9,2010,1
DDR1,ITCH,2010,1
LDLRAD4,NTRK1,2010,1
CYP3A5,LDLRAD4,2010,1
LDLRAD4,PDGFRB,2010,1
KIT,LDLRAD4,2010,1
LDLRAD4,SLC22A2,2010,1
DDR1,ZP3,2010,1
DDR1,TLE1,2010,1
DDR1,MGAT2,2010,1
DDR1,LIPE,2010,1
DDR1,PRKCQ,2010,1
ABL1,DDAH1,2010,1
NUDT3,SLC22A2,2010,1
NUDT3,ORM1,2010,1
NUDT3,PDGFRB,2010,1
NUDT3,PDGFRA,2010,1
NUDT3,RET,2010,1
NUDT3,PTGS1,2010,1
DDR1,SP110,2010,1
ABL1,PGAP2,2010,1
ABL1,ATP6V0E1,2010,1
ABL1,DBF4,2010,1
DDR1,ZNF473,2010,1
DDR1,MAPK11,2010,1
DDR1,PDE4DIP,2010,1
DDR1,PGLS,2010,1
ABL1,GAPDH,2010,1
CYP2C19,TRIP11,2010,1
CYP2C19,DDAH1,2010,1
CYP2C19,THAP1,2010,1
CYP2C19,MAPK11,2010,1
CYP2C19,NFATC1,2010,1
PYROXD1,RET,2010,1
PYROXD1,SLC22A2,2010,1
DDR1,NCOA3,2010,1
DDR1,NFATC1,2010,1
DDR1,PYROXD1,2010,1
DDR1,NRG2,2010,1
IL4,PTGS1,2010,1
CYP2D6,IL27RA,2010,1
CYP2C19,SAT1,2010,1
CYP2C19,TFAP2B,2010,1
CYP2C19,MBD4,2010,1
CYP2C19,PPP3CA,2010,1
CYP2C19,SPTB,2010,1
CYP2C19,PPP3CB,2010,1
CYP2C19,PGAP2,2010,1
CYP2C19,RPL5,2010,1
CYP2C19,HIF3A,2010,1
DDR1,PGAP2,2010,1
DDR1,ZNF140,2010,1
DDR1,SEL1L,2010,1
DDR1,PPP3CA,2010,1
DDR1,SNX10,2010,1
CYP2C19,ERMP1,2010,1
CYP2C19,IFI16,2010,1
CYP2C19,ITCH,2010,1
CYP2C19,IL4,2010,1
CYP2C19,IRF7,2010,1
DDR1,TBCCD1,2010,1
DDR1,PLOD2,2010,1
DDR1,MORC3,2010,1
DDR1,RPL21,2010,1
DDR1,SPTB,2010,1
DDR1,UBE3A,2010,1
DDR1,PLEKHM1,2010,1
DDR1,MAML1,2010,1
DDR1,EPB42,2010,1
DDR1,SMARCA1,2010,1
CALM1,PTGS1,2010,1
CYP2C19,NRG2,2010,1
CYP2C19,SLC50A1,2010,1
CYP2C19,H3C7,2010,1
CYP2C19,ITGB1,2010,1
CYP2C19,SETMAR,2010,1
CYP2C19,TBCCD1,2010,1
CYP2C19,RPL36A,2010,1
CYP2C19,IL27RA,2010,1
CYP2C19,DBF4,2010,1
CYP2C19,SRI,2010,1
CYP2C19,WNT5A,2010,1
CYP2C19,TAS2R14,2010,1
CYP2C19,LIPE,2010,1
CYP2C19,RARA,2010,1
CYP2C19,SNTA1,2010,1
CYP2C19,TNFRSF9,2010,1
CYP2C19,PDE4DIP,2010,1
CYP2C19,PLCB1,2010,1
CYP2C19,NUDT3,2010,1
CYP2C19,ZNF140,2010,1
CYP2C19,TLE1,2010,1
CYP2C19,EPB42,2010,1
CYP2C19,PRKCQ,2010,1
CYP2C19,PPP1R2,2010,1
CYP2C19,MORC3,2010,1
CYP2C19,SP110,2010,1
CYP2C19,FZD8,2010,1
CYP2C19,FLT3LG,2010,1
CYP2C19,UBE3A,2010,1
CYP2C19,TMEFF1,2010,1
CYP2C19,SYT11,2010,1
CYP2C19,GTF2H5,2010,1
CYP2C19,S1PR2,2010,1
CYP2C19,PLOD2,2010,1
CYP2C19,SCAF11,2010,1
CYP2C19,RO60,2010,1
CYP2C19,SKP1,2010,1
CYP2C19,SRSF1,2010,1
CYP2C19,TPM1,2010,1
CYP2C19,SORBS1,2010,1
CYP2C19,PRMT8,2010,1
CYP2C19,SMARCA1,2010,1
CYP2C19,RPL21,2010,1
CYP2C19,PDLIM5,2010,1
CYP2C19,SESTD1,2010,1
CYP2C19,FCN3,2010,1
CYP2C19,MGAT2,2010,1
CYP2C19,UTP14A,2010,1
CYP2C19,UBA6,2010,1
CYP2C19,KAT6A,2010,1
CYP2C19,NCOA3,2010,1
CYP2C19,INTS6L,2010,1
CYP2C19,PDE6H,2010,1
CYP2C19,PGLS,2010,1
CYP2C19,SEPTIN6,2010,1
CYP2C19,TRIM24,2010,1
CYP2C19,GLIPR1,2010,1
CYP2C19,SEL1L,2010,1
CYP2C19,DLAT,2010,1
CYP2C19,RAP1A,2010,1
CYP2C19,RPL35,2010,1
CYP2C19,TJP1,2010,1
CYP2C19,SP100,2010,1
CYP2C19,PYROXD1,2010,1
CYP2C19,ZP3,2010,1
CYP2C19,GGCX,2010,1
CYP2C19,SNX10,2010,1
CYP2C19,PLEKHM1,2010,1
CYP2C19,LAPTM4B,2010,1
CYP2C19,FKBP11,2010,1
CYP2C19,EGR3,2010,1
CYP2C19,RCAN1,2010,1
CYP2C19,ZNF473,2010,1
CYP2C19,FOSL1,2010,1
CYP2C19,GAPDH,2010,1
CYP2C19,MAML1,2010,1
CYP2C19,RCAN2,2010,1
CYP2C19,EDF1,2010,1
CYP2C19,FZD2,2010,1
CYP2C19,EHF,2010,1
DDR1,SNTA1,2010,1
DDR1,PPP3CB,2010,1
DDR1,ERMP1,2010,1
DDR1,FLT3LG,2010,1
IRF7,PTGS1,2010,1
IRF7,RET,2010,1
IRF7,PDGFRB,2010,1
IRF7,KIT,2010,1
IRF7,NTRK1,2010,1
IRF7,ORM1,2010,1
IRF7,PDGFRA,2010,1
CALM1,KIT,2010,1
IRF7,SLC22A2,2010,1
FOSL1,PDGFRB,2010,1
FOSL1,PTGS1,2010,1
CALM1,DDR1,2010,1
DDR1,SAT1,2010,1
DDR1,PDLIM5,2010,1
CALM1,NTRK1,2010,1
FOSL1,KIT,2010,1
FOSL1,NTRK1,2010,1
FOSL1,SLC22A2,2010,1
FOSL1,PDGFRA,2010,1
FOSL1,RET,2010,1
FOSL1,ORM1,2010,1
DDR1,WNT5A,2010,1
DDR1,DLAT,2010,1
DDR1,FOSL1,2010,1
DDR1,PLCB1,2010,1
DDR1,TAS2R14,2010,1
DDR1,SETMAR,2010,1
DDR1,GTF2H5,2010,1
ORM1,TBCCD1,2010,1
ORM1,SEL1L,2010,1
ORM1,SESTD1,2010,1
ORM1,PPP1R2,2010,1
ORM1,SLC50A1,2010,1
CALM1,CYP3A4,2010,1
ORM1,PDLIM5,2010,1
ORM1,PPP3CB,2010,1
ORM1,RO60,2010,1
ORM1,WNT5A,2010,1
DDR1,TMEFF1,2010,1
DDR1,THAP1,2010,1
DDR1,GGCX,2010,1
DDR1,H3C7,2010,1
DDR1,SEPTIN6,2010,1
DDR1,TRIM24,2010,1
ORM1,PRMT8,2010,1
ORM1,SEPTIN6,2010,1
ORM1,TPM1,2010,1
ORM1,SNX10,2010,1
ORM1,PLEKHM1,2010,1
ORM1,SPTB,2010,1
ORM1,SETMAR,2010,1
ORM1,PDE6H,2010,1
ORM1,THAP1,2010,1
ORM1,SRI,2010,1
ORM1,UBA6,2010,1
ORM1,TNFRSF9,2010,1
ORM1,UBE3A,2010,1
ORM1,RCAN2,2010,1
IL4,PDGFRB,2010,1
CALM1,PDGFRB,2010,1
ORM1,TJP1,2010,1
ORM1,TAS2R14,2010,1
CXCR4,CYP1A2,2010,1
CXCR4,SLC22A2,2010,1
CXCR4,CYP2D6,2010,1
CXCR4,CYP2C9,2010,1
CXCR4,CYP2C19,2010,1
CXCR4,CYP3A5,2010,1
CXCR4,PDGFRB,2010,1
CXCR4,ORM1,2010,1
CXCR4,RET,2010,1
CXCR4,CYP3A4,2010,1
CXCR4,KIT,2010,1
CXCR4,PDGFRA,2010,1
ORM1,ZNF473,2010,1
ORM1,PYROXD1,2010,1
CLDN3,CYP2C9,2010,1
CLDN3,RET,2010,1
CLDN3,NTRK1,2010,1
CLDN3,CYP3A4,2010,1
CLDN3,CYP3A5,2010,1
CLDN3,CSF1R,2010,1
ATP7A,CYP3A4,2010,1
ATP7A,CYP2C19,2010,1
ABCB1,PLOD2,2010,1
ABCB1,EPB42,2010,1
ABCB1,TLE1,2010,1
ABCB1,TBCCD1,2010,1
CXCR4,PTGS1,2010,1
CXCR4,NTRK1,2010,1
CXCR4,DDR1,2010,1
CALM1,CYP1A2,2010,1
ATP7A,CYP1A2,2010,1
ATP7A,PTGS1,2010,1
ATP7A,PDGFRB,2010,1
ATP7A,BCR,2010,1
ATP7A,CYP2D6,2010,1
ATP7A,KIT,2010,1
ATP7A,ORM1,2010,1
ATP7A,PDGFRA,2010,1
ATP7A,SLC22A2,2010,1
ATP7A,NTRK1,2010,1
ATP7A,RET,2010,1
ATP7A,CSF1R,2010,1
CLDN3,PDGFRB,2010,1
CLDN3,ORM1,2010,1
CLDN3,KIT,2010,1
CLDN3,CYP2C19,2010,1
RARA,RET,2010,1
RARA,SLC22A2,2010,1
CALM1,SLC22A2,2010,1
ATP7A,DDR1,2010,1
ATP7A,CYP3A5,2010,1
ABCB1,SPTB,2010,1
ABCB1,API5,2010,1
ABCB1,SEL1L,2010,1
ABCB1,SORBS1,2010,1
ABCB1,RAP1A,2010,1
ABCB1,SYT11,2010,1
ABCB1,CA2,2010,1
ABCB1,CADM4,2010,1
ABCB1,ATP2C2,2010,1
ABCB1,CXCR4,2010,1
ATP7A,CYP2C9,2010,1
ORM1,TRIP11,2010,1
ORM1,SCAF11,2010,1
ORM1,PGLS,2010,1
ABCB1,IRF7,2010,1
ABCB1,ZNF140,2010,1
ABCB1,NFATC1,2010,1
ABCB1,MBD4,2010,1
ABCB1,EGR3,2010,1
ABCB1,RCAN2,2010,1
ABCB1,CAMK2G,2010,1
ABCB1,CLTA,2010,1
ABCB1,CLTC,2010,1
ABCB1,KAT6A,2010,1
ABCB1,ZNF473,2010,1
ABCB1,SRI,2010,1
ABCB1,ITGB1,2010,1
ABCB1,RPL35,2010,1
ABCB1,TFAP2B,2010,1
ABCB1,PPP1R2,2010,1
CLDN3,PTGS1,2010,1
CLDN3,DDR1,2010,1
CLDN3,PDGFRA,2010,1
CLDN3,CYP2D6,2010,1
CLDN3,CYP1A2,2010,1
ORM1,TRIM24,2010,1
ORM1,RCAN1,2010,1
ORM1,PLOD2,2010,1
ORM1,RPL36A,2010,1
ORM1,UTP14A,2010,1
ORM1,SKP1,2010,1
ORM1,ZNF140,2010,1
ORM1,SNTA1,2010,1
ABCB1,CTDSPL,2010,1
ABCB1,CUX1,2010,1
ABCB1,SEPTIN6,2010,1
ABCB1,IL27RA,2010,1
SAT1,SLC22A2,2010,1
ABCB1,FKBP11,2010,1
ABCB1,TMEFF1,2010,1
ABCB1,CAPN6,2010,1
ABCB1,SP100,2010,1
ABCB1,PYROXD1,2010,1
ABCB1,ACSL1,2010,1
ABCB1,AKR7A2,2010,1
ABCB1,SLC50A1,2010,1
ABCB1,SAT1,2010,1
ABCB1,PRMT8,2010,1
ABCB1,CAPRIN1,2010,1
ORM1,RPL5,2010,1
ORM1,SP100,2010,1
ORM1,TFAP2B,2010,1
ORM1,TLE1,2010,1
KIT,RCAN1,2010,1
KIT,TMEFF1,2010,1
KIT,SMARCA1,2010,1
KIT,MORC3,2010,1
KIT,PYROXD1,2010,1
KIT,SCAF11,2010,1
KIT,SORBS1,2010,1
KIT,RPL36A,2010,1
KIT,SP110,2010,1
KIT,SAT1,2010,1
KIT,PLOD2,2010,1
ABCB1,UBA6,2010,1
ABCB1,RCAN1,2010,1
ABCB1,NRG2,2010,1
ABCB1,MAML1,2010,1
ABCB1,S1PR2,2010,1
ABCB1,DBF4,2010,1
ABCB1,PDE4DIP,2010,1
ABCB1,ATP6V0E1,2010,1
ABCB1,CACNA2D2,2010,1
ABCB1,DLAT,2010,1
ABCB1,TRIP11,2010,1
CALM1,PDGFRA,2010,1
ABCB1,LIPE,2010,1
ABCB1,PPP3CB,2010,1
ABCB1,SCAF11,2010,1
ABCB1,UBE3A,2010,1
ORM1,SMARCA1,2010,1
KIT,LIPE,2010,1
KIT,TJP1,2010,1
CLDN3,SLC22A2,2010,1
KIT,THAP1,2010,1
KIT,RPL5,2010,1
KIT,ZNF473,2010,1
KIT,NCOA3,2010,1
KIT,SRSF1,2010,1
KIT,PDE4DIP,2010,1
KIT,SETMAR,2010,1
KIT,SEL1L,2010,1
KIT,PRMT8,2010,1
KIT,SESTD1,2010,1
KIT,PLEKHM1,2010,1
ABCB1,MORC3,2010,1
ABCB1,CTSB,2010,1
ABCB1,TJP1,2010,1
ABCB1,ZP3,2010,1
ABCB1,SP110,2010,1
ABCB1,FOSL1,2010,1
ABCB1,GLIPR1,2010,1
ABCB1,MAPK11,2010,1
ABCB1,PGLS,2010,1
ABCB1,SKP1,2010,1
ABCB1,RPL21,2010,1
ABCB1,WNT5A,2010,1
ABCB1,H3C7,2010,1
ABCB1,SESTD1,2010,1
ABCB1,SNTA1,2010,1
ABCB1,EDF1,2010,1
KIT,TLE1,2010,1
KIT,PDLIM5,2010,1
KIT,SLC50A1,2010,1
KIT,TPM1,2010,1
KIT,TNFRSF9,2010,1
KIT,RO60,2010,1
KIT,SYT11,2010,1
KIT,ZP3,2010,1
KIT,PPP3CA,2010,1
KIT,TFAP2B,2010,1
ABCB1,NCOA3,2010,1
CALM1,CYP2C19,2010,1
ABCB1,PLEKHM1,2010,1
ABCB1,EHF,2010,1
ABCB1,ANK3,2010,1
ABCB1,ITCH,2010,1
ABCB1,CPSF1,2010,1
ABCB1,SETMAR,2010,1
ABCB1,IL4,2010,1
ABCB1,CA5A,2010,1
DBF4,PDGFRB,2010,1
ABCB1,TPM1,2010,1
ABCB1,LAPTM4B,2010,1
ABCB1,RPL36A,2010,1
ABCB1,BAD,2010,1
ABCB1,ERMP1,2010,1
KIT,TBCCD1,2010,1
KIT,MAPK11,2010,1
KIT,MGAT2,2010,1
KIT,TRIM24,2010,1
KIT,SRI,2010,1
KIT,S1PR2,2010,1
KIT,RAP1A,2010,1
KIT,TAS2R14,2010,1
KIT,RPL35,2010,1
KIT,PPP3CB,2010,1
KIT,RPL21,2010,1
KIT,SNTA1,2010,1
KIT,RCAN2,2010,1
KIT,SPTB,2010,1
KIT,WNT5A,2010,1
KIT,SKP1,2010,1
KIT,SEPTIN6,2010,1
KIT,PRKCQ,2010,1
KIT,NFATC1,2010,1
KIT,PGLS,2010,1
KIT,PPP1R2,2010,1
KAT6A,KIT,2010,1
KIT,UBA6,2010,1
KIT,SP100,2010,1
ABCB1,CRYBB2,2010,1
NTRK1,TRIP11,2010,1
NTRK1,TMEFF1,2010,1
NTRK1,ZNF140,2010,1
NTRK1,SRI,2010,1
NTRK1,PGLS,2010,1
NTRK1,PDE4DIP,2010,1
NTRK1,UBA6,2010,1
ABCB1,THAP1,2010,1
ABCB1,SNX10,2010,1
ABCB1,FCN3,2010,1
ABCB1,CXCR3,2010,1
ABCB1,INTS6L,2010,1
ABCB1,CLDN3,2010,1
ABCB1,AZGP1,2010,1
ABCB1,RPL5,2010,1
ABCB1,CAMK2B,2010,1
ABCB1,TNFRSF9,2010,1
ABCB1,CNR1,2010,1
ABCB1,MGAT2,2010,1
ABCB1,IFI16,2010,1
ABCB1,TRIM24,2010,1
ABCB1,CRCP,2010,1
ABCB1,TAS2R14,2010,1
ABCB1,CD93,2010,1
ABCB1,FZD8,2010,1
ABCB1,RO60,2010,1
ABCB1,GTF2H5,2010,1
ABCB1,FZD2,2010,1
ABCB1,PGAP2,2010,1
ABCB1,PDE6H,2010,1
ABCB1,PDLIM5,2010,1
NTRK1,SORBS1,2010,1
NTRK1,ZNF473,2010,1
NTRK1,PPP1R2,2010,1
NTRK1,SCAF11,2010,1
NTRK1,S1PR2,2010,1
NTRK1,SPTB,2010,1
NTRK1,RAP1A,2010,1
NTRK1,RCAN1,2010,1
NTRK1,TLE1,2010,1
NTRK1,TNFRSF9,2010,1
NTRK1,RARA,2010,1
NTRK1,THAP1,2010,1
NTRK1,RPL21,2010,1
NTRK1,TRIM24,2010,1
ABCB1,CELF2,2010,1
ABCB1,ABCB6,2010,1
ABCB1,GGCX,2010,1
ABCB1,RARA,2010,1
ABCB1,NUDT3,2010,1
ABCB1,ATF5,2010,1
ABCB1,SMARCA1,2010,1
ABCB1,CLPX,2010,1
ABCB1,DDAH1,2010,1
ABCB1,ADAM22,2010,1
ABCB1,HIF3A,2010,1
ABCB1,ALDOC,2010,1
ABCB1,COL3A1,2010,1
ABCB1,ATP7A,2010,1
ABCB1,PRKCQ,2010,1
ABCB1,SRSF1,2010,1
NTRK1,SKP1,2010,1
NTRK1,PYROXD1,2010,1
NTRK1,SNX10,2010,1
NTRK1,SESTD1,2010,1
NTRK1,PLOD2,2010,1
NTRK1,RO60,2010,1
NTRK1,PRMT8,2010,1
NTRK1,RPL35,2010,1
NTRK1,SP100,2010,1
NTRK1,PPP3CB,2010,1
NTRK1,PRKCQ,2010,1
NTRK1,RPL5,2010,1
NTRK1,PLCB1,2010,1
NTRK1,RCAN2,2010,1
NTRK1,SP110,2010,1
NTRK1,PDLIM5,2010,1
ABCB1,UTP14A,2010,1
ABCB1,GAPDH,2010,1
NTRK1,SRSF1,2010,1
NTRK1,RPL36A,2010,1
NTRK1,SLC50A1,2010,1
NTRK1,SETMAR,2010,1
NTRK1,SYT11,2010,1
NTRK1,SEL1L,2010,1
NTRK1,PLEKHM1,2010,1
NTRK1,SMARCA1,2010,1
NTRK1,NUDT3,2010,1
NTRK1,SAT1,2010,1
ABCB1,CEACAM1,2010,1
ABCB1,LDLRAD4,2010,1
ABCB1,FLT3LG,2010,1
ABCB1,PLCB1,2010,1
NTRK1,UBE3A,2010,1
NTRK1,PPP3CA,2010,1
AZGP1,PTGS1,2010,1
AZGP1,DDR1,2010,1
AZGP1,SLC22A2,2010,1
AZGP1,BCR,2010,1
AZGP1,CYP3A4,2010,1
NTRK1,SEPTIN6,2010,1
NTRK1,SNTA1,2010,1
NTRK1,WNT5A,2010,1
NTRK1,TPM1,2010,1
NTRK1,TFAP2B,2010,1
NTRK1,TJP1,2010,1
NTRK1,TBCCD1,2010,1
NTRK1,TAS2R14,2010,1
NTRK1,PDE6H,2010,1
NTRK1,ZP3,2010,1
NTRK1,UTP14A,2010,1
AZGP1,PDGFRA,2010,1
KIT,TRIP11,2010,1
KIT,RARA,2010,1
KIT,UTP14A,2010,1
CUX1,PDGFRB,2010,1
KIT,MAML1,2010,1
KIT,NRG2,2010,1
KIT,MBD4,2010,1
KIT,PDE6H,2010,1
KIT,PLCB1,2010,1
KIT,UBE3A,2010,1
KIT,SNX10,2010,1
KIT,LAPTM4B,2010,1
KIT,NUDT3,2010,1
KIT,ZNF140,2010,1
AZGP1,CYP2C19,2010,1
ORM1,SP110,2010,1
ORM1,S1PR2,2010,1
ORM1,RAP1A,2010,1
ORM1,SAT1,2010,1
ORM1,PDE4DIP,2010,1
IL4,NTRK1,2010,1
EDF1,PDGFRB,2010,1
EDF1,PDGFRA,2010,1
EDF1,PTGS1,2010,1
EDF1,RET,2010,1
EDF1,ORM1,2010,1
EDF1,SLC22A2,2010,1
EDF1,KIT,2010,1
EDF1,NTRK1,2010,1
AZGP1,RET,2010,1
AZGP1,CYP1A2,2010,1
PRMT8,PTGS1,2010,1
PRMT8,RET,2010,1
IL4,RET,2010,1
PRMT8,SLC22A2,2010,1
PRKCQ,SLC22A2,2010,1
ORM1,SYT11,2010,1
ORM1,ZP3,2010,1
ORM1,RPL21,2010,1
ORM1,PRKCQ,2010,1
ORM1,SORBS1,2010,1
ORM1,RPL35,2010,1
ORM1,PLCB1,2010,1
ORM1,RARA,2010,1
ORM1,PPP3CA,2010,1
ORM1,SRSF1,2010,1
ORM1,TMEFF1,2010,1
AZGP1,CYP3A5,2010,1
AZGP1,CYP2D6,2010,1
CAPN6,CYP3A4,2010,1
CAPN6,PTGS1,2010,1
CAPN6,CYP2D6,2010,1
CAPN6,KIT,2010,1
CAPN6,ORM1,2010,1
CAPN6,PDGFRA,2010,1
CAPN6,PDGFRB,2010,1
CAPN6,DDR1,2010,1
CAPN6,CYP3A5,2010,1
CAPN6,CYP2C19,2010,1
CAPN6,CYP2C9,2010,1
CAPN6,NTRK1,2010,1
CAPN6,CYP1A2,2010,1
CAPN6,RET,2010,1
GAPDH,PDGFRA,2010,1
GAPDH,SLC22A2,2010,1
GAPDH,PTGS1,2010,1
GAPDH,KIT,2010,1
CAPN6,CSF1R,2010,1
CAPRIN1,CYP3A5,2010,1
CAPRIN1,SLC22A2,2010,1
CAPRIN1,PDGFRB,2010,1
CAPRIN1,CSF1R,2010,1
CAPRIN1,CYP2D6,2010,1
CAPRIN1,PTGS1,2010,1
IL4,PDGFRA,2010,1
DBF4,KIT,2010,1
AZGP1,KIT,2010,1
AZGP1,PDGFRB,2010,1
AZGP1,NTRK1,2010,1
GAPDH,PDGFRB,2010,1
RPL5,SLC22A2,2010,1
AZGP1,CYP2C9,2010,1
AZGP1,CSF1R,2010,1
AZGP1,ORM1,2010,1
GAPDH,RET,2010,1
CAPRIN1,CYP2C9,2010,1
CAPRIN1,KIT,2010,1
CAPRIN1,CYP3A4,2010,1
CAPRIN1,CYP1A2,2010,1
CAPRIN1,DDR1,2010,1
CAPRIN1,RET,2010,1
CAPRIN1,PDGFRA,2010,1
CAPRIN1,ORM1,2010,1
CAPRIN1,NTRK1,2010,1
CAPRIN1,CYP2C19,2010,1
CTSB,CYP3A5,2010,1
CTSB,CYP2D6,2010,1
CTSB,NTRK1,2010,1
CTSB,CYP2C19,2010,1
CTSB,CYP1A2,2010,1
BCR,ZP3,2010,1
CSF1R,RPL35,2010,1
CSF1R,SRSF1,2010,1
CSF1R,MAPK11,2010,1
CSF1R,ITGB1,2010,1
CSF1R,TRIM24,2010,1
CSF1R,PLCB1,2010,1
SCAF11,SLC22A2,2010,1
CAPN6,SLC22A2,2010,1
GAPDH,NTRK1,2010,1
GAPDH,ORM1,2010,1
CSF1R,SORBS1,2010,1
CSF1R,UBA6,2010,1
CSF1R,SETMAR,2010,1
CSF1R,KAT6A,2010,1
CSF1R,SNTA1,2010,1
CSF1R,S1PR2,2010,1
CSF1R,WNT5A,2010,1
CSF1R,EPB42,2010,1
CSF1R,PDE4DIP,2010,1
CSF1R,UBE3A,2010,1
CTSB,PDGFRA,2010,1
CTSB,SLC22A2,2010,1
CTSB,PTGS1,2010,1
CTSB,CYP3A4,2010,1
CTSB,DDR1,2010,1
CTSB,ORM1,2010,1
CSF1R,FOSL1,2010,1
CSF1R,SESTD1,2010,1
CSF1R,PPP3CB,2010,1
CSF1R,ZNF473,2010,1
CSF1R,SPTB,2010,1
BCR,SRI,2010,1
BCR,SEPTIN6,2010,1
BCR,PDE4DIP,2010,1
BCR,MAPK11,2010,1
BCR,MORC3,2010,1
CTSB,RET,2010,1
CTSB,CYP2C9,2010,1
CTSB,KIT,2010,1
CTSB,PDGFRB,2010,1
CSF1R,CUX1,2010,1
CSF1R,THAP1,2010,1
CSF1R,GGCX,2010,1
CSF1R,FCN3,2010,1
CSF1R,NUDT3,2010,1
CSF1R,PPP1R2,2010,1
CSF1R,SCAF11,2010,1
CSF1R,TAS2R14,2010,1
CSF1R,IL27RA,2010,1
CSF1R,DLAT,2010,1
CSF1R,PGLS,2010,1
CSF1R,DDAH1,2010,1
CSF1R,RPL21,2010,1
CSF1R,TJP1,2010,1
CSF1R,SP110,2010,1
CSF1R,HIF3A,2010,1
CSF1R,SP100,2010,1
CSF1R,FZD2,2010,1
CSF1R,TMEFF1,2010,1
CSF1R,CTSB,2010,1
CSF1R,NFATC1,2010,1
CSF1R,LAPTM4B,2010,1
CSF1R,EDF1,2010,1
CSF1R,SNX10,2010,1
CSF1R,UTP14A,2010,1
CSF1R,H3C7,2010,1
CSF1R,SYT11,2010,1
CSF1R,ITCH,2010,1
CSF1R,GAPDH,2010,1
CSF1R,PDLIM5,2010,1
CSF1R,GTF2H5,2010,1
CSF1R,MBD4,2010,1
CSF1R,INTS6L,2010,1
CSF1R,IRF7,2010,1
CSF1R,MAML1,2010,1
CSF1R,RCAN2,2010,1
CSF1R,MGAT2,2010,1
CSF1R,SRI,2010,1
CSF1R,MORC3,2010,1
CSF1R,NRG2,2010,1
CSF1R,PPP3CA,2010,1
CSF1R,SLC50A1,2010,1
CSF1R,RCAN1,2010,1
CSF1R,RO60,2010,1
CSF1R,FKBP11,2010,1
CSF1R,EHF,2010,1
CSF1R,ZNF140,2010,1
CSF1R,CXCR4,2010,1
CSF1R,SAT1,2010,1
CSF1R,DBF4,2010,1
CSF1R,PGAP2,2010,1
CSF1R,FZD8,2010,1
CSF1R,PYROXD1,2010,1
CSF1R,PDE6H,2010,1
CSF1R,FLT3LG,2010,1
CSF1R,ERMP1,2010,1
CSF1R,IFI16,2010,1
CSF1R,TFAP2B,2010,1
CSF1R,PRKCQ,2010,1
CSF1R,LIPE,2010,1
CSF1R,PLOD2,2010,1
CSF1R,IL4,2010,1
CSF1R,GLIPR1,2010,1
CSF1R,RPL5,2010,1
CSF1R,TRIP11,2010,1
CELF2,CSF1R,2010,1
CSF1R,TPM1,2010,1
CSF1R,SKP1,2010,1
CSF1R,TBCCD1,2010,1
CSF1R,PLEKHM1,2010,1
CSF1R,SEL1L,2010,1
CSF1R,SMARCA1,2010,1
CSF1R,EGR3,2010,1
CSF1R,PRMT8,2010,1
CSF1R,TLE1,2010,1
CSF1R,ZP3,2010,1
CSF1R,CTDSPL,2010,1
CSF1R,RPL36A,2010,1
CSF1R,TNFRSF9,2010,1
CSF1R,SEPTIN6,2010,1
CSF1R,RAP1A,2010,1
BCR,MAML1,2010,1
BCR,MGAT2,2010,1
BCR,FOSL1,2010,1
BCR,SYT11,2010,1
BCR,PPP3CB,2010,1
BCR,CELF2,2010,1
BCR,PRMT8,2010,1
BCR,H3C7,2010,1
BCR,PYROXD1,2010,1
BCR,SP100,2010,1
CSF1R,RARA,2010,1
CSF1R,CXCR3,2010,1
CSF1R,NCOA3,2010,1
LIPE,RET,2010,1
LIPE,PDGFRA,2010,1
LIPE,ORM1,2010,1
LIPE,PTGS1,2010,1
LIPE,NTRK1,2010,1
LIPE,SLC22A2,2010,1
BCR,SEL1L,2010,1
BCR,EDF1,2010,1
BCR,RPL36A,2010,1
BCR,RCAN1,2010,1
BCR,NCOA3,2010,1
BCR,RAP1A,2010,1
BCR,FCN3,2010,1
BCR,TBCCD1,2010,1
BCR,GTF2H5,2010,1
CYP1A2,FCN3,2010,1
CYP1A2,NCOA3,2010,1
CYP1A2,TJP1,2010,1
CYP1A2,IL4,2010,1
CYP1A2,S1PR2,2010,1
CYP1A2,MAML1,2010,1
BCR,KAT6A,2010,1
BCR,UBA6,2010,1
BCR,GLIPR1,2010,1
IFI16,ORM1,2010,1
IFI16,KIT,2010,1
IFI16,PDGFRB,2010,1
IFI16,NTRK1,2010,1
IFI16,SLC22A2,2010,1
LIPE,PDGFRB,2010,1
CYP1A2,ZNF140,2010,1
CYP1A2,RPL35,2010,1
CYP1A2,PLEKHM1,2010,1
CYP1A2,PDLIM5,2010,1
CYP1A2,EPB42,2010,1
CYP1A2,ERMP1,2010,1
CYP1A2,TRIM24,2010,1
CYP1A2,FKBP11,2010,1
CYP1A2,IL27RA,2010,1
CYP1A2,NRG2,2010,1
CYP1A2,PYROXD1,2010,1
CYP1A2,GTF2H5,2010,1
CYP1A2,PGAP2,2010,1
CYP1A2,FOSL1,2010,1
CYP1A2,EDF1,2010,1
CYP1A2,SLC50A1,2010,1
CYP1A2,UBE3A,2010,1
CYP1A2,H3C7,2010,1
CYP1A2,TMEFF1,2010,1
CYP1A2,PRMT8,2010,1
CYP1A2,MBD4,2010,1
CYP1A2,SNX10,2010,1
CYP1A2,LAPTM4B,2010,1
CYP1A2,PGLS,2010,1
CYP1A2,SCAF11,2010,1
CYP1A2,TFAP2B,2010,1
CYP1A2,INTS6L,2010,1
CYP1A2,HIF3A,2010,1
CYP1A2,PLOD2,2010,1
CYP1A2,SYT11,2010,1
CYP1A2,THAP1,2010,1
CYP1A2,RPL21,2010,1
CYP1A2,DBF4,2010,1
CYP1A2,IRF7,2010,1
CYP1A2,FZD8,2010,1
CYP1A2,PLCB1,2010,1
CYP1A2,SP100,2010,1
CYP1A2,WNT5A,2010,1
CYP1A2,LIPE,2010,1
CYP1A2,TLE1,2010,1
CYP1A2,PPP3CA,2010,1
CYP1A2,TBCCD1,2010,1
CYP1A2,SMARCA1,2010,1
CYP1A2,GGCX,2010,1
CYP1A2,EGR3,2010,1
CYP1A2,FZD2,2010,1
CYP1A2,RPL36A,2010,1
CYP1A2,KAT6A,2010,1
CYP1A2,SORBS1,2010,1
CYP1A2,PPP1R2,2010,1
CYP1A2,TNFRSF9,2010,1
CYP1A2,DLAT,2010,1
CYP1A2,MAPK11,2010,1
CYP1A2,IFI16,2010,1
CYP1A2,RPL5,2010,1
CYP1A2,ITGB1,2010,1
CYP1A2,UBA6,2010,1
CYP1A2,DDAH1,2010,1
CYP1A2,TRIP11,2010,1
CYP1A2,TPM1,2010,1
CYP1A2,SRI,2010,1
CYP1A2,PDE4DIP,2010,1
CYP1A2,SP110,2010,1
CYP1A2,SKP1,2010,1
CYP1A2,GAPDH,2010,1
CYP1A2,MGAT2,2010,1
CYP1A2,SAT1,2010,1
CYP1A2,PPP3CB,2010,1
CYP1A2,GLIPR1,2010,1
CYP1A2,RAP1A,2010,1
CYP1A2,UTP14A,2010,1
CYP1A2,SEPTIN6,2010,1
CYP1A2,RCAN2,2010,1
CYP1A2,EHF,2010,1
CYP1A2,SPTB,2010,1
CYP1A2,RO60,2010,1
CYP1A2,NUDT3,2010,1
CYP1A2,PRKCQ,2010,1
CYP1A2,PDE6H,2010,1
CYP1A2,FLT3LG,2010,1
BCR,CLPX,2010,1
BCR,TMEFF1,2010,1
CYP1A2,RCAN1,2010,1
CYP1A2,TAS2R14,2010,1
CYP1A2,SEL1L,2010,1
CYP1A2,ITCH,2010,1
CYP1A2,SESTD1,2010,1
CYP1A2,SNTA1,2010,1
CYP1A2,ZNF473,2010,1
CYP1A2,ZP3,2010,1
CYP1A2,SETMAR,2010,1
CYP1A2,MORC3,2010,1
CYP1A2,NFATC1,2010,1
CYP1A2,SRSF1,2010,1
CYP1A2,RARA,2010,1
BCR,IL27RA,2010,1
BCR,CLTC,2010,1
BCR,HIF3A,2010,1
BCR,CLTA,2010,1
BCR,TRIM24,2010,1
BCR,CACNA2D2,2010,1
BCR,NRG2,2010,1
BCR,RARA,2010,1
BCR,PDE6H,2010,1
BCR,SESTD1,2010,1
BCR,UBE3A,2010,1
BCR,CALM1,2010,1
BCR,TLE1,2010,1
BCR,ITGB1,2010,1
BCR,TRIP11,2010,1
BCR,TAS2R14,2010,1
BCR,ITCH,2010,1
BCR,FLT3LG,2010,1
BCR,SRSF1,2010,1
BCR,GGCX,2010,1
BCR,RO60,2010,1
BCR,PPP1R2,2010,1
BCR,LDLRAD4,2010,1
BCR,PGLS,2010,1
BCR,EGR3,2010,1
BCR,TFAP2B,2010,1
BCR,ERMP1,2010,1
BCR,CXCR3,2010,1
BCR,CTSB,2010,1
PLCB1,SLC22A2,2010,1
BCR,CRYBB2,2010,1
BCR,DLAT,2010,1
BCR,TNFRSF9,2010,1
BCR,SLC50A1,2010,1
BCR,CUX1,2010,1
BCR,CEACAM1,2010,1
BCR,CRCP,2010,1
BCR,RPL35,2010,1
BCR,NUDT3,2010,1
BCR,CAPRIN1,2010,1
BCR,CPSF1,2010,1
BCR,SKP1,2010,1
BCR,CNR1,2010,1
PLCB1,PTGS1,2010,1
PLCB1,RET,2010,1
BCR,SMARCA1,2010,1
BCR,CTDSPL,2010,1
BCR,S1PR2,2010,1
BCR,ZNF140,2010,1
BCR,PLCB1,2010,1
BCR,FZD8,2010,1
BCR,RPL5,2010,1
BCR,GAPDH,2010,1
BCR,UTP14A,2010,1
BCR,SAT1,2010,1
BCR,PPP3CA,2010,1
BCR,CADM4,2010,1
BCR,CARS1,2010,1
BCR,COL3A1,2010,1
BCR,DDAH1,2010,1
BCR,SP110,2010,1
BCR,RCAN2,2010,1
BCR,CA5A,2010,1
BCR,CAMK2G,2010,1
BCR,FKBP11,2010,1
BCR,CA2,2010,1
BCR,MBD4,2010,1
BCR,IRF7,2010,1
BCR,PDLIM5,2010,1
BCR,INTS6L,2010,1
RPL21,SLC22A2,2010,1
BCR,PGAP2,2010,1
BCR,CAPN6,2010,1
BCR,TJP1,2010,1
BCR,IL4,2010,1
BCR,EHF,2010,1
BCR,CXCR4,2010,1
BCR,RPL21,2010,1
BCR,ZNF473,2010,1
BCR,DBF4,2010,1
BCR,LAPTM4B,2010,1
BCR,LIPE,2010,1
BCR,THAP1,2010,1
BCR,CD93,2010,1
BCR,EPB42,2010,1
BCR,CLDN3,2010,1
BCR,IFI16,2010,1
BCR,TPM1,2010,1
BCR,SPTB,2010,1
BCR,SNX10,2010,1
BCR,PLOD2,2010,1
BCR,SCAF11,2010,1
BCR,SNTA1,2010,1
BCR,SETMAR,2010,1
BCR,PLEKHM1,2010,1
BCR,SORBS1,2010,1
IFI16,PTGS1,2010,1
IFI16,PDGFRA,2010,1
IFI16,RET,2010,1
BCR,CAMK2B,2010,1
BCR,PRKCQ,2010,1
BCR,FZD2,2010,1
PDGFRB,SRSF1,2010,1
PDGFRB,SEL1L,2010,1
PDGFRB,ZNF473,2010,1
PDGFRB,RPL21,2010,1
PDGFRB,SLC50A1,2010,1
PDGFRB,TAS2R14,2010,1
PDGFRB,RPL5,2010,1
PDGFRB,SMARCA1,2010,1
MORC3,RET,2010,1
MORC3,PTGS1,2010,1
MORC3,SLC22A2,2010,1
MORC3,PDGFRB,2010,1
PDGFRB,TPM1,2010,1
PDGFRB,TJP1,2010,1
CRYBB2,PDGFRB,2010,1
CRYBB2,CYP3A4,2010,1
PDGFRB,WNT5A,2010,1
PDGFRB,SP110,2010,1
PDGFRB,UBA6,2010,1
PDGFRB,PGLS,2010,1
PDGFRB,RARA,2010,1
PDGFRB,PLEKHM1,2010,1
PDGFRB,TRIM24,2010,1
MORC3,PDGFRA,2010,1
MORC3,ORM1,2010,1
MORC3,NTRK1,2010,1
PDGFRB,PYROXD1,2010,1
CRYBB2,CYP2C19,2010,1
CRYBB2,CYP3A5,2010,1
CRYBB2,NTRK1,2010,1
CRYBB2,ORM1,2010,1
CRYBB2,RET,2010,1
CRYBB2,SLC22A2,2010,1
CRYBB2,CYP2D6,2010,1
CRYBB2,CSF1R,2010,1
CRYBB2,CYP1A2,2010,1
PDE6H,PTGS1,2010,1
PDE6H,PDGFRB,2010,1
PDE6H,RET,2010,1
PDE6H,SLC22A2,2010,1
PDE6H,PDGFRA,2010,1
CRYBB2,DDR1,2010,1
CRYBB2,KIT,2010,1
KAT6A,SLC22A2,2010,1
KAT6A,PDGFRA,2010,1
KAT6A,PTGS1,2010,1
KAT6A,PDGFRB,2010,1
KAT6A,ORM1,2010,1
KAT6A,NTRK1,2010,1
KAT6A,RET,2010,1
HIF3A,PDGFRA,2010,1
HIF3A,SLC22A2,2010,1
HIF3A,RET,2010,1
HIF3A,PTGS1,2010,1
HIF3A,PDGFRB,2010,1
HIF3A,ORM1,2010,1
HIF3A,KIT,2010,1
HIF3A,NTRK1,2010,1
CLTA,DDR1,2010,1
CLTA,PDGFRA,2010,1
CLTA,ORM1,2010,1
PDGFRB,RAP1A,2010,1
PDGFRB,PRMT8,2010,1
PDGFRB,SCAF11,2010,1
PDGFRB,SP100,2010,1
CRYBB2,PDGFRA,2010,1
CRYBB2,PTGS1,2010,1
CRYBB2,CYP2C9,2010,1
CLTA,CYP3A5,2010,1
CLTA,CYP2D6,2010,1
CLTA,NTRK1,2010,1
CLTA,PDGFRB,2010,1
CLTA,CYP3A4,2010,1
ADAM22,NTRK1,2010,1
ADAM22,DDR1,2010,1
PDGFRB,PLOD2,2010,1
PDGFRB,RPL35,2010,1
PDGFRB,SESTD1,2010,1
PDGFRB,RCAN1,2010,1
PDGFRB,UBE3A,2010,1
PDGFRB,TNFRSF9,2010,1
PDGFRB,SPTB,2010,1
ADAM22,RET,2010,1
ADAM22,CYP3A4,2010,1
ADAM22,PDGFRB,2010,1
ADAM22,CYP2D6,2010,1
ADAM22,CYP3A5,2010,1
ADAM22,PTGS1,2010,1
ADAM22,BCR,2010,1
CLTA,RET,2010,1
CLTA,CYP2C9,2010,1
CLTA,CYP1A2,2010,1
CLTA,CSF1R,2010,1
PDGFRB,TLE1,2010,1
PDGFRB,RO60,2010,1
PDGFRB,TBCCD1,2010,1
PDGFRB,SYT11,2010,1
PDGFRB,TMEFF1,2010,1
ADAM22,CYP2C9,2010,1
ADAM22,CSF1R,2010,1
ADAM22,KIT,2010,1
ADAM22,ORM1,2010,1
ADAM22,SLC22A2,2010,1
ADAM22,PDGFRA,2010,1
ADAM22,CYP1A2,2010,1
PDGFRB,PDLIM5,2010,1
PGLS,PTGS1,2010,1
PGLS,RET,2010,1
PGLS,SLC22A2,2010,1
PDGFRB,SETMAR,2010,1
PDGFRB,TRIP11,2010,1
ADAM22,ALB,2010,1
ADAM22,CYP2C19,2010,1
CLTA,CYP2C19,2010,1
CLTA,SLC22A2,2010,1
CLTA,PTGS1,2010,1
CLTA,KIT,2010,1
PDGFRB,SKP1,2010,1
CYP2C9,RO60,2010,1
CYP2C9,GAPDH,2010,1
PDGFRB,SNTA1,2010,1
PDGFRB,PLCB1,2010,1
PDGFRB,RPL36A,2010,1
PDGFRB,SNX10,2010,1
PDGFRB,THAP1,2010,1
PDGFRB,UTP14A,2010,1
PDGFRB,SRI,2010,1
PDGFRB,SAT1,2010,1
PDGFRB,PPP3CA,2010,1
PDGFRB,RCAN2,2010,1
PDGFRB,PPP1R2,2010,1
PDGFRB,SEPTIN6,2010,1
SESTD1,SLC22A2,2010,1
CA5A,NTRK1,2010,1
CA5A,ORM1,2010,1
CA5A,SLC22A2,2010,1
CYP2C9,TFAP2B,2010,1
CYP2C9,TRIP11,2010,1
CYP2C9,PPP3CB,2010,1
CYP2C9,SAT1,2010,1
CYP2C9,PLEKHM1,2010,1
PDGFRB,ZP3,2010,1
PDGFRB,S1PR2,2010,1
PDGFRB,PRKCQ,2010,1
PDGFRB,ZNF140,2010,1
PDGFRB,TFAP2B,2010,1
PDGFRB,PPP3CB,2010,1
PDGFRB,SORBS1,2010,1
CA5A,CYP3A4,2010,1
ABCB6,CYP2C9,2010,1
ABCB6,ABL1,2010,1
ABCB6,CYP2D6,2010,1
ABCB6,NTRK1,2010,1
ABCB6,SLC22A2,2010,1
ABCB6,CYP1A2,2010,1
ABCB6,BCR,2010,1
ABCB6,ORM1,2010,1
ABCB6,DDR1,2010,1
ABCB6,ALB,2010,1
ABCB6,PTGS1,2010,1
ABCB6,KIT,2010,1
ABCB6,PDGFRA,2010,1
ABCB6,CSF1R,2010,1
ABCB6,RET,2010,1
RET,RPL36A,2010,1
RET,WNT5A,2010,1
RET,TPM1,2010,1
RET,UBA6,2010,1
CA5A,DDR1,2010,1
CA5A,PDGFRA,2010,1
CA5A,KIT,2010,1
CA5A,CYP2C9,2010,1
CA5A,PTGS1,2010,1
CA5A,CYP2C19,2010,1
CA5A,RET,2010,1
CA5A,CYP2D6,2010,1
CA5A,CYP3A5,2010,1
CA5A,CSF1R,2010,1
CA5A,CYP1A2,2010,1
CA5A,PDGFRB,2010,1
RET,TRIM24,2010,1
RET,SYT11,2010,1
RET,SNTA1,2010,1
RET,ZNF473,2010,1
RET,ZP3,2010,1
RET,SRSF1,2010,1
RET,SORBS1,2010,1
RET,TRIP11,2010,1
RET,SESTD1,2010,1
ABCB6,CYP3A4,2010,1
ABCB6,CYP2C19,2010,1
ABCB6,PDGFRB,2010,1
ABCB6,CYP3A5,2010,1
ABCB6,ABCG2,2010,1
MBD4,PTGS1,2010,1
MBD4,ORM1,2010,1
MBD4,NTRK1,2010,1
MBD4,RET,2010,1
MBD4,SLC22A2,2010,1
RET,TNFRSF9,2010,1
RET,RPL21,2010,1
RET,SETMAR,2010,1
RET,UTP14A,2010,1
RET,SAT1,2010,1
RET,SCAF11,2010,1
RET,RO60,2010,1
RET,TMEFF1,2010,1
RET,RPL5,2010,1
RET,TBCCD1,2010,1
RET,TJP1,2010,1
RET,SMARCA1,2010,1
RET,TFAP2B,2010,1
RET,TAS2R14,2010,1
RET,SEL1L,2010,1
RET,TLE1,2010,1
RET,SNX10,2010,1
RET,ZNF140,2010,1
RET,SEPTIN6,2010,1
RET,SPTB,2010,1
RET,UBE3A,2010,1
RET,S1PR2,2010,1
RET,SP110,2010,1
RET,SRI,2010,1
MBD4,PDGFRA,2010,1
MBD4,PDGFRB,2010,1
GLIPR1,KIT,2010,1
CYP2C9,RPL36A,2010,1
CYP2C9,UBE3A,2010,1
CYP2C9,IL4,2010,1
CYP2C9,MAPK11,2010,1
CYP2C9,PDE4DIP,2010,1
CYP2C9,SP100,2010,1
CYP2C9,NCOA3,2010,1
CYP2C9,RPL21,2010,1
CYP2C9,SESTD1,2010,1
RET,SKP1,2010,1
RET,RPL35,2010,1
RET,SP100,2010,1
CYP2C9,PYROXD1,2010,1
RET,THAP1,2010,1
CACNA2D2,CYP3A5,2010,1
CACNA2D2,PTGS1,2010,1
CACNA2D2,PDGFRB,2010,1
CACNA2D2,NTRK1,2010,1
PPP3CB,RET,2010,1
PPP3CB,SLC22A2,2010,1
PPP3CB,PTGS1,2010,1
GLIPR1,PDGFRA,2010,1
GLIPR1,PTGS1,2010,1
GLIPR1,NTRK1,2010,1
GLIPR1,PDGFRB,2010,1
GLIPR1,ORM1,2010,1
GLIPR1,SLC22A2,2010,1
GLIPR1,RET,2010,1
ALDOC,RET,2010,1
CADM4,SLC22A2,2010,1
CACNA2D2,CSF1R,2010,1
CACNA2D2,DDR1,2010,1
CACNA2D2,CYP2C19,2010,1
FLT3LG,NTRK1,2010,1
CACNA2D2,ORM1,2010,1
CACNA2D2,CYP2D6,2010,1
CACNA2D2,SLC22A2,2010,1
CACNA2D2,CYP2C9,2010,1
CACNA2D2,RET,2010,1
CACNA2D2,KIT,2010,1
CACNA2D2,CYP1A2,2010,1
CACNA2D2,PDGFRA,2010,1
CACNA2D2,CYP3A4,2010,1
CELF2,CYP3A5,2010,1
CELF2,SLC22A2,2010,1
CELF2,PTGS1,2010,1
CELF2,DDR1,2010,1
FLT3LG,ORM1,2010,1
FLT3LG,PDGFRB,2010,1
FLT3LG,SLC22A2,2010,1
FLT3LG,PTGS1,2010,1
FLT3LG,PDGFRA,2010,1
FLT3LG,RET,2010,1
FLT3LG,KIT,2010,1
ALDOC,PDGFRB,2010,1
ALDOC,ORM1,2010,1
ALDOC,CYP2C19,2010,1
ALDOC,CYP2C9,2010,1
ALDOC,KIT,2010,1
CELF2,NTRK1,2010,1
ALDOC,BCR,2010,1
ALDOC,NTRK1,2010,1
ALDOC,CYP3A4,2010,1
ALDOC,CYP2D6,2010,1
ALDOC,DDR1,2010,1
ALDOC,CSF1R,2010,1
ALDOC,PDGFRA,2010,1
ALDOC,PTGS1,2010,1
ALDOC,SLC22A2,2010,1
ALDOC,CYP1A2,2010,1
ALDOC,CYP3A5,2010,1
CADM4,CYP2C9,2010,1
CADM4,PDGFRA,2010,1
CADM4,CYP3A5,2010,1
CYP2C9,EHF,2010,1
CELF2,PDGFRA,2010,1
CYP2C9,MBD4,2010,1
CYP2C9,SEL1L,2010,1
CYP2C9,MGAT2,2010,1
CYP2C9,SPTB,2010,1
CYP2C9,ZNF473,2010,1
CYP2C9,TRIM24,2010,1
CYP2C9,TLE1,2010,1
CYP2C9,DLAT,2010,1
CYP2C9,FCN3,2010,1
CYP2C9,PPP1R2,2010,1
CYP2C9,EPB42,2010,1
CELF2,CYP2C9,2010,1
CELF2,CYP2D6,2010,1
CELF2,CYP2C19,2010,1
CADM4,PDGFRB,2010,1
CADM4,DDR1,2010,1
CYP2C9,ITGB1,2010,1
CYP2C9,LAPTM4B,2010,1
CYP2C9,GTF2H5,2010,1
CYP2C9,NFATC1,2010,1
CYP2C9,SORBS1,2010,1
CYP2C9,RPL5,2010,1
PLEKHM1,PTGS1,2010,1
PLEKHM1,RET,2010,1
PLEKHM1,SLC22A2,2010,1
CYP2C9,TJP1,2010,1
CYP2C9,PGAP2,2010,1
CYP2C9,NRG2,2010,1
CYP2C9,LIPE,2010,1
CYP2C9,RCAN2,2010,1
CYP2C9,EGR3,2010,1
CYP2C9,S1PR2,2010,1
CYP2C9,FKBP11,2010,1
CADM4,RET,2010,1
CADM4,CYP3A4,2010,1
CADM4,CYP2C19,2010,1
CADM4,PTGS1,2010,1
CADM4,NTRK1,2010,1
CADM4,ORM1,2010,1
CADM4,CSF1R,2010,1
CADM4,CYP1A2,2010,1
CADM4,CYP2D6,2010,1
CADM4,KIT,2010,1
MGAT2,PTGS1,2010,1
MGAT2,RET,2010,1
MGAT2,ORM1,2010,1
MGAT2,NTRK1,2010,1
CYP2C9,NUDT3,2010,1
CYP2C9,FZD8,2010,1
CELF2,CYP3A4,2010,1
CELF2,RET,2010,1
CELF2,CYP1A2,2010,1
CELF2,ORM1,2010,1
CELF2,KIT,2010,1
CELF2,PDGFRB,2010,1
PPP1R2,RET,2010,1
PPP1R2,SLC22A2,2010,1
PPP1R2,PTGS1,2010,1
CYP2C9,MORC3,2010,1
CYP2C9,RCAN1,2010,1
CYP2C9,SRI,2010,1
CYP2C9,GLIPR1,2010,1
CYP2C9,IRF7,2010,1
CYP2C9,ZP3,2010,1
CYP2C9,IL27RA,2010,1
CYP2C9,GGCX,2010,1
CYP2C9,THAP1,2010,1
CYP2C9,PDLIM5,2010,1
RPL35,SLC22A2,2010,1
MGAT2,PDGFRB,2010,1
MGAT2,PDGFRA,2010,1
MGAT2,SLC22A2,2010,1
CYP2C9,SNX10,2010,1
CYP2C9,H3C7,2010,1
CYP2C9,HIF3A,2010,1
CD93,CSF1R,2010,1
CD93,PDGFRB,2010,1
CD93,RET,2010,1
CD93,CYP3A4,2010,1
CD93,CYP2C9,2010,1
CD93,CYP2C19,2010,1
CD93,NTRK1,2010,1
CD93,CYP3A5,2010,1
CD93,KIT,2010,1
CD93,CYP2D6,2010,1
CD93,ORM1,2010,1
CD93,DDR1,2010,1
CD93,PTGS1,2010,1
CYP2C9,IFI16,2010,1
CYP2C9,ERMP1,2010,1
CYP2C9,SP110,2010,1
CYP2C9,DBF4,2010,1
CYP2C9,WNT5A,2010,1
CYP2C9,RAP1A,2010,1
CYP2C9,SKP1,2010,1
CYP2C9,EDF1,2010,1
CYP2C9,SNTA1,2010,1
CYP2C9,RPL35,2010,1
CYP2C9,TAS2R14,2010,1
CYP2C9,TMEFF1,2010,1
CYP2C9,MAML1,2010,1
CYP2C9,SLC50A1,2010,1
CYP2C9,PGLS,2010,1
CYP2C9,FLT3LG,2010,1
CYP2C9,PRKCQ,2010,1
CYP2C9,TBCCD1,2010,1
CPSF1,PDGFRA,2010,1
CPSF1,CYP2C9,2010,1
CPSF1,DDR1,2010,1
CPSF1,PTGS1,2010,1
CPSF1,CYP3A5,2010,1
CPSF1,CSF1R,2010,1
CPSF1,CYP2C19,2010,1
CPSF1,PDGFRB,2010,1
CPSF1,NTRK1,2010,1
CPSF1,CYP2D6,2010,1
CPSF1,SLC22A2,2010,1
CPSF1,KIT,2010,1
CPSF1,RET,2010,1
CPSF1,ORM1,2010,1
CPSF1,CYP3A4,2010,1
CPSF1,CYP1A2,2010,1
CYP2C9,KAT6A,2010,1
CYP2C9,SEPTIN6,2010,1
CYP2C9,ITCH,2010,1
CYP2C9,SCAF11,2010,1
CYP2C9,UBA6,2010,1
CYP2C9,TNFRSF9,2010,1
CYP2C9,ZNF140,2010,1
CYP2C9,RARA,2010,1
CYP2C9,PLOD2,2010,1
CYP2C9,SYT11,2010,1
CYP2C9,SETMAR,2010,1
CYP2C9,FOSL1,2010,1
CYP2C9,DDAH1,2010,1
CLTC,DDR1,2010,1
CYP2C9,UTP14A,2010,1
CYP2C9,PLCB1,2010,1
CYP2C9,PDE6H,2010,1
CYP2C9,TPM1,2010,1
CYP2C9,FZD2,2010,1
CYP2C9,SRSF1,2010,1
CYP2C9,SMARCA1,2010,1
CYP2C9,INTS6L,2010,1
CYP2C9,PRMT8,2010,1
CD93,PDGFRA,2010,1
CD93,CYP1A2,2010,1
CD93,SLC22A2,2010,1
CNR1,DDR1,2010,1
CNR1,ORM1,2010,1
CNR1,PDGFRA,2010,1
CNR1,NTRK1,2010,1
CNR1,CYP3A5,2010,1
CNR1,CYP2C9,2010,1
CNR1,PDGFRB,2010,1
CNR1,PTGS1,2010,1
SKP1,SLC22A2,2010,1
CLTC,CSF1R,2010,1
CLTC,CYP1A2,2010,1
CLTC,PDGFRA,2010,1
CLTC,RET,2010,1
CNR1,CYP1A2,2010,1
CNR1,CYP3A4,2010,1
CNR1,KIT,2010,1
CNR1,CSF1R,2010,1
DDAH1,DDR1,2010,1
DDAH1,RET,2010,1
DDAH1,SLC22A2,2010,1
DDAH1,PDGFRA,2010,1
CLTC,KIT,2010,1
CLTC,PTGS1,2010,1
CLTC,ORM1,2010,1
CLTC,PDGFRB,2010,1
CLTC,CYP3A5,2010,1
CLTC,CYP2D6,2010,1
CLTC,SLC22A2,2010,1
CA2,PTGS1,2010,1
CA2,ORM1,2010,1
CA2,CYP2C19,2010,1
CA2,CYP1A2,2010,1
CA2,PDGFRA,2010,1
CA2,DDR1,2010,1
CA2,PDGFRB,2010,1
CA2,CYP3A5,2010,1
CA2,CSF1R,2010,1
CA2,NTRK1,2010,1
CNR1,CYP2D6,2010,1
CNR1,RET,2010,1
CNR1,SLC22A2,2010,1
CNR1,CYP2C19,2010,1
CA2,CYP2C9,2010,1
CA2,RET,2010,1
CA2,CYP3A4,2010,1
CA2,CYP2D6,2010,1
CLTC,CYP2C19,2010,1
CLTC,CYP2C9,2010,1
CLTC,CYP3A4,2010,1
CLTC,NTRK1,2010,1
DDAH1,NTRK1,2010,1
DDAH1,KIT,2010,1
PPP3CA,PTGS1,2010,1
PPP3CA,RET,2010,1
PPP3CA,SLC22A2,2010,1
ANK3,BCR,2010,1
ANK3,ORM1,2010,1
ANK3,CYP2D6,2010,1
CYP3A5,S1PR2,2010,1
CYP3A5,KAT6A,2010,1
CYP3A5,MAPK11,2010,1
CYP3A5,PGAP2,2010,1
CYP3A5,SAT1,2010,1
CYP3A5,LAPTM4B,2010,1
CYP3A5,SYT11,2010,1
CYP3A5,ZP3,2010,1
CYP3A5,SORBS1,2010,1
CYP3A5,ZNF473,2010,1
CYP3A5,DLAT,2010,1
CYP3A5,PDE6H,2010,1
CA2,KIT,2010,1
CA2,SLC22A2,2010,1
CYP3A5,TRIM24,2010,1
CYP3A5,PYROXD1,2010,1
CYP3A5,ZNF140,2010,1
CYP3A5,SEPTIN6,2010,1
CYP3A5,MGAT2,2010,1
CYP3A5,SCAF11,2010,1
CYP3A5,GGCX,2010,1
CYP3A5,UTP14A,2010,1
CYP3A5,SNTA1,2010,1
CYP3A5,IL27RA,2010,1
CYP3A5,LIPE,2010,1
CYP3A5,FOSL1,2010,1
CYP3A5,GTF2H5,2010,1
CYP3A5,RO60,2010,1
CYP3A5,SLC50A1,2010,1
CYP3A5,TJP1,2010,1
ANK3,CYP2C9,2010,1
ANK3,CYP3A4,2010,1
CYP3A5,FKBP11,2010,1
CYP3A5,IL4,2010,1
CYP3A5,SP110,2010,1
CYP3A5,RARA,2010,1
CYP3A5,INTS6L,2010,1
CYP3A5,SRSF1,2010,1
CYP3A5,RPL5,2010,1
CYP3A5,PRKCQ,2010,1
CYP3A5,PLCB1,2010,1
CYP3A5,RPL36A,2010,1
CYP3A5,MAML1,2010,1
CYP3A5,PLEKHM1,2010,1
CYP3A5,TPM1,2010,1
CYP3A5,GAPDH,2010,1
CYP3A5,MORC3,2010,1
CYP3A5,TLE1,2010,1
CYP3A5,PDE4DIP,2010,1
ANK3,CSF1R,2010,1
ANK3,SLC22A2,2010,1
ANK3,DDR1,2010,1
ANK3,CYP3A5,2010,1
ANK3,PDGFRA,2010,1
ANK3,CYP2C19,2010,1
ANK3,CYP1A2,2010,1
ANK3,PTGS1,2010,1
ANK3,NTRK1,2010,1
ANK3,PDGFRB,2010,1
ANK3,KIT,2010,1
ANK3,RET,2010,1
EPB42,PTGS1,2010,1
EPB42,SLC22A2,2010,1
DDAH1,PTGS1,2010,1
ATF5,PTGS1,2010,1
ATF5,CYP1A2,2010,1
CYP3A5,ITGB1,2010,1
CYP3A5,THAP1,2010,1
CYP3A5,FLT3LG,2010,1
CYP3A5,TBCCD1,2010,1
CYP3A5,DBF4,2010,1
CYP3A5,FCN3,2010,1
ATF5,NTRK1,2010,1
ATF5,CYP3A5,2010,1
ATF5,PDGFRA,2010,1
ATF5,KIT,2010,1
ATF5,CYP2C9,2010,1
ATF5,BCR,2010,1
ATF5,PDGFRB,2010,1
ATF5,ORM1,2010,1
ATF5,CYP2C19,2010,1
DDAH1,ORM1,2010,1
DDAH1,PDGFRB,2010,1
EPB42,RET,2010,1
EPB42,PDGFRB,2010,1
EPB42,NTRK1,2010,1
ATF5,SLC22A2,2010,1
ATF5,CYP2D6,2010,1
ATF5,DDR1,2010,1
ATF5,RET,2010,1
ATF5,CYP3A4,2010,1
CYP3A5,SP100,2010,1
CYP3A5,TMEFF1,2010,1
CYP3A5,PLOD2,2010,1
CYP3A5,MBD4,2010,1
CYP3A5,SMARCA1,2010,1
CYP3A5,ITCH,2010,1
CYP3A5,TFAP2B,2010,1
CYP3A5,ERMP1,2010,1
CYP3A5,SKP1,2010,1
CYP3A5,FZD8,2010,1
ATF5,CSF1R,2010,1
EPB42,KIT,2010,1
EPB42,ORM1,2010,1
EPB42,PDGFRA,2010,1
ABL1,H3C7,2010,1
ABL1,API5,2010,1
ABL1,LAPTM4B,2010,1
ABL1,PPP3CB,2010,1
ABL1,PPP3CA,2010,1
ABL1,NUDT3,2010,1
ABL1,ITCH,2010,1
ABL1,CRCP,2010,1
ABL1,GGCX,2010,1
ABL1,ACSL1,2010,1
ABL1,CD93,2010,1
CYP3A5,IFI16,2010,1
CYP3A5,RPL35,2010,1
CYP3A5,SRI,2010,1
CYP3A5,EHF,2010,1
CYP3A5,TNFRSF9,2010,1
CYP3A5,PDLIM5,2010,1
CYP3A5,UBE3A,2010,1
FZD2,SLC22A2,2010,1
FZD2,RET,2010,1
FZD2,NTRK1,2010,1
FZD2,KIT,2010,1
FZD2,PTGS1,2010,1
FZD2,ORM1,2010,1
FZD2,PDGFRB,2010,1
FZD2,PDGFRA,2010,1
ABL1,IL4,2010,1
ABL1,ZNF473,2010,1
ABL1,PLEKHM1,2010,1
ABL1,ATF5,2010,1
ABL1,EPB42,2010,1
ABL1,EHF,2010,1
CYP3A5,NCOA3,2010,1
CYP3A5,RCAN2,2010,1
NFATC1,SLC22A2,2010,1
NFATC1,ORM1,2010,1
NFATC1,RET,2010,1
NFATC1,PDGFRA,2010,1
NFATC1,PDGFRB,2010,1
NFATC1,NTRK1,2010,1
CYP3A5,SETMAR,2010,1
CYP3A5,UBA6,2010,1
CYP3A5,SPTB,2010,1
ABL1,S1PR2,2010,1
ABL1,PRKCQ,2010,1
ABL1,SETMAR,2010,1
ABL1,AKR7A2,2010,1
ABL1,MBD4,2010,1
NFATC1,PTGS1,2010,1
ABL1,CAMK2G,2010,1
ABL1,TFAP2B,2010,1
ABL1,TMEFF1,2010,1
ABL1,AZGP1,2010,1
ABL1,CLPX,2010,1
ABL1,TJP1,2010,1
ABL1,CA2,2010,1
ABL1,SAT1,2010,1
ABL1,SNTA1,2010,1
CRCP,SLC22A2,2010,1
CRCP,PTGS1,2010,1
CRCP,CYP3A5,2010,1
CRCP,CYP1A2,2010,1
CRCP,RET,2010,1
CRCP,CYP2D6,2010,1
CRCP,KIT,2010,1
CRCP,DDR1,2010,1
ABL1,FKBP11,2010,1
ABL1,CARS1,2010,1
ABL1,EGR3,2010,1
ABL1,RARA,2010,1
ABL1,RPL5,2010,1
ABL1,CTDSPL,2010,1
ABL1,GTF2H5,2010,1
ABL1,RO60,2010,1
CYP3A5,SESTD1,2010,1
CYP3A5,SNX10,2010,1
CYP3A5,FZD2,2010,1
CYP3A5,PRMT8,2010,1
CYP3A5,RAP1A,2010,1
CYP3A5,TRIP11,2010,1
CRCP,CYP2C19,2010,1
CRCP,CYP3A4,2010,1
CRCP,ORM1,2010,1
CRCP,CYP2C9,2010,1
CRCP,PDGFRB,2010,1
CRCP,NTRK1,2010,1
CRCP,PDGFRA,2010,1
CRCP,CSF1R,2010,1
AKR7A2,CYP2D6,2010,1
AKR7A2,CYP2C19,2010,1
AKR7A2,CYP3A5,2010,1
AKR7A2,CSF1R,2010,1
AKR7A2,SLC22A2,2010,1
AKR7A2,CYP1A2,2010,1
AKR7A2,KIT,2010,1
AKR7A2,PTGS1,2010,1
AKR7A2,CYP3A4,2010,1
AKR7A2,DDR1,2010,1
AKR7A2,PDGFRA,2010,1
AKR7A2,ALB,2010,1
AKR7A2,RET,2010,1
AKR7A2,BCR,2010,1
AKR7A2,CYP2C9,2010,1
CYP3A5,RPL21,2010,1
CYP3A5,NUDT3,2010,1
CYP3A5,PPP1R2,2010,1
CYP3A5,GLIPR1,2010,1
CYP3A5,PPP3CB,2010,1
CYP3A5,EDF1,2010,1
CYP3A5,TAS2R14,2010,1
CYP3A5,NFATC1,2010,1
CYP3A5,IRF7,2010,1
CYP3A5,EGR3,2010,1
CYP3A5,PGLS,2010,1
CYP3A5,EPB42,2010,1
CYP3A5,SEL1L,2010,1
CYP3A5,NRG2,2010,1
CYP3A5,WNT5A,2010,1
CYP3A5,H3C7,2010,1
CYP3A5,RCAN1,2010,1
LAPTM4B,SLC22A2,2010,1
LAPTM4B,PDGFRB,2010,1
LAPTM4B,PDGFRA,2010,1
LAPTM4B,PTGS1,2010,1
LAPTM4B,ORM1,2010,1
LAPTM4B,NTRK1,2010,1
LAPTM4B,RET,2010,1
CAMK2B,CSF1R,2010,1
CAMK2B,KIT,2010,1
CAMK2B,CYP3A5,2010,1
CAMK2B,SLC22A2,2010,1
CYP3A5,HIF3A,2010,1
CYP3A5,DDAH1,2010,1
PDE4DIP,RET,2010,1
PDE4DIP,SLC22A2,2010,1
AKR7A2,NTRK1,2010,1
AKR7A2,PDGFRB,2010,1
AKR7A2,ORM1,2010,1
NRG2,NTRK1,2010,1
NRG2,PDGFRA,2010,1
NRG2,RET,2010,1
NRG2,PDGFRB,2010,1
NRG2,ORM1,2010,1
NRG2,SLC22A2,2010,1
NRG2,PTGS1,2010,1
PDE4DIP,PDGFRA,2010,1
PDE4DIP,PDGFRB,2010,1
NTRK1,PGAP2,2010,1
PDGFRB,PGAP2,2010,1
CAMK2B,CYP2D6,2010,1
CAMK2B,DDR1,2010,1
CAMK2B,CYP3A4,2010,1
CAMK2B,CYP1A2,2010,1
CAMK2B,RET,2010,1
CAMK2B,PDGFRB,2010,1
CAMK2B,CYP2C9,2010,1
CAMK2B,PTGS1,2010,1
CAMK2B,CYP2C19,2010,1
CAMK2B,NTRK1,2010,1
CAMK2B,PDGFRA,2010,1
CAMK2B,ORM1,2010,1
PDE4DIP,PTGS1,2010,1
PGAP2,PTGS1,2010,1
KIT,PGAP2,2010,1
CEACAM1,CYP3A4,2010,1
CEACAM1,PDGFRB,2010,1
CEACAM1,CYP3A5,2010,1
CEACAM1,PTGS1,2010,1
CEACAM1,CYP2C9,2010,1
CEACAM1,CSF1R,2010,1
CEACAM1,SLC22A2,2010,1
CEACAM1,KIT,2010,1
CEACAM1,PDGFRA,2010,1
CEACAM1,ORM1,2010,1
CEACAM1,CYP2C19,2010,1
CEACAM1,CYP1A2,2010,1
CEACAM1,RET,2010,1
PGAP2,RET,2010,1
CYP3A4,SEPTIN6,2010,1
CYP3A4,IFI16,2010,1
CYP3A4,NRG2,2010,1
CYP3A4,RO60,2010,1
CYP3A4,NFATC1,2010,1
CYP3A4,LAPTM4B,2010,1
CYP3A4,SNX10,2010,1
CYP3A4,ZNF140,2010,1
RCAN2,RET,2010,1
RCAN2,SLC22A2,2010,1
PDGFRA,PGAP2,2010,1
PGAP2,SLC22A2,2010,1
ORM1,PGAP2,2010,1
CYP3A4,EHF,2010,1
CYP3A4,INTS6L,2010,1
CYP3A4,DBF4,2010,1
GTF2H5,NTRK1,2010,1
GTF2H5,KIT,2010,1
GTF2H5,RET,2010,1
GTF2H5,ORM1,2010,1
GTF2H5,PDGFRA,2010,1
GTF2H5,PDGFRB,2010,1
GTF2H5,PTGS1,2010,1
CEACAM1,NTRK1,2010,1
CEACAM1,DDR1,2010,1
CEACAM1,CYP2D6,2010,1
CYP3A4,ITGB1,2010,1
CYP3A4,RCAN1,2010,1
CYP3A4,MAML1,2010,1
CYP3A4,ITCH,2010,1
GTF2H5,SLC22A2,2010,1
CYP3A4,IRF7,2010,1
CYP3A4,TAS2R14,2010,1
CYP3A4,PDLIM5,2010,1
CYP3A4,FCN3,2010,1
CYP3A4,TNFRSF9,2010,1
CYP3A4,ZNF473,2010,1
CYP3A4,PDE6H,2010,1
CYP3A4,SAT1,2010,1
CYP3A4,SRSF1,2010,1
CYP3A4,FZD8,2010,1
CYP3A4,RAP1A,2010,1
CYP3A4,TBCCD1,2010,1
CYP3A4,SORBS1,2010,1
CYP3A4,IL27RA,2010,1
CYP3A4,SEL1L,2010,1
CYP3A4,GLIPR1,2010,1
CYP3A4,TRIP11,2010,1
CYP3A4,PLCB1,2010,1
CYP3A4,PLEKHM1,2010,1
CYP3A4,SLC50A1,2010,1
CYP3A4,FLT3LG,2010,1
CYP3A4,MGAT2,2010,1
CYP3A4,PLOD2,2010,1
CYP3A4,TJP1,2010,1
CYP3A4,RPL21,2010,1
CYP3A4,SPTB,2010,1
CYP3A4,NUDT3,2010,1
CYP3A4,PGLS,2010,1
CYP3A4,UBA6,2010,1
CYP3A4,UBE3A,2010,1
CYP3A4,PGAP2,2010,1
CYP3A4,GAPDH,2010,1
CYP3A4,GTF2H5,2010,1
CYP3A4,SCAF11,2010,1
CYP3A4,MAPK11,2010,1
CYP3A4,H3C7,2010,1
CYP3A4,PPP1R2,2010,1
CYP3A4,TMEFF1,2010,1
CYP3A4,FOSL1,2010,1
CYP3A4,KAT6A,2010,1
CYP3A4,FZD2,2010,1
CYP3A4,IL4,2010,1
CYP3A4,SYT11,2010,1
CYP3A4,TRIM24,2010,1
CYP3A4,NCOA3,2010,1
CYP3A4,SRI,2010,1
CYP3A4,SMARCA1,2010,1
CYP3A4,EPB42,2010,1
CYP3A4,TPM1,2010,1
CYP3A4,EGR3,2010,1
CYP3A4,ERMP1,2010,1
CYP3A4,TLE1,2010,1
CYP3A4,SESTD1,2010,1
CYP3A4,RPL5,2010,1
PTGS1,S1PR2,2010,1
PTGS1,TJP1,2010,1
PTGS1,RCAN2,2010,1
PTGS1,SP110,2010,1
PTGS1,TBCCD1,2010,1
PTGS1,ZNF473,2010,1
PTGS1,SYT11,2010,1
PTGS1,RPL35,2010,1
PTGS1,RCAN1,2010,1
PTGS1,SETMAR,2010,1
PTGS1,RAP1A,2010,1
PTGS1,TNFRSF9,2010,1
CYP3A4,ZP3,2010,1
CYP3A4,GGCX,2010,1
PTGS1,UBE3A,2010,1
PTGS1,RO60,2010,1
PTGS1,SRSF1,2010,1
PTGS1,UBA6,2010,1
PTGS1,SORBS1,2010,1
PTGS1,TPM1,2010,1
PTGS1,RPL21,2010,1
PTGS1,SNTA1,2010,1
PTGS1,THAP1,2010,1
PTGS1,ZNF140,2010,1
PTGS1,TFAP2B,2010,1
PTGS1,TAS2R14,2010,1
PTGS1,RARA,2010,1
PTGS1,PYROXD1,2010,1
PTGS1,TRIM24,2010,1
PTGS1,ZP3,2010,1
PTGS1,TMEFF1,2010,1
PTGS1,RPL36A,2010,1
CYP3A4,SKP1,2010,1
CYP3A4,RPL36A,2010,1
CYP3A4,PRKCQ,2010,1
CYP3A4,DDAH1,2010,1
CYP3A4,LIPE,2010,1
CYP3A4,RPL35,2010,1
CYP3A4,SNTA1,2010,1
CYP3A4,UTP14A,2010,1
CYP3A4,RARA,2010,1
CYP3A4,SP110,2010,1
CYP3A4,PYROXD1,2010,1
CYP3A4,S1PR2,2010,1
CYP3A4,PRMT8,2010,1
PTGS1,SEPTIN6,2010,1
PTGS1,SAT1,2010,1
PTGS1,SP100,2010,1
PDGFRA,PRMT8,2010,1
PDGFRA,SESTD1,2010,1
PDGFRA,SORBS1,2010,1
PDGFRA,SETMAR,2010,1
PDGFRA,SRSF1,2010,1
PDGFRA,TRIM24,2010,1
PDGFRA,SMARCA1,2010,1
PDGFRA,TFAP2B,2010,1
PDGFRA,ZNF473,2010,1
PDGFRA,RPL35,2010,1
PDGFRA,RARA,2010,1
PTGS1,SNX10,2010,1
PTGS1,WNT5A,2010,1
PTGS1,SEL1L,2010,1
PDGFRA,SAT1,2010,1
PDGFRA,SCAF11,2010,1
PDGFRA,RPL21,2010,1
PDGFRA,TRIP11,2010,1
PDGFRA,PLCB1,2010,1
PDGFRA,THAP1,2010,1
PDGFRA,ZNF140,2010,1
PDGFRA,PYROXD1,2010,1
PDGFRA,SRI,2010,1
PDGFRA,SYT11,2010,1
PDGFRA,RO60,2010,1
PDGFRA,PPP3CB,2010,1
PTGS1,SESTD1,2010,1
PTGS1,TLE1,2010,1
PTGS1,SLC50A1,2010,1
PTGS1,TRIP11,2010,1
PDGFRA,RPL36A,2010,1
PDGFRA,SEL1L,2010,1
PDGFRA,PLEKHM1,2010,1
PDGFRA,UBE3A,2010,1
PDGFRA,TBCCD1,2010,1
PDGFRA,SP110,2010,1
PDGFRA,PLOD2,2010,1
PDGFRA,PPP1R2,2010,1
PDGFRA,RAP1A,2010,1
PDGFRA,RCAN2,2010,1
PDGFRA,ZP3,2010,1
PDGFRA,PRKCQ,2010,1
PDGFRA,TPM1,2010,1
PDGFRA,PDLIM5,2010,1
PDGFRA,SNX10,2010,1
PDGFRA,SKP1,2010,1
PDGFRA,SEPTIN6,2010,1
PDGFRA,SLC50A1,2010,1
PDGFRA,SNTA1,2010,1
PDGFRA,TAS2R14,2010,1
PDGFRA,S1PR2,2010,1
PDGFRA,UTP14A,2010,1
PDGFRA,RPL5,2010,1
BAD,SLC22A2,2010,1
PDGFRA,PGLS,2010,1
PDGFRA,PPP3CA,2010,1
PDGFRA,UBA6,2010,1
PDGFRA,TNFRSF9,2010,1
PDGFRA,SP100,2010,1
PDGFRA,RCAN1,2010,1
PDGFRA,TLE1,2010,1
PDGFRA,SPTB,2010,1
BAD,CYP3A4,2010,1
PDGFRA,WNT5A,2010,1
CYP3A4,EDF1,2010,1
CYP3A4,SETMAR,2010,1
CYP3A4,SP100,2010,1
CYP3A4,THAP1,2010,1
CYP3A4,PPP3CB,2010,1
CYP3A4,TFAP2B,2010,1
CYP3A4,HIF3A,2010,1
CYP3A4,RCAN2,2010,1
CYP3A4,DLAT,2010,1
CYP3A4,MORC3,2010,1
CYP3A4,FKBP11,2010,1
CYP3A4,PDE4DIP,2010,1
PDGFRA,TMEFF1,2010,1
PDGFRA,TJP1,2010,1
PTGS1,SPTB,2010,1
BAD,CYP3A5,2010,1
BAD,PDGFRB,2010,1
BAD,PTGS1,2010,1
BAD,PDGFRA,2010,1
BAD,CYP2C19,2010,1
BAD,CYP1A2,2010,1
BAD,DDR1,2010,1
BAD,NTRK1,2010,1
BAD,KIT,2010,1
BAD,CYP2D6,2010,1
BAD,ORM1,2010,1
BAD,RET,2010,1
BAD,CSF1R,2010,1
BAD,CYP2C9,2010,1
BAD,BCR,2010,1
ITGB1,RET,2010,1
ITGB1,NTRK1,2010,1
ATR,MYC,2011,1
MSH2,PINK1,2011,1
ELP4,MYC,2012,1
GNPNAT1,MYC,2012,1
CYP2D6,MYC,2012,1
ARHGAP6,MYC,2012,1
KLHL3,MYC,2012,1
LAMP5,MYC,2012,1
DNHD1,MYC,2012,1
KRAS,MAP3K7,2012,1
KRAS,TOP1,2012,1
DIP2B,MYC,2012,1
HDLBP,MYC,2012,1
BOD1L1,MYC,2012,1
CYP27B1,MYC,2012,1
CDH1,MYC,2012,1
DUS2,MYC,2012,1
FGD6,MYC,2012,1
EIF4E2,MYC,2012,1
MYC,SYT16,2012,1
MYC,RAP1A,2012,1
MYC,PIGN,2012,1
MYC,RLF,2012,1
MYC,RGMB,2012,1
MYC,PDK3,2012,1
MYC,POMC,2012,1
MYC,TPX2,2012,1
MYC,UBE2O,2012,1
MYC,TUBGCP3,2012,1
MYC,TOLLIP,2012,1
FASN,MYC,2012,1
MYC,TLR6,2012,1
MYC,RANBP9,2012,1
MYC,TBL1X,2012,1
MYC,RSPH1,2012,1
MYC,WDSUB1,2012,1
MYC,PPP2R5E,2012,1
MYC,PRMT8,2012,1
MYC,PRKAB1,2012,1
MYC,TM9SF4,2012,1
MYC,RHOBTB1,2012,1
MYC,VSIG4,2012,1
MYC,YBX2,2012,1
MYC,SPATA2L,2012,1
MYC,PTEN,2012,1
MYC,TBC1D1,2012,1
MYC,NACA,2012,1
MYC,RB1CC1,2012,1
MYC,SAC3D1,2012,1
MYC,TMEM126B,2012,1
MYC,ZNF177,2012,1
MYC,TOMM34,2012,1
MYC,SEL1L,2012,1
MYC,USP38,2012,1
MYC,SNRPF,2012,1
MYC,RAPGEF6,2012,1
MYC,PEA15,2012,1
MYC,SAE1,2012,1
MYC,RPL10A,2012,1
MYC,RSU1,2012,1
MYC,NFYB,2012,1
MYC,NTRK2,2012,1
MYC,ORM2,2012,1
MYC,SLC35A3,2012,1
MYC,TRIM44,2012,1
MYC,ZYX,2012,1
MYC,RNF138,2012,1
MYC,PTPA,2012,1
MYC,PCGF6,2012,1
MYC,TRAPPC5,2012,1
MYC,ZNF146,2012,1
MYC,SUMO3,2012,1
MYC,ZNF592,2012,1
MYC,ZBTB26,2012,1
MYC,PRND,2012,1
MYC,OSM,2012,1
MYC,ODAM,2012,1
MYC,ZNF112,2012,1
MYC,SLC11A2,2012,1
MYC,UBE2L6,2012,1
MYC,TRPS1,2012,1
MYC,USP33,2012,1
MYC,TRPC4,2012,1
MYC,SPATA21,2012,1
MYC,OR52B6,2012,1
MYC,TTLL6,2012,1
MYC,SCCPDH,2012,1
MYC,PITPNB,2012,1
MYC,RCAN3,2012,1
MYC,UBE3B,2012,1
MYC,PTPN23,2012,1
MYC,SLC12A9,2012,1
MYC,RING1,2012,1
MYC,WDR3,2012,1
MYC,ZNF583,2012,1
JADE2,MYC,2012,1
MYC,ZNF550,2012,1
MYC,TST,2012,1
MYC,SCN3B,2012,1
MYC,RPS23,2012,1
MYC,VRK2,2012,1
MYC,ZCCHC7,2012,1
MYC,THY1,2012,1
MYC,SND1,2012,1
MYC,TNFRSF9,2012,1
MYC,TSEN2,2012,1
MYC,RAPGEF5,2012,1
MYC,ZNF48,2012,1
MYC,RAB6B,2012,1
MYC,PLCH1,2012,1
MYC,UBA2,2012,1
MYC,SCN1A,2012,1
MYC,TRAM2,2012,1
MYC,NCOR1,2012,1
MYC,PIWIL4,2012,1
MYC,SRA1,2012,1
MYC,WDR82,2012,1
MYC,PRPF8,2012,1
MYC,RP2,2012,1
MYC,WDR47,2012,1
MYC,RBM3,2012,1
MYC,PHF1,2012,1
MYC,TREML4,2012,1
MYC,OPTN,2012,1
MYC,STAMBP,2012,1
MYC,USP9Y,2012,1
MYC,TOMM70,2012,1
MYC,SNX12,2012,1
MYC,PIP4K2B,2012,1
MYC,UBE4B,2012,1
MYC,UMPS,2012,1
MYC,RABGGTB,2012,1
MYC,SLC7A5,2012,1
MYC,PNRC2,2012,1
MYC,SKAP1,2012,1
MYC,PCNT,2012,1
MYC,SNX4,2012,1
MYC,USP8,2012,1
MYC,NR2C1,2012,1
MYC,VPS8,2012,1
MYC,TGM5,2012,1
MYC,SSNA1,2012,1
MYC,VAMP5,2012,1
MYC,RTN3,2012,1
MYC,SGK2,2012,1
MYC,SLC43A3,2012,1
MYC,PPP3R1,2012,1
MYC,RGS22,2012,1
MYC,OTX1,2012,1
ARPC3,MYC,2012,1
MYC,ZNF470,2012,1
MYC,NMD3,2012,1
MYC,POLR3GL,2012,1
MYC,TAX1BP1,2012,1
MYC,SOX4,2012,1
MYC,USP37,2012,1
MYC,PTK2,2012,1
MYC,ZNF614,2012,1
MAP3K20,MYC,2012,1
MYC,SLITRK5,2012,1
MYC,TRIM15,2012,1
MYC,VANGL1,2012,1
CHD1,MYC,2012,1
GRIPAP1,MYC,2012,1
KCTD3,MYC,2012,1
CSTF2,MYC,2012,1
IRF8,MYC,2012,1
BRF1,MYC,2012,1
LPCAT4,MYC,2012,1
FSD1,MYC,2012,1
DIAPH2,MYC,2012,1
PARP1,STAG3,2012,1
PARP1,STAG1,2012,1
PARP1,SMC1A,2012,1
PARP1,RAD21,2012,1
PARP1,SMC3,2012,1
IRF9,MYC,2012,1
DHRS7,MYC,2012,1
ALMS1,MYC,2012,1
LAMA2,MYC,2012,1
CTSA,MYC,2012,1
AADAT,MYC,2012,1
NIPBL,PARP1,2012,1
FER,MYC,2012,1
GNA12,MYC,2012,1
KEAP1,MYC,2012,1
BRAF,MYC,2012,1
LHX2,MYC,2012,1
PARP2,SMC3,2012,1
EBAG9,MYC,2012,1
IGF1,MYC,2012,1
FAM193A,MYC,2012,1
DCC,MYC,2012,1
KREMEN1,MYC,2012,1
MDM2,MYC,2012,1
MED30,MYC,2012,1
KBTBD11,MYC,2012,1
EGFR,TNKS,2012,1
BCL6,MYC,2012,1
ANXA5,MYC,2012,1
MORF4L2,MYC,2012,1
MRAP2,MYC,2012,1
GGA1,MYC,2012,1
IL10RB,MYC,2012,1
COPA,MYC,2012,1
IFNG,MYC,2012,1
ECD,MYC,2012,1
MYC,OTULIN,2012,1
GNS,MYC,2012,1
MORC2,MYC,2012,1
AIM2,MYC,2012,1
ATP5PO,MYC,2012,1
H4C7,MYC,2012,1
ALOX5AP,MYC,2012,1
ABCC8,MYC,2012,1
CNKSR1,MYC,2012,1
HNRNPAB,MYC,2012,1
GPRC5B,MYC,2012,1
HSD17B11,MYC,2012,1
EAF1,MYC,2012,1
GTPBP4,MYC,2012,1
GNPDA2,MYC,2012,1
BET1,MYC,2012,1
DNAH11,MYC,2012,1
MYBPC1,MYC,2012,1
CEP70,MYC,2012,1
KCNIP2,MYC,2012,1
HTR5A,MYC,2012,1
MAFK,MYC,2012,1
IQCC,MYC,2012,1
COL4A3,MYC,2012,1
ARPC4,MYC,2012,1
AKR1C3,MYC,2012,1
GTF3C4,MYC,2012,1
FHL2,MYC,2012,1
ARL6,MYC,2012,1
BID,MYC,2012,1
ATM,TP53,2012,1
AP3S1,MYC,2012,1
DHX58,MYC,2012,1
MYC,NUTM1,2012,1
DTD1,MYC,2012,1
KLRC1,MYC,2012,1
ADAT1,MYC,2012,1
KCNC4,MYC,2012,1
CHST14,MYC,2012,1
CUL3,MYC,2012,1
GCM1,MYC,2012,1
KRT27,MYC,2012,1
LCMT1,MYC,2012,1
MAX,MYC,2012,1
COPS4,MYC,2012,1
MEPE,MYC,2012,1
CSGALNACT2,MYC,2012,1
HERC1,MYC,2012,1
NAMPT,PARP2,2012,1
EGR1,MYC,2012,1
MDN1,MYC,2012,1
FAAH,MYC,2012,1
HNRNPH3,MYC,2012,1
GPSM2,MYC,2012,1
FEZ2,MYC,2012,1
CHPT1,MYC,2012,1
ACTR10,MYC,2012,1
COCH,MYC,2012,1
ACP6,MYC,2012,1
CACNA1S,MYC,2012,1
MSL3,MYC,2012,1
DMP1,MYC,2012,1
BAIAP2L1,MYC,2012,1
MYC,TICRR,2012,1
ATP11B,MYC,2012,1
BLZF1,MYC,2012,1
COQ3,MYC,2012,1
MAPKAPK5,MYC,2012,1
FBXO9,MYC,2012,1
AHCTF1,MYC,2012,1
BLVRA,MYC,2012,1
CRP,MYC,2012,1
ABCD4,MYC,2012,1
ERBB3,MYC,2012,1
GTF2B,MYC,2012,1
ARHGEF25,MYC,2012,1
MAST4,MYC,2012,1
KBTBD12,MYC,2012,1
IGF2,TP53,2012,1
KDM5D,MYC,2012,1
CXCL10,MYC,2012,1
CCNB1IP1,MYC,2012,1
LMOD1,MYC,2012,1
EFL1,MYC,2012,1
KCNMA1,MYC,2012,1
CTCF,MYC,2012,1
MYC,TMEM208,2012,1
GC,MYC,2012,1
DHX29,MYC,2012,1
ALKBH7,MYC,2012,1
CACNA1G,MYC,2012,1
HOXD10,MYC,2012,1
CTPS2,MYC,2012,1
BARD1,MYC,2012,1
CDK13,MYC,2012,1
GTF2E2,MYC,2012,1
FBXO44,MYC,2012,1
ASAP2,MYC,2012,1
CLC,MYC,2012,1
HOXA1,MYC,2012,1
MYC,STRADB,2012,1
LSM12,MYC,2012,1
MPHOSPH8,MYC,2012,1
MYC,SDR39U1,2012,1
KBTBD4,MYC,2012,1
LYPD5,MYC,2012,1
LMNTD1,MYC,2012,1
NAE1,TRMT1L,2013,1
DAPK3,NAE1,2013,1
MRFAP1,NAE1,2013,1
NAE1,TMEM69,2013,1
NAE1,SLC7A11,2013,1
NAE1,NOD2,2013,1
ACTR1B,NAE1,2013,1
NAE1,UBE2G1,2013,1
NAE1,PLSCR1,2013,1
NAE1,REV1,2013,1
NAE1,RAD51AP1,2013,1
NAE1,TERF2,2013,1
NAE1,RMI1,2013,1
NAE1,RPAP2,2013,1
NAE1,RFWD3,2013,1
CUL1,NAE1,2013,1
NAE1,PGS1,2013,1
H3C10,NAE1,2013,1
ADORA2A,NAE1,2013,1
MAEA,NAE1,2013,1
BDKRB2,NAE1,2013,1
AIFM2,NAE1,2013,1
MEN1,NAE1,2013,1
ERCC6,NAE1,2013,1
LAMTOR4,NAE1,2013,1
BCL2L14,NAE1,2013,1
ITM2C,NAE1,2013,1
GPX4,NAE1,2013,1
MUTYH,NAE1,2013,1
CHMP5,NAE1,2013,1
FAM83D,NAE1,2013,1
NAE1,USP43,2013,1
DEDD,NAE1,2013,1
BNIP1,NAE1,2013,1
CH25H,NAE1,2013,1
DDX41,NAE1,2013,1
DHFR,NAE1,2013,1
ATRAID,NAE1,2013,1
MCM2,NAE1,2013,1
ELMO1,NAE1,2013,1
ALKBH2,NAE1,2013,1
MLH3,NAE1,2013,1
GZMA,NAE1,2013,1
MAPK3,NAE1,2013,1
IKBKG,NAE1,2013,1
CXCL8,NAE1,2013,1
DNMT3B,NAE1,2013,1
MLH1,NAE1,2013,1
NAE1,PITPNM1,2013,1
NAE1,TNFAIP3,2013,1
NAE1,TREX2,2013,1
NAE1,OPA1,2013,1
NAE1,NPTXR,2013,1
NAE1,ORC1,2013,1
NAE1,TAS1R1,2013,1
NAE1,RPA3,2013,1
NAE1,OGG1,2013,1
NAE1,TNFRSF25,2013,1
NAE1,PJA1,2013,1
NAE1,TNFSF8,2013,1
NAE1,UBE2R2,2013,1
NAE1,RUFY1,2013,1
EMC7,NAE1,2013,1
FANCM,NAE1,2013,1
NAE1,TESC,2013,1
NAE1,UBE2Z,2013,1
NAE1,TSG101,2013,1
GPR61,NAE1,2013,1
MGMT,NAE1,2013,1
ABL1,NAE1,2013,1
JUNB,NAE1,2013,1
MMS19,NAE1,2013,1
CAPN3,NAE1,2013,1
PSMA1,UVRAG,2013,1
HUS1B,NAE1,2013,1
GSTM2,NAE1,2013,1
GJA9,NAE1,2013,1
API5,NAE1,2013,1
NAE1,TNFRSF21,2013,1
NAE1,RSRC1,2013,1
CCNJ,NAE1,2013,1
CASP5,NAE1,2013,1
EIF3G,NAE1,2013,1
NAE1,SCYL3,2013,1
NAE1,VPS53,2013,1
NAE1,UBE2S,2013,1
NAE1,NME6,2013,1
EHD4,NAE1,2013,1
DZIP1L,NAE1,2013,1
NAE1,PPP1R10,2013,1
NAE1,NSMCE2,2013,1
NAE1,UEVLD,2013,1
NAE1,PNKP,2013,1
NAE1,NUPR1,2013,1
NAE1,RFC5,2013,1
NAE1,VIPR2,2013,1
NAE1,WDR13,2013,1
KLHL1,NAE1,2013,1
FANCF,NAE1,2013,1
NAE1,SPIN1,2013,1
NAE1,SMCO4,2013,1
IL1B,NAE1,2013,1
MFSD3,NAE1,2013,1
NAE1,RAD51C,2013,1
NAE1,STK3,2013,1
NAE1,ZC3HC1,2013,1
NAE1,TNFRSF10A,2013,1
NAE1,SPRY2,2013,1
NAE1,UBE2I,2013,1
CDC20B,NAE1,2013,1
LY86,NAE1,2013,1
BRWD1,NAE1,2013,1
GLA,NAE1,2013,1
ALKBH7,NAE1,2013,1
CDH11,NAE1,2013,1
CDC42EP2,NAE1,2013,1
IAPP,NAE1,2013,1
NAE1,SMIM7,2013,1
EIF5AL1,NAE1,2013,1
M6PR,NAE1,2013,1
KAZN,NAE1,2013,1
CDKN1B,NAE1,2013,1
DUSP6,NAE1,2013,1
HAGH,NAE1,2013,1
CIC,NAE1,2013,1
LZTS2,NAE1,2013,1
NAE1,RBFOX3,2013,1
NAE1,RNPS1,2013,1
FANCG,NAE1,2013,1
NAE1,NXT1,2013,1
NAE1,RAB22A,2013,1
CHAT,NAE1,2013,1
NAE1,NEUROD6,2013,1
NAE1,PPP1R13L,2013,1
NAE1,SHISA5,2013,1
NAE1,TBC1D12,2013,1
ITFG1,NAE1,2013,1
E4F1,NAE1,2013,1
DDX49,NAE1,2013,1
MAP3K10,NAE1,2013,1
NAE1,SGPL1,2013,1
CXCR4,NAE1,2013,1
FOXO1,NAE1,2013,1
APC2,NAE1,2013,1
CHEK1,NAE1,2013,1
ADGRB1,NAE1,2013,1
BRCA1,NAE1,2013,1
CARD6,NAE1,2013,1
BABAM1,NAE1,2013,1
FCMR,NAE1,2013,1
DLAT,NAE1,2013,1
AIMP2,NAE1,2013,1
LAMC3,NAE1,2013,1
ATG7,NAE1,2013,1
ARHGEF6,NAE1,2013,1
APOBR,NAE1,2013,1
CRELD2,NAE1,2013,1
ITGAX,NAE1,2013,1
CCNA1,NAE1,2013,1
DNTT,NAE1,2013,1
GGA1,NAE1,2013,1
IFI6,NAE1,2013,1
NAE1,OR10A5,2013,1
NAE1,UBE2D1,2013,1
NAE1,RRM1,2013,1
NAE1,RDM1,2013,1
KMT5B,NAE1,2013,1
BAZ1A,NAE1,2013,1
DERL2,NAE1,2013,1
MRE11,NAE1,2013,1
NAE1,RNF168,2013,1
LAMP2,NAE1,2013,1
DDB2,NAE1,2013,1
LTBP3,NAE1,2013,1
NAE1,TNFRSF9,2013,1
CASP7,NAE1,2013,1
NAE1,NFYC,2013,1
NAE1,STAT1,2013,1
NAE1,SOD1,2013,1
NAE1,PKIG,2013,1
CYP2C8,NAE1,2013,1
ERLIN1,NAE1,2013,1
ATAD3A,NAE1,2013,1
NAE1,NUP54,2013,1
MRPS30,NAE1,2013,1
ADGRE1,NAE1,2013,1
MYD88,NAE1,2013,1
FAR2,NAE1,2013,1
ADAM8,NAE1,2013,1
KLK15,NAE1,2013,1
H2BC17,NAE1,2013,1
FAN1,NAE1,2013,1
ATG12,NAE1,2013,1
EIF5A,NAE1,2013,1
LCP1,NAE1,2013,1
EPC1,NAE1,2013,1
ANXA7,NAE1,2013,1
MTG2,NAE1,2013,1
CDC45,NAE1,2013,1
NAE1,NFKBIA,2013,1
NAE1,UBE2E2,2013,1
NAE1,PSMB8,2013,1
NAE1,PSMA5,2013,1
NAE1,NIM1K,2013,1
NAE1,PPP1R15A,2013,1
NAE1,PDCD6IP,2013,1
NAE1,TTLL6,2013,1
NAE1,SNCA,2013,1
CDK2,NAE1,2013,1
CRAT,NAE1,2013,1
BFAR,NAE1,2013,1
ACTRT2,NAE1,2013,1
ASF1A,NAE1,2013,1
FCER2,NAE1,2013,1
MAPK1,NAE1,2013,1
NAE1,TNFRSF18,2013,1
NAE1,UBE2C,2013,1
NAE1,TK1,2013,1
NAE1,OR5K1,2013,1
NAE1,TDRKH,2013,1
NAE1,NRG2,2013,1
NAE1,RECQL5,2013,1
CD28,NAE1,2013,1
CNOT11,NAE1,2013,1
ERCC8,NAE1,2013,1
NAE1,RBPJL,2013,1
NAE1,UBE2T,2013,1
NAE1,SERP1,2013,1
LTBR,NAE1,2013,1
MAD2L2,NAE1,2013,1
CCDC77,NAE1,2013,1
MAPK8,NAE1,2013,1
BAG5,NAE1,2013,1
MRPS10,NAE1,2013,1
CDR2L,NAE1,2013,1
CDK1,NAE1,2013,1
AIFM1,NAE1,2013,1
GTF2H5,NAE1,2013,1
DNMT1,NAE1,2013,1
CCN2,NAE1,2013,1
BTBD2,NAE1,2013,1
FKBP5,NAE1,2013,1
HDAC10,NAE1,2013,1
BCAP29,NAE1,2013,1
EIF4A1,NAE1,2013,1
MAPK8IP3,NAE1,2013,1
GTSE1,NAE1,2013,1
AVPR2,NAE1,2013,1
MTARC2,NAE1,2013,1
CZIB,NAE1,2013,1
CETN2,NAE1,2013,1
NAE1,UBE2L6,2013,1
NAE1,SLK,2013,1
FBXL18,NAE1,2013,1
MORF4L2,NAE1,2013,1
ASF1B,NAE1,2013,1
NAE1,SEC63,2013,1
CFTR,NAE1,2013,1
HDAC9,NAE1,2013,1
CD40,NAE1,2013,1
CD70,NAE1,2013,1
HTATIP2,NAE1,2013,1
EGLN3,NAE1,2013,1
MX1,NAE1,2013,1
BRD3,NAE1,2013,1
AMIGO2,NAE1,2013,1
GAD2,NAE1,2013,1
AP3D1,NAE1,2013,1
BST2,NAE1,2013,1
ATG5,NAE1,2013,1
CCNE2,NAE1,2013,1
AEBP2,NAE1,2013,1
LHFPL5,NAE1,2013,1
HSPA14,NAE1,2013,1
DET1,NAE1,2013,1
MUS81,NAE1,2013,1
CDC42EP1,NAE1,2013,1
FANCA,NAE1,2013,1
DAXX,NAE1,2013,1
ARL6,NAE1,2013,1
DNAH6,NAE1,2013,1
AHR,NAE1,2013,1
AQP2,NAE1,2013,1
CASP9,NAE1,2013,1
MPHOSPH9,NAE1,2013,1
BNIP3L,NAE1,2013,1
NAE1,SYT11,2013,1
NAE1,NDUFA13,2013,1
AHSA1,NAE1,2013,1
GPR37L1,NAE1,2013,1
HSF1,NAE1,2013,1
BIRC2,NAE1,2013,1
MTERF4,NAE1,2013,1
HLCS,NAE1,2013,1
NAE1,ZNF628,2013,1
NAE1,OR5B2,2013,1
NAE1,TUBB4B,2013,1
NAE1,NCKAP1,2013,1
NAE1,STIM2,2013,1
NAE1,RNF14,2013,1
NAE1,PCMTD2,2013,1
CCDC28A,NAE1,2013,1
GMNN,NAE1,2013,1
MIS18BP1,NAE1,2013,1
CLU,NAE1,2013,1
BAG3,NAE1,2013,1
DIABLO,NAE1,2013,1
MCL1,NAE1,2013,1
MDM2,NAE1,2013,1
E2F3,NAE1,2013,1
CDC25A,NAE1,2013,1
GPN1,NAE1,2013,1
NAE1,STX3,2013,1
NAE1,PSMD3,2013,1
NAE1,TNFRSF10D,2013,1
NAE1,PRPSAP1,2013,1
NAE1,UBE2M,2013,1
NAE1,NRBP2,2013,1
BIRC6,NAE1,2013,1
HDAC2,NAE1,2013,1
LIG1,NAE1,2013,1
LRP1B,NAE1,2013,1
KPTN,NAE1,2013,1
MIOS,NAE1,2013,1
ABL2,NAE1,2013,1
ALDH3A1,NAE1,2013,1
BIRC3,NAE1,2013,1
NAE1,SAE1,2013,1
NAE1,RTN4,2013,1
NAE1,UTP14A,2013,1
NAE1,TNKS1BP1,2013,1
HRK,NAE1,2013,1
ATP5F1B,NAE1,2013,1
BBC3,NAE1,2013,1
CENPI,NAE1,2013,1
ATMIN,NAE1,2013,1
NAE1,TRAK2,2013,1
NAE1,POLDIP3,2013,1
NAE1,PALB2,2013,1
NAE1,SERPINB2,2013,1
NAE1,POLR2F,2013,1
NAE1,TDP2,2013,1
NAE1,TRAF1,2013,1
NAE1,PARP1,2013,1
CSNK2A1,NAE1,2013,1
KIF18B,NAE1,2013,1
FAHD2A,NAE1,2013,1
COMMD2,NAE1,2013,1
BNIP3,NAE1,2013,1
GINS2,NAE1,2013,1
NAE1,PMS1,2013,1
BCCIP,NAE1,2013,1
NAE1,PFDN5,2013,1
NAE1,TNP1,2013,1
NAE1,PLEK2,2013,1
NAE1,TNFSF10,2013,1
NAE1,UBE2L3,2013,1
NAE1,VPS4A,2013,1
NAE1,TFDP1,2013,1
NAE1,SMC2,2013,1
NAE1,RFC3,2013,1
NAE1,RPL27A,2013,1
NAE1,RNF7,2013,1
NAE1,NME5,2013,1
NAE1,ZNF69,2013,1
NAE1,NIPAL1,2013,1
ESRRB,NAE1,2013,1
ABCD2,NAE1,2013,1
CASP1,NAE1,2013,1
ANKZF1,NAE1,2013,1
LIG4,NAE1,2013,1
CEACAM3,NAE1,2013,1
GZMB,NAE1,2013,1
CSE1L,NAE1,2013,1
NAE1,PCLAF,2013,1
BET1L,NAE1,2013,1
F2RL2,NAE1,2013,1
EIF2S1,NAE1,2013,1
FADD,NAE1,2013,1
FAIM,NAE1,2013,1
MDC1,NAE1,2013,1
EPB42,NAE1,2013,1
NAE1,SP1,2013,1
NAE1,SYNGR2,2013,1
CMAS,NAE1,2013,1
NAE1,UBA5,2013,1
ADGRL2,NAE1,2013,1
NAE1,RAB35,2013,1
NAE1,WDR45,2013,1
NAE1,SNRNP35,2013,1
NAE1,NAV3,2013,1
NAE1,SULF1,2013,1
NAE1,TTLL3,2013,1
DTL,NAE1,2013,1
NAE1,NBN,2013,1
NAE1,USP33,2013,1
NAE1,PLK4,2013,1
MARCHF6,NAE1,2013,1
ATP6V1H,NAE1,2013,1
INHBA,NAE1,2013,1
NAE1,PRKAA2,2013,1
ANAPC1,NAE1,2013,1
LRCH4,NAE1,2013,1
KIF2A,NAE1,2013,1
CHUK,NAE1,2013,1
HTR1E,NAE1,2013,1
FANCE,NAE1,2013,1
ATAD2B,NAE1,2013,1
ECHS1,NAE1,2013,1
NAE1,RALGAPA1,2013,1
CAMKK2,NAE1,2013,1
CCN1,NAE1,2013,1
FAM78B,NAE1,2013,1
ILF2,NAE1,2013,1
CHEK2,NAE1,2013,1
DAPK2,NAE1,2013,1
NAE1,STK17B,2013,1
LDLRAP1,NAE1,2013,1
FKBP3,NAE1,2013,1
BCL2A1,NAE1,2013,1
DDB1,NAE1,2013,1
IGF1R,NAE1,2013,1
LIPA,NAE1,2013,1
MOAP1,NAE1,2013,1
FTO,NAE1,2013,1
CD72,NAE1,2013,1
ABCB5,NAE1,2013,1
AVEN,NAE1,2013,1
HDAC3,NAE1,2013,1
GNG3,NAE1,2013,1
HMGB1,NAE1,2013,1
NAE1,SPIDR,2013,1
NAE1,PSEN1,2013,1
NAE1,YBEY,2013,1
NAE1,SMPD1,2013,1
NAE1,PDCD5,2013,1
NAE1,TRIM33,2013,1
NAE1,PLAUR,2013,1
NAE1,TOP3B,2013,1
NAE1,OSGIN1,2013,1
NAE1,RAD23A,2013,1
NAE1,RB1,2013,1
APLP1,NAE1,2013,1
BAG4,NAE1,2013,1
FASTK,NAE1,2013,1
NAE1,ULK2,2013,1
EIF4A2,NAE1,2013,1
NAE1,RBBP6,2013,1
KHSRP,NAE1,2013,1
BID,NAE1,2013,1
CDC34,NAE1,2013,1
COX6A2,NAE1,2013,1
MSH6,NAE1,2013,1
MAP3K5,NAE1,2013,1
LAMA5,NAE1,2013,1
EP300,NAE1,2013,1
DERL3,NAE1,2013,1
NAE1,TMED3,2013,1
NAE1,ZNF831,2013,1
NAE1,NOD1,2013,1
NAE1,SMARCAL1,2013,1
NAE1,RIPK1,2013,1
NAE1,TRIB3,2013,1
NAE1,TOMM34,2013,1
HMGB2,NAE1,2013,1
LGALS7,NAE1,2013,1
CHAF1A,NAE1,2013,1
LDOC1,NAE1,2013,1
GPRIN2,NAE1,2013,1
FBH1,NAE1,2013,1
CRAMP1,NAE1,2013,1
CALR3,NAE1,2013,1
CDC14B,NAE1,2013,1
NAE1,NOB1,2013,1
NAE1,TNF,2013,1
NAE1,SNAPC4,2013,1
NAE1,UBE2E3,2013,1
NAE1,SESN1,2013,1
EEF1D,NAE1,2013,1
LPAR4,NAE1,2013,1
FAF1,NAE1,2013,1
NAE1,NFKB2,2013,1
NAE1,RPS14,2013,1
LYPD2,NAE1,2013,1
APEX2,NAE1,2013,1
EIF4EBP1,NAE1,2013,1
DYDC2,NAE1,2013,1
ASCC1,NAE1,2013,1
CARD8,NAE1,2013,1
BTRC,NAE1,2013,1
KAT2B,NAE1,2013,1
KBTBD8,NAE1,2013,1
MYBL2,NAE1,2013,1
AGFG2,NAE1,2013,1
CDK7,NAE1,2013,1
MRPL40,NAE1,2013,1
DRD4,NAE1,2013,1
CDR2,NAE1,2013,1
GADD45B,NAE1,2013,1
CLPTM1,NAE1,2013,1
BECN1,NAE1,2013,1
CGREF1,NAE1,2013,1
CBX4,NAE1,2013,1
NAE1,PRCC,2013,1
NAE1,TENT5A,2013,1
FXR1,NAE1,2013,1
NAA50,NAE1,2013,1
NAE1,PAK4,2013,1
NAE1,ZNF772,2013,1
NAE1,PRSS50,2013,1
NAE1,RNF113A,2013,1
NAE1,RERG,2013,1
NAE1,RAD9A,2013,1
NAE1,NUP58,2013,1
NAE1,ZNF154,2013,1
NAE1,PCNA,2013,1
NAE1,TOX4,2013,1
NAE1,SMC4,2013,1
NAE1,RASSF7,2013,1
GULP1,NAE1,2013,1
CHMP4A,NAE1,2013,1
FEM1B,NAE1,2013,1
CYP2C9,NAE1,2013,1
DPF2,NAE1,2013,1
C1QTNF1,NAE1,2013,1
GLRX5,NAE1,2013,1
ME1,NAE1,2013,1
AQP1,NAE1,2013,1
DAP,NAE1,2013,1
FAM111A,NAE1,2013,1
KIN,NAE1,2013,1
L3MBTL4,NAE1,2013,1
DEDD2,NAE1,2013,1
GML,NAE1,2013,1
ACAD9,NAE1,2013,1
NAE1,NOLC1,2013,1
NAE1,XPC,2013,1
NAE1,UBE2B,2013,1
NABP1,NAE1,2013,1
NAE1,NGFR,2013,1
NAE1,PPM1F,2013,1
NAE1,PSMC2,2013,1
NAE1,SOX21,2013,1
NAE1,PELI1,2013,1
GCAT,NAE1,2013,1
ADPRS,NAE1,2013,1
HMOX1,NAE1,2013,1
NAE1,RAD51D,2013,1
NAE1,UBE2W,2013,1
NAE1,PIAS1,2013,1
NAE1,STK11,2013,1
NAE1,PARP4,2013,1
NAE1,NECAP1,2013,1
NAE1,RELN,2013,1
NAE1,UBA3,2013,1
NAE1,UBE2F,2013,1
NAE1,SUPT4H1,2013,1
NAE1,RS1,2013,1
NAE1,RPRML,2013,1
CD40LG,NAE1,2013,1
IL1A,NAE1,2013,1
FLOT2,NAE1,2013,1
GABARAPL2,NAE1,2013,1
DUSP9,NAE1,2013,1
NAE1,TESMIN,2013,1
MAD2L1,NAE1,2013,1
MYO9B,NAE1,2013,1
EXO1,NAE1,2013,1
ELMO3,NAE1,2013,1
APOH,NAE1,2013,1
LMTK2,NAE1,2013,1
NAE1,XBP1,2013,1
NAE1,SESN2,2013,1
NAE1,TP53RK,2013,1
INHA,NAE1,2013,1
CLCN7,NAE1,2013,1
NAE1,NLRP3,2013,1
NAE1,TIAL1,2013,1
ERCC6L,NAE1,2013,1
CASP4,NAE1,2013,1
HDAC11,NAE1,2013,1
CHD1L,NAE1,2013,1
ALAD,NAE1,2013,1
ACE,NAE1,2013,1
APOC3,NAE1,2013,1
KIF4A,NAE1,2013,1
NAE1,TCEANC2,2013,1
FANCD2,NAE1,2013,1
FAM8A1,NAE1,2013,1
CBLN1,NAE1,2013,1
MPG,NAE1,2013,1
CDT1,NAE1,2013,1
AGTR2,NAE1,2013,1
CD3E,NAE1,2013,1
BARD1,NAE1,2013,1
BEGAIN,NAE1,2013,1
CCBE1,NAE1,2013,1
MYC,NAE1,2013,1
HMCN1,NAE1,2013,1
ICAM1,NAE1,2013,1
LIG3,NAE1,2013,1
FAS,NAE1,2013,1
CARD11,NAE1,2013,1
CD38,NAE1,2013,1
H2AX,NAE1,2013,1
GNB1L,NAE1,2013,1
CRADD,NAE1,2013,1
DMC1,NAE1,2013,1
CARD9,NAE1,2013,1
HS3ST3A1,NAE1,2013,1
CDC6,NAE1,2013,1
GPR132,NAE1,2013,1
AKTIP,NAE1,2013,1
KCTD20,NAE1,2013,1
BRIP1,NAE1,2013,1
MED6,NAE1,2013,1
ADORA1,NAE1,2013,1
MSH3,NAE1,2013,1
DFFA,NAE1,2013,1
CX3CR1,NAE1,2013,1
MED28,NAE1,2013,1
KLHDC2,NAE1,2013,1
C2CD4B,NAE1,2013,1
GEN1,NAE1,2013,1
ANOS1,NAE1,2013,1
HUS1,NAE1,2013,1
ATP6V0D2,NAE1,2013,1
AURKB,NAE1,2013,1
IL2RA,NAE1,2013,1
DCLRE1B,NAE1,2013,1
DNASE2,NAE1,2013,1
BAG2,NAE1,2013,1
KLF7,NAE1,2013,1
CUL4A,NAE1,2013,1
FKBPL,NAE1,2013,1
FOSL2,NAE1,2013,1
EP400,NAE1,2013,1
DVL2,NAE1,2013,1
KLHL33,NAE1,2013,1
MXI1,NAE1,2013,1
MGST2,NAE1,2013,1
DLGAP1,NAE1,2013,1
BAX,NAE1,2013,1
GPR65,NAE1,2013,1
MAP2K3,NAE1,2013,1
BAK1,NAE1,2013,1
ACIN1,NAE1,2013,1
BNIP2,NAE1,2013,1
BLM,NAE1,2013,1
MRPS28,NAE1,2013,1
FSIP1,NAE1,2013,1
FZR1,NAE1,2013,1
MSH5,NAE1,2013,1
BMF,NAE1,2013,1
CIDEB,NAE1,2013,1
AFAP1,NAE1,2013,1
NAE1,OGFR,2013,1
GPR119,NAE1,2013,1
NAE1,PDE9A,2013,1
NAE1,NFIX,2013,1
NAE1,TRIM37,2013,1
NAE1,TNFRSF1A,2013,1
NAE1,SLC44A3,2013,1
NAE1,TOPBP1,2013,1
NAE1,YY1,2013,1
NAE1,TCF21,2013,1
NAE1,UBE2Q2,2013,1
NAE1,PPP3CC,2013,1
NAE1,SETX,2013,1
NAE1,TPR,2013,1
ADAMTS17,NAE1,2013,1
NAE1,WRNIP1,2013,1
JAM2,NAE1,2013,1
NAE1,RPS9,2013,1
NAE1,TESK1,2013,1
NAE1,RNASE6,2013,1
NAE1,NOL3,2013,1
NAE1,NR4A2,2013,1
NAE1,NT5C2,2013,1
NAE1,PORCN,2013,1
NAE1,WEE1,2013,1
NAE1,WDR77,2013,1
NAE1,RPA2,2013,1
NAE1,TRAF5,2013,1
NAE1,TP73,2013,1
NAE1,NIF3L1,2013,1
NAE1,NUDT1,2013,1
NAE1,XRCC2,2013,1
NAE1,SS18L2,2013,1
NAE1,UBE2J2,2013,1
NAE1,ZNF184,2013,1
NAE1,UIMC1,2013,1
NAE1,SFN,2013,1
NAE1,SGK1,2013,1
NAE1,SLC6A16,2013,1
NAE1,ZNF584,2013,1
NAE1,SH3RF2,2013,1
NAE1,PPP1R13B,2013,1
NAE1,UBE2E1,2013,1
NAE1,PBX1,2013,1
NAE1,TFAP2E,2013,1
NAE1,UNG,2013,1
NAE1,NEIL2,2013,1
AKAP8L,NAE1,2013,1
NAE1,NFYA,2013,1
NAE1,PDCD7,2013,1
FGF5,NAE1,2013,1
DAZL,NAE1,2013,1
NAE1,TMEM59,2013,1
NAE1,RAD50,2013,1
NAE1,PMEL,2013,1
NAE1,PKD2,2013,1
NAE1,WRN,2013,1
NAE1,UBE2D4,2013,1
LRRC59,NAE1,2013,1
JUND,NAE1,2013,1
ATG3,NAE1,2013,1
DPP9,NAE1,2013,1
ESPL1,NAE1,2013,1
ALDH5A1,NAE1,2013,1
NAE1,STAU2,2013,1
NAE1,PEX7,2013,1
NAE1,TTF1,2013,1
NAE1,TONSL,2013,1
BCL2L2,NAE1,2013,1
JUN,NAE1,2013,1
IKBKB,NAE1,2013,1
FBXO44,NAE1,2013,1
GJC3,NAE1,2013,1
MCM7,NAE1,2013,1
NAE1,PLXDC1,2013,1
NAE1,PIAS4,2013,1
NAE1,RABGGTA,2013,1
NAE1,TMEM125,2013,1
NAE1,TDG,2013,1
NAE1,PTH,2013,1
AATF,NAE1,2013,1
GCLM,NAE1,2013,1
DUSP5,NAE1,2013,1
COL4A4,NAE1,2013,1
CCNH,NAE1,2013,1
HDAC1,NAE1,2013,1
FANCL,NAE1,2013,1
DHX15,NAE1,2013,1
NACAD,NAE1,2013,1
MADD,NAE1,2013,1
CNOT6,NAE1,2013,1
CCT8,NAE1,2013,1
INTS3,NAE1,2013,1
HDAC4,NAE1,2013,1
NAE1,UBE2V2,2013,1
NAE1,RRM2B,2013,1
CASP8,NAE1,2013,1
HSPB3,NAE1,2013,1
DGKZ,NAE1,2013,1
NAE1,SRP68,2013,1
NAE1,ZNF334,2013,1
NAE1,UCHL1,2013,1
NAE1,RAD17,2013,1
NAE1,SHPRH,2013,1
NAE1,RAF1,2013,1
NAE1,THAP1,2013,1
NAE1,TP53INP1,2013,1
NAE1,SCNN1G,2013,1
NAE1,USP14,2013,1
NAE1,NARF,2013,1
CHCHD6,NAE1,2013,1
MED21,NAE1,2013,1
NAE1,POLE,2013,1
NAE1,OPN4,2013,1
NAE1,TNFAIP8,2013,1
NAE1,PPIL1,2013,1
NAE1,TRADD,2013,1
NAE1,RAD23B,2013,1
CDKN1A,NAE1,2013,1
NAE1,ZNF443,2013,1
NAE1,RMI2,2013,1
NAE1,PMAIP1,2013,1
NAE1,RHCG,2013,1
NAE1,S100Z,2013,1
LTA,NAE1,2013,1
ATM,NAE1,2013,1
AVPI1,NAE1,2013,1
ALKBH4,NAE1,2013,1
DACH2,NAE1,2013,1
CD14,NAE1,2013,1
FUZ,NAE1,2013,1
MRPL45,NAE1,2013,1
CUL9,NAE1,2013,1
ERCC4,NAE1,2013,1
MSH2,NAE1,2013,1
CNTRL,NAE1,2013,1
LAMP1,NAE1,2013,1
CPSF4,NAE1,2013,1
COMMD3,NAE1,2013,1
BCL2L12,NAE1,2013,1
ERCC2,NAE1,2013,1
KAT8,NAE1,2013,1
CHMP1A,NAE1,2013,1
MCPH1,NAE1,2013,1
CLTA,NAE1,2013,1
NAE1,RBM38,2013,1
HIF1A,NAE1,2013,1
NAE1,TBC1D8B,2013,1
NAE1,RAD18,2013,1
ALKBH5,NAE1,2013,1
IL24,NAE1,2013,1
CNTD1,NAE1,2013,1
NAE1,SIRT1,2013,1
NAE1,RGP1,2013,1
NAE1,WWOX,2013,1
HDX,NAE1,2013,1
CUL4B,NAE1,2013,1
LALBA,NAE1,2013,1
CASP6,NAE1,2013,1
E2F1,NAE1,2013,1
NAE1,PPME1,2013,1
NAE1,XRCC1,2013,1
NABP2,NAE1,2013,1
NAE1,SMC6,2013,1
NAE1,SWAP70,2013,1
NAE1,WDR19,2013,1
NAE1,POLM,2013,1
ERN1,NAE1,2013,1
CUL2,NAE1,2013,1
KPNA2,NAE1,2013,1
NAE1,POT1,2013,1
NAE1,PDCD10,2013,1
NAE1,TERT,2013,1
GLUD1,NAE1,2013,1
EIF2A,NAE1,2013,1
CD27,NAE1,2013,1
NAE1,PGRMC1,2013,1
NAE1,TOPORS,2013,1
NAE1,NFKB1,2013,1
NAE1,TP53BP2,2013,1
NAE1,PRR19,2013,1
NAE1,RAB12,2013,1
NAE1,UGT1A3,2013,1
NAE1,SMUG1,2013,1
NAE1,PIGV,2013,1
NAE1,TMEM86B,2013,1
NAE1,TNFRSF19,2013,1
NAE1,PSMD10,2013,1
NAE1,SUN5,2013,1
BIK,NAE1,2013,1
ATG10,NAE1,2013,1
FASLG,NAE1,2013,1
NAE1,SLC30A2,2013,1
NAE1,TBCCD1,2013,1
NAE1,THUMPD2,2013,1
NAE1,SNAI2,2013,1
NAE1,TCF20,2013,1
NAE1,PTPN6,2013,1
NAE1,PLK2,2013,1
NAE1,NDUFS8,2013,1
NAE1,NXN,2013,1
NAE1,TCOF1,2013,1
NAE1,NLRC4,2013,1
IL2,NAE1,2013,1
FAU,NAE1,2013,1
ARHGAP27,NAE1,2013,1
NAE1,SOX10,2013,1
NAE1,UBA1,2013,1
NAE1,PSME4,2013,1
NAE1,REN,2013,1
NAE1,NEIL3,2013,1
NAE1,SIGIRR,2013,1
NAE1,SNX24,2013,1
EME1,NAE1,2013,1
GPHN,NAE1,2013,1
CASP3,NAE1,2013,1
DONSON,NAE1,2013,1
KAT5,NAE1,2013,1
MZB1,NAE1,2013,1
NAE1,RAD51B,2013,1
NAE1,USP28,2013,1
NAE1,PSMC6,2013,1
NAE1,PECR,2013,1
NAE1,UBE2D3,2013,1
NAE1,RPS6KB2,2013,1
AIFM3,NAE1,2013,1
BIRC7,NAE1,2013,1
DAB1,NAE1,2013,1
BIRC5,NAE1,2013,1
NAE1,TYMS,2013,1
NAE1,XIAP,2013,1
NAE1,NOS2,2013,1
NAE1,SATB2,2013,1
NAE1,SIT1,2013,1
NAE1,UBE2Q1,2013,1
NAE1,TRAF4,2013,1
NAE1,TELO2,2013,1
NAE1,NME3,2013,1
NAE1,RNF8,2013,1
NAE1,TP53BP1,2013,1
LIN52,NAE1,2013,1
NAE1,TRIM40,2013,1
NAE1,RECK,2013,1
NAE1,WDHD1,2013,1
NAE1,NPM1,2013,1
NAE1,PRPF19,2013,1
NAE1,PAX7,2013,1
NAE1,SLC16A10,2013,1
NAE1,PIGM,2013,1
NAE1,RAD54B,2013,1
NAE1,PPM1D,2013,1
NAE1,PARP2,2013,1
NAE1,PCDHB10,2013,1
NAE1,TCF7L2,2013,1
NAE1,ZFAND3,2013,1
NAE1,TRPM5,2013,1
NAE1,USP47,2013,1
NAE1,USP1,2013,1
NAE1,REPIN1,2013,1
NAE1,VAV1,2013,1
NAE1,PLXNA3,2013,1
NAE1,TOP2A,2013,1
NAE1,USP25,2013,1
NAE1,RNF6,2013,1
NAE1,NTHL1,2013,1
NAE1,PKHD1,2013,1
NAE1,ZNF566,2013,1
NAE1,TP63,2013,1
FOXO4,NAE1,2013,1
F2R,NAE1,2013,1
AHNAK,NAE1,2013,1
BOK,NAE1,2013,1
CUL3,NAE1,2013,1
CLSPN,NAE1,2013,1
C1D,NAE1,2013,1
HPD,NAE1,2013,1
DNASE1,NAE1,2013,1
CDH20,NAE1,2013,1
FOXO3,NAE1,2013,1
NAE1,PSMD14,2013,1
NAE1,POLH,2013,1
NAE1,UFC1,2013,1
NAE1,PSMD12,2013,1
ERCC1,NAE1,2013,1
NAE1,PRKAB1,2013,1
NAE1,PCGF2,2013,1
NAE1,USP36,2013,1
NAE1,PSMB9,2013,1
NAE1,RHOA,2013,1
NAE1,REV3L,2013,1
NAE1,ZNF346,2013,1
NAE1,SGIP1,2013,1
NAE1,THOC2,2013,1
FBXW7,FEN1,2013,1
GAS2,NAE1,2013,1
ALKBH3,NAE1,2013,1
ENDOG,NAE1,2013,1
BTK,NAE1,2013,1
ESS2,NAE1,2013,1
HINT1,NAE1,2013,1
NAE1,UBE3C,2013,1
CYP2J2,NAE1,2013,1
CCDC59,NAE1,2013,1
IPMK,NAE1,2013,1
BCL2L10,NAE1,2013,1
ITGA10,NAE1,2013,1
CNTN5,NAE1,2013,1
MPO,NAE1,2013,1
MCM5,NAE1,2013,1
MORF4L1,NAE1,2013,1
APAF1,NAE1,2013,1
CCNB1,NAE1,2013,1
IL18,NAE1,2013,1
NAE1,TRIR,2013,1
DTX3L,NAE1,2013,1
KLF5,NAE1,2013,1
FEN1,NAE1,2013,1
DHCR24,NAE1,2013,1
ERP44,NAE1,2013,1
BAP1,NAE1,2013,1
FREM2,NAE1,2013,1
AURKA,NAE1,2013,1
AKT2,NAE1,2013,1
CTNNAL1,NAE1,2013,1
BCL2L1,NAE1,2013,1
NAE1,USP3,2013,1
NAE1,PSMC1,2013,1
NAE1,RAB9A,2013,1
NAE1,SERPINB8,2013,1
NAE1,SLC36A4,2013,1
CDK10,NAE1,2013,1
CYBA,NAE1,2013,1
ERCC5,NAE1,2013,1
NAE1,PSMB6,2013,1
NAE1,RHOB,2013,1
NAE1,SMNDC1,2013,1
NAE1,POU2F1,2013,1
NAE1,SREBF2,2013,1
CDKN2A,NAE1,2013,1
DUSP22,NAE1,2013,1
MTA1,NAE1,2013,1
CUL7,NAE1,2013,1
MRPL39,NAE1,2013,1
ERCC3,NAE1,2013,1
NAE1,PDCD6,2013,1
ENPP1,NAE1,2013,1
HTT,NAE1,2013,1
BRD4,NAE1,2013,1
CDK3,NAE1,2013,1
IL10,NAE1,2013,1
CCDC85B,NAE1,2013,1
GAS2L2,NAE1,2013,1
CYP24A1,NAE1,2013,1
AKT1,NAE1,2013,1
NAE1,STAMBP,2013,1
NAE1,SMC1A,2013,1
NAE1,TFPI2,2013,1
NAE1,POLN,2013,1
NAE1,RAD54L,2013,1
NAE1,ZFY,2013,1
NAE1,PRKCZ,2013,1
NAE1,PRLR,2013,1
NAE1,PSMA6,2013,1
NAE1,PARP3,2013,1
NAE1,RNF34,2013,1
NAE1,UBE2N,2013,1
NAE1,TOP1,2013,1
NAE1,UBE2J1,2013,1
NAE1,USP15,2013,1
NAE1,TNFRSF6B,2013,1
NAE1,URI1,2013,1
NAE1,QSOX1,2013,1
LAMA2,NAE1,2013,1
MBNL1,NAE1,2013,1
FAM3C,NAE1,2013,1
NAE1,PDCD4,2013,1
NAE1,RUVBL2,2013,1
NAE1,TXNL1,2013,1
NAE1,RNASEH2B,2013,1
NAE1,PSMB10,2013,1
NAE1,TNFSF12,2013,1
NAE1,ZNF41,2013,1
NAE1,RFC4,2013,1
NAE1,SPIB,2013,1
NAE1,TNS1,2013,1
NAE1,SLC35C2,2013,1
NAE1,TMEM42,2013,1
NAE1,SNUPN,2013,1
NAE1,UBE2G2,2013,1
NAE1,PAX3,2013,1
NAE1,SPDYA,2013,1
KIF23,NAE1,2013,1
NAE1,UBE2A,2013,1
NAE1,RMND5B,2013,1
DOK6,NAE1,2013,1
HTRA2,NAE1,2013,1
IK,NAE1,2013,1
AS3MT,NAE1,2013,1
NAE1,SLFN11,2013,1
CLTB,NAE1,2013,1
BCL2L11,NAE1,2013,1
MTFR1L,NAE1,2013,1
BCAP31,NAE1,2013,1
DCLRE1C,NAE1,2013,1
FANCC,NAE1,2013,1
NAE1,TGFB1,2013,1
NAE1,TRAF3,2013,1
NAE1,RNF220,2013,1
NAE1,RAB2A,2013,1
NAE1,ZIM3,2013,1
CENPX,NAE1,2013,1
NAE1,PAXIP1,2013,1
NAE1,SMC3,2013,1
GADD45G,NAE1,2013,1
GCC1,NAE1,2013,1
BRCA2,NAE1,2013,1
GSN,NAE1,2013,1
CARD10,NAE1,2013,1
NAE1,TERF2IP,2013,1
NAE1,POLQ,2013,1
NAE1,SRM,2013,1
NAE1,ZNF511,2013,1
NAE1,TP53,2013,1
CARD14,NAE1,2013,1
CASP14,NAE1,2013,1
NAE1,WDR48,2013,1
NAE1,SSRP1,2013,1
ANO1,NAE1,2013,1
CCNB2,NAE1,2013,1
NAE1,XRCC6,2013,1
NAE1,NEDD4,2013,1
NAE1,SERPINB5,2013,1
NAE1,RAPH1,2013,1
FAM111B,NAE1,2013,1
DDI1,NAE1,2013,1
EIF2AK2,NAE1,2013,1
EBAG9,NAE1,2013,1
ANK1,NAE1,2013,1
DCC,NAE1,2013,1
NAE1,ZFYVE16,2013,1
NAE1,NEK1,2013,1
NAE1,SPOCK1,2013,1
NAE1,PDCD1,2013,1
PARP2,STAG3,2013,1
PARP2,STAG1,2013,1
CAND1,NAE1,2013,1
NAE1,PPP2CB,2013,1
NAE1,RAD52,2013,1
NAE1,PDS5B,2013,1
NAE1,NDUFS1,2013,1
NAE1,RRM2,2013,1
NAE1,PMS2,2013,1
NAE1,RASA1,2013,1
CFLAR,NAE1,2013,1
DAD1,NAE1,2013,1
NAE1,RFC2,2013,1
NAE1,RFC1,2013,1
NAE1,YEATS2,2013,1
NAE1,PAWR,2013,1
NAE1,PRPF40B,2013,1
NAE1,RPA4,2013,1
NAE1,PDGFRL,2013,1
ARHGEF35,NAE1,2013,1
MNAT1,NAE1,2013,1
NAE1,NCLN,2013,1
NAE1,SH2D4A,2013,1
PARP2,RAD21,2013,1
PARP2,SMC1A,2013,1
CDC25C,NAE1,2013,1
NAE1,PRPH,2013,1
NAE1,UBE2O,2013,1
NAE1,NSMCE1,2013,1
NAE1,PSMA3,2013,1
NAE1,NFE2L2,2013,1
NAE1,UBE4B,2013,1
NAE1,RDH13,2013,1
DFFB,NAE1,2013,1
ATOX1,NAE1,2013,1
NAE1,TRA2A,2013,1
NAE1,RXYLT1,2013,1
NAE1,QSOX2,2013,1
NAE1,UBE2QL1,2013,1
NAE1,SSTR3,2013,1
NAE1,TDP1,2013,1
NAE1,RPE,2013,1
NAE1,XRCC4,2013,1
NAE1,SLC25A12,2013,1
NAE1,PSME1,2013,1
NAE1,SIPA1,2013,1
NAE1,TOP3A,2013,1
NAE1,PLSCR3,2013,1
NAE1,PRRT2,2013,1
NAE1,STK17A,2013,1
GNG8,NAE1,2013,1
ADRA1A,NAE1,2013,1
GZMM,NAE1,2013,1
FBXO5,NAE1,2013,1
DAP3,NAE1,2013,1
ELMO2,NAE1,2013,1
BTG1,NAE1,2013,1
BAG1,NAE1,2013,1
CD2,NAE1,2013,1
ATG9A,NAE1,2013,1
ATR,NAE1,2013,1
CEP250,NAE1,2013,1
DAG1,NAE1,2013,1
MTPN,NAE1,2013,1
LMNTD1,NAE1,2013,1
KBTBD4,NAE1,2013,1
NAE1,ZNF91,2013,1
NAE1,UBA2,2013,1
NAE1,UBE2K,2013,1
NAE1,OR2M4,2013,1
NAE1,PIK3C3,2013,1
NAE1,RBBP8,2013,1
NAE1,RPA1,2013,1
NAE1,PLA2G6,2013,1
NAE1,TNFRSF1B,2013,1
NAE1,TNFSF18,2013,1
NAE1,TRIM72,2013,1
NAE1,RASGRP1,2013,1
NAE1,PLAGL1,2013,1
NAE1,RAD9B,2013,1
GTF2H4,NAE1,2013,1
NAE1,PTEN,2013,1
NAE1,USP20,2013,1
NAE1,UBE2U,2013,1
NAE1,XRCC3,2013,1
NAE1,XPR1,2013,1
HK2,NAE1,2013,1
CCDC66,NAE1,2013,1
BCL10,NAE1,2013,1
CCS,NAE1,2013,1
APOB,NAE1,2013,1
CDCP2,NAE1,2013,1
FANCI,NAE1,2013,1
DIDO1,NAE1,2013,1
CUL5,NAE1,2013,1
HOXB4,NAE1,2013,1
IGBP1,NAE1,2013,1
MAGEH1,NAE1,2013,1
GRHL3,NAE1,2013,1
CSNK2A2,NAE1,2013,1
LCN2,NAE1,2013,1
CLDND1,NAE1,2013,1
NAE1,UBE2D2,2013,1
NAE1,UBE2H,2013,1
NAE1,UNC13B,2013,1
NAE1,PXDNL,2013,1
NAE1,PRDX2,2013,1
NAE1,PYCARD,2013,1
NAE1,USP21,2013,1
NAE1,ZCCHC24,2013,1
NAE1,SUMO1,2013,1
NAE1,PDCD2L,2013,1
NAE1,RECQL,2013,1
NAE1,TNFRSF12A,2013,1
HAO2,NAE1,2013,1
NAE1,XAB2,2013,1
NAE1,TUBB4A,2013,1
NAE1,TMBIM6,2013,1
NAE1,RAD1,2013,1
NAE1,RNF135,2013,1
NAE1,NEIL1,2013,1
NAE1,STARD3,2013,1
NAE1,PPIP5K1,2013,1
NAE1,USP11,2013,1
CSF2RB,NAE1,2013,1
FBXO6,NAE1,2013,1
NAE1,PATJ,2013,1
LHX2,NAE1,2013,1
DAPK1,NAE1,2013,1
NAE1,RAD54L2,2013,1
NAE1,RNASEH2A,2013,1
NAE1,SETMAR,2013,1
NAE1,PDCD2,2013,1
CCNE1,NAE1,2013,1
FAAP24,NAE1,2013,1
NAE1,TCAF1,2013,1
ABCC12,NAE1,2013,1
CHAF1B,NAE1,2013,1
NAE1,PRKCA,2013,1
DMWD,NAE1,2013,1
NAE1,PAF1,2013,1
NAE1,NLRP1,2013,1
NAE1,NTF3,2013,1
BRAF,NAE1,2013,1
NAE1,UBE2V1,2013,1
NAE1,PA2G4,2013,1
NAE1,ZNF212,2013,1
DCLRE1A,NAE1,2013,1
INCENP,NAE1,2013,1
GTF2H1,NAE1,2013,1
FNDC9,NAE1,2013,1
AIG1,NAE1,2013,1
MYC,PRKCD,2014,1
FANCD2,RBBP8,2014,1
MYC,PSKH2,2014,1
MYC,PHKG2,2014,1
ERN1,MYC,2014,1
CDK16,MYC,2014,1
GSK3B,MYC,2014,1
LMTK3,MYC,2014,1
PTAR1,TRAPPC11,2015,1
PTAR1,TRAPPC12,2015,1
PTAR1,SPTSSA,2015,1
GRB2,KRAS,2015,1
MARCHF6,PTAR1,2015,1
KRAS,SOS1,2015,1
KRAS,SHC1,2015,1
CLPTM1L,PAPSS1,2015,1
ARPC2,TMEM165,2015,1
KRAS,PIK3CA,2015,1
RAB1A,VPS51,2015,1
RAB1A,TRAPPC12,2015,1
KRAS,MAPK1,2015,1
RAB1B,TRAPPC12,2015,1
FBXW7,TMEM126B,2015,1
FBXW7,TNFRSF19,2015,1
FBXW7,ZFR,2015,1
ALKBH8,FBXW7,2015,1
FBXW7,MS4A1,2015,1
FBXW7,PUF60,2015,1
FBXW7,PTGDS,2015,1
FBXW7,RFWD3,2015,1
FBXW7,RAG1,2015,1
FBXW7,RERG,2015,1
FBXW7,RSPRY1,2015,1
CYLD,FBXW7,2015,1
FBXW7,SLC35A1,2015,1
CINP,FBXW7,2015,1
FBXW7,KATNAL1,2015,1
FBXW7,SNRNP70,2015,1
FBXW7,PRPSAP1,2015,1
CTDP1,FBXW7,2015,1
CDH19,FBXW7,2015,1
FBXW7,SNRPF,2015,1
FBXW7,PHF20L1,2015,1
CTIF,FBXW7,2015,1
FBXW7,SUPT6H,2015,1
FAM32A,FBXW7,2015,1
EXOSC4,FBXW7,2015,1
FBXW7,NECTIN3,2015,1
AP2A1,FBXW7,2015,1
FBXW7,FGA,2015,1
FBXW7,VPS16,2015,1
EPOR,FBXW7,2015,1
FBXW7,SPTBN1,2015,1
CDR2,FBXW7,2015,1
FBXW7,RERE,2015,1
FBXW7,ZC3H18,2015,1
FBXW7,SPDL1,2015,1
EBF3,FBXW7,2015,1
FANCD2,FBXW7,2015,1
FBXW7,MPPED1,2015,1
FBXW7,MASTL,2015,1
FBXW7,LPA,2015,1
FBXW7,SRBD1,2015,1
FBXW7,PALM2AKAP2,2015,1
FBXW7,RNPC3,2015,1
FBXW7,GGCT,2015,1
FBXW7,ITGAV,2015,1
CYBB,FBXW7,2015,1
FBXW7,GRIK3,2015,1
FBXW7,SENP7,2015,1
FBXW7,GRM3,2015,1
COPS6,FBXW7,2015,1
FBXW7,SSH2,2015,1
FBXW7,SLC17A1,2015,1
FBXW7,MACROH2A2,2015,1
COL1A2,FBXW7,2015,1
FBXW7,MOCS1,2015,1
FBXW7,GMDS,2015,1
BUB1B,FBXW7,2015,1
FBXW7,UBAC1,2015,1
FBXW7,RAB4B,2015,1
FBXW7,SOX7,2015,1
B3GALNT2,FBXW7,2015,1
CDK18,FBXW7,2015,1
COPS3,FBXW7,2015,1
FBXW7,ZNF563,2015,1
FBXW7,NAPG,2015,1
FBXW7,SNRPB2,2015,1
FBXW7,TUBA1B,2015,1
FBXW7,RALYL,2015,1
BRAF,MAPK1,2015,1
FBXW7,LCE1B,2015,1
BRAF,MAP2K1,2015,1
FBXW7,LRRTM1,2015,1
FBXW7,TRIM58,2015,1
EIF4A3,FBXW7,2015,1
FBXW7,SSBP1,2015,1
FBXW7,PTPRN2,2015,1
DIDO1,FBXW7,2015,1
CPSF1,FBXW7,2015,1
FBXW7,TJP2,2015,1
FBXW7,NELFE,2015,1
FBXW7,ZCCHC3,2015,1
FBXW7,LETM2,2015,1
EFHC1,FBXW7,2015,1
BARX2,FBXW7,2015,1
CMIP,FBXW7,2015,1
ACTR5,FBXW7,2015,1
DLC1,FBXW7,2015,1
FBXW7,RSBN1L,2015,1
DNAJC21,FBXW7,2015,1
FBXW7,NDUFB9,2015,1
FBXW7,TBCB,2015,1
FBXW7,NCOR1,2015,1
FBXW7,MTFMT,2015,1
UBL5,WAPL,2015,1
FBXW7,SPRED1,2015,1
FBXW7,RBMX,2015,1
DUSP16,FBXW7,2015,1
FBXW7,MED22,2015,1
EIF4E3,FBXW7,2015,1
FBXW7,TRAT1,2015,1
FBXW7,POLR2K,2015,1
COL12A1,FBXW7,2015,1
KRAS,PANK3,2016,1
AKT2,KRAS,2016,1
HELQ,RAD51,2016,1
BCR,NFATC1,2016,1
BCR,WNT5A,2016,1
MLH1,POLG,2016,1
FEN1,RAD54B,2016,1
MSH6,PINK1,2016,1
MLH1,PINK1,2016,1
MSH2,POLB,2016,1
CTNNB1,FLT1,2016,1
PAK3,TP53,2016,1
RB1,TP53,2016,1
SGK2,TP53,2016,1
MET,TP53,2016,1
CTNNB1,TP53,2016,1
MAPKAPK2,TP53,2016,1
AURKB,MYC,2016,1
EGFR,NOTCH2,2016,1
EGLN3,KRAS,2016,1
KRAS,KRT32,2016,1
ELAC2,KRAS,2016,1
ARID1B,KRAS,2016,1
GATA6,KRAS,2016,1
KRAS,PNCK,2016,1
DGKA,KRAS,2016,1
KRAS,MAP3K5,2016,1
KRAS,NUAK1,2016,1
KRAS,VRK3,2016,1
KRAS,RPS6KB1,2016,1
KRAS,MAPK8IP1,2016,1
KRAS,UBA1,2016,1
CDH3,EGFR,2016,1
EGFR,PRKCD,2016,1
DCN,EGFR,2016,1
KRAS,MAPK15,2016,1
CDCA8,KRAS,2016,1
BCR,KRAS,2016,1
CDKN1C,KRAS,2016,1
KRAS,TAF1L,2016,1
KRAS,NME3,2016,1
KRAS,PKN2,2016,1
KRAS,PXK,2016,1
BCORL1,KRAS,2016,1
ITPK1,KRAS,2016,1
AKAP9,KRAS,2016,1
KDM2A,KRAS,2016,1
KRAS,USP9Y,2016,1
KRAS,XPO1,2016,1
KRAS,UHRF2,2016,1
FASTK,KRAS,2016,1
EGFR,MAP3K1,2016,1
DLG4,EGFR,2016,1
EGFR,SMAD2,2016,1
EGFR,PRKCE,2016,1
EGFR,PTPRF,2016,1
CD59,EGFR,2016,1
KALRN,KRAS,2016,1
CDKL3,KRAS,2016,1
KPRP,KRAS,2016,1
DNTTIP1,KRAS,2016,1
HSPB8,KRAS,2016,1
BMPR2,KRAS,2016,1
ATR,KRAS,2016,1
KRAS,MSH5,2016,1
GZMB,KRAS,2016,1
KRAS,ZC3H18,2016,1
KRAS,TRIB3,2016,1
EGFR,RAC1,2016,1
BCAR1,EGFR,2016,1
EGFR,MATK,2016,1
CALM1,EGFR,2016,1
EGFR,PRKACB,2016,1
EGFR,GRB7,2016,1
EGFR,FLNA,2016,1
EGFR,PLSCR1,2016,1
ANXA6,EGFR,2016,1
ARF4,EGFR,2016,1
CBLC,EGFR,2016,1
ASCL2,EGFR,2016,1
EGFR,LTK,2016,1
DIXDC1,EGFR,2016,1
EGFR,INPPL1,2016,1
EGFR,KLF10,2016,1
EGFR,NEDD9,2016,1
KRAS,PIP4K2C,2016,1
KRAS,PLCB2,2016,1
KRAS,ZGPAT,2016,1
CAMK1,KRAS,2016,1
KRAS,TRPV5,2016,1
CAMK2D,KRAS,2016,1
ERBB4,KRAS,2016,1
BMP2K,KRAS,2016,1
KRAS,MAPK14,2016,1
KRAS,NAA15,2016,1
KRAS,MAP3K11,2016,1
ALPK1,KRAS,2016,1
KRAS,RPS6KB2,2016,1
ERBB3,KRAS,2016,1
GAK,KRAS,2016,1
AKT2,EGFR,2016,1
EGFR,RAPGEF1,2016,1
EGFR,EPHA5,2016,1
EGFR,VAV3,2016,1
EGFR,SOS2,2016,1
EGFR,RASA3,2016,1
DDR2,EGFR,2016,1
DUSP4,EGFR,2016,1
GPSM2,KRAS,2016,1
KRAS,STK35,2016,1
DYRK1B,KRAS,2016,1
KRAS,PRKRA,2016,1
KRAS,PCK1,2016,1
KRAS,PAK1,2016,1
DYRK4,KRAS,2016,1
CDK7,KRAS,2016,1
KRAS,TYRO3,2016,1
KRAS,TGFA,2016,1
KCMF1,KRAS,2016,1
KRAS,SYT17,2016,1
KRAS,NEK1,2016,1
KRAS,NOP10,2016,1
CXCL12,EGFR,2016,1
DUSP6,EGFR,2016,1
EGFR,RET,2016,1
EGFR,PKN2,2016,1
ARF5,EGFR,2016,1
EGFR,PIK3R1,2016,1
EGFR,RPS6KA5,2016,1
EGFR,SH2D3C,2016,1
EGFR,STAT3,2016,1
CDK6,KRAS,2016,1
BUB1,KRAS,2016,1
KRAS,VHL,2016,1
IARS2,KRAS,2016,1
AURKC,KRAS,2016,1
KRAS,MAPKBP1,2016,1
KRAS,SRC,2016,1
CNP,KRAS,2016,1
ITK,KRAS,2016,1
ARPC3,KRAS,2016,1
CALM2,KRAS,2016,1
EGFR,HSPA9,2016,1
EGFR,FER,2016,1
KRAS,RXRB,2016,1
KRAS,MAP2K5,2016,1
KRAS,PPP1R8,2016,1
DGKG,KRAS,2016,1
KRAS,MAP3K19,2016,1
EPHA6,KRAS,2016,1
CLK3,KRAS,2016,1
EGFR,PIK3R2,2016,1
CCND1,EGFR,2016,1
EGFR,MAPK1,2016,1
EGFR,ERBB3,2016,1
EGFR,PIN1,2016,1
ABL1,EGFR,2016,1
EGFR,SHC1,2016,1
EGFR,MSMO1,2016,1
CHKB,KRAS,2016,1
KRAS,PSKH2,2016,1
CDC7,KRAS,2016,1
ARHGEF2,KRAS,2016,1
KRAS,SYT5,2016,1
KRAS,RPS6KL1,2016,1
CDH1,KRAS,2016,1
EIF3A,KRAS,2016,1
EGFR,PRKCZ,2016,1
EGFR,FGFR2,2016,1
DUSP7,EGFR,2016,1
EGFR,PPIA,2016,1
EPHA3,KRAS,2016,1
BRD2,KRAS,2016,1
KRAS,TSSK2,2016,1
BMPR1B,KRAS,2016,1
KRAS,MLH3,2016,1
KRAS,LCK,2016,1
KRAS,ZBTB8A,2016,1
KMT2A,KRAS,2016,1
KRAS,REL,2016,1
KRAS,PMS1,2016,1
DAPK2,KRAS,2016,1
KRAS,MADD,2016,1
BTK,KRAS,2016,1
CAMK4,KRAS,2016,1
KRAS,RPF2,2016,1
KRAS,OR2H2,2016,1
ACVR2A,KRAS,2016,1
DSTYK,KRAS,2016,1
KRAS,SYT16,2016,1
CHEK1,KRAS,2016,1
FGFR2,KRAS,2016,1
AKIP1,KRAS,2016,1
KRAS,MAPKAPK3,2016,1
KDM3B,KRAS,2016,1
KRAS,MST1R,2016,1
KRAS,PRKG1,2016,1
CDC73,KRAS,2016,1
EIF3G,KRAS,2016,1
KRAS,PPARD,2016,1
DGKE,KRAS,2016,1
CDK8,KRAS,2016,1
KRAS,VRK1,2016,1
KRAS,WEE1,2016,1
KRAS,STK17A,2016,1
KRAS,RELN,2016,1
BUB1B,KRAS,2016,1
EOLA1,KRAS,2016,1
KRAS,MSH2,2016,1
IGF1R,KRAS,2016,1
ERN1,KRAS,2016,1
KRAS,PSMA5,2016,1
KRAS,STK4,2016,1
KRAS,RPA1,2016,1
KRAS,NR1I2,2016,1
KRAS,MPDZ,2016,1
CSRNP1,KRAS,2016,1
KRAS,SKP2,2016,1
HUNK,KRAS,2016,1
CDKN2D,KRAS,2016,1
CIT,KRAS,2016,1
KCNH7,KRAS,2016,1
KRAS,PIM2,2016,1
KRAS,NME6,2016,1
KRAS,PKD2,2016,1
PARP1,PTEN,2016,1
GRK4,KRAS,2016,1
KRAS,PKLR,2016,1
CIB3,KRAS,2016,1
CDK2,KRAS,2016,1
KRAS,NOP56,2016,1
INSRR,KRAS,2016,1
CDK5R2,KRAS,2016,1
KRAS,UBE2I,2016,1
HUWE1,KRAS,2016,1
EPHA1,KRAS,2016,1
ARPC2,KRAS,2016,1
KRAS,RPF1,2016,1
KRAS,PTCH2,2016,1
KRAS,MAPK9,2016,1
DIDO1,KRAS,2016,1
KRAS,PPP2R5A,2016,1
CAMK2B,KRAS,2016,1
CALM1,KRAS,2016,1
KIT,KRAS,2016,1
KRAS,PIK3R2,2016,1
KRAS,TIAM1,2016,1
KRAS,TEC,2016,1
DYSF,KRAS,2016,1
KRAS,RET,2016,1
CYLD,KRAS,2016,1
KRAS,VWDE,2016,1
ILK,KRAS,2016,1
KRAS,MAP3K8,2016,1
KRAS,PRKAR2B,2016,1
KRAS,NAA10,2016,1
KRAS,PANK4,2016,1
KRAS,PASK,2016,1
KRAS,RGP1,2016,1
ABL1,NFATC1,2016,1
KRAS,PPP1R14D,2016,1
KRAS,RAF1,2016,1
KRAS,RPS6KA1,2016,1
CDKN2C,KRAS,2016,1
KRAS,RNASEL,2016,1
CDK13,KRAS,2016,1
HCAR1,KRAS,2016,1
KRAS,NEK11,2016,1
GRK6,KRAS,2016,1
KRAS,SNAI2,2016,1
CSNK1A1L,KRAS,2016,1
KRAS,RNF40,2016,1
ACTR2,KRAS,2016,1
ABL1,WNT5A,2016,1
KRAS,MKNK2,2016,1
COPS8,KRAS,2016,1
KRAS,WWP2,2016,1
EFCAB12,KRAS,2016,1
ADK,KRAS,2016,1
CPNE1,KRAS,2016,1
KRAS,RACK1,2016,1
COQ8B,KRAS,2016,1
KRAS,UQCR10,2016,1
KRAS,NAE1,2016,1
EBLN2,KRAS,2016,1
HIPK3,KRAS,2016,1
KRAS,STK25,2016,1
AKT3,KRAS,2016,1
KRAS,NUAK2,2016,1
CAMK2G,KRAS,2016,1
KRAS,NR1I3,2016,1
KRAS,NME7,2016,1
KRAS,MAPKAPK5,2016,1
AXL,KRAS,2016,1
KRAS,ULK2,2016,1
KRAS,RBKS,2016,1
BRAF,KRAS,2016,1
KRAS,MAPKAP1,2016,1
KRAS,LATS1,2016,1
KRAS,SH2D3A,2016,1
KRAS,RPGRIP1,2016,1
KRAS,TTPAL,2016,1
ACP4,KRAS,2016,1
KRAS,RLF,2016,1
KRAS,TSSK6,2016,1
KRAS,NLK,2016,1
KRAS,SYTL2,2016,1
FXN,KRAS,2016,1
IPMK,KRAS,2016,1
KRAS,STK39,2016,1
HIPK1,KRAS,2016,1
DOCK4,KRAS,2016,1
KRAS,WDR83,2016,1
KRAS,RANBP1,2017,1
GPX1,OXT,2017,1
GPX1,NAGK,2017,1
GPX1,TYK2,2017,1
GPX1,SLC16A5,2017,1
GPX1,LARS2,2017,1
GPX1,HMGCR,2017,1
GPX1,PRKCZ,2017,1
PIM2,PRKCZ,2017,1
GPX1,PRSS8,2017,1
CSK,PIK3CD,2017,1
DARS2,KRAS,2017,1
MAP3K3,NPR1,2017,1
MAP3K3,MASP2,2017,1
PIM2,TOP1,2017,1
AMHR2,EPHA2,2017,1
MC1R,SLC16A5,2017,1
KRAS,TNPO1,2017,1
KRAS,SMC6,2017,1
EPHB2,PKLR,2017,1
EPHB2,LCK,2017,1
EPHB2,HMGA1,2017,1
EPHB2,OXT,2017,1
EPHB2,PRKCZ,2017,1
EPHB2,ITGB7,2017,1
PTPRE,SRC,2017,1
PTPRE,SLC5A5,2017,1
ACADSB,KRAS,2017,1
IMP3,KRAS,2017,1
GPX1,TK1,2017,1
KRAS,RPL22L1,2017,1
KDSR,KRAS,2017,1
MAP3K10,SPHK2,2017,1
MAP3K10,TSPO,2017,1
MAP3K10,MAPK12,2017,1
MAP3K10,NOS2,2017,1
MAP3K10,TK1,2017,1
CIT,SLC16A8,2017,1
MAP3K3,PRKCZ,2017,1
MC1R,PTGIR,2017,1
LCK,MCL1,2017,1
MTOR,TOP1,2017,1
CEP57,KRAS,2017,1
KRAS,OXR1,2017,1
KRAS,ORC2,2017,1
HGF,KRAS,2017,1
GGA3,KRAS,2017,1
KRAS,TAF3,2017,1
APEX1,GPX1,2017,1
MAPK3,PTPRZ1,2017,1
MAPK3,MMP25,2017,1
MAPK3,SPHK1,2017,1
MAPK3,PIM1,2017,1
MAP2K5,PPP1CC,2017,1
MAP2K5,PRKCZ,2017,1
CIT,DDR2,2017,1
CIT,ERBB4,2017,1
CIT,PIM1,2017,1
CDC25B,PRKCD,2017,1
MAP2K2,PIK3C2B,2017,1
MAP2K2,TK1,2017,1
MAP2K2,MST1R,2017,1
MAP3K10,PTPRZ1,2017,1
MAP3K10,PRKCZ,2017,1
NPR1,TK1,2017,1
CIT,MAPKAPK2,2017,1
CIT,PFKFB4,2017,1
CIT,NPEPPS,2017,1
MAP3K10,PPP1CC,2017,1
MAP3K10,RELA,2017,1
MAP3K10,POMC,2017,1
DCXR,TSPO,2017,1
DCXR,FGFR3,2017,1
DCXR,ITGA6,2017,1
DCXR,PIK3C2B,2017,1
DCXR,PRKAB1,2017,1
DCXR,DDR2,2017,1
DCXR,SPHK2,2017,1
RPS6KA2,TK1,2017,1
APEX1,ILK,2017,1
CDC25B,HMGA1,2017,1
CDC25B,CSF3R,2017,1
PTEN,VHL,2017,1
CDC25B,TYK2,2017,1
TOP1,TSC1,2017,1
TOP1,TST,2017,1
FNTA,KDM6A,2017,1
PRSS8,SPHK1,2017,1
PRSS8,SRC,2017,1
GRM2,MAP3K10,2017,1
GRM2,NAGK,2017,1
GRM2,PTGIR,2017,1
KRAS,TEX10,2017,1
KRAS,MAT1A,2017,1
KRAS,LARS1,2017,1
FNTA,TOP1,2017,1
CDK2,MAP2K5,2017,1
CDC25B,PFKFB4,2017,1
CDC25B,DDR2,2017,1
CDC25B,NOS2,2017,1
CDK2,PIK3CA,2017,1
CDK2,HCK,2017,1
CDK2,NAGK,2017,1
CDK2,PTPRZ1,2017,1
CDK2,NPR1,2017,1
MAP2K5,PIK3C2B,2017,1
MAP3K10,PIK3R2,2017,1
MAP3K10,SLC5A5,2017,1
CDC25B,PIK3CB,2017,1
FEN1,MRE11,2017,1
CDC25B,PTPRZ1,2017,1
CDC25B,TOP1,2017,1
HTRA3,KRAS,2017,1
NR5A1,STMN1,2017,1
NR5A1,PRKCZ,2017,1
SMARCA4,SMARCB1,2017,1
KIT,RPS6KB1,2017,1
LTB4R,PIK3CG,2017,1
LTB4R,PTGIR,2017,1
MAP3K1,VHL,2017,1
KCNA3,PRKCZ,2017,1
NPR1,TXN,2017,1
DCXR,TK1,2017,1
DCXR,TOP1,2017,1
CDK2,ERBB4,2017,1
CDK2,MAP3K4,2017,1
CDK2,LTB4R,2017,1
CDK2,GRIK5,2017,1
LCK,MAP3K8,2017,1
LCK,TOP1,2017,1
LCK,LTB4R,2017,1
LCK,PIK3C2B,2017,1
LCK,PIM1,2017,1
APEX1,ATR,2017,1
EGFR,PTGIR,2017,1
VEGFA,VHL,2017,1
APEX1,MAP3K5,2017,1
APEX1,ATM,2017,1
CSNK2B,KRAS,2017,1
KRAS,LTN1,2017,1
CAMK1G,PIK3CD,2017,1
CAMK1G,XIAP,2017,1
DHFR,KRAS,2017,1
KRAS,USP50,2017,1
LCK,NOS2,2017,1
LCK,TYK2,2017,1
LCK,PIM2,2017,1
LCK,OXT,2017,1
LCK,PKLR,2017,1
LCK,MAP2K7,2017,1
FEN1,UBE2N,2017,1
MAP4K1,SPHK1,2017,1
GRM2,PIK3CD,2017,1
GRM2,LARS2,2017,1
KRAS,TXNRD2,2017,1
DDX27,KRAS,2017,1
KRAS,NRXN3,2017,1
KRAS,MECR,2017,1
KRAS,MARS1,2017,1
IMP4,KRAS,2017,1
KRAS,RBFOX1,2017,1
KRAS,RPS18,2017,1
KRAS,SURF6,2017,1
KRAS,SMG6,2017,1
DDR2,GRM2,2017,1
CAMK1D,SRC,2017,1
APEX1,PARP1,2017,1
APEX1,BRCA2,2017,1
KRAS,NOC2L,2017,1
KRAS,TANGO6,2017,1
KRAS,WARS2,2017,1
ATP6V0C,KRAS,2017,1
EPHA2,FABP4,2017,1
LCK,MASP2,2017,1
LCK,PTK6,2017,1
LCK,MAPK12,2017,1
MAP4K1,PRKCD,2017,1
DDR2,TK1,2017,1
DDR2,TST,2017,1
DDR2,PIK3CG,2017,1
NR5A1,P2RY6,2017,1
GRM2,ITGA6,2017,1
EHMT2,GPX1,2017,1
EHMT2,NOS2,2017,1
EPHA2,PTGER1,2017,1
KRAS,PPP4C,2017,1
KRAS,RRP36,2017,1
AFTPH,KRAS,2017,1
KRAS,MVD,2017,1
ACACA,KRAS,2017,1
KRAS,NAT1,2017,1
FBXO5,KRAS,2017,1
KRAS,PRPF8,2017,1
BMS1,KRAS,2017,1
CDK5,HMGA1,2017,1
CDK5,PPP1CC,2017,1
CDK5,PTPRZ1,2017,1
CDK5,TK1,2017,1
FEN1,HLTF,2017,1
KRAS,NFYB,2017,1
KRAS,PRORP,2017,1
KRAS,SHOC2,2017,1
EPHA2,PKLR,2017,1
EPHA2,HMGA1,2017,1
EPHA2,TK1,2017,1
EPHA2,LCK,2017,1
EPHA2,PIK3C2B,2017,1
EPHA2,NPR1,2017,1
GMPS,PRKCA,2017,1
GMPS,PDK2,2017,1
CAMK1D,PTPRJ,2017,1
CAMK1D,GMPS,2017,1
CAMK1D,ERBB3,2017,1
CD22,FABP4,2017,1
EGFR,NAGK,2017,1
ACY1,GMPS,2017,1
ACY1,PRKCZ,2017,1
CD22,JAK3,2017,1
CD22,LCK,2017,1
CD22,STMN1,2017,1
CD22,PRKAA1,2017,1
CD22,LIG1,2017,1
CD22,TYK2,2017,1
CAMK1D,PIK3CD,2017,1
ACY1,CSNK1G2,2017,1
DDR1,MAP2K5,2017,1
DDR1,TK1,2017,1
CSK,POMC,2017,1
ACY1,ERBB3,2017,1
ACY1,CIT,2017,1
MCL1,PIK3CG,2017,1
MCL1,PRKAA1,2017,1
MCL1,STMN1,2017,1
MCL1,PRKAR1A,2017,1
LIG1,MAP3K10,2017,1
NPEPPS,TK1,2017,1
NPEPPS,STMN1,2017,1
NPEPPS,PIK3CG,2017,1
TK1,TSPO,2017,1
TK1,TYK2,2017,1
FABP4,PIK3C2B,2017,1
FABP4,NTRK1,2017,1
FABP4,TK1,2017,1
FABP4,SLC16A5,2017,1
CSF3R,GCK,2017,1
CSF3R,PIK3C2B,2017,1
GMPS,MAPK3,2017,1
GMPS,NAMPT,2017,1
GMPS,MST1R,2017,1
GMPS,SPHK1,2017,1
NPEPPS,PTP4A3,2017,1
CD22,CSNK1G2,2017,1
CD22,SLC5A5,2017,1
CD22,SLC16A5,2017,1
NPEPPS,PRKAR1A,2017,1
ACY1,ATM,2017,1
BRCA1,WEE1,2017,1
BRCA1,TOP1,2017,1
BRCA1,CDH1,2017,1
ITGB7,KDM1A,2017,1
ITGB7,MAP4K1,2017,1
CSF3R,GALK1,2017,1
CSF3R,PTPRZ1,2017,1
CSF3R,HMGA1,2017,1
ERBB2,FABP4,2017,1
ERBB2,GPX1,2017,1
ERBB2,TOP1,2017,1
ERBB2,FGFR3,2017,1
ERBB2,LCK,2017,1
NPEPPS,TST,2017,1
LIG1,NAMPT,2017,1
LIG1,PARP1,2017,1
ITGB7,XIAP,2017,1
ITGB7,MAP3K8,2017,1
ITGB7,TST,2017,1
EHMT2,NAGK,2017,1
EHMT2,FGFR2,2017,1
ATP6V1G1,KRAS,2017,1
KRAS,NBN,2017,1
KRAS,SSBP1,2017,1
KRAS,RPTOR,2017,1
TYK2,XIAP,2017,1
CDKN1B,IGF1R,2017,1
CDKN1B,VHL,2017,1
BRCA1,VEGFA,2017,1
BRCA1,PARP1,2017,1
BRCA1,RUNX1,2017,1
BRCA1,CHEK1,2017,1
ITGB7,P2RY6,2017,1
ITGB7,KCNQ4,2017,1
LTC4S,UMPS,2017,1
LTC4S,PRKCD,2017,1
LTC4S,MST1R,2017,1
ERBB2,SRC,2017,1
ERBB2,UCK2,2017,1
ERBB2,RRM2,2017,1
ERBB2,PIK3CB,2017,1
ERBB2,PFKFB4,2017,1
ERBB2,NT5M,2017,1
CSF3R,MAPKAPK2,2017,1
CSF3R,PRKCD,2017,1
ITGB7,PTPRE,2017,1
ITGB7,LCK,2017,1
ITGB7,NPR1,2017,1
KRAS,VASH1,2017,1
CYC1,KRAS,2017,1
LTC4S,TSPO,2017,1
LTC4S,MAP2K7,2017,1
ACVRL1,PTPRE,2017,1
ACVRL1,CDK12,2017,1
ACVRL1,STMN1,2017,1
ACVRL1,NPR1,2017,1
ACVRL1,CDK2,2017,1
ERBB2,TK1,2017,1
ERBB2,PRKCZ,2017,1
ERBB2,PIK3C2B,2017,1
DDR1,ITGA6,2017,1
ACVRL1,AMHR2,2017,1
ACVRL1,JAK3,2017,1
MAPK8IP1,MASP2,2017,1
CSF3R,DMPK,2017,1
ITGB7,POMC,2017,1
BRCA1,BRD4,2017,1
BRCA1,PDGFRA,2017,1
BRCA1,FLT3,2017,1
BRCA1,RB1,2017,1
CHEK1,MAP2K1,2017,1
CHEK1,PIK3CA,2017,1
CHEK1,SMARCA4,2017,1
KRAS,UBE2J1,2017,1
ICMT,NRAS,2017,1
KRAS,UBE2L6,2017,1
KRAS,MRPL46,2017,1
KRAS,MTG2,2017,1
GPI,KRAS,2017,1
KRAS,RFESD,2017,1
BRAF,VHL,2017,1
BRAF,BRCA2,2017,1
BRAF,PIK3CA,2017,1
BRAF,FGFR2,2017,1
BRAF,HDAC2,2017,1
BRAF,EGFR,2017,1
ACVRL1,MAP3K10,2017,1
ACVRL1,PIK3C2B,2017,1
ACVRL1,LTC4S,2017,1
ITGB7,OXT,2017,1
ITGB7,MAPK12,2017,1
ITGB7,MAPK3,2017,1
ITGB7,MAP2K7,2017,1
CSK,GALK1,2017,1
CSF3R,GMPS,2017,1
CSF3R,HMGCR,2017,1
GCK,MAPK3,2017,1
GCK,PRKCA,2017,1
KDM5C,WEE1,2017,1
KCNQ4,MAP3K10,2017,1
KDM5C,MTOR,2017,1
KDM5C,MAP3K1,2017,1
KDM5C,VHL,2017,1
KDM5C,TSC1,2017,1
CSF1R,IGF1R,2017,1
CSF1R,PIK3CD,2017,1
SLC16A5,TAOK2,2017,1
SLC16A5,SLC5A5,2017,1
FABP4,MCL1,2017,1
FABP4,NDUFA4,2017,1
FABP4,OXT,2017,1
FABP4,MAP3K5,2017,1
KRAS,MORC2,2017,1
KRAS,PITPNM3,2017,1
KRAS,NOP2,2017,1
ERCC3,KRAS,2017,1
COPE,KRAS,2017,1
CENPK,KRAS,2017,1
KRAS,PFKP,2017,1
KRAS,NUBP2,2017,1
KRAS,RPS11,2017,1
CHEK1,VEGFA,2017,1
CHEK1,TYMS,2017,1
CHEK1,PARP1,2017,1
CHEK1,SMO,2017,1
PDGFRA,RRM2,2017,1
PRKAA1,RPS6KA2,2017,1
PRKAA1,RET,2017,1
ATR,NAMPT,2017,1
ERBB3,PKLR,2017,1
FABP4,GALK1,2017,1
FABP4,HMGCR,2017,1
FABP4,SLC16A8,2017,1
FABP4,KCNA3,2017,1
FABP4,MAP2K7,2017,1
FABP4,XIAP,2017,1
FABP4,XPO1,2017,1
FABP4,PIK3CG,2017,1
FABP4,MST1R,2017,1
FABP4,PRKAR1A,2017,1
FABP4,PTGIR,2017,1
GCK,SRC,2017,1
GCK,ITGB7,2017,1
GCK,MMP14,2017,1
BRCA2,TYK2,2017,1
BRCA2,SPHK2,2017,1
GCK,KSR1,2017,1
GCK,TK1,2017,1
PTPRZ1,SLC16A5,2017,1
KCNQ4,NT5M,2017,1
KCNQ4,MAPKAPK2,2017,1
KCNQ4,KDM1A,2017,1
KCNQ4,PTPRZ1,2017,1
KCNQ4,PPP1CC,2017,1
ADA,CHEK1,2017,1
KSR1,NAMPT,2017,1
KSR1,TK1,2017,1
KSR1,MAP2K2,2017,1
ATR,CIT,2017,1
ATR,PRKAA1,2017,1
FGFR2,GRB2,2017,1
FGFR2,MAP3K1,2017,1
MST1R,PRKCZ,2017,1
MST1R,PRKCA,2017,1
MST1R,TOP1,2017,1
MST1R,TST,2017,1
CA9,PIK3CG,2017,1
CA9,IL12A,2017,1
ERBB3,HMGCR,2017,1
ERBB3,PRSS8,2017,1
ERBB3,MAPKAPK2,2017,1
ERBB3,TST,2017,1
ERBB3,TYK2,2017,1
ERBB3,PPP1CC,2017,1
BRCA2,DCK,2017,1
BRCA2,SMARCB1,2017,1
PDGFRA,VHL,2017,1
BRCA2,TST,2017,1
BRCA2,CD22,2017,1
SMAD4,WEE1,2017,1
P2RY6,PTPRJ,2017,1
P2RY6,TOP1,2017,1
HDAC6,PBRM1,2017,1
HDAC6,IGF1R,2017,1
HDAC6,KDM5C,2017,1
BRCA2,P2RY6,2017,1
BRCA2,CDK9,2017,1
HDAC6,PIK3CA,2017,1
KSR1,LARS2,2017,1
KSR1,SLC16A5,2017,1
MMP14,PLA2G4C,2017,1
MMP14,NPR1,2017,1
BRCA2,SLC5A5,2017,1
BRCA2,KDM5C,2017,1
PDGFRA,TOP1,2017,1
BRCA1,FNTA,2017,1
KRAS,UBE2H,2017,1
KRAS,ZCCHC14,2017,1
AGPAT1,PRKAA1,2017,1
AGPAT1,SPHK1,2017,1
AGPAT1,INPP1,2017,1
AGPAT1,ILK,2017,1
AGPAT1,PDK2,2017,1
AGPAT1,TSPO,2017,1
AGPAT1,CKM,2017,1
AGPAT1,TYK2,2017,1
BRCA1,HDAC2,2017,1
MAP2K1,VHL,2017,1
APC,VHL,2017,1
CAMK2G,MASP2,2017,1
CAMK2G,SRC,2017,1
CAMK2G,CSK,2017,1
CAMK2G,PKLR,2017,1
CAMK2G,PIK3CG,2017,1
CAMK2G,CDK8,2017,1
CAMK2G,PDK2,2017,1
CAMK2G,DMPK,2017,1
CAMK2G,PRSS8,2017,1
CAMK2G,TK1,2017,1
CAMK2G,LCK,2017,1
BRAF,FNTA,2017,1
BRCA2,PARP2,2017,1
BRCA2,ERBB4,2017,1
BRCA2,HDAC6,2017,1
KRAS,POLR1A,2017,1
CLNS1A,KRAS,2017,1
DNM1L,KRAS,2017,1
CAMK2G,TYK2,2017,1
CAMK2G,PRKCD,2017,1
CAMK2G,EHMT2,2017,1
APC,CDK9,2017,1
BRCA2,PKLR,2017,1
BRCA2,NAGK,2017,1
P2RY6,SLC16A5,2017,1
P2RY6,PIK3CD,2017,1
CAMK2G,ERBB2,2017,1
CAMK2G,MAP2K7,2017,1
CAMK2G,PRKAA1,2017,1
CAMK2G,MAPKAPK2,2017,1
APC,SMARCB1,2017,1
CAMK2G,MAP3K4,2017,1
CAMK2G,MAP3K8,2017,1
CAMK2G,UMPS,2017,1
CHEK1,VHL,2017,1
CHEK1,SRC,2017,1
KRAS,WDR47,2017,1
GGPS1,KRAS,2017,1
KRAS,WDR25,2017,1
KRAS,NEDD1,2017,1
EIF5B,KRAS,2017,1
KRAS,RASL10A,2017,1
KRAS,ZBTB12,2017,1
KRAS,USP4,2017,1
KRAS,MOB3C,2017,1
KRAS,NDUFS1,2017,1
KRAS,PAPPA2,2017,1
KRAS,PHF3,2017,1
KRAS,LUC7L2,2017,1
KRAS,PPAT,2017,1
ATP5PO,KRAS,2017,1
KRAS,SEC23B,2017,1
IL12A,PLOD1,2017,1
CHEK1,MTOR,2017,1
CHEK1,MET,2017,1
CHEK1,IGF1R,2017,1
CHEK1,PTEN,2017,1
NDUFB1,PIK3CA,2017,1
AGPAT1,AKT2,2017,1
AOC3,AXL,2017,1
CAMK2G,GPX1,2017,1
CAMK2G,NOS2,2017,1
CAMK2G,PTPRE,2017,1
BSG,NDUFB1,2017,1
AOC3,CDC25A,2017,1
AOC3,PIK3R2,2017,1
AOC3,TYK2,2017,1
AOC3,SLC16A8,2017,1
AOC3,BCAT2,2017,1
AOC3,SPHK1,2017,1
AOC3,DCXR,2017,1
AOC3,NDUFA4L2,2017,1
AOC3,PIK3C2B,2017,1
AOC3,PIK3CD,2017,1
AOC3,NAGK,2017,1
CDC23,KRAS,2017,1
KRAS,RPL37A,2017,1
KRAS,RPAP1,2017,1
KRAS,PMVK,2017,1
KRAS,SUPT16H,2017,1
EIF3I,KRAS,2017,1
KRAS,XPOT,2017,1
CCT5,KRAS,2017,1
DDX51,KRAS,2017,1
BIRC5,KRAS,2017,1
KRAS,SYVN1,2017,1
KRAS,RUVBL1,2017,1
KRAS,UFL1,2017,1
CAMK2G,NR5A1,2017,1
CAMK2G,LTC4S,2017,1
NAGK,PIK3CG,2017,1
NAGK,TXN,2017,1
ATR,MST1R,2017,1
POMC,PTK6,2017,1
POMC,TK1,2017,1
CDK8,STMN1,2017,1
CDK8,GRIK5,2017,1
BRD4,MAP2K1,2017,1
DBH,TK1,2017,1
POMC,SLC16A8,2017,1
AKT1,RPS6KA4,2017,1
DMPK,TST,2017,1
DMPK,LCK,2017,1
DMPK,PTK6,2017,1
AGPAT1,KSR1,2017,1
KRAS,LARP7,2017,1
CDK8,CIT,2017,1
CDK8,ILK,2017,1
CDK8,TK1,2017,1
IL12A,PPP1CC,2017,1
KRAS,VWF,2017,1
BRD4,RB1,2017,1
BRD4,FGFR3,2017,1
KRAS,RPL32,2017,1
KRAS,NUDT9,2017,1
KRAS,TTI2,2017,1
KRAS,TIMM13,2017,1
KRAS,YTHDC1,2017,1
KRAS,ORC3,2017,1
NRAS,PREX1,2017,1
KRAS,PSMG4,2017,1
KRAS,SOD1,2017,1
CARM1,MAP2K2,2017,1
CARM1,CSF3R,2017,1
CARM1,DOT1L,2017,1
CARM1,MAP2K7,2017,1
CARM1,MAP3K10,2017,1
BRD4,PTEN,2017,1
BRD4,KDM5C,2017,1
PIK3R2,STMN1,2017,1
PIK3R2,SPHK2,2017,1
AKT2,MAP2K2,2017,1
AKT2,HMGCR,2017,1
BCL2L1,PRKAA1,2017,1
AKT1,MAPKAPK2,2017,1
AKT1,CHEK1,2017,1
AKT1,GPX1,2017,1
AKT1,BCL2L1,2017,1
AKT1,PIM1,2017,1
AKT1,AKT2,2017,1
ATR,RELA,2017,1
ATR,CDK8,2017,1
BRD4,DHFR,2017,1
CDKN2A,IGF1R,2017,1
CDKN2A,RRM2,2017,1
NAGK,PIK3CD,2017,1
AOC3,MASP2,2017,1
AOC3,GPI,2017,1
AOC3,CAMK2A,2017,1
AOC3,PTPRE,2017,1
ARID2,VHL,2017,1
DBH,POMC,2017,1
DBH,HMGA1,2017,1
DBH,PIK3CD,2017,1
DDR1,ERBB4,2017,1
DBH,PRKCA,2017,1
DBH,TOP1,2017,1
DBH,LTC4S,2017,1
DBH,KCNQ4,2017,1
BCL2L1,DCK,2017,1
BCL2L1,CDK2,2017,1
BCL2L1,BRD2,2017,1
BCL2L1,OXT,2017,1
BCL2L1,HCK,2017,1
BCL2L1,PTPRZ1,2017,1
AKT2,MCL1,2017,1
JAK3,MCAT,2017,1
BCL2L1,DOT1L,2017,1
BCL2L1,TYK2,2017,1
BCL2L1,MCL1,2017,1
BCL2L1,TSPO,2017,1
BCL2L1,UMPS,2017,1
BCL2L1,TOP1,2017,1
BCL2L1,GPI,2017,1
AKT2,CDK12,2017,1
JAK2,PIK3R1,2017,1
CARM1,FABP4,2017,1
CARM1,PIK3C2B,2017,1
CARM1,LTC4S,2017,1
SMARCB1,VHL,2017,1
GRIK5,SPHK1,2017,1
BCL2L1,SLC16A5,2017,1
BCL2L1,EPHB2,2017,1
MAPK12,PIK3CG,2017,1
MAPK12,OXT,2017,1
MAPK12,PKLR,2017,1
FEN1,PARP1,2017,1
FEN1,PARP2,2017,1
PRKCA,UMPS,2017,1
PRKAB1,TXN,2017,1
MAPK12,SKP2,2017,1
BIRC5,DCK,2017,1
BIRC5,MAP4K1,2017,1
BIRC5,LIG1,2017,1
BIRC5,CAMK1G,2017,1
CDK8,EPHA2,2017,1
CDK8,NPEPPS,2017,1
KRAS,PPP6C,2017,1
KDM8,KRAS,2017,1
DDX1,KRAS,2017,1
BCKDK,GPX1,2017,1
BCKDK,MAP3K4,2017,1
IL12A,PIM2,2017,1
IL12A,PIK3CD,2017,1
IL12A,PRKAB1,2017,1
IL12A,MAP3K10,2017,1
IL12A,PIK3CG,2017,1
BIRC5,DCXR,2017,1
BIRC5,PIK3C2B,2017,1
BIRC5,KSR1,2017,1
BIRC5,CAMK2G,2017,1
BIRC5,FABP4,2017,1
GPI,PIK3CG,2017,1
PRKCA,TOP1,2017,1
PRKCA,PTP4A3,2017,1
GRIK5,TYK2,2017,1
BIRC5,MAP3K8,2017,1
JAK3,NAMPT,2017,1
BIRC5,DNMT1,2017,1
BIRC5,SLC16A5,2017,1
BIRC5,PRKCA,2017,1
BIRC5,PTPRE,2017,1
BIRC5,MMP14,2017,1
BCAT2,FGFR2,2017,1
BCAT2,BCL2L1,2017,1
BCAT2,MMP25,2017,1
BCAT2,PTK6,2017,1
BCAT2,SLC16A8,2017,1
INPP1,PRKCA,2017,1
MCAT,PPP1CC,2017,1
ARID2,RRM2,2017,1
MCAT,PARP1,2017,1
PKLR,PRSS8,2017,1
GPI,TYK2,2017,1
GPI,PTK6,2017,1
GPI,PTPRZ1,2017,1
GPI,SRC,2017,1
GPI,NDUFB1,2017,1
GPI,NDUFA4,2017,1
CSNK1G2,KSR1,2017,1
CSNK1G2,FABP4,2017,1
CSNK1G2,HMGCR,2017,1
CSNK1G2,MAP3K10,2017,1
CSNK1G2,TK1,2017,1
CSNK1G2,PIK3CG,2017,1
GPI,STMN1,2017,1
GPI,LCK,2017,1
GPI,PRKCZ,2017,1
GPI,INPP1,2017,1
GPI,MAP2K2,2017,1
BCAT2,CSK,2017,1
BCAT2,RPS6KA4,2017,1
BCAT2,POMC,2017,1
BCAT2,SLC5A5,2017,1
BCAT2,FABP4,2017,1
BCAT2,PARP1,2017,1
BCAT2,DMPK,2017,1
BCAT2,SRC,2017,1
BCAT2,TYK2,2017,1
BCAT2,CNTFR,2017,1
BCL2,CDK4,2017,1
INPP1,MCAT,2017,1
MASP2,PIK3CG,2017,1
MASP2,PKLR,2017,1
MASP2,SRC,2017,1
MASP2,NPEPPS,2017,1
MASP2,PFKFB1,2017,1
BCAT2,CDK5,2017,1
GATA3,WEE1,2017,1
CSNK1G2,SPHK2,2017,1
CSNK1G2,MAPKAPK2,2017,1
AP4S1,KRAS,2017,1
CRLS1,KRAS,2017,1
KRAS,RPL10,2017,1
KRAS,RPL18,2017,1
ATP6V0D1,KRAS,2017,1
CDKN1A,GPX1,2017,1
CDKN1A,EHMT2,2017,1
KDM1A,PRKCZ,2017,1
ALK,CDC25A,2017,1
ATM,MAP3K4,2017,1
ATM,FEN1,2017,1
ATM,CHEK1,2017,1
CSNK1G2,TOP1,2017,1
ATM,PRSS8,2017,1
BCAT2,LTC4S,2017,1
BCAT2,MAP2K7,2017,1
ALK,HMGA1,2017,1
ALK,PTK6,2017,1
CDKN1A,DMPK,2017,1
CDKN1A,KDM1A,2017,1
CDKN1A,MST1R,2017,1
CARM1,CIT,2017,1
KRAS,PPP1CC,2017,1
DNMT1,PRKCZ,2017,1
KRAS,PHAX,2017,1
KRAS,MVB12B,2017,1
KRAS,SRP9,2017,1
KRAS,PSMD11,2017,1
NRAS,RAF1,2017,1
CWF19L2,KRAS,2017,1
KRAS,TYR,2017,1
KRAS,UQCRC2,2017,1
BIRC5,ERBB2,2017,1
BIRC5,MAP3K3,2017,1
BIRC5,CD22,2017,1
BIRC5,NPEPPS,2017,1
PFKFB4,PIK3CG,2017,1
PIK3C2B,PTPRE,2017,1
PIK3C2B,POMC,2017,1
ATM,BIRC5,2017,1
ATM,HMGCR,2017,1
DMPK,MAP2K7,2017,1
DMPK,TK1,2017,1
DMPK,PPP1CC,2017,1
DMPK,RPS6KA4,2017,1
DMPK,PIK3CD,2017,1
ALK,DCXR,2017,1
ALK,CDK9,2017,1
ROR1,SMARCB1,2017,1
ATM,EDA,2017,1
ATM,SMO,2017,1
CDKN1A,PRKAA1,2017,1
CDKN1A,RPS6KA2,2017,1
CDKN1A,LCK,2017,1
CDKN1A,SLC16A5,2017,1
CDKN1A,PPP1CC,2017,1
CDKN1A,GPI,2017,1
CDKN1A,PRKCD,2017,1
CDK6,VHL,2017,1
DMPK,KSR1,2017,1
DMPK,NPEPPS,2017,1
ATM,SETD2,2017,1
ATM,VHL,2017,1
ATM,KDM6A,2017,1
ANKRD11,KRAS,2017,1
BCKDK,DMPK,2017,1
BCKDK,PRKCD,2017,1
PIK3CG,PRKAA1,2017,1
PIK3CG,PTP4A3,2017,1
PIK3CG,SLC16A8,2017,1
BCKDK,IL12A,2017,1
PTPRJ,RELA,2017,1
PIK3C2B,SLC16A8,2017,1
CDKN1A,TOP1,2017,1
CDKN1A,NOS2,2017,1
CDKN1A,MAP2K7,2017,1
PIK3C2B,PIK3CD,2017,1
PIK3CB,TK1,2017,1
ROR1,TOP1,2017,1
ROR1,VHL,2017,1
HSP90AA1,VHL,2017,1
HSP90AA1,WEE1,2017,1
LARS2,PIK3CD,2017,1
LARS2,PRKAA1,2017,1
LARS2,PIK3CG,2017,1
CASP8,CDKN1B,2017,1
PIK3C2B,XPO1,2017,1
PIK3C2B,UMPS,2017,1
KRAS,TMED2,2017,1
KRAS,TCEA1,2017,1
KRAS,PSMB3,2017,1
CCT7,KRAS,2017,1
KRAS,RPS6KA5,2017,1
KRAS,LIN9,2017,1
KRAS,XRCC5,2017,1
KIN,KRAS,2017,1
DNMT1,MAP3K10,2017,1
RPS6KB1,VHL,2017,1
BCKDK,TK1,2017,1
BCKDK,TSPO,2017,1
DNLZ,KRAS,2017,1
BCS1L,KRAS,2017,1
KRAS,RPL22,2017,1
CLP1,KRAS,2017,1
KRAS,PARPBP,2017,1
KRAS,POLR2C,2017,1
KRAS,RPS13,2017,1
ETF1,KRAS,2017,1
KRAS,PRPF6,2017,1
KRAS,TPT1,2017,1
KRAS,PAM,2017,1
CDK12,NPEPPS,2017,1
CDKN1A,TK1,2017,1
HMGCR,PRKAA1,2017,1
HMGCR,PRSS8,2017,1
HMGCR,PFKFB1,2017,1
PIK3CB,TST,2017,1
HMGCR,PIK3CD,2017,1
CSK,MAP2K2,2017,1
PARP1,RRM2,2017,1
CDK4,VHL,2017,1
CDK4,HDAC1,2017,1
CASP8,CDK9,2017,1
CSK,SLC16A8,2017,1
CDK12,PPP1CC,2017,1
CDK12,SLC5A5,2017,1
CDK12,SLC16A5,2017,1
PTPRJ,RPS6KA4,2017,1
FAF2,KRAS,2017,1
KRAS,PREX1,2017,1
KRAS,RAD51AP1,2017,1
KRAS,SCAP,2017,1
KRAS,PGC,2017,1
KRAS,URB2,2017,1
KRAS,WDR74,2017,1
AP2M1,KRAS,2017,1
KRAS,RPE,2017,1
OXT,TAOK2,2017,1
OXT,SRC,2017,1
OXT,TSPO,2017,1
OXT,TK1,2017,1
OXT,PIK3CD,2017,1
OXT,TOP1,2017,1
PIK3R1,VHL,2017,1
GTPBP4,KRAS,2017,1
GMPS,KRAS,2017,1
PRKCZ,PTPRZ1,2017,1
CAMK2B,CD22,2017,1
CAMK2B,GRB2,2017,1
KRAS,TRAPPC1,2017,1
BRD2,CDK5,2017,1
MMP25,SLC16A8,2017,1
MMP25,PIK3R2,2017,1
MMP25,PRKCZ,2017,1
BCL2L2,ITGB7,2017,1
BCL2L2,PIK3CG,2017,1
BCL2L2,MAP3K8,2017,1
BCL2L2,BIRC5,2017,1
BCL2L2,NAMPT,2017,1
BCL2L2,GRB2,2017,1
BRD2,CSK,2017,1
BRD2,FGFR3,2017,1
BRD2,UCK2,2017,1
BRD2,MASP2,2017,1
BRD2,MMP25,2017,1
BRD2,CARM1,2017,1
PIK3R1,WEE1,2017,1
RPS6KB1,RRM2,2017,1
PRKCZ,TK1,2017,1
KRAS,POT1,2017,1
DDX20,KRAS,2017,1
DR1,KRAS,2017,1
ADAR,KRAS,2017,1
GRPEL1,KRAS,2017,1
KRAS,PELI3,2017,1
CDIPT,KRAS,2017,1
KRAS,NUP62CL,2017,1
KRAS,UTP6,2017,1
KRAS,POLE2,2017,1
KRAS,SLC31A1,2017,1
BCLAF1,KRAS,2017,1
DCTN2,KRAS,2017,1
KRAS,TRAPPC2L,2017,1
PLOD1,UCK2,2017,1
PIK3CG,SPHK2,2017,1
EPHB4,PRKCZ,2017,1
NT5M,TK1,2017,1
CDK4,CHEK2,2017,1
CDK6,FGFR3,2017,1
BCL2L2,CDC25A,2017,1
BRD2,MAP2K5,2017,1
BRD2,DCXR,2017,1
NAMPT,PARP1,2017,1
NT5M,PRKCZ,2017,1
NT5M,PIK3CD,2017,1
EPHB4,PTPRJ,2017,1
EPHB4,PIK3CB,2017,1
EPHB4,PIK3C2B,2017,1
EPHB4,ITGB7,2017,1
EPHB4,LCK,2017,1
EPHB4,HMGA1,2017,1
KRAS,TBL1XR1,2017,1
GOLGA7,NRAS,2017,1
NAMPT,RPS6KA2,2017,1
FANCA,HSP90AB1,2017,1
KDM6A,MSH6,2017,1
KRAS,MRM3,2017,1
BRF2,KRAS,2017,1
AANAT,BCKDK,2017,1
PRKCZ,TSPO,2017,1
PRKCZ,PTPRE,2017,1
HDAC2,VHL,2017,1
HDAC2,SMARCA4,2017,1
CDC25A,PRKCD,2017,1
CDC25A,NPEPPS,2017,1
NPR2,SLC5A5,2017,1
KRAS,TMC1,2017,1
KRAS,PFDN5,2017,1
DNAJC17,KRAS,2017,1
ATP6V0D2,KRAS,2017,1
GABPA,KRAS,2017,1
KRAS,MTX1,2017,1
PRKAR1A,TK1,2017,1
NAMPT,PTPRJ,2017,1
KRAS,LDB1,2017,1
KRAS,PPP2CA,2017,1
EIF2S1,KRAS,2017,1
ABL1,RPS6KB1,2017,1
CDC25A,SRC,2017,1
CDC25A,SKP2,2017,1
CDC25A,PIK3C2B,2017,1
CDK12,MCAT,2017,1
CDK12,TSPO,2017,1
AANAT,P2RY6,2017,1
AANAT,EHMT2,2017,1
AANAT,CDK12,2017,1
EPHB4,NTRK1,2017,1
AANAT,EPHB4,2017,1
AANAT,MAP2K5,2017,1
AANAT,TOP1,2017,1
DOT1L,MASP2,2017,1
DOT1L,GRB2,2017,1
CAMK2A,CSNK1G2,2017,1
CDK12,PIK3CD,2017,1
CDK12,KSR1,2017,1
CDK12,CDK5,2017,1
CDK12,NT5M,2017,1
NAMPT,XPO1,2017,1
NAMPT,TXN,2017,1
CDC25A,DBH,2017,1
PRKAR1A,RPS6KA2,2017,1
CCDC6,KRAS,2017,1
KRAS,KRIT1,2017,1
KRAS,RCE1,2017,1
KANSL2,KRAS,2017,1
CIBAR2,KRAS,2017,1
CDC25A,FABP4,2017,1
CDC25A,EHMT2,2017,1
CDC25A,TK1,2017,1
CDC25A,MAPKAPK2,2017,1
CDK12,DCXR,2017,1
NDUFA4L2,STMN1,2017,1
EPHB4,PIM2,2017,1
CDK4,ERBB2,2017,1
CDK4,TOP1,2017,1
HMGCR,PIM1,2017,1
TSC1,VHL,2017,1
CASP8,VHL,2017,1
CASP8,MTOR,2017,1
CASP8,CHEK1,2017,1
DOT1L,KSR1,2017,1
DOT1L,MST1R,2017,1
CKM,PTPRJ,2017,1
CKM,PIK3CG,2017,1
AXL,CSF3R,2017,1
AXL,TST,2017,1
CDC25A,PRKAA1,2017,1
HDAC2,MAP2K1,2017,1
EEF1AKMT1,KRAS,2017,1
ERCC2,KRAS,2017,1
ALDOA,KRAS,2017,1
KRAS,ZNF85,2017,1
CDC25A,MAP3K8,2017,1
CDC25A,CKM,2017,1
CDC25A,SLC16A8,2017,1
FLT3,VHL,2017,1
CDC25A,NOS2,2017,1
CDC25A,CSNK1G2,2017,1
AXL,CAMK2B,2017,1
AXL,PIK3CD,2017,1
CDC25A,OXT,2017,1
CDC25A,MASP2,2017,1
CDC25A,HMGA1,2017,1
CDC25A,PIM1,2017,1
CDC25A,PLOD1,2017,1
CDC25A,NTRK1,2017,1
CDC25A,MAP4K1,2017,1
CDC25A,KCNQ4,2017,1
CDC25A,PIK3CB,2017,1
CDC25A,PIK3CG,2017,1
CDC25A,ERBB2,2017,1
CDC25A,FGFR3,2017,1
CKM,EPHA2,2017,1
CKM,MAP2K7,2017,1
CDK12,GCK,2017,1
DOT1L,MCL1,2017,1
DOT1L,PKLR,2017,1
ITGA6,OXT,2017,1
ITGA6,MAP3K4,2017,1
ITGA6,PIK3CG,2017,1
ITGA6,PTPRE,2017,1
ITGA6,MAPK12,2017,1
ALAD,CHD1,2017,1
ALAD,HMGCR,2017,1
ALAD,PIK3CA,2017,1
AXL,BIRC5,2017,1
AXL,TYK2,2017,1
AXL,SPHK1,2017,1
AXL,MAP2K7,2017,1
AXL,BRD2,2017,1
KRAS,PLP2,2017,1
ATP5F1B,KRAS,2017,1
GALNT17,KRAS,2017,1
COX6B1,KRAS,2017,1
KRAS,NUP37,2017,1
ATP6V1D,KRAS,2017,1
KRAS,TRMT61B,2017,1
KRAS,UQCR11,2017,1
KRAS,MARK2,2017,1
ARHGEF35,KRAS,2017,1
CHD1,FABP4,2017,1
GRK2,MASP2,2017,1
GRK2,PTPRJ,2017,1
CHD1,HMGCR,2017,1
CHD1,DOT1L,2017,1
CSK,PIK3CG,2017,1
CHD1,CKM,2017,1
CHD1,PTK6,2017,1
CHD1,PIK3CG,2017,1
CHD1,TK1,2017,1
CHD1,UMPS,2017,1
CHD1,DMPK,2017,1
CHD1,LTC4S,2017,1
CHD1,POMC,2017,1
CHD1,PFKFB1,2017,1
SRC,TYK2,2017,1
CKM,XIAP,2017,1
KRAS,ST13,2017,1
GEMIN6,KRAS,2017,1
CFDP1,KRAS,2017,1
GLE1,KRAS,2017,1
KRAS,MRPS11,2017,1
MAP3K4,RPS6KA4,2017,1
ALAD,GRK2,2017,1
BCL2L1,GRK2,2017,1
ALAD,ERBB2,2017,1
ALAD,RPS6KA4,2017,1
CDK12,CDKN1A,2017,1
CDK9,RUNX1,2017,1
CDK9,PDGFRA,2017,1
CDK9,RRM2,2017,1
CDK9,SMAD4,2017,1
CDK9,PIK3CA,2017,1
CDK9,SMARCB1,2017,1
MAP3K8,TOP1,2017,1
MAP3K8,NAMPT,2017,1
MAP3K8,TYK2,2017,1
CHD1,PIM2,2017,1
KRAS,KREMEN2,2017,1
CDC25A,RELA,2017,1
KRAS,RAD1,2017,1
KRAS,ZNHIT6,2017,1
CEP55,KRAS,2017,1
KRAS,TXNDC11,2017,1
KRAS,THG1L,2017,1
IPO11,KRAS,2017,1
GTF2E2,KRAS,2017,1
KRAS,RBBP5,2017,1
KRAS,TFRC,2017,1
AAMP,KRAS,2017,1
NRAS,RCE1,2017,1
KRAS,TRIM25,2017,1
FDPS,KRAS,2017,1
MAP3K4,PIK3CB,2017,1
HMGA1,PRKAA1,2017,1
MAP3K8,SLC16A8,2017,1
CDK9,CHEK1,2017,1
CDK12,NTRK1,2017,1
CDK12,PRKCA,2017,1
CDK12,GRIK5,2017,1
CDK12,CDK8,2017,1
CDK12,ERBB2,2017,1
CDK12,PTPRZ1,2017,1
CAMK2A,SLC5A5,2017,1
CAMK2A,OXT,2017,1
CAMK2A,MAP3K4,2017,1
CAMK2A,ITGB7,2017,1
CAMK2A,PIK3CG,2017,1
CAMK2A,DMPK,2017,1
KRAS,SMC1A,2017,1
ARID1A,CHEK1,2017,1
FANCD2,PARP1,2017,1
HMGA1,TK1,2017,1
CASK,PIM2,2017,1
CAMK2A,PIK3C2B,2017,1
ALAD,PRKCD,2017,1
ALAD,NT5M,2017,1
ALAD,NAGK,2017,1
ALAD,NDUFA4,2017,1
ALAD,CAMK2G,2017,1
ALAD,GPI,2017,1
ALAD,CDK5,2017,1
FANCD2,PARP2,2017,1
CDK9,ROR1,2017,1
CHD1,PRKCZ,2017,1
CASK,PPP1CC,2017,1
KRAS,POLR3A,2017,1
KRAS,PRPF4,2017,1
CHAF1B,KRAS,2017,1
KRAS,UXT,2017,1
NRAS,SHOC2,2017,1
KRAS,SAP18,2017,1
ISCA2,KRAS,2017,1
KRAS,NGB,2017,1
RELA,TK1,2017,1
DCK,HMGA1,2017,1
DCK,TOP1,2017,1
DCK,PFKFB1,2017,1
DCK,EHMT2,2017,1
DCK,GPX1,2017,1
CDC25A,P2RY6,2017,1
CDC25A,PRKCZ,2017,1
ACVR1,DMPK,2017,1
ACVR1,AKT1,2017,1
PIK3CA,PIK3CD,2017,1
ACVR1,ATM,2017,1
ACVR1,CIT,2017,1
CSK,TK1,2017,1
PFKFB1,UCK2,2017,1
PFKFB1,PRKAA1,2017,1
GALK1,LCK,2017,1
GALK1,PRKCZ,2017,1
GALK1,SLC5A5,2017,1
HMGA1,KCNQ4,2017,1
HMGA1,TYK2,2017,1
HMGA1,OXT,2017,1
ARID1A,VHL,2017,1
ARID1A,TOP1,2017,1
PIK3CA,SKP2,2017,1
NOS2,PKLR,2017,1
NOS2,SPHK2,2017,1
NOS2,PIM1,2017,1
NOS2,PIK3R2,2017,1
NOS2,POMC,2017,1
NOS2,PRKAR1A,2017,1
NOS2,SLC5A5,2017,1
NOS2,PIK3CG,2017,1
NOS2,NPR2,2017,1
NOS2,PRKCA,2017,1
PIK3CA,RRM2,2017,1
PIK3CA,PRKCA,2017,1
PIK3CA,PIM2,2017,1
ACVR1,MAP3K3,2017,1
ACVR1,PIK3CG,2017,1
NOS2,PPP1CC,2017,1
CAMK1G,PIK3CA,2017,1
CNTFR,RPS6KA4,2017,1
CNTFR,FABP4,2017,1
CNTFR,PIK3CG,2017,1
MAPKAPK2,PARP1,2017,1
MAPKAPK2,SPHK2,2017,1
MAPKAPK2,PTP4A3,2017,1
MAPKAPK2,PRKCZ,2017,1
PIM1,PIM2,2017,1
MAPKAPK2,PIK3CA,2017,1
MAPKAPK2,PFKFB1,2017,1
MAPKAPK2,STMN1,2017,1
PTK6,SLC16A8,2017,1
GALK1,TOP1,2017,1
GALK1,LTC4S,2017,1
KRAS,NOP58,2017,1
CYCS,KRAS,2017,1
CWF19L1,KRAS,2017,1
KRAS,TIMM50,2017,1
ATXN7L3,KRAS,2017,1
KRAS,MAGEB1,2017,1
KLF16,KRAS,2017,1
DLG2,KRAS,2017,1
KRAS,WDR62,2017,1
PTK6,TK1,2017,1
SPHK1,SRC,2017,1
IGF1R,MTOR,2017,1
IGF1R,MAPK12,2017,1
PLA2G4C,TST,2017,1
PIK3CA,XPO1,2017,1
NOS2,NT5M,2017,1
PLA2G4C,SLC5A5,2017,1
PIK3CD,PIM2,2017,1
PIK3CD,PTPRZ1,2017,1
PLA2G4C,PRKAA1,2017,1
RRM2,WEE1,2017,1
RRM2,VHL,2017,1
IGF1R,TAOK2,2017,1
IGF1R,PIK3CD,2017,1
CHEK2,ERBB2,2017,1
CDC25A,CDKN1A,2017,1
CDC25A,IL12A,2017,1
AMHR2,TST,2017,1
AMHR2,MASP2,2017,1
CKM,RELA,2017,1
KRAS,NHP2,2017,1
ASPM,KRAS,2017,1
EIF2B3,KRAS,2017,1
KRAS,SMC3,2017,1
AMHR2,PRKCZ,2017,1
HMGCR,KRAS,2017,1
KRAS,PCNT,2017,1
ABCE1,KRAS,2017,1
INTS3,KRAS,2017,1
ANAPC11,KRAS,2017,1
KRAS,TAS2R5,2017,1
KRAS,RDH8,2017,1
GTF3A,KRAS,2017,1
KRAS,RPS2,2017,1
BARD1,KRAS,2017,1
EIF1AD,KRAS,2017,1
AMHR2,TK1,2017,1
AMHR2,ERBB3,2017,1
FDXR,KRAS,2017,1
KRAS,RPL7,2017,1
FMR1,KRAS,2017,1
FGFR4,HMGCR,2017,1
FGFR4,HCK,2017,1
FGFR4,NPR2,2017,1
FGFR4,MAP3K8,2017,1
PIK3CD,PTP4A3,2017,1
PIK3CD,PIK3CG,2017,1
PPP1CC,STMN1,2017,1
PPP1CC,TYK2,2017,1
CLK3,LCK,2017,1
ERBB4,SLC5A5,2017,1
ERBB4,KDM1A,2017,1
ERBB4,NR5A1,2017,1
ERBB4,NOS2,2017,1
KRAS,TKT,2017,1
KRAS,TUFT1,2017,1
CFAP298,KRAS,2017,1
EIF1,KRAS,2017,1
COX6C,KRAS,2017,1
KRAS,PNN,2017,1
KRAS,PSMC3,2017,1
DPH5,KRAS,2017,1
KRAS,RPS6,2017,1
CFAP20,KRAS,2017,1
ERBB4,LIG1,2017,1
KRAS,SMNDC1,2017,1
DENR,KRAS,2017,1
EP400,KRAS,2017,1
CHEK2,KMT2D,2017,1
EZR,KRAS,2017,1
AMHR2,CIT,2017,1
KRAS,SDAD1,2017,1
KRAS,WRAP53,2017,1
KRAS,NEXN,2017,1
KRAS,VGF,2017,1
KRAS,MAK,2017,1
HARS1,KRAS,2017,1
FAM50A,KRAS,2017,1
KRAS,SEMA3C,2017,1
AMHR2,BCL2L2,2017,1
AMHR2,CAMK2G,2017,1
AMHR2,CDC25B,2017,1
AMHR2,LCK,2017,1
AMHR2,DNMT1,2017,1
AMHR2,PARP1,2017,1
KRAS,WDR13,2017,1
AMHR2,OXT,2017,1
ERBB4,TYK2,2017,1
FGFR3,OXT,2017,1
FGFR3,STMN1,2017,1
FGFR3,PRKAR1A,2017,1
FGFR3,FNTA,2017,1
FGFR3,VHL,2017,1
FGFR3,POMC,2017,1
FGFR3,PRKCZ,2017,1
PBRM1,TOP1,2017,1
PBRM1,VHL,2017,1
MAP2K7,PIK3CD,2017,1
MAP2K7,SLC16A8,2017,1
MAP2K7,MAP3K10,2017,1
MAP2K7,PTGIR,2017,1
AMHR2,MAPK12,2017,1
KRAS,MRPL37,2017,1
PRKCD,SPHK1,2017,1
DAPK3,TOP1,2017,1
HINFP,KRAS,2017,1
ATP5F1C,KRAS,2017,1
GPX1,TSPO,2017,1
KRAS,PTMA,2017,1
MTOR,PDGFRA,2017,1
MTOR,SMAD4,2017,1
MTOR,PTEN,2017,1
GRB2,SLC5A5,2017,1
GRB2,PRSS8,2017,1
PTPRE,RPS6KA2,2017,1
CIT,GPI,2017,1
CIT,PIK3CG,2017,1
CIT,STMN1,2017,1
KRAS,PHLDB2,2017,1
AEBP2,CSK,2018,1
ATXN1L,CSK,2018,1
CSK,WLS,2018,1
CSK,SLC6A3,2018,1
CSK,PRRX2,2018,1
CSK,RNF121,2018,1
CSK,SGIP1,2018,1
CSK,XPO4,2018,1
APOBEC1,CSK,2018,1
CSK,TBXA2R,2018,1
CSK,GNPNAT1,2018,1
CSK,LEPROT,2018,1
CSK,CTDSPL,2018,1
CSK,PXDNL,2018,1
CSK,SLC35G2,2018,1
CSK,HECW2,2018,1
CSK,DGKH,2018,1
CSK,CUL5,2018,1
CSK,FCHSD2,2018,1
CSK,XKRX,2018,1
CSK,JAK2,2018,1
CSK,NCOA1,2018,1
CSK,ERGIC2,2018,1
CSK,IRX5,2018,1
CSK,PAM,2018,1
CSK,PLS3,2018,1
CSK,PRKAG1,2018,1
CSK,UBQLN1,2018,1
CSK,PAN2,2018,1
CD3D,CSK,2018,1
CSK,KLHL8,2018,1
CSK,SPATA22,2018,1
CSK,MTM1,2018,1
CSK,SHC3,2018,1
BAG5,CSK,2018,1
CSK,TTC3,2018,1
CSK,PYGO1,2018,1
CNTN6,CSK,2018,1
CSK,MCOLN2,2018,1
ALDH6A1,CSK,2018,1
CSK,IFT74,2018,1
CSK,SCN9A,2018,1
CSK,LRRK2,2018,1
CSK,DRAM2,2018,1
CHN1,CSK,2018,1
CSK,CSNK2A2,2018,1
CSK,GTF2A1L,2018,1
CSK,ETFA,2018,1
CSK,SYNE3,2018,1
CSK,TMX4,2018,1
AFF2,CSK,2018,1
CSK,SCIN,2018,1
CSK,TRPC4AP,2018,1
CSK,KRT20,2018,1
CSK,RBMS1,2018,1
CSK,TCEANC,2018,1
CSK,TMEM108,2018,1
CSK,TEAD2,2018,1
CSK,LBP,2018,1
CSK,IL17RD,2018,1
CSK,TPM3,2018,1
CSK,UBXN7,2018,1
CSK,XPNPEP3,2018,1
CSK,PADI2,2018,1
CSK,GAS2L2,2018,1
CSK,RAB3GAP2,2018,1
CSK,LRRC59,2018,1
CSK,IGSF6,2018,1
CACUL1,CSK,2018,1
ANKHD1,CSK,2018,1
CSK,YWHAH,2018,1
CSK,TMEM64,2018,1
CSK,MCHR2,2018,1
CAPN2,CSK,2018,1
CSK,TMEM14B,2018,1
CSK,FABP12,2018,1
CSK,DZANK1,2018,1
CD300LF,CSK,2018,1
CSK,IST1,2018,1
ANKRD28,CSK,2018,1
CSK,RNF130,2018,1
CSK,SLC30A5,2018,1
COL25A1,CSK,2018,1
CSK,TOM1L1,2018,1
CSK,HADHB,2018,1
CSK,PFKFB2,2018,1
CSK,POU2F1,2018,1
CSK,KYAT3,2018,1
CSK,GRIA1,2018,1
CSK,LRRC1,2018,1
CSK,IVNS1ABP,2018,1
BBS5,CSK,2018,1
ATP11B,CSK,2018,1
CSK,SLC30A7,2018,1
ACAD8,CSK,2018,1
CSK,PLD5,2018,1
CASP6,CSK,2018,1
CSK,LRRC42,2018,1
CSK,PCOLCE2,2018,1
CSK,REG3A,2018,1
CSK,ZDHHC4,2018,1
CSK,TMEM248,2018,1
ATP1A4,CSK,2018,1
CSK,SUGP2,2018,1
CSK,FGB,2018,1
CSK,ST6GALNAC2,2018,1
ATP5MC1,CSK,2018,1
CSK,PHACTR4,2018,1
ARMT1,CSK,2018,1
ANKRD40,CSK,2018,1
CSK,SNX10,2018,1
CEP290,CSK,2018,1
CSK,TTBK2,2018,1
AMOT,CSK,2018,1
CSK,EGR2,2018,1
CSK,ERI2,2018,1
CSK,TRAF5,2018,1
CSK,CXCL10,2018,1
CSK,ELMOD3,2018,1
CSK,SWT1,2018,1
CLPX,CSK,2018,1
CSK,NME7,2018,1
CSK,TSC22D2,2018,1
CSK,TBX19,2018,1
CSK,HERC6,2018,1
CSK,GOLGA4,2018,1
CSK,RNF145,2018,1
CSK,PALMD,2018,1
CSK,IAPP,2018,1
CSK,ZNF566,2018,1
CSK,H2AC12,2018,1
CSK,GAS2,2018,1
CSK,GATA3,2018,1
CSK,RANBP10,2018,1
CSK,VKORC1,2018,1
CSK,PTBP2,2018,1
CHIC2,CSK,2018,1
CSK,MS4A10,2018,1
CSK,PPP2R1B,2018,1
CSK,FNDC3B,2018,1
AKAP7,CSK,2018,1
CSK,RGSL1,2018,1
CSK,UBL7,2018,1
CSK,UBE2B,2018,1
CSK,GIPC2,2018,1
CSK,MPZ,2018,1
CSK,ZC3H14,2018,1
CSK,FLG,2018,1
CSK,STX3,2018,1
CSK,SLC27A2,2018,1
CSK,HOOK1,2018,1
CSK,SLC26A2,2018,1
CSK,ERBB2,2018,1
CSK,NEK7,2018,1
CSK,MASP1,2018,1
CSK,STARD9,2018,1
CSK,TSPAN6,2018,1
CSK,SLC25A16,2018,1
BBS2,CSK,2018,1
CSK,CTSO,2018,1
CSK,FGF8,2018,1
CSK,ERLEC1,2018,1
ATP6V0A1,CSK,2018,1
CSK,SLC25A12,2018,1
CSK,GEN1,2018,1
CSK,HMMR,2018,1
CSK,MAGIX,2018,1
CSK,DAO,2018,1
CSK,FBXO4,2018,1
CSK,NRDC,2018,1
CSK,PKHD1L1,2018,1
CSK,EPB41L4A,2018,1
CSK,SYCP1,2018,1
ADAM10,CSK,2018,1
COMMD1,CSK,2018,1
CSK,EEF1AKMT1,2018,1
ANGPTL3,CSK,2018,1
CSK,KIAA1143,2018,1
CEP78,CSK,2018,1
CSK,EAF2,2018,1
CSK,STK33,2018,1
CAST,CSK,2018,1
CSK,SLC2A2,2018,1
CSK,LGR5,2018,1
CSK,SPAG1,2018,1
ARL14,CSK,2018,1
CSK,FUZ,2018,1
CSK,GMNC,2018,1
CSK,GATAD1,2018,1
CSK,TNIP3,2018,1
CSK,ZNF607,2018,1
CSK,RECQL,2018,1
CSK,CYRIA,2018,1
ALKBH3,CSK,2018,1
CSK,IL13RA1,2018,1
CSK,PCDH18,2018,1
CSK,RPE65,2018,1
CSK,FSD2,2018,1
CSK,ZNF461,2018,1
CSK,IGSF10,2018,1
AHSG,CSK,2018,1
CSK,DISC1,2018,1
CASP5,CSK,2018,1
PARP1,PARP2,2018,1
CSK,YWHAQ,2018,1
CSK,DENND2B,2018,1
CSK,RALGAPA2,2018,1
CSK,CTSH,2018,1
CSK,NUMB,2018,1
CSK,TARBP1,2018,1
CSK,DPM2,2018,1
CDC14A,CSK,2018,1
CSK,PTH,2018,1
CSK,ZHX3,2018,1
CSK,TTC13,2018,1
CAMK1,CSK,2018,1
CSK,GRSF1,2018,1
CSK,LAMA2,2018,1
CSK,TLCD5,2018,1
CSK,TLE1,2018,1
ARHGAP10,CSK,2018,1
BCL2,BCL2L1,2018,1
CSK,IL6,2018,1
CSK,NOSTRIN,2018,1
CAPN3,CSK,2018,1
CSK,STX6,2018,1
CSK,TRMT11,2018,1
CSK,ITFG1,2018,1
CSK,ZNF713,2018,1
CSK,VPS13B,2018,1
ABCB5,CSK,2018,1
CSK,DCAF17,2018,1
AKR1C3,CSK,2018,1
CSK,IDE,2018,1
CSK,NUP58,2018,1
CSK,FBXO7,2018,1
CSK,CYP2J2,2018,1
ARHGDIA,CSK,2018,1
CSK,DHX29,2018,1
CSK,ELMO1,2018,1
CSK,RPS6KA2,2018,1
CSK,RGS7,2018,1
CSK,LIMS1,2018,1
CSK,DLAT,2018,1
CSK,MYH1,2018,1
CSK,POC5,2018,1
AKT1,CSK,2018,1
CSK,KDM6A,2018,1
CSK,MINPP1,2018,1
CSK,IFI16,2018,1
COX19,CSK,2018,1
CSK,ELOVL3,2018,1
CSK,SSX2IP,2018,1
CSK,ELAVL4,2018,1
CSK,IL21,2018,1
CSK,TRPC6,2018,1
CSK,PDE8A,2018,1
CEP126,CSK,2018,1
CSK,TMEM106B,2018,1
CSK,DDHD2,2018,1
AP4E1,CSK,2018,1
CSK,GPRC5B,2018,1
ARFIP2,CSK,2018,1
CSK,TRIM36,2018,1
BCL2,MCL1,2018,1
ARRDC1,CSK,2018,1
CSK,FGF1,2018,1
CSK,KDM5B,2018,1
CSK,EPHB2,2018,1
CSK,TCF4,2018,1
CSK,FBXL2,2018,1
CSK,SEMA3E,2018,1
CSK,PLEKHG4,2018,1
CSK,DENND4C,2018,1
CSK,SOAT1,2018,1
CSK,GCNT4,2018,1
CSK,GBE1,2018,1
CSK,ZNF639,2018,1
CSK,GOLT1A,2018,1
BCL2L1,BCL2L2,2018,1
CSK,LAMB3,2018,1
AKT2,AKT3,2018,1
CSK,SLC31A2,2018,1
ADK,CSK,2018,1
AKT1,AKT3,2018,1
CSK,DSE,2018,1
CSK,GNPAT,2018,1
CSK,TET3,2018,1
CSK,EFR3B,2018,1
CSK,PAK1,2018,1
CSK,CYLD,2018,1
CRYZ,CSK,2018,1
BAZ2B,CSK,2018,1
CSK,ITPRID1,2018,1
CSK,PHF20L1,2018,1
CSK,PKD1,2018,1
CSK,PDZD9,2018,1
CSK,SCNN1G,2018,1
CSK,GAS8,2018,1
CSK,SLC25A13,2018,1
CSK,DLG2,2018,1
CSK,TLL2,2018,1
CSK,MMADHC,2018,1
CSK,KCTD3,2018,1
CSK,NPC1,2018,1
CSK,POU1F1,2018,1
CSK,EVI5,2018,1
CSK,THBS1,2018,1
CSK,PTPRZ1,2018,1
CSK,SHF,2018,1
CSK,PLXDC1,2018,1
CSK,NEBL,2018,1
CSK,PANK2,2018,1
CSK,GNB4,2018,1
CSK,PRKAA2,2018,1
BCL2L11,CSK,2018,1
CSK,NME8,2018,1
CSK,PP2D1,2018,1
ABITRAM,CSK,2018,1
CSK,GRIK1,2018,1
CSK,FGD6,2018,1
CMYA5,CSK,2018,1
CSK,SLC3A2,2018,1
CSK,ZNF200,2018,1
CSK,VTI1B,2018,1
CSK,SUMO3,2018,1
CSK,GRIN1,2018,1
CSK,HHATL,2018,1
CSK,HGF,2018,1
CSK,TMEM116,2018,1
CSK,CYTH3,2018,1
CSK,TAFA2,2018,1
CSK,STOM,2018,1
CSK,PAK2,2018,1
CSK,TNFAIP3,2018,1
CLOCK,CSK,2018,1
CSK,GPR107,2018,1
CSK,SHOC1,2018,1
CSK,ERN2,2018,1
CSK,KBTBD4,2018,1
CSK,MCOLN3,2018,1
CSK,MICU1,2018,1
ANKRD13A,CSK,2018,1
CSK,SPDEF,2018,1
CSK,SYT14,2018,1
CSK,NOL4,2018,1
CMTM3,CSK,2018,1
CSK,MELTF,2018,1
CSK,GFRA3,2018,1
MAP2K1,MAP2K2,2018,1
CSK,NPHP3,2018,1
CSK,ZMYM2,2018,1
CSK,CYP24A1,2018,1
ANO10,CSK,2018,1
CSK,FBXO8,2018,1
CSK,MTMR2,2018,1
CSK,MLLT11,2018,1
CSK,ZIM3,2018,1
CSK,GOLPH3L,2018,1
CSK,MCM8,2018,1
ALPK2,CSK,2018,1
CSK,MTF2,2018,1
CSK,IRX2,2018,1
CSK,NDFIP1,2018,1
CSK,HYDIN,2018,1
CSK,SNX16,2018,1
BRCA2,PARP1,2018,1
CSK,MRS2,2018,1
CSK,SCG3,2018,1
CSK,FYTTD1,2018,1
CARHSP1,CSK,2018,1
CSK,TMEM87A,2018,1
CSK,GAB1,2018,1
CSK,IQUB,2018,1
CSK,GXYLT1,2018,1
CSK,FBXO3,2018,1
CSK,ODC1,2018,1
AMPD3,CSK,2018,1
CSK,ZSWIM2,2018,1
CSK,MRPS9,2018,1
CSK,ZC3HAV1,2018,1
CSK,RALGPS1,2018,1
CSK,TMX3,2018,1
CSK,PIBF1,2018,1
CNTRL,CSK,2018,1
CSK,TRIM69,2018,1
CSK,RAB21,2018,1
CSK,HORMAD2,2018,1
CDH19,CSK,2018,1
CSK,MMP1,2018,1
CSK,NDUFA6,2018,1
CSK,SUFU,2018,1
CSK,NAF1,2018,1
CSK,HMGA2,2018,1
CSK,SLC9A8,2018,1
CSK,DGKE,2018,1
CLEC1A,CSK,2018,1
CSK,OPALIN,2018,1
CSK,TDRD10,2018,1
CSK,SYNC,2018,1
CSK,GPR160,2018,1
CSK,MSH3,2018,1
CSK,NDUFV2,2018,1
CFTR,CSK,2018,1
CSK,PNMA8A,2018,1
CSK,R3HDM1,2018,1
CSK,SYPL1,2018,1
CSK,LY6G5B,2018,1
CSK,RXFP1,2018,1
CSK,OGN,2018,1
CSK,VPS33B,2018,1
CHMP4C,CSK,2018,1
CSK,SLC8A1,2018,1
CSK,RBL2,2018,1
CSK,FAM20C,2018,1
CSK,MAPK8,2018,1
CSK,EXD2,2018,1
CSK,LYPD6B,2018,1
CCDC90B,CSK,2018,1
CETN2,CSK,2018,1
C5,CSK,2018,1
CSK,MAPKAPK5,2018,1
ATF6,CSK,2018,1
CSK,VRK2,2018,1
CSK,PPP2R5B,2018,1
CASQ1,CSK,2018,1
CSK,SAMD9L,2018,1
ABCG2,CSK,2018,1
CSK,RNF125,2018,1
CSK,RABGAP1L,2018,1
CSK,NAGPA,2018,1
CSK,SIT1,2018,1
CSK,POLN,2018,1
BICC1,CSK,2018,1
CSK,ZNF214,2018,1
CSK,INA,2018,1
ARF5,CSK,2018,1
CSK,PROCA1,2018,1
CSK,TBC1D5,2018,1
CSK,MID2,2018,1
CSK,NPAS2,2018,1
MAPK1,MAPK3,2018,1
CSK,PI4K2A,2018,1
ARMC1,CSK,2018,1
CSK,TBC1D12,2018,1
CSK,PLBD1,2018,1
CSK,ERMAP,2018,1
CFI,CSK,2018,1
CSK,RSRC2,2018,1
CSK,MAGED2,2018,1
CSK,PRDX6,2018,1
CCDC6,CSK,2018,1
CSK,IBTK,2018,1
CSK,TM4SF1,2018,1
CSK,PAH,2018,1
CSK,DLG1,2018,1
CSK,TCTN3,2018,1
CSK,SLC38A1,2018,1
CSK,ETV5,2018,1
ADGRL4,CSK,2018,1
CSK,NUDT13,2018,1
CSK,MFN1,2018,1
CSK,UBXN1,2018,1
CSK,PUS10,2018,1
CSK,RBAK,2018,1
CSK,SLITRK3,2018,1
CSK,TMEM184C,2018,1
CSK,PIGF,2018,1
CSK,PIK3C2A,2018,1
CSK,STAM,2018,1
CSK,TUT4,2018,1
CSK,GRIA4,2018,1
CSK,MTRF1,2018,1
CSK,RAD9B,2018,1
CSK,SEC61A2,2018,1
CSK,IFT43,2018,1
CSK,VPS50,2018,1
CSK,XRRA1,2018,1
CSK,ETFBKMT,2018,1
CSK,IFT52,2018,1
CSK,FXYD2,2018,1
CSK,POLB,2018,1
CSK,ZNF175,2018,1
CSK,RO60,2018,1
CSK,USP6NL,2018,1
CSK,TIGD2,2018,1
CSK,GRHL2,2018,1
CSK,MSH4,2018,1
CSK,MANSC4,2018,1
CSK,HNRNPUL2,2018,1
CSK,PXDC1,2018,1
CSK,NOA1,2018,1
CSK,ZNF229,2018,1
CSK,MMP8,2018,1
CSK,TRIP11,2018,1
CSK,GLG1,2018,1
CSK,HIVEP1,2018,1
CSK,PPIB,2018,1
CSK,UBR7,2018,1
ATAD2,CSK,2018,1
CA11,CSK,2018,1
ATP11C,CSK,2018,1
CKAP2L,CSK,2018,1
ARHGAP26,CSK,2018,1
CSK,IFI27,2018,1
CSK,ZNF451,2018,1
CSK,PLD1,2018,1
CSK,PTPN21,2018,1
CSK,RDX,2018,1
ACER3,CSK,2018,1
CHD2,CSK,2018,1
CSK,ERBIN,2018,1
CSK,FANCL,2018,1
CSK,SNX2,2018,1
CSK,RAP1GDS1,2018,1
CCDC172,CSK,2018,1
CSK,KTN1,2018,1
CSK,TOMM20L,2018,1
CSK,SNX24,2018,1
CSK,SLC22A2,2018,1
CSK,SEC22A,2018,1
CSK,PPP2R5A,2018,1
CSK,ZNF165,2018,1
CSK,PLCB4,2018,1
CPN2,CSK,2018,1
CSK,CTSE,2018,1
CHIA,CSK,2018,1
CSK,DCP1B,2018,1
CSK,GABRA4,2018,1
COL11A1,CSK,2018,1
CSK,TOR2A,2018,1
CSK,SCLT1,2018,1
CSK,SEMA6A,2018,1
CSK,DDX60,2018,1
CSK,SOAT2,2018,1
CSK,PLPP5,2018,1
CSK,SLIRP,2018,1
CSK,FBXO16,2018,1
ARHGEF12,CSK,2018,1
CSK,TDP1,2018,1
CSK,GCC2,2018,1
CSK,UGP2,2018,1
CSK,SYCE1L,2018,1
CSK,HSF2,2018,1
CARMIL3,CSK,2018,1
CEP63,NACA,2019,1
CEP63,TTC4,2019,1
CEP63,MASTL,2019,1
CEP63,EXOSC9,2019,1
CEP63,PPP2R1A,2019,1
CEP63,RPL13,2019,1
CEP63,MED28,2019,1
NCAPD2,REXO2,2019,1
NCAPD2,RTF1,2019,1
CCNK,LEO1,2019,1
CCNK,EIF3D,2019,1
CCNK,EXOSC9,2019,1
TIPIN,TTC4,2019,1
STXBP4,TRNAU1AP,2019,1
GTF2E1,TTC4,2019,1
CAMK1G,GRB2,2019,1
DHFR,HDAC2,2019,1
DHFR,MSH6,2019,1
NCAPD2,PTTG1,2019,1
NCAPD2,TUBGCP3,2019,1
NCAPD2,PPIE,2019,1
NCAPD2,POLR3A,2019,1
NCAPD2,TTC4,2019,1
NCAPD2,RBM17,2019,1
GTF2E1,MED23,2019,1
GTF2E1,NACA,2019,1
GTF2E1,PSMD1,2019,1
GTF2E1,RPL13,2019,1
GTF2E1,MED28,2019,1
MLH1,TSC1,2019,1
EXOSC3,TBCB,2019,1
EXOSC3,PMF1,2019,1
NSMCE1,TBCB,2019,1
AKT3,UBC,2019,1
PARP2,RRM1,2019,1
RRM1,SPHK1,2019,1
ALDH5A1,RRM1,2019,1
RRM1,TUBGCP3,2019,1
LDHA,LDHB,2019,1
LDHA,PGAM2,2019,1
LDHA,PDHB,2019,1
CAMK1G,HMGA1,2019,1
CENPP,NUP85,2019,1
CENPP,EIF3D,2019,1
CENPP,POLN,2019,1
CENPP,POLR2K,2019,1
CENPP,YTHDC1,2019,1
CENPP,EBNA1BP2,2019,1
CENPP,GTF2H4,2019,1
CENPP,GTPBP4,2019,1
CENPP,EIF4G1,2019,1
CENPP,NOC2L,2019,1
CENPP,RNGTT,2019,1
CENPP,PSMB7,2019,1
CENPP,RPL13,2019,1
CENPP,PNN,2019,1
CENPP,RPL5,2019,1
CENPP,NACA,2019,1
CENPP,EXOSC9,2019,1
CENPP,KIF11,2019,1
CENPP,NCAPD2,2019,1
CENPP,PELO,2019,1
CENPP,DUT,2019,1
CENPP,FH,2019,1
CENPP,VPS72,2019,1
CENPP,ZWINT,2019,1
CENPP,MRPL42,2019,1
CENPP,CTNNBL1,2019,1
CENPP,TUBGCP3,2019,1
CENPP,DDX46,2019,1
CENPP,SPAG7,2019,1
CENPP,COG3,2019,1
CENPP,PMF1,2019,1
CENPP,MED28,2019,1
CENPP,IARS1,2019,1
CENPP,TTC4,2019,1
CENPP,DCTN4,2019,1
CENPP,SPDL1,2019,1
CENPP,TRMT5,2019,1
CENPP,MRPS27,2019,1
CENPP,EEF1G,2019,1
CENPP,RTF1,2019,1
CENPP,NOL8,2019,1
CENPP,SAP18,2019,1
CENPP,MICOS10,2019,1
CDH1,FNTA,2019,1
CDH1,CDK9,2019,1
CDH1,MET,2019,1
CDH1,MAP2K1,2019,1
TRMT5,TUBGCP3,2019,1
TRMT5,TUBB,2019,1
TRMT5,VPS72,2019,1
TRMT5,TTC4,2019,1
TRMT5,TRRAP,2019,1
TRMT5,YTHDC1,2019,1
TRMT5,WARS2,2019,1
TRMT5,ZWINT,2019,1
TRMT5,ZNF830,2019,1
PPIE,RPL24,2019,1
PPIE,RBM25,2019,1
PPIE,RPS5,2019,1
PPIE,ZNF830,2019,1
PPIE,PSMD1,2019,1
PPIE,WDR70,2019,1
PDGFB,TUBB,2019,1
ABL1,PDGFB,2019,1
ALDH5A1,PDGFB,2019,1
PARP2,PDGFB,2019,1
REXO2,TTC4,2019,1
REXO2,TBCB,2019,1
REXO2,SSBP1,2019,1
REXO2,RPL8,2019,1
REXO2,SPAG7,2019,1
REXO2,RPL5,2019,1
REXO2,ZNF830,2019,1
REXO2,TRNAU1AP,2019,1
REXO2,TUBGCP3,2019,1
REXO2,RPLP1,2019,1
REXO2,TRPM7,2019,1
REXO2,TRRAP,2019,1
REXO2,TIMELESS,2019,1
REXO2,TUBB,2019,1
REXO2,TAF1,2019,1
REXO2,RPL36A,2019,1
REXO2,XRN2,2019,1
REXO2,SKA3,2019,1
LONP1,MED28,2019,1
LONP1,VPS72,2019,1
LONP1,PITRM1,2019,1
LONP1,TTC4,2019,1
LONP1,MRPS27,2019,1
LONP1,TUBGCP3,2019,1
LONP1,ZNF830,2019,1
LONP1,NACA,2019,1
LONP1,SDHC,2019,1
LONP1,RPL13,2019,1
LONP1,POLR2K,2019,1
PRPF18,TRNAU1AP,2019,1
PRPF18,ZNF830,2019,1
PRPF18,TTC4,2019,1
ATXN10,MTBP,2019,1
ATXN10,POLR2K,2019,1
ATXN10,EIF3M,2019,1
ATXN10,CTNNBL1,2019,1
ATXN10,NACA,2019,1
ATXN10,RPL5,2019,1
ATXN10,TTC4,2019,1
ATXN10,MED23,2019,1
ATXN10,TUBGCP3,2019,1
ATXN10,MTRES1,2019,1
MMP25,TXN,2019,1
BCL2L2,LARS2,2019,1
BCL2L2,EPRS1,2019,1
BCL2L2,CDK12,2019,1
BCL2L2,HMGA1,2019,1
BCL2L2,TOP1,2019,1
BCL2L2,CIT,2019,1
PSMB6,PSMD4,2019,1
HDAC1,HDAC6,2019,1
SMC5,SPAG7,2019,1
SMC5,TUBGCP3,2019,1
SMC5,UBA2,2019,1
SMC5,TTC4,2019,1
BCL2,JUN,2019,1
PARP1,STMN1,2019,1
PARP1,PDGFB,2019,1
PARP1,WEE1,2019,1
FGFR2,PARP1,2019,1
ABAT,PARP1,2019,1
FGFR3,PARP1,2019,1
PARP1,TUBB,2019,1
KDR,PARP1,2019,1
PARP1,TYMS,2019,1
PARP1,SKP2,2019,1
PARP1,PDGFRA,2019,1
ABL1,PARP1,2019,1
PARP1,RRM1,2019,1
PARP1,SPHK1,2019,1
FGFR1,PARP1,2019,1
PARP1,PIM1,2019,1
PARP1,PDGFA,2019,1
LCK,PARP1,2019,1
PARP1,VEGFA,2019,1
ALDH5A1,PARP1,2019,1
RFC5,VPS72,2019,1
ARGLU1,OGFOD1,2019,1
ARGLU1,FBXO28,2019,1
ARGLU1,TRA2B,2019,1
ARGLU1,FDPS,2019,1
ARGLU1,GOLT1B,2019,1
ARGLU1,PSMD1,2019,1
ARGLU1,ZNF574,2019,1
ARGLU1,TRMT5,2019,1
ARGLU1,SKA3,2019,1
ARGLU1,MASTL,2019,1
ARGLU1,VPS72,2019,1
ARGLU1,TRNAU1AP,2019,1
ARGLU1,RNGTT,2019,1
ARGLU1,COG3,2019,1
ARGLU1,SLC39A9,2019,1
ARGLU1,SRSF7,2019,1
ARGLU1,METAP2,2019,1
ARGLU1,WDR70,2019,1
ARGLU1,LEO1,2019,1
ARGLU1,PSPH,2019,1
ARGLU1,EIF3M,2019,1
ARGLU1,SNRPC,2019,1
ARGLU1,KARS1,2019,1
ARGLU1,ARL2,2019,1
ARGLU1,MRPL32,2019,1
ARGLU1,GFI1B,2019,1
ARGLU1,ARIH1,2019,1
ARGLU1,COX16,2019,1
ARGLU1,PNN,2019,1
ARGLU1,RPL13,2019,1
ARGLU1,COQ2,2019,1
ARGLU1,POLR2K,2019,1
ARGLU1,PPCS,2019,1
ARGLU1,MRPL15,2019,1
ARGLU1,COX6C,2019,1
ARGLU1,MTRES1,2019,1
ARGLU1,CENPM,2019,1
ARGLU1,LUC7L3,2019,1
ARGLU1,RTF1,2019,1
ARGLU1,EXOSC9,2019,1
ARGLU1,ERH,2019,1
ARGLU1,NUP85,2019,1
ARGLU1,MRPL42,2019,1
ARGLU1,MED28,2019,1
ARGLU1,MRPL18,2019,1
ARGLU1,GNPAT,2019,1
ARGLU1,HBS1L,2019,1
ARGLU1,TTC4,2019,1
ARGLU1,SPAG7,2019,1
ARGLU1,RBBP8,2019,1
ARGLU1,TUBGCP3,2019,1
ARGLU1,CENPP,2019,1
ARGLU1,MAPKAP1,2019,1
ARGLU1,NACA,2019,1
ARGLU1,CENPK,2019,1
ARGLU1,REXO2,2019,1
ARGLU1,FH,2019,1
ARGLU1,SRP19,2019,1
ARGLU1,NDUFB4,2019,1
MTBP,TIMELESS,2019,1
MTBP,RRM1,2019,1
MTBP,SRP19,2019,1
MTBP,RPS5,2019,1
MTBP,TRMT5,2019,1
PPP2R1A,RBBP8,2019,1
PPP2R1A,SCYL1,2019,1
PPP2R1A,REXO2,2019,1
PPP2R1A,TUBGCP3,2019,1
PPP2R1A,SRSF7,2019,1
PPP2R1A,RTF1,2019,1
PPP2R1A,TAF2,2019,1
PPP2R1A,SLC39A9,2019,1
PPP2R1A,WDR7,2019,1
PPP2R1A,RPA3,2019,1
PPP2R1A,WDR70,2019,1
PPP2R1A,PRMT5,2019,1
PPP2R1A,SNRPD3,2019,1
PPP2R1A,SF3B1,2019,1
PPP2R1A,ZNF574,2019,1
PPP2R1A,PSMC1,2019,1
PPP2R1A,USE1,2019,1
PPP2R1A,YTHDC1,2019,1
PPP2R1A,ZNF511,2019,1
PPP2R1A,TTC4,2019,1
PPP2R1A,VPS4A,2019,1
PPP2R1A,SNIP1,2019,1
PPP2R1A,RPL5,2019,1
PPP2R1A,PSPH,2019,1
PPP2R1A,UBA3,2019,1
PPP2R1A,PSMC6,2019,1
PPP2R1A,RPL13,2019,1
PPP2R1A,PSMD6,2019,1
PPP2R1A,SKA3,2019,1
PPP2R1A,SNRPB,2019,1
PPP2R1A,VPS29,2019,1
MARS2,PELO,2019,1
MARS2,PGK1,2019,1
MARS2,PPP2R1A,2019,1
MARS2,REXO2,2019,1
MAPK12,MASP2,2019,1
MAPK12,TSPO,2019,1
MAPK12,PIM1,2019,1
MAPK12,NDUFA4,2019,1
MAPK12,NPR2,2019,1
MAPK12,STMN1,2019,1
MAPK12,PRSS8,2019,1
MAPK12,MC1R,2019,1
MAPK12,PIK3CA,2019,1
MRPL36,PSMD12,2019,1
MRPL36,TIMELESS,2019,1
MRPL36,NUP54,2019,1
MRPL36,RBM17,2019,1
MRPL36,NACA,2019,1
MRPL36,REXO2,2019,1
MRPS5,PMPCB,2019,1
MRPS5,TAF1,2019,1
MRPS5,TBCB,2019,1
MRPS5,NFE2L1,2019,1
MRPS5,REXO2,2019,1
MRPS5,VPS29,2019,1
MRPS5,PMF1,2019,1
ENPP1,GPX8,2019,1
ENPP1,GPX7,2019,1
SPAG7,WDR36,2019,1
SPAG7,TUBGCP3,2019,1
SPAG7,TUBB,2019,1
SPAG7,UQCRB,2019,1
SPAG7,ZWINT,2019,1
SPAG7,VPS72,2019,1
SPAG7,TRNAU1AP,2019,1
SPAG7,ZNF830,2019,1
SPAG7,ZNF574,2019,1
SPAG7,TTC4,2019,1
SPAG7,TRMT5,2019,1
SPAG7,TRRAP,2019,1
GET3,VPS4A,2019,1
GET3,PPP2R1A,2019,1
FH,GET3,2019,1
GET3,LEO1,2019,1
GET3,SPAG7,2019,1
GET3,TRRAP,2019,1
GET3,KIF14,2019,1
CMAS,GET3,2019,1
COG3,GET3,2019,1
GET3,MTRES1,2019,1
EXOSC9,GET3,2019,1
ATP6AP1,GET3,2019,1
GET3,TTC4,2019,1
GET3,TAF2,2019,1
GET3,TUBGCP3,2019,1
GET3,SRP19,2019,1
GET3,MASTL,2019,1
CAMLG,GET3,2019,1
GET3,HUS1,2019,1
GET3,MBTPS2,2019,1
CDC26,GET3,2019,1
EIF3M,GET3,2019,1
GET3,WDR7,2019,1
GET3,POLR3B,2019,1
GET3,MED28,2019,1
GET3,GOLT1B,2019,1
MRPL3,NACA,2019,1
MRPL3,PSMC1,2019,1
MRPL3,NOL8,2019,1
MRPL3,TAF2,2019,1
GTF2H4,TRNAU1AP,2019,1
GTF2H4,MRPL43,2019,1
GTF2H4,MRPS14,2019,1
GTF2H4,POLN,2019,1
GTF2H4,TFB1M,2019,1
GTF2H4,KIF11,2019,1
GTF2H4,WDR77,2019,1
GTF2H4,WARS2,2019,1
GTF2H4,INTS3,2019,1
GTF2H4,RBM17,2019,1
GTF2H4,RPP38,2019,1
GTF2H4,PPCS,2019,1
GTF2H4,RPP30,2019,1
GTF2H4,MED28,2019,1
GTF2H4,MED23,2019,1
GTF2H4,KDM1A,2019,1
GTF2H4,PNN,2019,1
GTF2H4,TBCB,2019,1
GTF2H4,SNRNP200,2019,1
GTF2H4,MFAP1,2019,1
GTF2H4,MED24,2019,1
GTF2H4,HSCB,2019,1
GTF2H4,TCF25,2019,1
GTF2H4,SSB,2019,1
GTF2H4,NUP54,2019,1
GTF2H4,MARS1,2019,1
GTF2H4,PSMC1,2019,1
GTF2H4,GTPBP4,2019,1
GTF2H4,RPLP1,2019,1
GTF2H4,ZNF830,2019,1
GTF2H4,TCOF1,2019,1
GTF2H4,NAA50,2019,1
GTF2H4,PSMD12,2019,1
GTF2H4,RPL8,2019,1
GTF2H4,MBTPS2,2019,1
GTF2H4,SPAG7,2019,1
GTF2H4,METTL17,2019,1
GTF2H4,POLR2K,2019,1
GTF2H4,MRPL37,2019,1
GTF2H4,NAMPT,2019,1
GTF2H4,NCAPD2,2019,1
GTF2H4,MRPS27,2019,1
GTF2H4,PTTG1,2019,1
GTF2H4,SKA3,2019,1
GTF2H4,NSMCE4A,2019,1
GTF2H4,PMF1,2019,1
GTF2H4,KCTD10,2019,1
GTF2H4,RAE1,2019,1
GTF2H4,TUBGCP3,2019,1
GTF2H4,MRPS5,2019,1
GTF2H4,RPLP2,2019,1
GTF2H4,SNIP1,2019,1
GTF2H4,ZWINT,2019,1
GTF2H4,TTC4,2019,1
GTF2H4,VPS72,2019,1
GTF2H4,MTBP,2019,1
GTF2H4,MRPL50,2019,1
GTF2H4,MRPS35,2019,1
GTF2H4,METAP2,2019,1
GTF2H4,RNGTT,2019,1
GTF2H4,MED17,2019,1
GTF2H4,MRPL27,2019,1
GTF2H4,NDUFB1,2019,1
GTF2H4,NUP85,2019,1
GTF2H4,RTF1,2019,1
GTF2H4,MRPS18B,2019,1
GTF2H4,SRP19,2019,1
GTF2H4,MCM3AP,2019,1
GTF2H4,LONP1,2019,1
GTF2H4,MRPL42,2019,1
GTF2H4,TRRAP,2019,1
GTF2H4,PAXBP1,2019,1
GTF2H4,POLR2B,2019,1
GTF2H4,PPP2R1A,2019,1
GTF2H4,GTF3C3,2019,1
GTF2H4,PSMB7,2019,1
GTF2H4,RPL13,2019,1
GTF2H4,REXO2,2019,1
GTF2H4,YTHDC1,2019,1
GTF2H4,NOL9,2019,1
GTF2H4,RPL5,2019,1
GTF2H4,TRMT5,2019,1
GTF2H4,NACA,2019,1
PFKL,TKT,2019,1
IFNGR2,TUBB1,2019,1
ERBB2,SPHK1,2019,1
ERBB2,PDGFA,2019,1
ERBB2,KDR,2019,1
ERBB2,HMGA1,2019,1
ERBB2,PDGFB,2019,1
ERBB2,PARP1,2019,1
ERBB2,GRB2,2019,1
ABL1,ERBB2,2019,1
ERBB2,VEGFA,2019,1
ERBB2,FGFR2,2019,1
BCL2,ERBB2,2019,1
ERBB2,PARP2,2019,1
ERBB2,FGFR1,2019,1
AOC1,HMGA1,2019,1
AOC1,EPRS1,2019,1
AOC1,GRB2,2019,1
EGFR,PDGFRA,2019,1
EGFR,SRC,2019,1
EGFR,RRM2,2019,1
EGFR,LCK,2019,1
EGFR,FGFR1,2019,1
EXOSC6,GNPAT,2019,1
EXOSC6,MASTL,2019,1
EXOSC6,TTC4,2019,1
EXOSC6,TRNAU1AP,2019,1
EXOSC6,SRSF7,2019,1
EXOSC6,PSMD1,2019,1
EXOSC6,FH,2019,1
EXOSC6,MED28,2019,1
EXOSC6,PELO,2019,1
EXOSC6,XRN2,2019,1
NCBP1,PELO,2019,1
NCBP1,NUDC,2019,1
NCBP1,TTC4,2019,1
NCBP1,ZNF574,2019,1
NCBP1,TRMT5,2019,1
NCBP1,REXO2,2019,1
NCBP1,SPDL1,2019,1
MED10,SPDL1,2019,1
MED10,TUBGCP4,2019,1
MED10,ZNF574,2019,1
MED10,PSMD4,2019,1
MED10,TAF2,2019,1
GFER,XRN2,2019,1
GFER,SKA3,2019,1
GFER,MED23,2019,1
GFER,MAPKAP1,2019,1
GFER,NCAPD2,2019,1
GFER,NFE2L1,2019,1
GFER,TAF2,2019,1
GFER,GNPAT,2019,1
GFER,MRPL11,2019,1
GFER,GNL3L,2019,1
ENO2,PDHA1,2019,1
ENO2,PKM,2019,1
ENO2,PFKM,2019,1
ENO2,G6PD,2019,1
QARS1,RTF1,2019,1
QARS1,TUBGCP3,2019,1
GNPAT,PNN,2019,1
GNPAT,TRMT5,2019,1
GNPAT,NOL10,2019,1
GNPAT,NACA,2019,1
GNPAT,POLD1,2019,1
GNPAT,TUBB,2019,1
GNPAT,TTC4,2019,1
GNPAT,POLR2K,2019,1
GNPAT,GTF2H4,2019,1
GNPAT,KIF11,2019,1
GNPAT,MED28,2019,1
GNPAT,RPL5,2019,1
GNPAT,TRNAU1AP,2019,1
GNPAT,SPAG7,2019,1
GNPAT,LEO1,2019,1
GNPAT,MED1,2019,1
GNPAT,PPCS,2019,1
GNPAT,POLN,2019,1
GNPAT,MASTL,2019,1
GNPAT,TUBGCP3,2019,1
GNPAT,GOLT1B,2019,1
GNPAT,TRRAP,2019,1
GNPAT,VPS72,2019,1
GNPAT,LUC7L3,2019,1
GNPAT,OGFOD1,2019,1
PNISR,TIMELESS,2019,1
PNISR,TUBGCP3,2019,1
NFE2L1,RRM1,2019,1
NFE2L1,SSBP1,2019,1
NFE2L1,PSMD6,2019,1
NFE2L1,RPS18,2019,1
NFE2L1,WDR77,2019,1
NFE2L1,RNGTT,2019,1
NFE2L1,SKA3,2019,1
NFE2L1,PSMD1,2019,1
NFE2L1,VPS72,2019,1
NFE2L1,SAP18,2019,1
NFE2L1,PSMC6,2019,1
NFE2L1,PSMB7,2019,1
NFE2L1,POLD1,2019,1
NFE2L1,REXO2,2019,1
NFE2L1,TAF1,2019,1
NFE2L1,POLR2K,2019,1
NFE2L1,SNRNP70,2019,1
NFE2L1,TRNAU1AP,2019,1
NFE2L1,NUP85,2019,1
NFE2L1,RPL13,2019,1
NFE2L1,TUBGCP3,2019,1
NFE2L1,PELO,2019,1
NFE2L1,TBCB,2019,1
NFE2L1,ZNF830,2019,1
NFE2L1,PSMC1,2019,1
NFE2L1,NUP54,2019,1
NFE2L1,POLE2,2019,1
KIT,PDGFRA,2019,1
CWC22,EXOSC9,2019,1
SNRPD3,TTC4,2019,1
SPDL1,TTC4,2019,1
SPDL1,TUBGCP3,2019,1
NUDC,POLR2K,2019,1
NUDC,WDR7,2019,1
NUDC,RPL13,2019,1
NUDC,TTC4,2019,1
NUDC,RBM17,2019,1
NUDC,TUBGCP4,2019,1
NUDC,SCYL1,2019,1
PSMD12,RBM17,2019,1
PSMD12,PTTG1,2019,1
PSMD12,SPAG7,2019,1
PSMD12,TTC4,2019,1
GAPDH,GAPDHS,2019,1
GAPDH,MDH2,2019,1
GAPDH,PFKP,2019,1
GAPDH,PDHX,2019,1
GAPDH,TKT,2019,1
GAPDH,PFKL,2019,1
GAPDH,PGK1,2019,1
GAPDH,PGAM2,2019,1
GAPDH,PFKM,2019,1
GAPDH,PKM,2019,1
GAPDH,GOT2,2019,1
GAPDH,RPE,2019,1
GAPDH,HK2,2019,1
GAPDH,TPI1,2019,1
POLR2K,RPL24,2019,1
POLR2K,YTHDC1,2019,1
POLR2K,PSMC1,2019,1
POLR2K,TSEN2,2019,1
POLR2K,RPLP1,2019,1
POLR2K,WARS2,2019,1
POLR2K,RPS18,2019,1
POLR2K,PRMT5,2019,1
POLR2K,RBBP8,2019,1
POLR2K,VPS72,2019,1
POLR2K,PPAT,2019,1
POLR2K,TAF1,2019,1
POLR2K,RPL13,2019,1
POLR2K,SSBP1,2019,1
POLR2K,RPP30,2019,1
POLR2K,RTF1,2019,1
POLR2K,TTC4,2019,1
POLR2K,RPL5,2019,1
POLR2K,PSMB6,2019,1
POLR2K,TRMT5,2019,1
POLR2K,RINT1,2019,1
POLR2K,RNGTT,2019,1
POLR2K,TUBB,2019,1
POLR2K,RPL36A,2019,1
POLR2K,SRFBP1,2019,1
POLR2K,WDR70,2019,1
POLR2K,SLC7A1,2019,1
POLR2K,SSB,2019,1
POLR2K,PSMD12,2019,1
POLR2K,RPLP2,2019,1
POLR2K,RPL8,2019,1
POLR2K,ZNF830,2019,1
POLR2K,PPCS,2019,1
POLR2K,RPL32,2019,1
POLR2K,SNRPC,2019,1
POLR2K,PTTG1,2019,1
CSF3R,SKP2,2019,1
CSF3R,STMN1,2019,1
CSF3R,MAPK12,2019,1
CSF3R,GRB2,2019,1
SMNDC1,TTC4,2019,1
POLR2K,TUBGCP3,2019,1
POLR2K,SPDL1,2019,1
POLR2K,SNIP1,2019,1
POLR2K,PSMD1,2019,1
POLR2K,SPAG7,2019,1
POLR2K,RPL30,2019,1
POLR2K,TRNAU1AP,2019,1
POLR2K,ZWINT,2019,1
ITGB7,STMN1,2019,1
KDM5C,MAP2K1,2019,1
GTPBP4,XRN2,2019,1
GTPBP4,TTC4,2019,1
GTPBP4,MED23,2019,1
GTPBP4,TRMT5,2019,1
GTPBP4,OGFOD1,2019,1
GTPBP4,LEO1,2019,1
GTPBP4,RPL13,2019,1
GTPBP4,SPAG7,2019,1
GTPBP4,TUBGCP3,2019,1
GTPBP4,PPCS,2019,1
GTPBP4,TRRAP,2019,1
GTPBP4,POLR2K,2019,1
GTPBP4,VPS72,2019,1
GTPBP4,NACA,2019,1
GTPBP4,ZWINT,2019,1
GTPBP4,ZNF830,2019,1
GTPBP4,MASTL,2019,1
GTPBP4,NFYC,2019,1
GTPBP4,MED28,2019,1
KCNQ4,TXN,2019,1
KCNQ4,STMN1,2019,1
HK2,TKT,2019,1
PITRM1,PMPCB,2019,1
PITRM1,POLR2K,2019,1
PITRM1,TIMM22,2019,1
PITRM1,TTC4,2019,1
KSR1,TXN,2019,1
PDCD7,SRSF7,2019,1
PDCD7,TUBGCP3,2019,1
PDCD7,TTC4,2019,1
FH,RPL5,2019,1
FH,NCAPD2,2019,1
FH,PSMB7,2019,1
FH,PSPH,2019,1
FH,TTC4,2019,1
FH,GTPBP4,2019,1
FH,GTF2H1,2019,1
FH,MED1,2019,1
FH,RPLP1,2019,1
FH,MED23,2019,1
FH,INTS3,2019,1
FH,GTF3C3,2019,1
FH,NOLC1,2019,1
FH,KDM1A,2019,1
FH,RNGTT,2019,1
FH,NUP54,2019,1
FH,OGFOD1,2019,1
FH,KCTD10,2019,1
FH,NCBP1,2019,1
FH,NUP43,2019,1
FH,RPL36A,2019,1
FH,HUS1,2019,1
FH,HSPA5,2019,1
FH,POLR2B,2019,1
FH,NUP85,2019,1
FH,NACA,2019,1
FH,LIAS,2019,1
FH,SAP18,2019,1
FH,PRMT5,2019,1
FH,LEO1,2019,1
FH,UQCRB,2019,1
FH,SYVN1,2019,1
FH,YTHDC1,2019,1
FH,POLR2K,2019,1
FH,VPS72,2019,1
FH,MCM3AP,2019,1
FH,MRPS18B,2019,1
FH,GTF2E1,2019,1
FH,SPAG7,2019,1
FH,NAA25,2019,1
FH,HBS1L,2019,1
FH,WDR77,2019,1
FH,SNRNP200,2019,1
FH,ZNHIT6,2019,1
FH,GTF2H4,2019,1
FH,PNN,2019,1
FH,PITRM1,2019,1
FH,MED14,2019,1
FH,KIF11,2019,1
FH,PWP1,2019,1
FH,PSMD1,2019,1
FH,POLN,2019,1
FH,RPLP2,2019,1
FH,METAP2,2019,1
FH,MASTL,2019,1
FH,SLC35A1,2019,1
FH,TIPIN,2019,1
FH,ZWINT,2019,1
FH,MFAP1,2019,1
FH,SRP19,2019,1
FH,GPN3,2019,1
FH,ZNF830,2019,1
FH,TRMT5,2019,1
FH,NSMCE4A,2019,1
FH,TCF25,2019,1
FH,PMF1,2019,1
FH,RPP30,2019,1
FH,RAE1,2019,1
FH,WARS2,2019,1
FH,PAFAH1B1,2019,1
FH,RFC5,2019,1
FH,TRPM7,2019,1
FH,LARS2,2019,1
FH,TBCB,2019,1
FH,PTTG1,2019,1
FH,LONP1,2019,1
FH,TUBGCP3,2019,1
RNGTT,TUBGCP3,2019,1
RNGTT,TCF25,2019,1
RNGTT,ZNF574,2019,1
RNGTT,SPAG7,2019,1
RNGTT,VPS72,2019,1
RNGTT,RPL13,2019,1
RNGTT,ZNF830,2019,1
RNGTT,TAF2,2019,1
RNGTT,TRMT5,2019,1
RNGTT,ZWINT,2019,1
RNGTT,TUBB,2019,1
MED23,METTL17,2019,1
MED23,RPL3,2019,1
MED23,PPP2R1A,2019,1
MED23,TRRAP,2019,1
MED23,NAA25,2019,1
MED23,NDUFB4,2019,1
MED23,MPHOSPH6,2019,1
MED23,NOL10,2019,1
MED23,PPCS,2019,1
MED23,SDHC,2019,1
MED23,PNN,2019,1
MED23,ZNF574,2019,1
MED23,TTI2,2019,1
MED23,MRPL15,2019,1
MED23,RPLP1,2019,1
MED23,RBBP8,2019,1
MED23,NCBP1,2019,1
MED23,RPL8,2019,1
MED23,REXO2,2019,1
MED23,PNISR,2019,1
MED23,POLR3B,2019,1
MED23,MRPS25,2019,1
MED23,RNGTT,2019,1
MED23,ZNHIT6,2019,1
MED23,PSMD6,2019,1
MED23,SLC7A1,2019,1
MED23,MRPL39,2019,1
MED23,RPTOR,2019,1
MED23,RPF2,2019,1
MED23,NACA,2019,1
MED23,PSMD1,2019,1
MED23,TRA2B,2019,1
MED23,PDCD7,2019,1
MED23,SKA3,2019,1
MED23,POLN,2019,1
MED23,PWP1,2019,1
MED23,MRPL18,2019,1
MED23,NDUFA8,2019,1
MED23,SPAG7,2019,1
MED23,UQCRB,2019,1
MED23,TIPIN,2019,1
MED23,TTC4,2019,1
MED23,RPL5,2019,1
MED23,NDUFB1,2019,1
MED23,NDUFA9,2019,1
MED23,PTTG1,2019,1
MED23,SLC39A9,2019,1
MED23,MRPS28,2019,1
RNGTT,TTC4,2019,1
MAX,MRPL18,2019,1
MAX,PELO,2019,1
MAX,VPS29,2019,1
MAX,NACA,2019,1
MAX,MRPL36,2019,1
MAX,TTC4,2019,1
MAX,NDUFA9,2019,1
MAX,NFE2L1,2019,1
MAX,VPS72,2019,1
SKA3,TRA2B,2019,1
SKA3,ZNF574,2019,1
SKA3,TRRAP,2019,1
MED23,POLE2,2019,1
MED23,POLD1,2019,1
MED23,OGFOD1,2019,1
MED23,TUBGCP3,2019,1
AURKA,CARS2,2019,1
AURKA,TIPIN,2019,1
AURKA,MRPS5,2019,1
AURKA,SLC35A1,2019,1
AURKA,MRPL42,2019,1
AURKA,IMPDH2,2019,1
AURKA,PSMD12,2019,1
AURKA,ZWINT,2019,1
IMPDH2,SKA3,2019,1
IMPDH2,PTTG1,2019,1
IMPDH2,KCTD10,2019,1
SKA3,SRSF7,2019,1
SKA3,ZNF511,2019,1
SKA3,ZWINT,2019,1
SKA3,TUBGCP3,2019,1
SKA3,SPAG7,2019,1
SKA3,VPS72,2019,1
SKA3,TTC4,2019,1
NUBP1,OGFOD1,2019,1
AURKA,SRSF7,2019,1
AURKA,SNRNP70,2019,1
AURKA,EXOSC9,2019,1
AURKA,RPS28,2019,1
AURKA,RPL36A,2019,1
AURKA,DCTN4,2019,1
AURKA,GTF3C3,2019,1
AURKA,GNPAT,2019,1
AURKA,PPP2R2A,2019,1
AURKA,LIAS,2019,1
AURKA,NUP54,2019,1
AURKA,TUBGCP3,2019,1
AURKA,MAPKAP1,2019,1
AURKA,DONSON,2019,1
AURKA,EMC1,2019,1
AURKA,FARSA,2019,1
AURKA,FBXO28,2019,1
AURKA,NOL9,2019,1
AURKA,POLR3A,2019,1
AURKA,SNRPD3,2019,1
AURKA,DAP3,2019,1
AURKA,MRPL46,2019,1
AURKA,CCT8,2019,1
AURKA,INTS3,2019,1
AURKA,MED23,2019,1
AURKA,TIMELESS,2019,1
NUBP1,TUBGCP3,2019,1
NUBP1,RBBP8,2019,1
NUBP1,PSMD1,2019,1
NUBP1,PPAT,2019,1
CDKN2A,FNTA,2019,1
AURKA,KARS1,2019,1
AURKA,CMAS,2019,1
AURKA,SRFBP1,2019,1
AURKA,MRPL11,2019,1
AURKA,EIF6,2019,1
AURKA,DDX46,2019,1
AURKA,FH,2019,1
AURKA,EEF1G,2019,1
AURKA,PELO,2019,1
AURKA,VPS72,2019,1
AURKA,RNGTT,2019,1
AURKA,PSMD4,2019,1
AURKA,GFER,2019,1
AURKA,SNRNP200,2019,1
AURKA,CWC22,2019,1
AURKA,CEP192,2019,1
AURKA,EIF3H,2019,1
AURKA,RPA3,2019,1
AURKA,MRPL3,2019,1
AURKA,HSPA5,2019,1
AURKA,EIF5B,2019,1
AURKA,QARS1,2019,1
AURKA,CHMP2A,2019,1
AURKA,MRPL10,2019,1
AURKA,MED28,2019,1
AURKA,CTNNBL1,2019,1
AURKA,CKAP5,2019,1
AURKA,HUS1,2019,1
AURKA,RAE1,2019,1
AURKA,TRMT5,2019,1
AURKA,MASTL,2019,1
AURKA,MRPL24,2019,1
AURKA,BUB3,2019,1
AURKA,NCAPD2,2019,1
AURKA,BOD1L1,2019,1
AURKA,MED10,2019,1
AURKA,DHX37,2019,1
AURKA,TTC4,2019,1
AURKA,SNRPC,2019,1
AURKA,NDUFA9,2019,1
AURKA,SLC7A1,2019,1
AURKA,MRPS25,2019,1
AURKA,NOLC1,2019,1
AURKA,PAXBP1,2019,1
AURKA,RPLP2,2019,1
AURKA,TCF25,2019,1
AURKA,POLR2K,2019,1
AURKA,DUT,2019,1
EMC6,TTC4,2019,1
EMC6,NACA,2019,1
GTF3C3,POLR3B,2019,1
GTF3C3,RTF1,2019,1
GTF3C3,NUP85,2019,1
GTF3C3,NAMPT,2019,1
GTF3C3,TRMT5,2019,1
GTF3C3,TTC4,2019,1
GTF3C3,SNIP1,2019,1
GTF3C3,RAE1,2019,1
GTF3C3,SNRPC,2019,1
GTF3C3,MTOR,2019,1
GTF3C3,YTHDC1,2019,1
GTF3C3,RINT1,2019,1
GTF3C3,ZWINT,2019,1
GTF3C3,PNN,2019,1
GTF3C3,MRPS27,2019,1
GTF3C3,POLR2K,2019,1
GTF3C3,POLN,2019,1
GTF3C3,TUBGCP3,2019,1
GTF3C3,PMF1,2019,1
GTF3C3,NOC2L,2019,1
GTF3C3,RNGTT,2019,1
RBM25,VPS72,2019,1
RBM25,ZNF574,2019,1
RBM25,RINT1,2019,1
NDUFA2,PPP2R1A,2019,1
NDUFA2,PELO,2019,1
PRMT5,PSMD1,2019,1
PRMT5,TUBGCP3,2019,1
PRMT5,TTC4,2019,1
PRMT5,TRRAP,2019,1
POLR3A,TUBGCP3,2019,1
POLR3A,TIMELESS,2019,1
HSCB,NACA,2019,1
HSCB,TTC4,2019,1
HSCB,PPAT,2019,1
MRPS21,TUBGCP3,2019,1
DONSON,RPL24,2019,1
DONSON,NUDC,2019,1
DONSON,FTSJ3,2019,1
DONSON,MRPL22,2019,1
DONSON,METTL17,2019,1
DONSON,LEO1,2019,1
MRPL15,TRRAP,2019,1
MRPL15,TTC4,2019,1
MRPL15,TUBGCP3,2019,1
MRPL15,OGFOD1,2019,1
RPS28,SRFBP1,2019,1
RPS28,TUBGCP3,2019,1
PTP4A3,TXN,2019,1
TAF2,TUBGCP3,2019,1
TAF2,USE1,2019,1
TAF2,ZWINT,2019,1
ADAT2,RPL13,2019,1
ADAT2,EIF3D,2019,1
ADAT2,TTC4,2019,1
ADAT2,TUBGCP3,2019,1
ADAT2,SPAG7,2019,1
ADAT2,EXOSC9,2019,1
ADAT2,CDC26,2019,1
SLC7A1,SNRNP70,2019,1
MED14,NUP54,2019,1
MED14,NACA,2019,1
MED14,PTTG1,2019,1
MED14,RBBP8,2019,1
MED14,MRPS10,2019,1
MED14,PMF1,2019,1
MED14,TRRAP,2019,1
MED14,PELO,2019,1
MED14,TTC4,2019,1
MED14,RPTOR,2019,1
MED14,TUBGCP3,2019,1
MED14,POLR2K,2019,1
MED14,NDUFB1,2019,1
MED14,MED24,2019,1
MED14,MRPS11,2019,1
MED14,MICOS10,2019,1
MED14,RPL5,2019,1
MED14,RPS5,2019,1
MED14,MRPL42,2019,1
MED14,NSMCE4A,2019,1
MED14,METTL17,2019,1
CKAP5,PPIE,2019,1
CKAP5,SSBP1,2019,1
CKAP5,NUDC,2019,1
CKAP5,MED1,2019,1
CKAP5,MAPKAP1,2019,1
CKAP5,LEO1,2019,1
CKAP5,PPP2R1A,2019,1
CKAP5,EIF3H,2019,1
CKAP5,NUP54,2019,1
CKAP5,GEMIN4,2019,1
CKAP5,METAP2,2019,1
CKAP5,LUC7L3,2019,1
CKAP5,TCOF1,2019,1
CKAP5,MCM3AP,2019,1
CKAP5,PTCD3,2019,1
CKAP5,MRPS35,2019,1
CKAP5,KCTD10,2019,1
CKAP5,MBTPS2,2019,1
CKAP5,RPL10,2019,1
CKAP5,SNRPD3,2019,1
CKAP5,METTL17,2019,1
CKAP5,ZWINT,2019,1
CKAP5,PMF1,2019,1
CKAP5,VPS29,2019,1
CKAP5,MRPL3,2019,1
CKAP5,LIAS,2019,1
CKAP5,UBA2,2019,1
CKAP5,PELO,2019,1
PMPCB,PTTG1,2019,1
MED28,RNF20,2019,1
MED28,RPL13,2019,1
MED28,PNN,2019,1
MED28,NOL9,2019,1
MED28,WDR70,2019,1
MED28,SLC39A9,2019,1
MED28,ZNF830,2019,1
MED28,SKA3,2019,1
MED28,MRPL46,2019,1
MED28,MRPS18B,2019,1
MED28,POLN,2019,1
MED28,TIMM9,2019,1
MED28,RBM25,2019,1
MED28,TIPIN,2019,1
MED28,TRMT5,2019,1
MED28,SPAG7,2019,1
MED28,SNIP1,2019,1
MED28,MRPL42,2019,1
MED28,TRRAP,2019,1
MED28,PELO,2019,1
MED28,PPCS,2019,1
MED28,TUBGCP3,2019,1
MED28,MRPL50,2019,1
MED28,NOLC1,2019,1
MED28,VPS72,2019,1
MED28,PSMD1,2019,1
MED28,PSMB7,2019,1
CDK4,CDK9,2019,1
MED28,MTRES1,2019,1
ABCB7,PITRM1,2019,1
ABCB7,HSCB,2019,1
ABCB7,NUBP1,2019,1
IARS1,MTRES1,2019,1
DLST,MTRES1,2019,1
MRPL42,MTRES1,2019,1
MTRES1,RPL35,2019,1
MTRES1,RPL13,2019,1
GFI1B,MTRES1,2019,1
EXOSC4,MTRES1,2019,1
MTRES1,SDHC,2019,1
HBS1L,MTRES1,2019,1
CEP63,MTRES1,2019,1
CDC27,MTRES1,2019,1
DCTN4,MTRES1,2019,1
MTRES1,NAMPT,2019,1
MTRES1,STXBP4,2019,1
GTF2H4,MTRES1,2019,1
CENPK,MTRES1,2019,1
MTRES1,OPA1,2019,1
FARSA,MTRES1,2019,1
MTRES1,POLD1,2019,1
MTRES1,NOL10,2019,1
MTRES1,PNN,2019,1
COPE,MTRES1,2019,1
MTRES1,SLC35A1,2019,1
MTRES1,PAFAH1B1,2019,1
CENPP,MTRES1,2019,1
CDC73,MTRES1,2019,1
MTRES1,PRPF18,2019,1
COX5A,MTRES1,2019,1
HUS1,MTRES1,2019,1
MTRES1,TRRAP,2019,1
EIF3D,MTRES1,2019,1
COG3,MTRES1,2019,1
MTRES1,NAA50,2019,1
MTRES1,RNGTT,2019,1
MRPS27,MTRES1,2019,1
MTRES1,ZNF830,2019,1
FDPS,MTRES1,2019,1
MTRES1,SFXN1,2019,1
MTRES1,PPAT,2019,1
INTS3,MTRES1,2019,1
MTRES1,SKA3,2019,1
MTRES1,PFAS,2019,1
MTRES1,PAXBP1,2019,1
GNPAT,MTRES1,2019,1
MTRES1,WDR70,2019,1
MTRES1,NACA,2019,1
MTRES1,PDCD7,2019,1
ERH,MTRES1,2019,1
MTRES1,POLR2K,2019,1
FBXO28,MTRES1,2019,1
GPN3,MTRES1,2019,1
CCNK,MTRES1,2019,1
MTRES1,NCBP1,2019,1
MTRES1,RPL8,2019,1
MTRES1,TTC4,2019,1
MTRES1,RPLP2,2019,1
MTRES1,NUP85,2019,1
MTRES1,TRMT5,2019,1
MTRES1,TUBGCP3,2019,1
MTRES1,TCF25,2019,1
CAPZB,MTRES1,2019,1
MASTL,MTRES1,2019,1
COPS5,MTRES1,2019,1
EXOSC9,MTRES1,2019,1
MTRES1,TTI2,2019,1
CDC26,MTRES1,2019,1
KIF11,MTRES1,2019,1
MTRES1,PTTG1,2019,1
MTRES1,TRNAU1AP,2019,1
EIF3M,MTRES1,2019,1
MTRES1,SNRPC,2019,1
GTPBP4,MTRES1,2019,1
MTRES1,VPS72,2019,1
FH,MTRES1,2019,1
MTRES1,WARS2,2019,1
MTRES1,RNF20,2019,1
MTRES1,RPP30,2019,1
EXOSC6,MTRES1,2019,1
GOLT1B,MTRES1,2019,1
MTRES1,SLC39A9,2019,1
MED28,NAA50,2019,1
MED28,PDSS2,2019,1
MED28,PPAT,2019,1
MED28,SNRPC,2019,1
MED28,NUP85,2019,1
MED28,OGFOD1,2019,1
MED28,ZNF574,2019,1
MED28,NEMF,2019,1
MED28,TTC4,2019,1
MED28,PMVK,2019,1
MED28,NSMCE4A,2019,1
MED28,SCYL1,2019,1
MED28,WDR77,2019,1
MED28,RPL8,2019,1
MED28,TRNAU1AP,2019,1
MED28,NACA,2019,1
CDC40,MTBP,2019,1
CDC40,DMAP1,2019,1
CDC40,KCTD10,2019,1
CDC40,DHODH,2019,1
CDC40,MRPS35,2019,1
CDC40,MRPL22,2019,1
CDC40,PELO,2019,1
MTRES1,SPAG7,2019,1
MTRES1,RPP38,2019,1
CTNNBL1,MTRES1,2019,1
COPS4,MTRES1,2019,1
MTRES1,TUBB,2019,1
MTHFD2,MTRES1,2019,1
CDC40,METTL17,2019,1
CDC40,MRPL33,2019,1
CDC40,RRM2,2019,1
CDC40,RBBP8,2019,1
CDC40,MRPL36,2019,1
CDC40,PPIE,2019,1
CDC40,MRPS5,2019,1
CDC40,NFE2L1,2019,1
CDC40,MRPS27,2019,1
CDC40,VPS72,2019,1
CDC40,MTPAP,2019,1
CDC40,TIMELESS,2019,1
CDC40,MRPL35,2019,1
CDC40,LEO1,2019,1
CDC40,EIF3H,2019,1
CDC40,MED23,2019,1
MED28,TCF25,2019,1
MED28,ZWINT,2019,1
MED28,SMC5,2019,1
MED28,POLR2K,2019,1
MED28,SFXN1,2019,1
MED28,TFB1M,2019,1
MED28,PWP1,2019,1
MED28,RNGTT,2019,1
MED28,MPHOSPH6,2019,1
MED28,RTF1,2019,1
MED28,NDUFB1,2019,1
MED28,MRPL15,2019,1
SNRNP200,TUBGCP3,2019,1
CDC40,SPAG7,2019,1
CDC40,MRPL11,2019,1
MRPS28,PELO,2019,1
MRPS28,NFE2L1,2019,1
MRPL43,TRRAP,2019,1
MRPL43,PMF1,2019,1
MRPL43,RPL13,2019,1
CDK9,SMARCA4,2019,1
CDK9,FNTA,2019,1
CDK9,KDM6A,2019,1
CDK9,SETD2,2019,1
CDK9,KMT2D,2019,1
CDK9,TSC1,2019,1
CDK9,FLT3,2019,1
CDK9,HDAC2,2019,1
CDK9,MSH6,2019,1
CDK9,FGFR2,2019,1
CDK9,PARP1,2019,1
CDK9,WEE1,2019,1
CDK9,SRC,2019,1
CDK9,IGF1R,2019,1
SKP2,TOP1,2019,1
SKP2,TXN,2019,1
SKP2,STMN1,2019,1
COPS5,HUS1,2019,1
COPS5,SKA3,2019,1
COPS5,TRRAP,2019,1
COPS5,PPP2R1A,2019,1
COPS5,GFI1B,2019,1
COPS5,PELO,2019,1
COPS5,RBBP8,2019,1
COPS5,RPL28,2019,1
COPS5,EIF3M,2019,1
COPS5,SLC39A9,2019,1
COPS5,MPHOSPH6,2019,1
COPS5,TRNAU1AP,2019,1
COPS5,ERH,2019,1
COPS5,TFB1M,2019,1
COPS5,XRN2,2019,1
ARID1A,IGF1R,2019,1
OGFOD1,TUBGCP3,2019,1
OGFOD1,RPL28,2019,1
OGFOD1,RPL36A,2019,1
OGFOD1,PWP1,2019,1
OGFOD1,PPP2R1A,2019,1
OGFOD1,TRRAP,2019,1
OGFOD1,TTC4,2019,1
OGFOD1,RTF1,2019,1
OGFOD1,RBBP8,2019,1
OGFOD1,TRNAU1AP,2019,1
OGFOD1,SLC39A9,2019,1
OGFOD1,TIMM9,2019,1
OGFOD1,ZNHIT6,2019,1
OGFOD1,TIPIN,2019,1
OGFOD1,ZNF830,2019,1
OGFOD1,POLN,2019,1
OGFOD1,ZNF574,2019,1
OGFOD1,TCOF1,2019,1
OGFOD1,SRP19,2019,1
OGFOD1,RPL13,2019,1
OGFOD1,TRMT5,2019,1
OGFOD1,PSMD6,2019,1
OGFOD1,PAFAH1B1,2019,1
OGFOD1,PNN,2019,1
OGFOD1,SPAG7,2019,1
OGFOD1,PSPH,2019,1
PIM1,STMN1,2019,1
PIM1,TOP1,2019,1
PIM1,SKP2,2019,1
SLC39A9,TRRAP,2019,1
SLC39A9,VPS72,2019,1
SLC39A9,TTC4,2019,1
SLC39A9,TUBGCP3,2019,1
SLC39A9,ZNF574,2019,1
MICOS10,POLR2K,2019,1
MICOS10,TTC4,2019,1
MICOS10,YTHDC1,2019,1
MICOS10,TUBGCP3,2019,1
MICOS10,NUP54,2019,1
MICOS10,NFE2L1,2019,1
MICOS10,OPA1,2019,1
MICOS10,REXO2,2019,1
MICOS10,TRPM7,2019,1
MICOS10,RAE1,2019,1
MICOS10,RBM17,2019,1
MICOS10,MTBP,2019,1
MICOS10,ZNF830,2019,1
MICOS10,PELO,2019,1
MICOS10,XPO1,2019,1
RPL3,VPS29,2019,1
RPL11,XRN2,2019,1
TIMM22,TTC4,2019,1
TIMM22,TUBGCP3,2019,1
FAM98B,SSB,2019,1
FAM98B,NACA,2019,1
FAM98B,PAFAH1B1,2019,1
FAM98B,PTTG1,2019,1
FAM98B,TTC4,2019,1
DYNC1H1,FH,2019,1
DYNC1H1,TUBGCP3,2019,1
DYNC1H1,EXOSC9,2019,1
DYNC1H1,MRPL22,2019,1
DYNC1H1,NACA,2019,1
CAPZB,EIF3D,2019,1
CAPZB,FBXO28,2019,1
CAPZB,POLR2K,2019,1
CAPZB,ZNF574,2019,1
CAPZB,PPP2R1A,2019,1
CAPZB,TAF2,2019,1
CAPZB,TUBB,2019,1
CAPZB,SPAG7,2019,1
CAPZB,RTF1,2019,1
CAPZB,RBBP8,2019,1
CAPZB,GNL3L,2019,1
CAPZB,EIF3M,2019,1
CAPZB,GNPAT,2019,1
CAPZB,NACA,2019,1
CAPZB,PWP1,2019,1
CAPZB,PSMD1,2019,1
CAPZB,MED28,2019,1
CAPZB,PAFAH1B1,2019,1
CAPZB,RPL28,2019,1
CAPZB,TUBGCP3,2019,1
CAPZB,FH,2019,1
CAPZB,RPL36A,2019,1
CAPZB,RPL13,2019,1
CAPZB,XRN2,2019,1
CAPZB,NOL10,2019,1
CAPZB,LEO1,2019,1
CAPZB,SKA3,2019,1
CAPZB,PELO,2019,1
CAPZB,VPS72,2019,1
CAPZB,CENPM,2019,1
CAPZB,CTNNBL1,2019,1
CAPZB,EXOSC9,2019,1
CAPZB,KIF11,2019,1
CAPZB,TTC4,2019,1
CKM,GRB2,2019,1
NAA25,ZWINT,2019,1
NAA25,TTC4,2019,1
NAA25,NACA,2019,1
NAA25,TUBGCP3,2019,1
NAA25,VPS72,2019,1
NAA25,RBBP8,2019,1
NAA25,PELO,2019,1
NAA25,TAF2,2019,1
NAA25,RPTOR,2019,1
NPR2,PIK3CA,2019,1
NPR2,PIM1,2019,1
NPR2,STMN1,2019,1
BUB3,SPAG7,2019,1
BUB3,KCTD10,2019,1
BUB3,RPL13,2019,1
BUB3,GTF2H4,2019,1
BUB3,TUBGCP3,2019,1
BUB3,CENPM,2019,1
BUB3,ZNF830,2019,1
BUB3,MRPL19,2019,1
BUB3,NFE2L1,2019,1
BUB3,MRPS27,2019,1
BUB3,ZWINT,2019,1
BUB3,NUP85,2019,1
BUB3,CENPP,2019,1
BUB3,TRMT5,2019,1
BUB3,NACA,2019,1
BUB3,RBM17,2019,1
BUB3,PMF1,2019,1
BUB3,FH,2019,1
BUB3,MTRES1,2019,1
BUB3,DUT,2019,1
BUB3,POLR2K,2019,1
FARSA,SKA3,2019,1
FARSA,TCF25,2019,1
FARSA,SPAG7,2019,1
FARSA,PPP2R1A,2019,1
FARSA,LEO1,2019,1
FARSA,VPS72,2019,1
FARSA,TTC4,2019,1
FARSA,OGFOD1,2019,1
FARSA,GNPAT,2019,1
FARSA,NSMCE4A,2019,1
FARSA,KIF14,2019,1
FARSA,RPL13,2019,1
FARSA,PTTG1,2019,1
FARSA,RBBP8,2019,1
FARSA,FDPS,2019,1
EIF4A1,MED23,2019,1
EIF4A1,MED28,2019,1
EIF4A1,PSMD1,2019,1
EIF4A1,EXOSC9,2019,1
EIF4A1,TTC4,2019,1
EIF4A1,NACA,2019,1
CDC26,PPAT,2019,1
CDC26,PTTG1,2019,1
CDC26,TTC4,2019,1
CDC26,EIF3D,2019,1
CDC26,EIF3M,2019,1
CDC26,RPL13,2019,1
CDC26,UBA2,2019,1
CDC26,TRA2B,2019,1
CDC26,PITRM1,2019,1
CDC26,MASTL,2019,1
CDC26,NUP43,2019,1
CDC26,NACA,2019,1
CDC26,HUS1,2019,1
CDC26,TRNAU1AP,2019,1
CDC26,RPL28,2019,1
CDC26,KCTD10,2019,1
CDC26,RBBP8,2019,1
CDC26,DCTN4,2019,1
CDC26,MED23,2019,1
CDC26,TUBGCP3,2019,1
CDC26,MRPL15,2019,1
CDC26,FBXO28,2019,1
CDC26,OGFOD1,2019,1
CDC26,POLN,2019,1
CDC26,REXO2,2019,1
CDC26,EMC2,2019,1
CDC26,PSPH,2019,1
CDC26,GTPBP4,2019,1
CDC26,EXOSC9,2019,1
CDC26,NFYC,2019,1
CDC26,CENPM,2019,1
CDC26,CENPK,2019,1
CDC26,RTF1,2019,1
CDC26,CMAS,2019,1
CDC26,GNPAT,2019,1
CDC26,ZNF830,2019,1
CDC26,XRN2,2019,1
CDC26,PPP2R1A,2019,1
CDC26,STXBP4,2019,1
CDC26,TCOF1,2019,1
CDC26,PSMD1,2019,1
CDC26,MED28,2019,1
CDC26,NSMCE4A,2019,1
CDC26,HCCS,2019,1
CDC26,PDCD7,2019,1
CDC26,GOLT1B,2019,1
CDC26,TUBB,2019,1
CDC26,WDR70,2019,1
SRP19,TUBGCP3,2019,1
SRP19,VPS72,2019,1
SRP19,TTC4,2019,1
MAP2K1,SMARCB1,2019,1
MAP2K1,PIK3R1,2019,1
MAP2K1,WEE1,2019,1
MAP2K1,PARP1,2019,1
BRCA1,CASP8,2019,1
BRCA1,BRCA2,2019,1
BRCA1,MSH6,2019,1
MRPL18,TUBGCP3,2019,1
MRPL18,PNN,2019,1
MRPL18,TBCB,2019,1
MRPL18,NUP85,2019,1
MRPL18,PELO,2019,1
MRPL10,TUBGCP3,2019,1
MRPL10,PSMD12,2019,1
MRPL10,NUP54,2019,1
MRPL10,PMF1,2019,1
MRPL10,NACA,2019,1
BNIP1,FH,2019,1
BNIP1,EBNA1BP2,2019,1
BNIP1,TUBGCP3,2019,1
BNIP1,SPDL1,2019,1
BNIP1,USE1,2019,1
BNIP1,GNL3L,2019,1
BNIP1,GTF2H4,2019,1
BNIP1,RINT1,2019,1
BNIP1,EIF2B2,2019,1
BNIP1,POLR2K,2019,1
BNIP1,YTHDC1,2019,1
BNIP1,GTF3C3,2019,1
BNIP1,PGK1,2019,1
BNIP1,SEH1L,2019,1
BNIP1,CENPP,2019,1
BNIP1,MED9,2019,1
BNIP1,DUT,2019,1
BNIP1,EXOSC3,2019,1
BNIP1,TTC4,2019,1
BNIP1,EIF3D,2019,1
FDPS,SNRPC,2019,1
FDPS,PSMD1,2019,1
FDPS,NACA,2019,1
FDPS,POLN,2019,1
FDPS,GTF2H4,2019,1
FDPS,FH,2019,1
FDPS,SPAG7,2019,1
FDPS,PNN,2019,1
FDPS,TTC4,2019,1
FDPS,MED23,2019,1
FDPS,TUBGCP3,2019,1
FDPS,LEO1,2019,1
FDPS,UBA2,2019,1
FDPS,HUS1,2019,1
FDPS,TRNAU1AP,2019,1
FDPS,PPP2R1A,2019,1
FDPS,MAPKAP1,2019,1
FDPS,RRM1,2019,1
FDPS,WDR7,2019,1
FDPS,RPL13,2019,1
FDPS,TRMT5,2019,1
FDPS,POLD1,2019,1
PRSS8,STMN1,2019,1
MC1R,TXN,2019,1
MC1R,NDUFB1,2019,1
MC1R,TOP1,2019,1
MC1R,STMN1,2019,1
MC1R,SKP2,2019,1
MTPAP,RPL10,2019,1
MTPAP,NACA,2019,1
MTPAP,TTC4,2019,1
SSB,TUBGCP3,2019,1
SSB,TTC4,2019,1
NOP58,TUBGCP3,2019,1
ASCC3,MBTPS2,2019,1
ASCC3,METAP2,2019,1
ASCC3,WDR7,2019,1
ASCC3,EXOSC9,2019,1
ASCC3,FH,2019,1
ASCC3,LEO1,2019,1
ASCC3,PTTG1,2019,1
ASCC3,EIF3M,2019,1
ASCC3,NACA,2019,1
ASCC3,GTF2H4,2019,1
ASCC3,RPLP1,2019,1
ASCC3,AURKA,2019,1
ASCC3,SRP19,2019,1
ASCC3,CENPM,2019,1
ASCC3,PSMD1,2019,1
ASCC3,GFI1B,2019,1
ASCC3,TTC4,2019,1
EPHB2,GRB2,2019,1
PGK1,TUBGCP3,2019,1
PGK1,SSBP1,2019,1
TTC4,UQCRB,2019,1
TTC4,VPS29,2019,1
TTC4,ZNF830,2019,1
TTC4,ZWINT,2019,1
TTC4,TUBGCP3,2019,1
TTC4,WDR70,2019,1
TTC4,TUBB,2019,1
TTC4,WARS2,2019,1
TTC4,VPS72,2019,1
TTC4,ZNF511,2019,1
TTC4,WDR7,2019,1
TTC4,YTHDC1,2019,1
TTC4,WDR77,2019,1
TTC4,ZNF574,2019,1
MRPL19,NUP54,2019,1
PTCD3,TUBGCP3,2019,1
ENPP1,GPX4,2019,1
GTF2H1,MED1,2019,1
GTF2H1,NFE2L1,2019,1
GTF2H1,NACA,2019,1
GTF2H1,VPS72,2019,1
GTF2H1,GTF2H4,2019,1
GTF2H1,HSPA5,2019,1
GTF2H1,RNGTT,2019,1
GTF2H1,TTC4,2019,1
COPS2,MED28,2019,1
COPS2,EXOSC9,2019,1
COPS2,KCTD10,2019,1
COPS2,SKA3,2019,1
COPS2,NDUFA8,2019,1
COPS2,PELO,2019,1
COPS2,TRRAP,2019,1
COPS2,LEO1,2019,1
COPS2,MAPKAP1,2019,1
COPS2,PPP2R1A,2019,1
KARS1,TUBB,2019,1
KARS1,OGFOD1,2019,1
KARS1,NDUFA9,2019,1
KARS1,VPS29,2019,1
KARS1,LEO1,2019,1
KARS1,TTC4,2019,1
KARS1,SLC7A1,2019,1
KARS1,RBBP8,2019,1
KARS1,TRRAP,2019,1
KARS1,TUBGCP3,2019,1
KARS1,MICOS10,2019,1
KARS1,SNRPD3,2019,1
KARS1,MAPKAP1,2019,1
KARS1,PSMD1,2019,1
KARS1,PTTG1,2019,1
KARS1,REXO2,2019,1
KARS1,MED28,2019,1
ATP6AP1,SNRNP200,2019,1
ATP6AP1,FDPS,2019,1
ATP6AP1,CDC73,2019,1
ATP6AP1,DMAP1,2019,1
ATP6AP1,EMC2,2019,1
ATP6AP1,GFI1B,2019,1
ATP6AP1,BNIP1,2019,1
ATP6AP1,METAP2,2019,1
ATP6AP1,GFER,2019,1
ATP6AP1,RPS5,2019,1
ATP6AP1,RPS28,2019,1
ATP6AP1,COG3,2019,1
ATP6AP1,NUDC,2019,1
ATP6AP1,EFR3A,2019,1
ATP6AP1,RAE1,2019,1
ATP6AP1,LEO1,2019,1
ATP6AP1,PTTG1,2019,1
ATP6AP1,PSMD12,2019,1
ATP6AP1,PPP2R2A,2019,1
ATP6AP1,CDC26,2019,1
ATP6AP1,CAMLG,2019,1
ATP6AP1,WDR7,2019,1
ATP6AP1,MBTPS2,2019,1
ENO1,LDHB,2019,1
ENO1,PDHX,2019,1
ENO1,GAPDH,2019,1
ENO1,PKM,2019,1
ENO1,HK1,2019,1
ENO1,LDHA,2019,1
MRPS27,NFYC,2019,1
MRPS27,TRMT5,2019,1
MRPS27,RBM17,2019,1
MRPS27,ZWINT,2019,1
MRPS27,PMF1,2019,1
MRPS27,ZNF830,2019,1
MRPS27,PNN,2019,1
MRPS27,SNIP1,2019,1
MRPS27,RTF1,2019,1
MRPS27,RPL13,2019,1
MRPS27,SPAG7,2019,1
MRPS27,TUBGCP3,2019,1
MRPS27,PTTG1,2019,1
MRPS27,TTC4,2019,1
MRPS27,RPLP1,2019,1
MRPS27,RPL5,2019,1
MRPS27,POLR2K,2019,1
MRPS27,NUP85,2019,1
MRPS27,NACA,2019,1
RPTOR,VPS29,2019,1
RPTOR,TTC4,2019,1
VPS4A,ZNF574,2019,1
TRPM7,TTC4,2019,1
MRPL50,PSMD1,2019,1
MRPL50,TUBB,2019,1
MRPL50,TTC4,2019,1
MRPL50,ZNF830,2019,1
MRPL50,TUBGCP3,2019,1
MRPL50,NACA,2019,1
BCKDK,GRB2,2019,1
EMC1,EXOSC9,2019,1
EMC1,TTC4,2019,1
EMC1,FH,2019,1
MRPS10,REXO2,2019,1
MRPS10,NFE2L1,2019,1
MRPS10,XPO1,2019,1
MRPS10,NACA,2019,1
MRPS10,RRM2,2019,1
NSMCE4A,ZNF830,2019,1
NSMCE4A,ZWINT,2019,1
NSMCE4A,TRPM7,2019,1
NSMCE4A,PDSS2,2019,1
NSMCE4A,SPAG7,2019,1
NSMCE4A,TRMT5,2019,1
NSMCE4A,NUP54,2019,1
NSMCE4A,SMC5,2019,1
NSMCE4A,RPP30,2019,1
NSMCE4A,SF3B1,2019,1
NSMCE4A,PSMB7,2019,1
NSMCE4A,SNRPC,2019,1
NSMCE4A,RPL13,2019,1
NSMCE4A,PRMT5,2019,1
NSMCE4A,PWP1,2019,1
NSMCE4A,SDHC,2019,1
NSMCE4A,NUP85,2019,1
NSMCE4A,RPL8,2019,1
NSMCE4A,PPP2R1A,2019,1
NSMCE4A,WARS2,2019,1
NSMCE4A,TTC4,2019,1
NSMCE4A,RNGTT,2019,1
PGD,SDHC,2019,1
MRPS35,PGK1,2019,1
MRPS35,PSMB6,2019,1
MRPS35,NFE2L1,2019,1
MRPS35,REXO2,2019,1
MRPS35,TAF1,2019,1
MRPS35,RPL13,2019,1
MRPS35,SF3B1,2019,1
MRPS35,TUBGCP3,2019,1
MRPS35,NUP54,2019,1
CYB5B,MBTPS2,2019,1
MED1,NFE2L1,2019,1
MED1,PPP2R2A,2019,1
MED1,PMF1,2019,1
MED1,XRN2,2019,1
MED1,MRPS9,2019,1
MED1,SMNDC1,2019,1
MED1,REXO2,2019,1
MED1,NUP54,2019,1
MED1,SRSF7,2019,1
MED1,TAF1,2019,1
MED1,MRPL10,2019,1
MED1,RPS18,2019,1
MED1,TTC4,2019,1
MED1,RPL5,2019,1
MED1,PTTG1,2019,1
MED1,MRPS35,2019,1
MED1,MED24,2019,1
MED1,ZWINT,2019,1
MED1,MRPL36,2019,1
MED1,MRPL32,2019,1
MED1,POLR3A,2019,1
MED1,RPLP1,2019,1
MED1,VPS72,2019,1
MED1,METAP2,2019,1
MED1,POLR2K,2019,1
MED1,SPAG7,2019,1
MED1,NACA,2019,1
MED1,TUBGCP3,2019,1
MED1,TAF1A,2019,1
MED1,METTL17,2019,1
MED1,SLC7A1,2019,1
MED1,MRPL3,2019,1
DCTN4,TRRAP,2019,1
DCTN4,TUBGCP3,2019,1
DCTN4,EIF3M,2019,1
DCTN4,FH,2019,1
DCTN4,POLR2K,2019,1
DCTN4,LEO1,2019,1
DCTN4,PPP2R1A,2019,1
DCTN4,MED28,2019,1
DCTN4,PAFAH1B1,2019,1
DCTN4,SKA3,2019,1
DCTN4,NFYC,2019,1
DCTN4,TRNAU1AP,2019,1
DCTN4,EXOSC9,2019,1
DCTN4,TTC4,2019,1
DCTN4,PSMD1,2019,1
DCTN4,MASTL,2019,1
DCTN4,NACA,2019,1
DCTN4,RPL36A,2019,1
DCTN4,VPS72,2019,1
DCTN4,SPAG7,2019,1
DCTN4,NSMCE4A,2019,1
DCTN4,ZNF574,2019,1
EBNA1BP2,NACA,2019,1
EBNA1BP2,RBM17,2019,1
EBNA1BP2,SPAG7,2019,1
EBNA1BP2,PNN,2019,1
EBNA1BP2,PMF1,2019,1
EBNA1BP2,PTTG1,2019,1
EBNA1BP2,NOL8,2019,1
EBNA1BP2,REXO2,2019,1
EBNA1BP2,TUBGCP3,2019,1
EBNA1BP2,MRPS27,2019,1
EBNA1BP2,RPL10,2019,1
EBNA1BP2,PELO,2019,1
EBNA1BP2,GNL3L,2019,1
EBNA1BP2,YTHDC1,2019,1
EBNA1BP2,EXOSC9,2019,1
EBNA1BP2,PFAS,2019,1
EBNA1BP2,FH,2019,1
EBNA1BP2,EXOSC4,2019,1
EBNA1BP2,SEH1L,2019,1
EBNA1BP2,POLR2K,2019,1
HAGH,HDAC2,2019,1
CMAS,FBXO28,2019,1
CMAS,ZNHIT6,2019,1
CMAS,WDR7,2019,1
CMAS,IARS1,2019,1
CMAS,HYPK,2019,1
CMAS,TRA2B,2019,1
CMAS,EFR3A,2019,1
CMAS,NUDC,2019,1
CMAS,LUC7L3,2019,1
CMAS,REXO2,2019,1
CMAS,RBBP8,2019,1
CMAS,PSMD6,2019,1
CMAS,KIF14,2019,1
CMAS,HUS1,2019,1
CMAS,PPP2R1A,2019,1
CMAS,TUBGCP3,2019,1
CMAS,KARS1,2019,1
CMAS,PPCS,2019,1
CMAS,SKA3,2019,1
CMAS,TAF2,2019,1
CMAS,MAX,2019,1
CMAS,LEO1,2019,1
CMAS,MED23,2019,1
CMAS,RPF2,2019,1
CMAS,OGFOD1,2019,1
CMAS,SNRPC,2019,1
CMAS,POLE2,2019,1
CMAS,ERH,2019,1
CMAS,NDUFA9,2019,1
CMAS,MBTPS2,2019,1
CMAS,NFE2L1,2019,1
CMAS,DDX46,2019,1
CMAS,GNPAT,2019,1
CMAS,NDUFB2,2019,1
CMAS,POLN,2019,1
CMAS,VPS29,2019,1
CMAS,SLC39A9,2019,1
CMAS,PSPH,2019,1
CMAS,PAFAH1B1,2019,1
CMAS,GOLT1B,2019,1
RPP30,VPS72,2019,1
RPP30,TRMT5,2019,1
RPP30,TTC4,2019,1
RPP30,ZNF830,2019,1
RPP30,TUBGCP3,2019,1
RPP30,SPAG7,2019,1
RRM2,TOP1,2019,1
TRRAP,ZNF574,2019,1
TRRAP,TTC4,2019,1
TRRAP,VPS72,2019,1
TRRAP,TUBGCP3,2019,1
TRRAP,ZNF830,2019,1
TRRAP,UQCRB,2019,1
EIF5B,ZNF574,2019,1
EIF5B,FH,2019,1
EIF5B,MED28,2019,1
EIF5B,SPAG7,2019,1
EIF5B,EXOSC9,2019,1
EIF5B,NSMCE4A,2019,1
EIF5B,MED23,2019,1
EIF5B,TUBGCP3,2019,1
EIF5B,VPS72,2019,1
EIF5B,MED1,2019,1
EIF5B,TTC4,2019,1
EIF5B,NACA,2019,1
CDC27,POLR2K,2019,1
CDC27,FH,2019,1
CDC27,RPL13,2019,1
CDC27,EXOSC9,2019,1
CDC27,SPDL1,2019,1
CDC27,CENPP,2019,1
CDC27,PSMD1,2019,1
CDC27,ZNF830,2019,1
CDC27,GTF2H4,2019,1
IARS1,LEO1,2019,1
IARS1,OGFOD1,2019,1
IARS1,VPS72,2019,1
IARS1,RBBP8,2019,1
IARS1,RTF1,2019,1
IARS1,SPAG7,2019,1
IARS1,NACA,2019,1
IARS1,POLR2K,2019,1
IARS1,TTC4,2019,1
IARS1,TUBGCP3,2019,1
IARS1,MED23,2019,1
IARS1,MAPKAP1,2019,1
IARS1,TRRAP,2019,1
EIF2B2,MED10,2019,1
GINS4,MED14,2019,1
GINS4,PTTG1,2019,1
GINS4,NUDC,2019,1
GINS4,ZNF574,2019,1
GINS4,MRPL36,2019,1
GINS4,MRPS11,2019,1
GINS4,METAP2,2019,1
GINS4,METTL17,2019,1
NUP54,PELO,2019,1
NUP54,PMF1,2019,1
NUP54,SSBP1,2019,1
NUP54,POLR2K,2019,1
NUP54,RNGTT,2019,1
NUP54,TIMELESS,2019,1
NUP54,RAE1,2019,1
NUP54,RPP30,2019,1
NUP54,RPS5,2019,1
NUP54,POLA1,2019,1
NUP54,PSMB7,2019,1
NUP54,UBA3,2019,1
NUP54,PNISR,2019,1
NUP54,RBM17,2019,1
NUP54,RPL13,2019,1
NUP54,RBM25,2019,1
NUP54,SF3B1,2019,1
NUP54,PSMC6,2019,1
NUP54,VPS29,2019,1
NUP54,PSMB6,2019,1
NUP54,TAF1,2019,1
NUP54,RPS28,2019,1
NUP54,PSMD12,2019,1
NUP54,POLD1,2019,1
NUP54,RPS18,2019,1
NUP54,RPL5,2019,1
NUP54,TTC4,2019,1
NUP54,TAF2,2019,1
NUP54,REXO2,2019,1
SNRPC,SPAG7,2019,1
SNRPC,ZWINT,2019,1
SNRPC,VPS72,2019,1
SNRPC,TRRAP,2019,1
SNRPC,TRMT5,2019,1
SNRPC,TUBGCP3,2019,1
SNRPC,TIMM22,2019,1
SNRPC,TRNAU1AP,2019,1
SNRPC,UBA2,2019,1
SNRPC,TTC4,2019,1
SNRPC,XRN2,2019,1
ME1,PFKM,2019,1
COX6C,TRRAP,2019,1
COX6C,POLR2K,2019,1
COX6C,CTNNBL1,2019,1
COX6C,EIF3M,2019,1
COX6C,MED28,2019,1
COX6C,MED23,2019,1
COX6C,RPL13,2019,1
COX6C,TTC4,2019,1
COX6C,MAPKAP1,2019,1
COX6C,OGFOD1,2019,1
COX6C,PGK1,2019,1
COX6C,FARSA,2019,1
COX6C,TUBGCP3,2019,1
COX6C,SPDL1,2019,1
COX6C,EXOSC9,2019,1
COX6C,NACA,2019,1
COX6C,NFE2L1,2019,1
COX6C,PTTG1,2019,1
COX16,FTSJ3,2019,1
COX16,MAPKAP1,2019,1
ENPP1,GPX3,2019,1
MRPL46,ZNF830,2019,1
MRPL46,RPL13,2019,1
MRPL46,NACA,2019,1
MRPL46,TAF2,2019,1
MRPL46,PSMD1,2019,1
MRPL46,TTC4,2019,1
WARS2,ZNF830,2019,1
WARS2,ZWINT,2019,1
COX16,PTTG1,2019,1
COX16,TTC4,2019,1
COX16,MED23,2019,1
COX16,TRRAP,2019,1
COX16,OGFOD1,2019,1
COX16,TTI2,2019,1
COX16,NACA,2019,1
ALAD,BRCA2,2019,1
ALAD,LIG1,2019,1
ALAD,HMGA1,2019,1
ALAD,PARP1,2019,1
ALAD,SKP2,2019,1
ALAD,IGF1R,2019,1
ALAD,BRD2,2019,1
ALAD,LARS2,2019,1
ALAD,PIM1,2019,1
ALAD,CDK12,2019,1
ALAD,BCL2L1,2019,1
ALAD,CIT,2019,1
ALAD,GRB2,2019,1
ALAD,NDUFB1,2019,1
ALAD,STMN1,2019,1
ALAD,BSG,2019,1
ITGA6,TXN,2019,1
MRPL46,TUBGCP3,2019,1
ALAD,ATR,2019,1
ALAD,DOT1L,2019,1
ALAD,MAP3K4,2019,1
ALAD,TOP1,2019,1
ALAD,EPRS1,2019,1
ALAD,MAPK12,2019,1
DOT1L,MAPK12,2019,1
DOT1L,LARS2,2019,1
DOT1L,LIG1,2019,1
DOT1L,SKP2,2019,1
DOT1L,PIM1,2019,1
DOT1L,HMGA1,2019,1
DOT1L,EPRS1,2019,1
DOT1L,IGF1R,2019,1
GEMIN4,PSMD1,2019,1
GEMIN4,TTC4,2019,1
GEMIN4,PPP2R1A,2019,1
GEMIN4,GTF2H4,2019,1
GEMIN4,MED23,2019,1
GEMIN4,RPL13,2019,1
DOT1L,STMN1,2019,1
DOT1L,TOP1,2019,1
DOT1L,NDUFB1,2019,1
DOT1L,NPR2,2019,1
DOT1L,HMGCR,2019,1
PSMB7,RAE1,2019,1
PSMB7,SPAG7,2019,1
PSMB7,SSBP1,2019,1
PSMB7,TRMT5,2019,1
PSMB7,TTC4,2019,1
PSMB7,TUBGCP3,2019,1
PSMB7,REXO2,2019,1
CDC23,EIF3H,2019,1
CDC23,MRPS5,2019,1
CDC23,GTF2H4,2019,1
CDC23,CDC40,2019,1
CDC23,MRPL22,2019,1
CDC23,TUBGCP3,2019,1
CDC23,KCTD10,2019,1
CDC23,MRPS9,2019,1
CDC23,REXO2,2019,1
CDC23,NUDC,2019,1
CDC23,NUP54,2019,1
CDC23,MED24,2019,1
CDC23,PTTG1,2019,1
CDC23,FTSJ3,2019,1
CDC23,PELO,2019,1
CDC23,EIF4G2,2019,1
CDC23,GNL3L,2019,1
CDC23,METAP2,2019,1
CDC23,SPAG7,2019,1
CDC23,SKA3,2019,1
CDC23,NCAPD2,2019,1
CDC23,MRPL10,2019,1
CDC23,TTC4,2019,1
CDC23,MRPS11,2019,1
SRSF7,TRA2B,2019,1
SRSF7,XRN2,2019,1
SRSF7,TUBGCP3,2019,1
LIAS,TTC4,2019,1
LIAS,PELO,2019,1
LIAS,MED1,2019,1
BRD2,CIT,2019,1
CSK,MAPK12,2019,1
BRD2,PIM1,2019,1
BRD2,NDUFB1,2019,1
BRD2,MAPK12,2019,1
BRD2,LCK,2019,1
BRD2,GRB2,2019,1
BRD2,IGF1R,2019,1
BRD2,CDKN1A,2019,1
BRD2,BSG,2019,1
BRD2,HMGCR,2019,1
BRD2,HMGA1,2019,1
BRD2,CDK12,2019,1
BRD2,PIK3CA,2019,1
BRD2,SKP2,2019,1
BRD2,STMN1,2019,1
BRD2,PARP1,2019,1
BRD2,EPRS1,2019,1
HSPA5,PELO,2019,1
HSPA5,PTTG1,2019,1
HSPA5,TTC4,2019,1
CSK,GRB2,2019,1
PDHB,TKT,2019,1
AATF,NUP54,2019,1
AATF,RPL5,2019,1
BCL2,FGFR1,2019,1
ALDH5A1,BCL2,2019,1
BCL2,PARP1,2019,1
BCL2,UBC,2019,1
BCL2,PDGFA,2019,1
BCL2,LCK,2019,1
BCL2,SPHK1,2019,1
BCL2,FGFR2,2019,1
BCL2,TUBB,2019,1
BCL2,FGFR3,2019,1
BCL2,PDGFB,2019,1
BCL2,KDR,2019,1
BCL2,RRM1,2019,1
BCL2,PARP2,2019,1
GATA3,PIK3R1,2019,1
GATA3,RRM2,2019,1
GPI,MAPK12,2019,1
GPI,HMGA1,2019,1
GPI,SKP2,2019,1
GPI,PIM1,2019,1
PMVK,TUBGCP3,2019,1
POLE,TRMT5,2019,1
POLE,VPS72,2019,1
POLE,TIMELESS,2019,1
POLE,TTC4,2019,1
POLE,POLR2K,2019,1
POLE,SPAG7,2019,1
POLE,TUBGCP3,2019,1
POLE,ZNF830,2019,1
AOC3,HMGCR,2019,1
AOC3,STMN1,2019,1
AOC3,HMGA1,2019,1
AOC3,GRB2,2019,1
AOC3,EPRS1,2019,1
MCM3AP,MED28,2019,1
MCM3AP,TUBGCP3,2019,1
MCM3AP,ZWINT,2019,1
MCM3AP,RTF1,2019,1
MCM3AP,PNN,2019,1
MCM3AP,POLR2K,2019,1
MCM3AP,RRM2,2019,1
MCM3AP,SPAG7,2019,1
MCM3AP,VPS72,2019,1
MCM3AP,OGFOD1,2019,1
MCM3AP,NUP85,2019,1
MRPL33,POLR2K,2019,1
MRPL33,MRPS5,2019,1
MRPL33,PSMD4,2019,1
MRPL33,PSMD12,2019,1
MRPL33,ZNF830,2019,1
MRPL33,RBM17,2019,1
MRPL33,TUBGCP3,2019,1
SF3B1,SPAG7,2019,1
SF3B1,TTC4,2019,1
SF3B1,TRMT5,2019,1
SF3B1,TUBGCP3,2019,1
FGFR1,TUBB,2019,1
ABL1,FGFR1,2019,1
TIMM9,TUBGCP3,2019,1
TIMM9,TTC4,2019,1
KIF11,PNN,2019,1
KIF11,MCM3AP,2019,1
KIF11,VPS29,2019,1
KIF11,TCF25,2019,1
KIF11,POLR2K,2019,1
KIF11,ZNF511,2019,1
KIF11,RPL13,2019,1
KIF11,TIPIN,2019,1
KIF11,PELO,2019,1
KIF11,NACA,2019,1
KIF11,ZNF830,2019,1
KIF11,TTC4,2019,1
KIF11,MAPKAP1,2019,1
KIF11,ZNF574,2019,1
KIF11,PSMD1,2019,1
ERBB3,HMGA1,2019,1
ERBB3,STMN1,2019,1
ERBB3,GRB2,2019,1
DAP3,PMF1,2019,1
DAP3,KCTD10,2019,1
DAP3,TTC4,2019,1
DAP3,SNRPD3,2019,1
DAP3,NFE2L1,2019,1
DAP3,MTBP,2019,1
DAP3,RPLP1,2019,1
DAP3,PGK1,2019,1
DAP3,NACA,2019,1
DAP3,MAPKAP1,2019,1
RPA3,TIPIN,2019,1
DLST,SNRNP200,2019,1
DLST,MED23,2019,1
DLST,SPAG7,2019,1
DLST,NACA,2019,1
DLST,OGFOD1,2019,1
DLST,PTTG1,2019,1
DLST,EXOSC9,2019,1
DLST,LEO1,2019,1
PDSS2,TTC4,2019,1
PSMC6,REXO2,2019,1
PSMC6,SRFBP1,2019,1
MARS1,NCAPD2,2019,1
MARS1,NUP54,2019,1
MARS1,PPP2R1A,2019,1
MARS1,MRPL11,2019,1
MRPL35,PMF1,2019,1
MRPL35,NUP54,2019,1
MRPL35,RBM17,2019,1
ENO3,GAPDH,2019,1
ENO3,GAPDHS,2019,1
BUB1B,CENPM,2019,1
BUB1B,CENPK,2019,1
BUB1B,EIF3M,2019,1
BUB1B,SRP19,2019,1
BUB1B,NDUFB2,2019,1
BUB1B,XRN2,2019,1
BUB1B,PPP2R1A,2019,1
BUB1B,PTTG1,2019,1
BUB1B,CMAS,2019,1
BUB1B,MED23,2019,1
BUB1B,SKA3,2019,1
BUB1B,LEO1,2019,1
BUB1B,SCYL1,2019,1
BUB1B,RPL36A,2019,1
BUB1B,ZNF574,2019,1
BUB1B,TUBGCP3,2019,1
BUB1B,KCTD10,2019,1
BUB1B,NACA,2019,1
BUB1B,RTF1,2019,1
TSEN2,TUBGCP3,2019,1
MAPK1,WEE1,2019,1
CIT,SKP2,2019,1
CIT,NPR2,2019,1
CIT,LARS2,2019,1
CIT,NCAPD2,2019,1
CIT,TRPM7,2019,1
CIT,NCBP1,2019,1
CIT,GRB2,2019,1
CIT,CSK,2019,1
CIT,DBH,2019,1
CIT,CSF3R,2019,1
CIT,MC1R,2019,1
CIT,VPS72,2019,1
CIT,PARP1,2019,1
CIT,SRP19,2019,1
CIT,LIG1,2019,1
CIT,MAPK12,2019,1
CIT,HMGCR,2019,1
CIT,TSPO,2019,1
CIT,ITGB7,2019,1
CIT,ZNF830,2019,1
CIT,ZNF574,2019,1
CIT,PPP2R2A,2019,1
CIT,DOT1L,2019,1
CIT,PELO,2019,1
CIT,KCNQ4,2019,1
CIT,TOP1,2019,1
CIT,MAP3K3,2019,1
CIT,PIK3CA,2019,1
CIT,HMGA1,2019,1
CIT,EPRS1,2019,1
CIT,KCTD10,2019,1
CIT,PPP2R1A,2019,1
CIT,CMAS,2019,1
CIT,LCK,2019,1
CIT,NDUFB1,2019,1
CIT,NUDC,2019,1
CIT,MICOS10,2019,1
CIT,SNRPG,2019,1
CIT,EIF3H,2019,1
CSK,HMGA1,2019,1
MPHOSPH6,SLC39A9,2019,1
MPHOSPH6,TUBGCP3,2019,1
MPHOSPH6,XRN2,2019,1
MPHOSPH6,PSMD1,2019,1
MPHOSPH6,PAFAH1B1,2019,1
MPHOSPH6,TTC4,2019,1
NUP85,TTC4,2019,1
NUP85,TUBGCP3,2019,1
NUP85,PSMD1,2019,1
NUP85,TAF2,2019,1
NUP85,TRMT5,2019,1
NUP85,PPP2R1A,2019,1
NUP85,PNN,2019,1
NUP85,ZWINT,2019,1
NUP85,RBBP8,2019,1
NUP85,POLR2K,2019,1
NUP85,WARS2,2019,1
NUP85,SPAG7,2019,1
NUP85,RPL13,2019,1
NUP85,VPS72,2019,1
NUP85,PELO,2019,1
NUP85,RTF1,2019,1
NUP85,ZNF830,2019,1
CSK,EPRS1,2019,1
RBM17,XRN2,2019,1
RBM17,RPS5,2019,1
RBM17,TUBGCP3,2019,1
RBM17,TTC4,2019,1
RBM17,SNRPC,2019,1
RBM17,REXO2,2019,1
RBM17,TTI2,2019,1
RBM17,TIMELESS,2019,1
MRPS25,VPS29,2019,1
MRPS25,TTC4,2019,1
MRPS25,RBBP8,2019,1
MRPS25,PGK1,2019,1
PAXBP1,PELO,2019,1
PAXBP1,SPAG7,2019,1
PAXBP1,VPS72,2019,1
PAXBP1,TRPM7,2019,1
PAXBP1,POLR2K,2019,1
PAXBP1,TUBGCP3,2019,1
PAXBP1,TTC4,2019,1
CARS2,PGK1,2019,1
CARS2,MAPKAP1,2019,1
CARS2,PSMC1,2019,1
CARS2,EXOSC9,2019,1
CARS2,NACA,2019,1
CARS2,GFI1B,2019,1
CDKN1A,HMGA1,2019,1
CDKN1A,NDUFB1,2019,1
CDKN1A,GRB2,2019,1
CDKN1A,HMGCR,2019,1
CDKN1A,MAPK12,2019,1
CDKN1A,STMN1,2019,1
METAP2,OGFOD1,2019,1
METAP2,POLE2,2019,1
METAP2,VPS29,2019,1
METAP2,ZNF830,2019,1
METAP2,SCYL1,2019,1
METAP2,POLR2K,2019,1
METAP2,MRPL46,2019,1
METAP2,ZWINT,2019,1
METAP2,PAXBP1,2019,1
METAP2,NACA,2019,1
METAP2,POLN,2019,1
METAP2,TAF1,2019,1
METAP2,VPS72,2019,1
METAP2,RPL5,2019,1
CSK,STMN1,2019,1
METAP2,SKA3,2019,1
METAP2,TTC4,2019,1
METAP2,RNGTT,2019,1
METAP2,TUBGCP3,2019,1
METAP2,NDUFA9,2019,1
METAP2,USE1,2019,1
METAP2,RPL10,2019,1
METAP2,RPL24,2019,1
METAP2,PDCD7,2019,1
METAP2,PTTG1,2019,1
METAP2,PSMD1,2019,1
METAP2,RPL36A,2019,1
METAP2,WDR7,2019,1
METAP2,RPA3,2019,1
METAP2,NFE2L1,2019,1
METAP2,SNRPC,2019,1
METAP2,RPL13,2019,1
METAP2,NDUFA8,2019,1
METAP2,PMF1,2019,1
METAP2,TRPM7,2019,1
METAP2,TAF2,2019,1
METAP2,RPP30,2019,1
WDR70,ZNF574,2019,1
MRPL22,RPL11,2019,1
MRPL22,PTTG1,2019,1
MRPL22,RPL30,2019,1
MRPL22,POLR2K,2019,1
MRPL22,TUBGCP3,2019,1
MRPL22,NUP54,2019,1
MRPL22,RPL10,2019,1
MRPL22,RPL5,2019,1
MRPL22,NFE2L1,2019,1
MRPL22,PSMD12,2019,1
MRPL22,RBM17,2019,1
MRPL22,PSMC1,2019,1
MRPL22,MTOR,2019,1
MRPL22,RPL27,2019,1
MRPL22,PPP2R2A,2019,1
MRPL22,NCAPD2,2019,1
RPL24,RPLP1,2019,1
HUS1,NUDC,2019,1
HUS1,WDR7,2019,1
HUS1,LEO1,2019,1
HUS1,NUP54,2019,1
HUS1,POLA1,2019,1
HUS1,TIPIN,2019,1
HUS1,NFYC,2019,1
HUS1,UMPS,2019,1
HUS1,POLE2,2019,1
HUS1,SDHC,2019,1
HUS1,POLD1,2019,1
HUS1,TRNAU1AP,2019,1
HUS1,RPA3,2019,1
HUS1,TRA2B,2019,1
HUS1,RTF1,2019,1
HUS1,METAP2,2019,1
HUS1,TRMT5,2019,1
HUS1,NACA,2019,1
HUS1,RFC5,2019,1
HUS1,PTTG1,2019,1
HUS1,MASTL,2019,1
HUS1,PPP2R1A,2019,1
HUS1,POLR2K,2019,1
HUS1,TUBGCP3,2019,1
HUS1,POLE,2019,1
HUS1,RAD51,2019,1
PPP2R2A,RAD51,2019,1
PPP2R2A,REXO2,2019,1
PPP2R2A,RPS18,2019,1
PPP2R2A,SNRPD3,2019,1
PPP2R2A,RPL10,2019,1
MTHFD2,TTC4,2019,1
MTHFD2,NACA,2019,1
AXL,GRB2,2019,1
MAP3K4,MAPK12,2019,1
MAP3K4,STMN1,2019,1
RBBP8,TTC4,2019,1
RBBP8,TRRAP,2019,1
RBBP8,RPL13,2019,1
RBBP8,VPS4A,2019,1
RBBP8,SKA3,2019,1
RBBP8,TUBGCP3,2019,1
RBBP8,TIPIN,2019,1
RBBP8,TRNAU1AP,2019,1
RBBP8,SPAG7,2019,1
COA3,MED28,2019,1
COA3,NACA,2019,1
COA3,TTC4,2019,1
COA3,ZWINT,2019,1
COA3,CTNNBL1,2019,1
COA3,TUBGCP3,2019,1
HMGA1,LTC4S,2019,1
HMGA1,PLOD1,2019,1
HMGA1,TSPO,2019,1
HMGA1,ITGA6,2019,1
HMGA1,PTP4A3,2019,1
HMGA1,MAP3K10,2019,1
HMGA1,PARP1,2019,1
HMGA1,NT5M,2019,1
HMGA1,MASP2,2019,1
HMGA1,IL12A,2019,1
HMGA1,IGF1R,2019,1
HMGA1,TXN,2019,1
HMGA1,NDUFA4L2,2019,1
HMGA1,LIG1,2019,1
HMGA1,NDUFA4,2019,1
HMGA1,MAPKAPK2,2019,1
HMGA1,MC1R,2019,1
HMGA1,SLC16A5,2019,1
HMGA1,NOS2,2019,1
HMGA1,PTPRE,2019,1
HMGA1,PRSS8,2019,1
HMGA1,TOP1,2019,1
HMGA1,STMN1,2019,1
HMGA1,LCK,2019,1
HMGA1,NPR1,2019,1
HMGA1,RELA,2019,1
HMGA1,SKP2,2019,1
HMGA1,LARS2,2019,1
HMGA1,NDUFB1,2019,1
HMGA1,PIM1,2019,1
HMGA1,HMGCR,2019,1
HMGA1,MAPK12,2019,1
HMGA1,ITGB7,2019,1
HMGA1,MAP3K4,2019,1
HMGA1,NPR2,2019,1
HMGA1,NPEPPS,2019,1
RPL32,TUBGCP3,2019,1
FGFR4,GRB2,2019,1
CSK,HMGCR,2019,1
BOD1L1,HUS1,2019,1
BOD1L1,MAPKAP1,2019,1
BOD1L1,NDUFB1,2019,1
BOD1L1,CENPM,2019,1
BOD1L1,TTC4,2019,1
BOD1L1,MED23,2019,1
BOD1L1,NUDC,2019,1
BOD1L1,DDX46,2019,1
BOD1L1,POLR2K,2019,1
BOD1L1,COPS5,2019,1
BOD1L1,GOLT1B,2019,1
BOD1L1,RPA3,2019,1
BOD1L1,FH,2019,1
BOD1L1,CENPK,2019,1
BOD1L1,EXOSC9,2019,1
BOD1L1,LEO1,2019,1
BOD1L1,OGFOD1,2019,1
BOD1L1,SCYL1,2019,1
BOD1L1,PPP2R1A,2019,1
BOD1L1,WDR7,2019,1
BOD1L1,MBTPS2,2019,1
BOD1L1,ZWINT,2019,1
BOD1L1,POLN,2019,1
BOD1L1,FBXO28,2019,1
BOD1L1,LUC7L3,2019,1
BOD1L1,SPAG7,2019,1
BOD1L1,KARS1,2019,1
BOD1L1,NACA,2019,1
BOD1L1,SLC39A9,2019,1
BOD1L1,GNPAT,2019,1
BOD1L1,CENPP,2019,1
BOD1L1,PDCD7,2019,1
BOD1L1,RBBP8,2019,1
BOD1L1,GTF2H4,2019,1
POLN,SPAG7,2019,1
POLN,PSMD1,2019,1
POLN,TRMT5,2019,1
POLN,TRNAU1AP,2019,1
POLN,RPL36A,2019,1
POLN,TUBGCP3,2019,1
POLN,POLR2K,2019,1
POLN,SKA3,2019,1
POLN,PPP2R1A,2019,1
POLN,TTC4,2019,1
POLN,TRRAP,2019,1
POLN,VPS72,2019,1
MRPL42,PELO,2019,1
MRPL42,NFE2L1,2019,1
MRPL42,ZWINT,2019,1
MRPL42,PGK1,2019,1
MRPL42,REXO2,2019,1
MRPL42,TUBGCP3,2019,1
MRPL42,PSMD1,2019,1
MRPL42,NACA,2019,1
MRPL42,RBBP8,2019,1
MRPL42,TTC4,2019,1
MRPL42,POLD1,2019,1
MRPL42,POLR2K,2019,1
MRPL42,SPAG7,2019,1
MRPL42,VPS29,2019,1
MRPL42,RPL5,2019,1
ELP4,NACA,2019,1
ELP4,NSMCE4A,2019,1
ELP4,POLN,2019,1
ELP4,FAM98B,2019,1
ELP4,EXOSC9,2019,1
ELP4,TTC4,2019,1
ELP4,POLR2K,2019,1
ELP4,RTF1,2019,1
ELP4,FH,2019,1
ELP4,RPL13,2019,1
CHD1,GRB2,2019,1
CHD1,CIT,2019,1
CARS1,NACA,2019,1
CARS1,TUBGCP3,2019,1
CARS1,TTC4,2019,1
CARS1,GTF2H4,2019,1
CARS1,FH,2019,1
COX7C,RBM17,2019,1
COX7C,PSMD1,2019,1
COX7C,FH,2019,1
COX7C,TIMELESS,2019,1
RPL36A,SLC39A9,2019,1
RPL36A,TTC4,2019,1
RPL36A,WDR70,2019,1
RPL36A,SRSF7,2019,1
RPL36A,TUBGCP3,2019,1
ALDOB,ENO1,2019,1
ALDOB,ENO2,2019,1
G6PD,PDHX,2019,1
G6PD,PFKL,2019,1
G6PD,PFKM,2019,1
G6PD,PGK1,2019,1
G6PD,PCK1,2019,1
DMPK,GRB2,2019,1
DMPK,STMN1,2019,1
CAMK2G,HMGA1,2019,1
LARS1,PELO,2019,1
LARS1,POLR2K,2019,1
LARS1,MED14,2019,1
BRAF,IGF1R,2019,1
BRAF,HSP90AA1,2019,1
BRAF,CHEK2,2019,1
BRAF,CHEK1,2019,1
ACVRL1,CIT,2019,1
ACVRL1,HMGA1,2019,1
ACVRL1,EPRS1,2019,1
ACVRL1,GRB2,2019,1
COX5A,TTC4,2019,1
COX5A,RPL13,2019,1
COX5A,PPP2R1A,2019,1
COX5A,TUBGCP3,2019,1
COX5A,EXOSC9,2019,1
COX5A,RPL35,2019,1
COX5A,NFE2L1,2019,1
COX5A,NACA,2019,1
COX5A,MED23,2019,1
FTSJ3,METTL17,2019,1
FTSJ3,RTF1,2019,1
FTSJ3,MRPL39,2019,1
FTSJ3,PSMC6,2019,1
FTSJ3,LARS1,2019,1
FTSJ3,RPLP1,2019,1
FTSJ3,MRPL36,2019,1
FTSJ3,RAE1,2019,1
FTSJ3,PTTG1,2019,1
PDGFB,VEGFA,2019,1
PDGFA,VEGFA,2019,1
FGFR3,VEGFA,2019,1
KDR,VEGFA,2019,1
PSPH,VPS72,2019,1
MCM4,TUBGCP3,2019,1
ENPP1,GPX1,2019,1
MBTPS2,PSMD1,2019,1
MBTPS2,RPL13,2019,1
MBTPS2,MED28,2019,1
MBTPS2,POLR2K,2019,1
MBTPS2,POLN,2019,1
MBTPS2,TTC4,2019,1
MBTPS2,PPP2R1A,2019,1
MBTPS2,SLC39A9,2019,1
MBTPS2,NACA,2019,1
MBTPS2,TRMT5,2019,1
MBTPS2,MRPS27,2019,1
MBTPS2,WDR7,2019,1
MBTPS2,TUBGCP3,2019,1
MBTPS2,PTTG1,2019,1
DCXR,GRB2,2019,1
DCXR,HMGA1,2019,1
ESD,TOP1,2019,1
TOP1,TYMS,2019,1
SPHK1,TOP1,2019,1
COG3,GOLT1B,2019,1
COG3,MASTL,2019,1
COG3,EXOSC9,2019,1
COG3,TRPM7,2019,1
COG3,RBBP8,2019,1
COG3,RBFA,2019,1
COG3,ZNF574,2019,1
COG3,NUDC,2019,1
FNTA,TSC1,2019,1
FNTA,SMO,2019,1
FNTA,PARP1,2019,1
FNTA,RRM2,2019,1
COG3,SCYL1,2019,1
COG3,NFE2L1,2019,1
COG3,TAF2,2019,1
COG3,GNL3L,2019,1
COG3,NOL8,2019,1
COG3,RTF1,2019,1
COG3,MAPKAP1,2019,1
COG3,PTTG1,2019,1
COG3,TRRAP,2019,1
COG3,SLC35A1,2019,1
COG3,SPAG7,2019,1
COG3,PPP2R1A,2019,1
COG3,RPA3,2019,1
COG3,EIF3M,2019,1
COG3,WDR7,2019,1
COG3,METAP2,2019,1
MET,SMAD4,2019,1
MET,RRM2,2019,1
FIP1L1,KCTD10,2019,1
FIP1L1,ZMAT2,2019,1
FIP1L1,TIPIN,2019,1
FIP1L1,MTBP,2019,1
NDUFA8,RPTOR,2019,1
NDUFA8,NFE2L1,2019,1
NDUFA8,OGFOD1,2019,1
NDUFA8,RPLP1,2019,1
NDUFA8,PSMC1,2019,1
NOC2L,PELO,2019,1
NOC2L,PTTG1,2019,1
NOC2L,USE1,2019,1
NOC2L,YTHDC1,2019,1
NOC2L,TUBGCP3,2019,1
NOC2L,TTC4,2019,1
COG3,FDPS,2019,1
COG3,NACA,2019,1
COG3,LEO1,2019,1
COG3,MED23,2019,1
COG3,TUBGCP3,2019,1
COG3,MED28,2019,1
COG3,COPE,2019,1
SMARCA4,TOP1,2019,1
EIF3H,RPS5,2019,1
EIF3H,POLR3A,2019,1
EIF3H,PMF1,2019,1
EIF3H,MRPL33,2019,1
EIF3H,TAF1,2019,1
EIF3H,RBM17,2019,1
EIF3H,MRPS5,2019,1
EIF3H,PSMD12,2019,1
EIF3H,RPL24,2019,1
EIF3H,SNRPG,2019,1
EIF3H,REXO2,2019,1
EIF3H,NUP54,2019,1
EIF3H,SKA3,2019,1
EIF3H,LUC7L3,2019,1
EIF3H,MRPS10,2019,1
EIF3H,METTL17,2019,1
EIF3H,PTTG1,2019,1
EIF3H,POLR2K,2019,1
EIF3H,MICOS10,2019,1
EIF3H,PPP2R2A,2019,1
EIF3H,GINS4,2019,1
EIF3H,RPL5,2019,1
EIF3H,EIF4G1,2019,1
EIF3H,MRPL36,2019,1
EIF3H,XPO1,2019,1
LIG1,NDUFB1,2019,1
LIG1,STMN1,2019,1
RPL5,RTF1,2019,1
RPL5,SPAG7,2019,1
RPL5,TAF2,2019,1
RPL5,TUBGCP3,2019,1
RPL5,ZNF830,2019,1
RPL5,TTC4,2019,1
RPL5,TRMT5,2019,1
RPL5,ZNF574,2019,1
RPL5,VPS72,2019,1
LIG1,SKP2,2019,1
LIG1,TXN,2019,1
LIG1,PIM1,2019,1
LIG1,MAPK12,2019,1
DARS1,GTF2H4,2019,1
DARS1,EBNA1BP2,2019,1
DARS1,EXOSC9,2019,1
DARS1,TUBGCP3,2019,1
DARS1,GTF3C3,2019,1
DARS1,POLR2K,2019,1
DARS1,ZNF830,2019,1
TBCB,ZNF830,2019,1
TBCB,VPS72,2019,1
POLA1,SSBP1,2019,1
EIF4G2,PSMD12,2019,1
EIF4G2,MRPL36,2019,1
EIF4G2,RPS5,2019,1
EIF4G2,PELO,2019,1
EIF4G2,ZNF830,2019,1
EIF4G2,MRPS23,2019,1
EIF4G2,TTC4,2019,1
EIF4G2,NDUFA8,2019,1
NDUFB4,OGFOD1,2019,1
RPL5,TRNAU1AP,2019,1
RPL5,TAF1,2019,1
NDUFB4,TUBGCP3,2019,1
NDUFB4,POLN,2019,1
PELO,RPL3,2019,1
PELO,POLN,2019,1
PELO,RNGTT,2019,1
PELO,RTF1,2019,1
PELO,RPS28,2019,1
PELO,ZNF574,2019,1
PELO,PSMC1,2019,1
PELO,RPL8,2019,1
BRCA2,NDUFB1,2019,1
BRCA2,MAPK12,2019,1
BRCA2,WEE1,2019,1
BRCA2,MAPK1,2019,1
BRCA2,LCK,2019,1
BRCA2,BSG,2019,1
BRCA2,CIT,2019,1
BRCA2,CDK12,2019,1
BRCA2,SKP2,2019,1
BRCA2,FLT3,2019,1
BRCA2,DOT1L,2019,1
BRCA2,MAP2K1,2019,1
BRCA2,EPRS1,2019,1
BRCA2,PIM1,2019,1
BRCA2,GPI,2019,1
EEF1G,ZWINT,2019,1
EEF1G,TTC4,2019,1
EEF1G,TRMT5,2019,1
EEF1G,POLR2K,2019,1
EEF1G,TUBGCP3,2019,1
EEF1G,RTF1,2019,1
EEF1G,NUP85,2019,1
EEF1G,ZNF830,2019,1
BRCA2,HMGA1,2019,1
BRCA2,IGF1R,2019,1
BRCA2,HMGCR,2019,1
BRCA2,STMN1,2019,1
PELO,ZNF511,2019,1
PELO,TTC4,2019,1
PELO,SNRPB,2019,1
PELO,RPL27,2019,1
PELO,TRNAU1AP,2019,1
PELO,PMF1,2019,1
PELO,POLR2K,2019,1
PELO,POLA1,2019,1
PELO,POLE2,2019,1
PELO,RPS5,2019,1
PELO,RPL24,2019,1
PELO,RBM17,2019,1
PELO,RPF2,2019,1
PELO,PNN,2019,1
PELO,RPL5,2019,1
PELO,TUBGCP3,2019,1
MASTL,TRRAP,2019,1
MASTL,ZNF511,2019,1
MASTL,ZNF574,2019,1
MASTL,SSB,2019,1
EEF1G,EXOSC9,2019,1
EEF1G,GTF3C3,2019,1
EEF1G,YTHDC1,2019,1
EEF1G,VPS72,2019,1
EEF1G,MFAP1,2019,1
EEF1G,NSMCE4A,2019,1
EEF1G,PNN,2019,1
MASTL,POLR2K,2019,1
MASTL,TRMT5,2019,1
MASTL,RBBP8,2019,1
MASTL,SPAG7,2019,1
MASTL,RPL13,2019,1
MASTL,NACA,2019,1
MASTL,XRN2,2019,1
MASTL,TUBGCP3,2019,1
MASTL,PRPF18,2019,1
MASTL,PDCD7,2019,1
MASTL,TRNAU1AP,2019,1
MASTL,TTC4,2019,1
MASTL,MED28,2019,1
MASTL,PNN,2019,1
MASTL,RPP38,2019,1
MASTL,MRPS25,2019,1
MASTL,OGFOD1,2019,1
MASTL,NOLC1,2019,1
MASTL,TCF25,2019,1
MASTL,TCOF1,2019,1
MASTL,ZNF830,2019,1
MASTL,PSMD1,2019,1
MASTL,PPAT,2019,1
MASTL,WDR70,2019,1
MASTL,MRPL42,2019,1
MASTL,MED23,2019,1
MASTL,SLC35A1,2019,1
MASTL,NOL10,2019,1
MASTL,PTTG1,2019,1
MASTL,PWP1,2019,1
MASTL,NSMCE4A,2019,1
PELO,PSMD6,2019,1
PELO,TBCB,2019,1
PELO,PTTG1,2019,1
PELO,SNIP1,2019,1
PELO,RPL11,2019,1
PELO,SKA3,2019,1
PELO,RPTOR,2019,1
PELO,WDR77,2019,1
PELO,PNISR,2019,1
PELO,SPAG7,2019,1
PELO,RPS18,2019,1
PELO,PWP1,2019,1
PELO,RPLP1,2019,1
PELO,POLE,2019,1
PELO,UMPS,2019,1
PELO,RRM1,2019,1
RPL10,ZNF574,2019,1
RPL10,TUBGCP3,2019,1
ARID2,CHEK1,2019,1
ARID2,EGFR,2019,1
ARID2,HDAC6,2019,1
SNIP1,TTC4,2019,1
SNIP1,TRMT5,2019,1
SNIP1,VPS72,2019,1
SNIP1,TUBGCP3,2019,1
PFAS,PSMD1,2019,1
PFAS,TTC4,2019,1
PFAS,TUBGCP3,2019,1
PELO,PTCD3,2019,1
PELO,SMNDC1,2019,1
PELO,PPP2R2A,2019,1
PELO,VPS72,2019,1
PELO,TIMELESS,2019,1
PELO,RAD51,2019,1
PELO,TUBGCP4,2019,1
PELO,RAE1,2019,1
PELO,RPL36A,2019,1
PELO,POLD1,2019,1
BRCA2,FEN1,2019,1
ZNF830,ZWINT,2019,1
ACTR10,ANAPC13,2019,1
ACTR10,EXOSC9,2019,1
ACTR10,REXO2,2019,1
ACTR10,AURKA,2019,1
ACTR10,CEP192,2019,1
ACTR10,PPP2R1A,2019,1
ACTR10,UBA3,2019,1
ACTR10,NUP54,2019,1
ARID2,TSC1,2019,1
GPN3,NACA,2019,1
GPN3,GTF2H4,2019,1
ATM,CDK9,2019,1
ATM,IGF1R,2019,1
ATM,FNTA,2019,1
HSP90AA1,TOP1,2019,1
ACTR10,COPS4,2019,1
ACTR10,COPS2,2019,1
ACTR10,KCTD10,2019,1
ACTR10,ZNF574,2019,1
ACTR10,PELO,2019,1
ACTR10,FH,2019,1
LARS2,SKP2,2019,1
LARS2,PIM1,2019,1
LARS2,LIG1,2019,1
LARS2,MAPK12,2019,1
LARS2,LCK,2019,1
LARS2,NACA,2019,1
LARS2,MAPKAP1,2019,1
LARS2,TOP1,2019,1
LARS2,STMN1,2019,1
CASP8,VEGFA,2019,1
CASP8,FNTA,2019,1
CASP8,CDK4,2019,1
CASP8,CHEK2,2019,1
CENPK,CEP63,2019,1
CENPK,FH,2019,1
CENPK,SRSF7,2019,1
CENPK,TUBGCP3,2019,1
CENPK,NACA,2019,1
CENPK,COPS5,2019,1
CENPK,EIF3D,2019,1
CENPK,LEO1,2019,1
CENPK,VPS72,2019,1
CENPK,SPAG7,2019,1
CENPK,POLN,2019,1
CENPK,EXOSC9,2019,1
CENPK,SKA3,2019,1
CENPK,PMF1,2019,1
CENPK,TUBB,2019,1
CENPK,RPL13,2019,1
CENPK,PPP2R1A,2019,1
CENPK,KIF11,2019,1
CENPK,PNN,2019,1
CENPK,POLR2K,2019,1
CENPK,TTC4,2019,1
CENPK,SLC39A9,2019,1
CENPK,PPAT,2019,1
POLR3B,TUBGCP3,2019,1
RPP38,ZNF830,2019,1
RPP38,TTC4,2019,1
RPP38,SSB,2019,1
RPP38,VPS72,2019,1
RPP38,SPAG7,2019,1
RPP38,TCF25,2019,1
POLR2B,POLR2K,2019,1
POLR2B,VPS72,2019,1
POLR2B,TTC4,2019,1
POLR2B,TUBGCP3,2019,1
ATP1A1,SRP19,2019,1
ATP1A1,NDUFB2,2019,1
ATP1A1,FH,2019,1
ATP1A1,RPF2,2019,1
ATP1A1,EXOSC9,2019,1
ATP1A1,RPL13,2019,1
ATP1A1,PNN,2019,1
ATP1A1,TRRAP,2019,1
ATP1A1,OGFOD1,2019,1
ATP1A1,CDC26,2019,1
ATP1A1,AURKA,2019,1
ATP1A1,LEO1,2019,1
ATP1A1,POLR2K,2019,1
ATP1A1,SNRPC,2019,1
ATP1A1,ZNF574,2019,1
ATP1A1,TRPM7,2019,1
EIF2B5,TUBGCP3,2019,1
EIF2B5,POLR2K,2019,1
EIF2B5,MRPS5,2019,1
CDC73,LEO1,2019,1
CDC73,MAPKAP1,2019,1
CDC73,REXO2,2019,1
CDC73,VPS72,2019,1
CDC73,RPL13,2019,1
CDC73,EIF3D,2019,1
CDC73,TTC4,2019,1
CDC73,PELO,2019,1
CDC73,MED28,2019,1
CDC73,GTF2H4,2019,1
CDC73,ZNF830,2019,1
CDC73,PPP2R1A,2019,1
CDC73,MED23,2019,1
CDC73,SDHC,2019,1
CDC73,EBNA1BP2,2019,1
CDC73,EXOSC9,2019,1
CDC73,PSMD1,2019,1
CDC73,NACA,2019,1
CDC73,KCTD10,2019,1
CDC73,FH,2019,1
EXOSC4,GNL3L,2019,1
EXOSC4,PMF1,2019,1
EXOSC4,RINT1,2019,1
EXOSC4,TUBGCP3,2019,1
EXOSC4,ZNF830,2019,1
EXOSC4,MRPS27,2019,1
EXOSC4,FTSJ3,2019,1
EXOSC4,RTF1,2019,1
EXOSC4,SNRPC,2019,1
EXOSC4,MED24,2019,1
EXOSC4,RBBP8,2019,1
EXOSC4,MED9,2019,1
EXOSC4,GTF3C3,2019,1
EXOSC4,ZWINT,2019,1
EXOSC4,PNISR,2019,1
EXOSC4,FBXO28,2019,1
EXOSC4,TUBB,2019,1
EXOSC4,NUP85,2019,1
EXOSC4,YTHDC1,2019,1
EXOSC4,POLR2K,2019,1
EXOSC4,PGD,2019,1
EXOSC4,NACA,2019,1
EXOSC4,SRFBP1,2019,1
EXOSC4,POLE,2019,1
EXOSC4,TRMT5,2019,1
EXOSC4,NOC2L,2019,1
EXOSC4,SPAG7,2019,1
EXOSC4,MFAP1,2019,1
EXOSC4,MED23,2019,1
EXOSC4,MED28,2019,1
EXOSC4,PGK1,2019,1
EXOSC4,TTC4,2019,1
EXOSC4,EXOSC9,2019,1
EXOSC4,RPL13,2019,1
EXOSC4,HUS1,2019,1
EXOSC4,MPHOSPH6,2019,1
EXOSC4,XRN2,2019,1
EXOSC4,NCAPD2,2019,1
EXOSC4,SSBP1,2019,1
APEX2,BRCA2,2019,1
PAFAH1B1,RPL28,2019,1
GAPDHS,LDHA,2019,1
CTNNBL1,TTC4,2019,1
CTNNBL1,MRPL50,2019,1
CTNNBL1,PRMT5,2019,1
CTNNBL1,VPS72,2019,1
CTNNBL1,POLR2K,2019,1
CTNNBL1,TUBB,2019,1
CTNNBL1,TUBGCP3,2019,1
CTNNBL1,PSMC1,2019,1
CTNNBL1,TRRAP,2019,1
CTNNBL1,SRSF7,2019,1
CTNNBL1,RNGTT,2019,1
CTNNBL1,TIPIN,2019,1
CTNNBL1,GNPAT,2019,1
PAFAH1B1,PWP1,2019,1
PAFAH1B1,SKA3,2019,1
PAFAH1B1,WDR7,2019,1
PAFAH1B1,TTC4,2019,1
PAFAH1B1,RPL36A,2019,1
PAFAH1B1,ZNF574,2019,1
PAFAH1B1,PPP2R1A,2019,1
CTNNBL1,SNAPC1,2019,1
CTNNBL1,OGFOD1,2019,1
CTNNBL1,LONP1,2019,1
CTNNBL1,GTF2E1,2019,1
CTNNBL1,NOL10,2019,1
CTNNBL1,TRNAU1AP,2019,1
CTNNBL1,GEMIN2,2019,1
CTNNBL1,PELO,2019,1
CTNNBL1,TBCB,2019,1
CTNNBL1,PPCS,2019,1
CTNNBL1,RPL13,2019,1
CTNNBL1,XRN2,2019,1
CTNNBL1,EXOSC4,2019,1
CTNNBL1,MRPL43,2019,1
CTNNBL1,RPL8,2019,1
CTNNBL1,MED28,2019,1
CTNNBL1,EIF3M,2019,1
CTNNBL1,NUDC,2019,1
CTNNBL1,ZNF830,2019,1
CTNNBL1,WARS2,2019,1
CTNNBL1,GOLT1B,2019,1
CTNNBL1,FH,2019,1
CTNNBL1,PRPF18,2019,1
CTNNBL1,SNRPC,2019,1
CTNNBL1,NACA,2019,1
CTNNBL1,PTTG1,2019,1
CTNNBL1,NUBP1,2019,1
CTNNBL1,POLE,2019,1
CTNNBL1,TFB1M,2019,1
CTNNBL1,MBTPS2,2019,1
CTNNBL1,SPAG7,2019,1
CTNNBL1,REXO2,2019,1
CTNNBL1,EXOSC9,2019,1
CTNNBL1,GTPBP4,2019,1
CTNNBL1,KIF11,2019,1
CTNNBL1,METAP2,2019,1
CTNNBL1,PSMD6,2019,1
CTNNBL1,FAM98B,2019,1
CTNNBL1,EIF3D,2019,1
IGF1R,MC1R,2019,1
IGF1R,LIG1,2019,1
IGF1R,MAP3K4,2019,1
IGF1R,PIM1,2019,1
IGF1R,LCK,2019,1
IGF1R,ROR1,2019,1
IGF1R,STMN1,2019,1
IGF1R,VHL,2019,1
IGF1R,SKP2,2019,1
MCM3,MED1,2019,1
MRPS11,RBM17,2019,1
MRPS11,SPAG7,2019,1
MRPS11,NUP54,2019,1
MRPS11,NACA,2019,1
NFYC,PPCS,2019,1
NFYC,TRMT5,2019,1
NFYC,TUBGCP3,2019,1
NFYC,NUP54,2019,1
NFYC,NUP85,2019,1
NFYC,POLR2K,2019,1
NFYC,PMF1,2019,1
NFYC,WDR7,2019,1
IGF1R,SRC,2019,1
IGF1R,NPR2,2019,1
IGF1R,KCNQ4,2019,1
PSMD6,TUBGCP3,2019,1
PSMD6,RPL13,2019,1
PSMD6,TTC4,2019,1
GEMIN2,GTF2H4,2019,1
GEMIN2,RPL13,2019,1
GEMIN2,TUBGCP3,2019,1
GEMIN2,GEMIN4,2019,1
ARL2,CKAP5,2019,1
ARL2,TUBGCP3,2019,1
ARL2,PMF1,2019,1
ARL2,EXOSC3,2019,1
ARL2,CWC22,2019,1
ARL2,NOC2L,2019,1
ARL2,CDC16,2019,1
ARL2,POLR2K,2019,1
ARL2,NAMPT,2019,1
ARL2,RPL32,2019,1
ARL2,CENPP,2019,1
ARL2,EIF3M,2019,1
ARL2,EIF6,2019,1
ARL2,MED28,2019,1
ARL2,EXOSC4,2019,1
ARL2,PAFAH1B1,2019,1
ARL2,RPL24,2019,1
ARL2,CTNNBL1,2019,1
ARL2,EBNA1BP2,2019,1
ARL2,SKA3,2019,1
ARL2,DDX18,2019,1
ARL2,CNOT1,2019,1
ARL2,CENPM,2019,1
ARL2,ZNF830,2019,1
ARL2,RPL10,2019,1
ARL2,AURKA,2019,1
ARL2,GTF3C3,2019,1
ARL2,PSMD1,2019,1
ARL2,TTC4,2019,1
ARL2,VPS72,2019,1
ARL2,POLN,2019,1
ARL2,POLE,2019,1
ARL2,OGFOD1,2019,1
ARL2,RPL13,2019,1
ARL2,SNRPC,2019,1
ARL2,SRFBP1,2019,1
ARL2,GTF2H4,2019,1
ARL2,CDC23,2019,1
ARL2,PTTG1,2019,1
ARL2,ZNF574,2019,1
ARL2,PPP2R1A,2019,1
ARL2,PDCD7,2019,1
ARL2,RTF1,2019,1
ARL2,NFYC,2019,1
ARL2,NOL8,2019,1
ARL2,GNL3L,2019,1
ARL2,MASTL,2019,1
ARL2,FTSJ3,2019,1
ARL2,WDR70,2019,1
ARL2,GNL2,2019,1
ARL2,CDC26,2019,1
FGFR3,MAP2K1,2019,1
ALDH5A1,FGFR3,2019,1
FGFR3,GRB2,2019,1
FGFR3,SPHK1,2019,1
FGFR3,HMGA1,2019,1
FGFR3,TUBB,2019,1
FGFR3,ITGB7,2019,1
FGFR3,MAPK12,2019,1
HBS1L,PTTG1,2019,1
HBS1L,HUS1,2019,1
HBS1L,PSMD1,2019,1
HBS1L,NACA,2019,1
HBS1L,TUBGCP3,2019,1
PBRM1,PTEN,2019,1
MRPS23,TTC4,2019,1
MRPS23,REXO2,2019,1
MRPS23,NACA,2019,1
MRPS23,VPS72,2019,1
MRPL32,RPS5,2019,1
MRPL32,OGFOD1,2019,1
MRPL32,PGK1,2019,1
MRPL32,RPTOR,2019,1
MRPL32,REXO2,2019,1
MRPL32,RPL8,2019,1
MRPL32,NFE2L1,2019,1
MRPL32,PELO,2019,1
MRPL32,SNRPD3,2019,1
MRPL32,RNGTT,2019,1
MRPL32,PSMD1,2019,1
MRPL32,SPAG7,2019,1
MRPL32,TTI2,2019,1
MRPL32,NACA,2019,1
MRPL32,TUBGCP3,2019,1
MRPL32,PSMC1,2019,1
MRPL32,TTC4,2019,1
MRPL32,TRRAP,2019,1
MRPL32,PAXBP1,2019,1
LDHB,ME1,2019,1
CDC25A,ITGB7,2019,1
CDC25A,CIT,2019,1
CDC25A,STMN1,2019,1
CDC25A,LIG1,2019,1
CDC25A,MAPK12,2019,1
HYPK,MED23,2019,1
HYPK,RBBP8,2019,1
HYPK,TTC4,2019,1
HYPK,PTTG1,2019,1
NAMPT,RTF1,2019,1
NAMPT,POLR2K,2019,1
NAMPT,TUBGCP3,2019,1
NAMPT,RPL13,2019,1
NAMPT,TTC4,2019,1
NAMPT,TRMT5,2019,1
POLE2,SNRPD3,2019,1
POLE2,TIPIN,2019,1
POLE2,PPP2R1A,2019,1
POLE2,ZNF574,2019,1
ACTL6A,TUBGCP3,2019,1
ACTL6A,PSMD1,2019,1
ACTL6A,RPL13,2019,1
ACTL6A,MRPS11,2019,1
ACTL6A,MRPL11,2019,1
ACTL6A,NUDC,2019,1
ACTL6A,MRPL33,2019,1
ACTL6A,REXO2,2019,1
ACTL6A,GTF3C3,2019,1
ACTL6A,PPIE,2019,1
ACTL6A,EIF3D,2019,1
ACTL6A,MED23,2019,1
ACTL6A,METAP2,2019,1
ACTL6A,LEO1,2019,1
ACTL6A,EBNA1BP2,2019,1
ACTL6A,FARSA,2019,1
ACTL6A,EXOSC4,2019,1
ACTL6A,METTL17,2019,1
RTF1,SNIP1,2019,1
RTF1,YTHDC1,2019,1
RTF1,SNRPC,2019,1
RTF1,ZWINT,2019,1
RTF1,TRMT5,2019,1
RTF1,TUBGCP3,2019,1
RTF1,SPAG7,2019,1
MAT2A,PELO,2019,1
KDM6A,RRM2,2019,1
KDM6A,PARP1,2019,1
KDM6A,PIK3R1,2019,1
KDM6A,MET,2019,1
MRPL11,TUBGCP4,2019,1
MRPL11,RRM2,2019,1
MRPL11,MTBP,2019,1
MRPL11,RPL27,2019,1
MRPL11,PSMD1,2019,1
MRPL11,RBM17,2019,1
MRPL11,PMF1,2019,1
MRPL11,PSMC1,2019,1
RTF1,TRRAP,2019,1
RTF1,VPS72,2019,1
RTF1,TBCB,2019,1
RTF1,ZNF830,2019,1
RTF1,SPDL1,2019,1
RTF1,SKA3,2019,1
RTF1,VPS29,2019,1
RTF1,TTC4,2019,1
ACTL6A,MRPS5,2019,1
ACTL6A,EIF3H,2019,1
ACTL6A,PELO,2019,1
ACTL6A,MED1,2019,1
ACTL6A,PGK1,2019,1
ACTL6A,PPP2R1A,2019,1
ACTL6A,ATP6AP1,2019,1
ACTL6A,SNRPC,2019,1
ACTL6A,ARL2,2019,1
ACTL6A,MRPL43,2019,1
ACTL6A,KCTD10,2019,1
ACTL6A,GNL3L,2019,1
ACTL6A,DMAP1,2019,1
ACTL6A,MRPL35,2019,1
ACTL6A,GTF2H4,2019,1
ACTL6A,NACA,2019,1
ACTL6A,MRPL22,2019,1
ACTL6A,AURKA,2019,1
ACTL6A,MRPL42,2019,1
ACTL6A,MAPKAP1,2019,1
ACTL6A,ZWINT,2019,1
ACTL6A,FH,2019,1
ACTL6A,VPS72,2019,1
CSTF3,GTF2H4,2019,1
CSTF3,VPS72,2019,1
CSTF3,TRMT5,2019,1
CSTF3,SPAG7,2019,1
CSTF3,TUBGCP3,2019,1
CSTF3,POLR2K,2019,1
CSTF3,EXOSC9,2019,1
CSTF3,TTC4,2019,1
CSTF3,FH,2019,1
CSTF3,EIF3D,2019,1
CSTF3,PELO,2019,1
EIF6,TUBGCP3,2019,1
EIF6,POLR2K,2019,1
TGIF2,TTC4,2019,1
PFKM,TKT,2019,1
AURKA,RB1,2019,1
AURKB,RB1,2019,1
ANAPC13,SAP18,2019,1
ANAPC13,LEO1,2019,1
ANAPC13,CENPK,2019,1
ANAPC13,CENPM,2019,1
CAMK2B,EPRS1,2019,1
ANAPC13,OGFOD1,2019,1
ANAPC13,TUBGCP3,2019,1
ANAPC13,PNN,2019,1
ANAPC13,DHODH,2019,1
ANAPC13,NUP54,2019,1
ANAPC13,CDC26,2019,1
ANAPC13,PELO,2019,1
ANAPC13,POLN,2019,1
ANAPC13,NOL9,2019,1
ANAPC13,SMNDC1,2019,1
ANAPC13,HBS1L,2019,1
ANAPC13,RBM25,2019,1
ANAPC13,CEP63,2019,1
ANAPC13,PAFAH1B1,2019,1
ANAPC13,ELP4,2019,1
ANAPC13,SKA3,2019,1
SRFBP1,TUBGCP3,2019,1
ANAPC13,PPP2R1A,2019,1
ANAPC13,COPS5,2019,1
ANAPC13,GNPAT,2019,1
ANAPC13,HUS1,2019,1
ANAPC13,CDC23,2019,1
ANAPC13,CAPZB,2019,1
ANAPC13,DICER1,2019,1
ANAPC13,REXO2,2019,1
ANAPC13,DCTN4,2019,1
ANAPC13,PTTG1,2019,1
ANAPC13,UMPS,2019,1
ANAPC13,ZNF574,2019,1
ANAPC13,POLD1,2019,1
ANAPC13,NUBP1,2019,1
ANAPC13,RBBP8,2019,1
ANAPC13,KCTD10,2019,1
TCOF1,TTC4,2019,1
MRPL13,NCAPD2,2019,1
MRPL13,MTBP,2019,1
TAF1,VPS72,2019,1
TAF1,TTC4,2019,1
TAF1,TUBGCP3,2019,1
TAF1,ZNF830,2019,1
TCOF1,TUBGCP3,2019,1
TUBGCP3,WDR70,2019,1
TUBGCP3,VPS72,2019,1
TUBGCP3,WDR7,2019,1
TUBGCP3,ZNF830,2019,1
TUBGCP3,UBA2,2019,1
TUBGCP3,YTHDC1,2019,1
TUBGCP3,XRN2,2019,1
TUBGCP3,VPS29,2019,1
TUBGCP3,ZNHIT6,2019,1
TUBGCP3,WDR77,2019,1
TUBGCP3,ZWINT,2019,1
ANAPC13,COPS4,2019,1
ANAPC13,NAA50,2019,1
ANAPC13,RPL28,2019,1
ANAPC13,AURKA,2019,1
ANAPC13,ARL2,2019,1
ANAPC13,GNL3L,2019,1
ANAPC13,RTF1,2019,1
ANAPC13,MPHOSPH6,2019,1
ANAPC13,COPS2,2019,1
ANAPC13,EXOSC9,2019,1
ANAPC13,BOD1L1,2019,1
ANAPC13,RPL36A,2019,1
ANAPC13,MED28,2019,1
ANAPC13,TRA2B,2019,1
ANAPC13,IMPDH2,2019,1
ANAPC13,TIPIN,2019,1
ANAPC13,SDHC,2019,1
ANAPC13,CMAS,2019,1
ANAPC13,MRPS30,2019,1
ANAPC13,CKAP5,2019,1
ANAPC13,MBTPS2,2019,1
ANAPC13,ATP1A1,2019,1
RPL8,TUBGCP3,2019,1
PIK3R1,SMARCB1,2019,1
HCCS,TRRAP,2019,1
HCCS,TTC4,2019,1
HCCS,TUBGCP3,2019,1
PWP1,TCOF1,2019,1
PWP1,RPL28,2019,1
PWP1,VPS72,2019,1
PWP1,TUBGCP3,2019,1
PWP1,RPL13,2019,1
PWP1,SKA3,2019,1
CDK1,GNL3L,2019,1
CDK1,CMAS,2019,1
CDK1,TAF2,2019,1
CDK1,NACA,2019,1
CDK1,EXOSC9,2019,1
CDK1,NFE2L1,2019,1
CDK1,FH,2019,1
CDK1,TUBGCP3,2019,1
CDK1,CENPP,2019,1
CDK1,ZNF574,2019,1
CDK1,MED28,2019,1
CDK1,FARSA,2019,1
CDK1,RPL13,2019,1
CDK1,PELO,2019,1
IL12A,MAPK12,2019,1
IL12A,STMN1,2019,1
SCYL1,ZNF574,2019,1
SCYL1,USE1,2019,1
SCYL1,SRP19,2019,1
SCYL1,WDR7,2019,1
SCYL1,SLC35A1,2019,1
SCYL1,TRPM7,2019,1
SCYL1,VPS4A,2019,1
CDK1,VPS72,2019,1
CDK1,MRPL19,2019,1
CDK1,PPIE,2019,1
CARM1,LCK,2019,1
CARM1,HMGCR,2019,1
CARM1,NPR2,2019,1
CARM1,MAPK12,2019,1
CARM1,HMGA1,2019,1
CARM1,SKP2,2019,1
CARM1,STMN1,2019,1
CARM1,PIM1,2019,1
ERH,SLC39A9,2019,1
ERH,MBTPS2,2019,1
ERH,TTC4,2019,1
ERH,PPP2R1A,2019,1
ERH,ZNF574,2019,1
ERH,MED23,2019,1
IL12A,NDUFA4,2019,1
MRPS30,TTC4,2019,1
MAPKAP1,TIPIN,2019,1
MAPKAP1,USE1,2019,1
MAPKAP1,MRPS18B,2019,1
MAPKAP1,MRPL43,2019,1
MAPKAP1,NDUFA8,2019,1
MAPKAP1,PSMC1,2019,1
MAPKAP1,MRPL16,2019,1
MAPKAP1,WDR77,2019,1
MAPKAP1,MRPS23,2019,1
MAPKAP1,MRPS10,2019,1
KDR,TUBB,2019,1
KDR,SPHK1,2019,1
MAPKAP1,NDUFB2,2019,1
MAPKAP1,MICOS10,2019,1
MAPKAP1,MRPL3,2019,1
MAPKAP1,METAP2,2019,1
MAPKAP1,TIMM9,2019,1
MAPKAP1,MRPL42,2019,1
MAPKAP1,RAE1,2019,1
MAPKAP1,RPLP1,2019,1
MAPKAP1,MED23,2019,1
MAPKAP1,RPTOR,2019,1
MAPKAP1,RBBP8,2019,1
MAPKAP1,NDUFB1,2019,1
MAPKAP1,MRPL36,2019,1
MAPKAP1,UQCRB,2019,1
KDR,TYMS,2019,1
KDR,PARP2,2019,1
MAPKAP1,NCBP1,2019,1
MAPKAP1,MRPS30,2019,1
MAPKAP1,NDUFB4,2019,1
MAPKAP1,PSMB6,2019,1
MAPKAP1,TIMELESS,2019,1
MAPKAP1,PMF1,2019,1
MAPKAP1,NACA,2019,1
MAPKAP1,RBM17,2019,1
MAPKAP1,TTC4,2019,1
MAPKAP1,MARS2,2019,1
MAPKAP1,SNRPC,2019,1
MAPKAP1,MAX,2019,1
MAPKAP1,PELO,2019,1
MAPKAP1,MRPL32,2019,1
MAPKAP1,MRPS35,2019,1
CHEK1,KMT2D,2019,1
CHEK1,HDAC6,2019,1
NUP43,TTC4,2019,1
NUP43,PPP2R1A,2019,1
NUP43,SRSF7,2019,1
ALDH5A1,KDR,2019,1
MAPKAP1,NDUFA9,2019,1
MAPKAP1,SKA3,2019,1
MAPKAP1,PPCS,2019,1
MAPKAP1,NAA25,2019,1
MAPKAP1,RNGTT,2019,1
NDUFB1,RPL13,2019,1
NDUFB1,PSMD1,2019,1
NDUFB1,PGK1,2019,1
NDUFB1,PPP2R1A,2019,1
NDUFB1,OGFOD1,2019,1
NDUFB1,STMN1,2019,1
NDUFB1,TRRAP,2019,1
NDUFB1,TTC4,2019,1
NDUFB1,PIM1,2019,1
NDUFB1,SKP2,2019,1
NDUFB1,TUBGCP3,2019,1
CHEK1,UBC,2019,1
CHEK1,MAPK1,2019,1
CHEK1,FNTA,2019,1
AFG3L2,REXO2,2019,1
AFG3L2,PSMC6,2019,1
AFG3L2,GFER,2019,1
AFG3L2,KCTD10,2019,1
AFG3L2,TUBGCP3,2019,1
AFG3L2,LIAS,2019,1
AFG3L2,MED24,2019,1
AFG3L2,SLC7A1,2019,1
AFG3L2,ZNF830,2019,1
RBFA,TRRAP,2019,1
RBFA,RPL5,2019,1
CHEK1,RRM2,2019,1
AFG3L2,NFE2L1,2019,1
AFG3L2,NDUFA8,2019,1
AFG3L2,ZNF574,2019,1
AFG3L2,RPL8,2019,1
AFG3L2,RPS18,2019,1
AFG3L2,NDUFB2,2019,1
AFG3L2,RPS28,2019,1
AFG3L2,RPLP1,2019,1
AFG3L2,NDUFA9,2019,1
AFG3L2,MED1,2019,1
AFG3L2,METAP2,2019,1
AFG3L2,CKAP5,2019,1
AFG3L2,MICOS10,2019,1
AFG3L2,KIF11,2019,1
AFG3L2,COX6C,2019,1
AFG3L2,DDX46,2019,1
DDX46,LEO1,2019,1
RBFA,TTC4,2019,1
RBFA,TUBGCP3,2019,1
DDX46,MCM3AP,2019,1
DDX46,PELO,2019,1
DDX46,GNPAT,2019,1
DDX46,TTC4,2019,1
DDX46,DUT,2019,1
DDX46,GTF2H4,2019,1
DDX46,ZNF830,2019,1
DDX46,ZWINT,2019,1
DDX46,METAP2,2019,1
DDX46,RTF1,2019,1
DDX46,PTTG1,2019,1
DDX46,RNGTT,2019,1
DDX46,PSMD1,2019,1
DDX46,FH,2019,1
AFG3L2,NDUFB1,2019,1
RPLP1,TTC4,2019,1
RPLP1,SNRPD3,2019,1
RPLP1,SSBP1,2019,1
RPLP1,TAF2,2019,1
RPLP1,TUBGCP3,2019,1
RPLP1,VPS29,2019,1
DDX46,NSMCE4A,2019,1
DDX46,POLR2K,2019,1
DDX46,ZNF574,2019,1
DDX46,EEF1G,2019,1
DDX46,TRMT5,2019,1
DDX46,EXOSC9,2019,1
DDX46,VPS72,2019,1
DDX46,TUBGCP3,2019,1
MRPL16,NACA,2019,1
MRPL16,VPS29,2019,1
MRPL16,PSMC1,2019,1
MRPS18B,NACA,2019,1
MRPS18B,NFE2L1,2019,1
MRPS18B,NSMCE4A,2019,1
COPS4,SKA3,2019,1
COPS4,MAPKAP1,2019,1
COPS4,RPL36A,2019,1
COPS4,FARSA,2019,1
COPS4,HUS1,2019,1
COPS4,MRPL32,2019,1
COPS4,TAF2,2019,1
COPS4,EXOSC9,2019,1
COPS4,MRPL18,2019,1
COPS4,TRRAP,2019,1
SEH1L,SKA3,2019,1
COPS4,MED1,2019,1
COPS4,TTC4,2019,1
COPS4,NFE2L1,2019,1
COPS4,NDUFA8,2019,1
COPS4,RPL28,2019,1
COPS4,VPS29,2019,1
COPS4,GNL3L,2019,1
COPS4,XRN2,2019,1
COPS4,MRPL42,2019,1
COPS4,PNN,2019,1
COPS4,EIF3D,2019,1
COPS4,PELO,2019,1
COPS4,MED28,2019,1
COPS4,PTTG1,2019,1
FAM50A,MED1,2019,1
FAM50A,MRPL37,2019,1
FAM50A,MRPS11,2019,1
FAM50A,MRPL11,2019,1
FAM50A,PSMD12,2019,1
FAM50A,PPIE,2019,1
FAM50A,NUP54,2019,1
FAM50A,RPL24,2019,1
FAM50A,PELO,2019,1
FAM50A,MRPL22,2019,1
COQ2,EIF3M,2019,1
COQ2,TTC4,2019,1
COQ2,EIF3D,2019,1
COQ2,SPAG7,2019,1
LCK,SPHK1,2019,1
LCK,STMN1,2019,1
COPS4,KCTD10,2019,1
COPS4,RPL13,2019,1
COPS4,PPP2R1A,2019,1
ABAT,LCK,2019,1
IFNGR2,LCK,2019,1
LCK,PARP2,2019,1
ALDH5A1,LCK,2019,1
LCK,TUBB,2019,1
LCK,LIG1,2019,1
COQ2,POLR2K,2019,1
COQ2,GTF2H4,2019,1
COQ2,TUBGCP3,2019,1
COQ2,GTPBP4,2019,1
COQ2,PPP2R1A,2019,1
COQ2,NACA,2019,1
COQ2,ZWINT,2019,1
COQ2,PTTG1,2019,1
COQ2,NUP85,2019,1
COQ2,EXOSC9,2019,1
COQ2,TRMT5,2019,1
PSMD1,SNRNP200,2019,1
PSMD1,PSMD12,2019,1
PSMD1,RBBP8,2019,1
PSMD1,RNGTT,2019,1
PSMD1,TAF1A,2019,1
APEX1,SKP2,2019,1
LCK,SKP2,2019,1
PSMD1,TRRAP,2019,1
PSMD1,SPAG7,2019,1
PSMD1,RPL3,2019,1
PSMD1,WDR77,2019,1
PSMD1,RTF1,2019,1
PSMD1,TRNAU1AP,2019,1
PSMD1,YTHDC1,2019,1
PSMD1,RPLP1,2019,1
PSMD1,SNRPC,2019,1
PSMD1,SLC7A1,2019,1
PSMD1,SKA3,2019,1
PSMD1,ZNHIT6,2019,1
PSMD1,RPL27,2019,1
PSMD1,RPL28,2019,1
PSMD1,SNAPC1,2019,1
PSMD1,PSPH,2019,1
PSMD1,VPS4A,2019,1
PSMD1,TRMT5,2019,1
PSMD1,SCYL1,2019,1
PSMD1,ZNF574,2019,1
PSMD1,XRN2,2019,1
PSMD1,UQCRB,2019,1
PSMD1,RPL36A,2019,1
PSMD1,TIPIN,2019,1
PSMD1,UBA2,2019,1
PSMD1,SRSF7,2019,1
MTOR,UBC,2019,1
MTOR,NACA,2019,1
MTOR,POLR2K,2019,1
ARIH1,LEO1,2019,1
ARIH1,PTTG1,2019,1
ARIH1,SNRPC,2019,1
ARIH1,ZNF830,2019,1
ARIH1,PMF1,2019,1
ARIH1,DDX18,2019,1
ARIH1,GFI1B,2019,1
ARIH1,MRPL22,2019,1
ARIH1,EIF3D,2019,1
ARIH1,POLE2,2019,1
ARIH1,EXOSC9,2019,1
ARIH1,CIT,2019,1
ARIH1,TIPIN,2019,1
ARIH1,POLD1,2019,1
ARIH1,PSMD12,2019,1
ARIH1,VPS72,2019,1
NACA,SNRPC,2019,1
NACA,RPL35,2019,1
NACA,SNRNP70,2019,1
NACA,TRMT5,2019,1
NACA,RBBP8,2019,1
NACA,YTHDC1,2019,1
NACA,WDR77,2019,1
NACA,SSBP1,2019,1
MTOR,TUBGCP3,2019,1
NACA,SSB,2019,1
NACA,PSMD6,2019,1
NACA,SNAPC1,2019,1
NACA,WDR36,2019,1
NACA,NSMCE4A,2019,1
NACA,WARS2,2019,1
NACA,PITRM1,2019,1
NACA,PNN,2019,1
NACA,ZWINT,2019,1
NACA,PPP2R2A,2019,1
NACA,SKA3,2019,1
NACA,PRMT5,2019,1
NACA,RTF1,2019,1
NACA,RPL5,2019,1
NACA,POLE,2019,1
NACA,TBCB,2019,1
NACA,NDUFB4,2019,1
NACA,SDHC,2019,1
NACA,RPP38,2019,1
NACA,NDUFB2,2019,1
NACA,PPCS,2019,1
NACA,PMF1,2019,1
NACA,STXBP4,2019,1
NACA,TRA2B,2019,1
NACA,PMPCB,2019,1
NACA,PPP2R1A,2019,1
NACA,PELO,2019,1
NACA,PSMC1,2019,1
NACA,PSPH,2019,1
NACA,TAF1,2019,1
NACA,NUP85,2019,1
NACA,POLR2B,2019,1
NACA,NUP43,2019,1
NACA,PDCD7,2019,1
NACA,ZNF574,2019,1
NACA,RNGTT,2019,1
NACA,NDUFB1,2019,1
NACA,NDUFA9,2019,1
NACA,PRPF18,2019,1
NACA,POLR2K,2019,1
NACA,TFB1M,2019,1
NACA,RPLP1,2019,1
NACA,NCAPD2,2019,1
NACA,ZNF830,2019,1
NACA,RPL32,2019,1
NACA,RPL13,2019,1
NACA,SNRPD3,2019,1
NACA,RBFA,2019,1
NACA,VPS72,2019,1
NACA,SLC35A1,2019,1
NACA,PPAT,2019,1
NACA,RPP30,2019,1
NACA,TAF2,2019,1
NACA,NOP58,2019,1
NACA,TAF1A,2019,1
NACA,NOLC1,2019,1
NACA,SPAG7,2019,1
NACA,PDSS2,2019,1
NACA,OGFOD1,2019,1
NACA,RPL36A,2019,1
NACA,RPL28,2019,1
NACA,RPTOR,2019,1
NACA,TRRAP,2019,1
NACA,TTC4,2019,1
GRB2,ITGA6,2019,1
GRB2,MMP25,2019,1
GRB2,MST1R,2019,1
NACA,SMC5,2019,1
NACA,SRP19,2019,1
NACA,NFE2L1,2019,1
NACA,WDR70,2019,1
NACA,REXO2,2019,1
NACA,TUBGCP3,2019,1
NACA,PTTG1,2019,1
NACA,PWP1,2019,1
GRB2,SKP2,2019,1
GRB2,NDUFA4L2,2019,1
GRB2,ITGB7,2019,1
GRB2,TYK2,2019,1
GRB2,MAPK3,2019,1
GRB2,P2RY6,2019,1
GRB2,NT5M,2019,1
GRB2,KSR1,2019,1
GRB2,PIM1,2019,1
GRB2,NPR2,2019,1
GRB2,KCNQ4,2019,1
GRB2,PTP4A3,2019,1
GRB2,UCK2,2019,1
GRB2,NPR1,2019,1
GRB2,LTC4S,2019,1
GRB2,MAP3K4,2019,1
GRB2,RELA,2019,1
GRB2,MAP4K1,2019,1
GRB2,PRKAB1,2019,1
GRB2,MAP2K2,2019,1
GRB2,NOS2,2019,1
GRB2,MAP2K7,2019,1
GRB2,STMN1,2019,1
GRB2,GRIK5,2019,1
GRB2,PTGIR,2019,1
GRB2,SLC16A5,2019,1
GRB2,NPEPPS,2019,1
GRB2,MAPKAPK2,2019,1
GRB2,PTK6,2019,1
GRB2,HMGCR,2019,1
GRB2,OXT,2019,1
ARIH1,NOP58,2019,1
ARIH1,MED28,2019,1
ARIH1,COPS4,2019,1
ARIH1,CMAS,2019,1
ARIH1,TTC4,2019,1
ARIH1,GTF2H4,2019,1
ARIH1,MARS2,2019,1
ARIH1,TIMELESS,2019,1
ARIH1,RPS18,2019,1
ARIH1,RPS28,2019,1
ARIH1,PPIE,2019,1
ARIH1,MAPKAP1,2019,1
ARIH1,CHMP2A,2019,1
ARIH1,AURKA,2019,1
ARIH1,TRRAP,2019,1
ARIH1,RPL10,2019,1
GRB2,MC1R,2019,1
GRB2,HMGA1,2019,1
GRB2,LIG1,2019,1
GRB2,MAP3K10,2019,1
GRB2,IL12A,2019,1
GRB2,NAGK,2019,1
ARIH1,UBA3,2019,1
ARIH1,CTNNBL1,2019,1
ARIH1,MED1,2019,1
ARIH1,PTCD3,2019,1
ARIH1,POLR2K,2019,1
ARIH1,RNGTT,2019,1
ARIH1,PSMB6,2019,1
ARIH1,METAP2,2019,1
ARIH1,ZNF574,2019,1
ARIH1,QARS1,2019,1
ARIH1,PPP2R2A,2019,1
ARIH1,RPL5,2019,1
ARIH1,KIF14,2019,1
ARIH1,MED23,2019,1
ARIH1,PPP2R1A,2019,1
ARIH1,MED24,2019,1
ARIH1,REXO2,2019,1
ARIH1,CEP192,2019,1
ARIH1,MED10,2019,1
ARIH1,COG3,2019,1
ARIH1,TUBGCP3,2019,1
ARIH1,TRMT5,2019,1
ARIH1,VPS4A,2019,1
ARIH1,RPS5,2019,1
ARIH1,MFAP1,2019,1
ARIH1,MED14,2019,1
ARIH1,POLE,2019,1
ARIH1,EXOSC4,2019,1
ARIH1,FARSA,2019,1
ARIH1,ATP6AP1,2019,1
ARIH1,CENPP,2019,1
ARIH1,RPL32,2019,1
NDUFA9,TCF25,2019,1
NDUFA9,POLR2K,2019,1
NDUFA9,NFE2L1,2019,1
NDUFA9,TRRAP,2019,1
NDUFA9,TUBGCP3,2019,1
NDUFA9,XPO1,2019,1
NDUFA9,OGFOD1,2019,1
ARIH1,NUP54,2019,1
ARIH1,GTF3C3,2019,1
ARIH1,EFR3A,2019,1
ARIH1,EEF1G,2019,1
ARIH1,FTSJ3,2019,1
ARIH1,DHODH,2019,1
ARIH1,EBNA1BP2,2019,1
ARIH1,METTL17,2019,1
ARIH1,TTI2,2019,1
ARIH1,KCTD10,2019,1
ARIH1,SPAG7,2019,1
ARIH1,NSMCE4A,2019,1
ARIH1,NACA,2019,1
ARIH1,TUBB,2019,1
ARIH1,TAF1,2019,1
CENPM,EFR3A,2019,1
CENPM,COPS2,2019,1
CENPM,PELO,2019,1
CENPM,GFI1B,2019,1
CENPM,MRPL32,2019,1
CENPM,TUBB,2019,1
CENPM,COPE,2019,1
CENPM,LEO1,2019,1
CENPM,SRSF7,2019,1
ABL1,PARP2,2019,1
CENPM,DHX37,2019,1
CENPM,RBM25,2019,1
CENPM,RPL13,2019,1
CENPM,GTF2H4,2019,1
CENPM,OGFOD1,2019,1
CENPM,TRA2B,2019,1
CENPM,TUBGCP3,2019,1
CENPM,NACA,2019,1
CENPM,ZNF511,2019,1
CENPM,DCTN4,2019,1
CENPM,VPS72,2019,1
CENPM,SPAG7,2019,1
CENPM,ZNF574,2019,1
CENPM,WDR77,2019,1
CENPM,GNPAT,2019,1
CENPM,TAF2,2019,1
ABL1,CHEK1,2019,1
ABL1,CDK9,2019,1
CENPM,MBTPS2,2019,1
CENPM,MRPL19,2019,1
CENPM,PMF1,2019,1
CENPM,RPP30,2019,1
CENPM,COPS5,2019,1
CENPM,PSPH,2019,1
CENPM,FBXO28,2019,1
CENPM,PPAT,2019,1
CENPM,FH,2019,1
CENPM,RTF1,2019,1
CENPM,TAF1,2019,1
CENPM,TTC4,2019,1
CENPM,EIF3M,2019,1
CENPM,TRMT5,2019,1
CENPM,IARS1,2019,1
CENPM,NSMCE4A,2019,1
ABL1,SMARCB1,2019,1
ABL1,SPHK1,2019,1
ABL1,TYMS,2019,1
CENPM,GOLT1B,2019,1
CENPM,MED28,2019,1
CENPM,EIF3D,2019,1
CENPM,METAP2,2019,1
CENPM,MRPL42,2019,1
CENPM,SKA3,2019,1
CENPM,ZWINT,2019,1
CENPM,DICER1,2019,1
CENPM,PNN,2019,1
CENPM,CENPP,2019,1
CENPM,POLN,2019,1
CENPM,NUP85,2019,1
CENPM,ELP4,2019,1
CENPM,POLR2K,2019,1
CENPM,SLC39A9,2019,1
CENPM,PPP2R1A,2019,1
CENPM,PAFAH1B1,2019,1
CENPM,TRRAP,2019,1
CENPM,TBCB,2019,1
CENPM,ERH,2019,1
CENPM,EXOSC9,2019,1
CENPM,TRNAU1AP,2019,1
CENPM,COPS4,2019,1
TCF25,TTC4,2019,1
TCF25,TRMT5,2019,1
TCF25,TUBGCP3,2019,1
ABL1,ALDH5A1,2019,1
CDCA8,TIMELESS,2019,1
CDCA8,NUDC,2019,1
CDCA8,SRP19,2019,1
CDCA8,RPA3,2019,1
CDCA8,MED23,2019,1
CDCA8,COX7C,2019,1
CDCA8,TCOF1,2019,1
CDCA8,PSMD12,2019,1
CDCA8,NFE2L1,2019,1
CDCA8,MTBP,2019,1
MRPL24,TTC4,2019,1
MRPL24,TUBGCP3,2019,1
MAPK3,PARP1,2019,1
EMC7,TTC4,2019,1
EMC7,RPL13,2019,1
EMC7,FH,2019,1
EMC7,EXOSC9,2019,1
CAMLG,WDR7,2019,1
CAMLG,CMAS,2019,1
CAMLG,SRP19,2019,1
CAMLG,MBTPS2,2019,1
CAMLG,NUDC,2019,1
CAMLG,FH,2019,1
CAMLG,TTC4,2019,1
CAMLG,COG3,2019,1
CAMLG,GOLT1B,2019,1
CAMLG,LEO1,2019,1
METTL17,NUP54,2019,1
METTL17,ZWINT,2019,1
METTL17,VPS72,2019,1
METTL17,POLR2K,2019,1
METTL17,NOP58,2019,1
METTL17,RBM17,2019,1
METTL17,RAE1,2019,1
ABL1,RRM1,2019,1
METTL17,RPS5,2019,1
METTL17,PSMC1,2019,1
CDKN1B,CHEK1,2019,1
DUT,POLR2K,2019,1
DUT,MED17,2019,1
DUT,SPDL1,2019,1
DUT,USE1,2019,1
DUT,EIF6,2019,1
DUT,PMPCB,2019,1
DUT,NSMCE4A,2019,1
DUT,EXOSC9,2019,1
DUT,PSMD12,2019,1
DUT,NAMPT,2019,1
DUT,MICOS10,2019,1
ETAA1,RGL4,2019,1
ETAA1,PIN4,2019,1
ETAA1,RPL3,2019,1
CISD3,ETAA1,2019,1
ACADVL,ETAA1,2019,1
ETAA1,SPAG8,2019,1
DMAC1,ETAA1,2019,1
ETAA1,POLE3,2019,1
CAPSL,ETAA1,2019,1
ETAA1,GFRA3,2019,1
ETAA1,KIF3C,2019,1
ETAA1,SEC61G,2019,1
ETAA1,PPFIBP1,2019,1
ETAA1,FBXO25,2019,1
ETAA1,USP30,2019,1
ETAA1,PANK2,2019,1
ETAA1,TTC23,2019,1
ETAA1,LRRC59,2019,1
ETAA1,UBE2D3,2019,1
NOL9,XRN2,2019,1
NOL9,TTC4,2019,1
NOL9,RPL13,2019,1
NOL9,ZNF830,2019,1
NOL9,SPAG7,2019,1
NOL9,POLR2K,2019,1
NOL9,PSMD1,2019,1
NOL9,TRMT5,2019,1
GOLT1B,SPAG7,2019,1
GOLT1B,ZNF574,2019,1
GOLT1B,GTF2H4,2019,1
GOLT1B,TRNAU1AP,2019,1
GOLT1B,POLN,2019,1
GOLT1B,VPS72,2019,1
GOLT1B,RPL28,2019,1
GOLT1B,LEO1,2019,1
GOLT1B,PTTG1,2019,1
GOLT1B,MASTL,2019,1
GOLT1B,MED28,2019,1
GOLT1B,PPCS,2019,1
GOLT1B,TTC4,2019,1
GOLT1B,PPP2R1A,2019,1
GOLT1B,MBTPS2,2019,1
NOL9,TUBGCP3,2019,1
PMF1,PPP2R1A,2019,1
PMF1,TTC4,2019,1
PMF1,RPP30,2019,1
PMF1,VPS72,2019,1
PMF1,REXO2,2019,1
PMF1,RPL13,2019,1
PMF1,TAF2,2019,1
PMF1,ZWINT,2019,1
PMF1,POLR2K,2019,1
GOLT1B,RPL36A,2019,1
GOLT1B,TRRAP,2019,1
GOLT1B,TUBGCP3,2019,1
GOLT1B,NUP54,2019,1
GOLT1B,TUBB,2019,1
GOLT1B,USE1,2019,1
GOLT1B,NACA,2019,1
ETAA1,SURF4,2019,1
ETAA1,TCERG1,2019,1
ETAA1,KIF2C,2019,1
ETAA1,LSM12,2019,1
ETAA1,RB1CC1,2019,1
ETAA1,ETV1,2019,1
ETAA1,PIK3CB,2019,1
ETAA1,MAP3K8,2019,1
ETAA1,PLCE1,2019,1
ETAA1,PPP6R3,2019,1
ETAA1,KLHL42,2019,1
ETAA1,PTPRF,2019,1
ETAA1,PRRC2A,2019,1
ETAA1,UIMC1,2019,1
ETAA1,ZNF839,2019,1
ETAA1,ZNF609,2019,1
SPHK1,TYMS,2019,1
ALDH5A1,TYMS,2019,1
PMF1,RPL10,2019,1
PMF1,SNRPC,2019,1
PMF1,SRFBP1,2019,1
PMF1,TUBGCP3,2019,1
PMF1,RTF1,2019,1
ETAA1,PPM1B,2019,1
ETAA1,LEPR,2019,1
ETAA1,LEO1,2019,1
ANXA9,ETAA1,2019,1
ETAA1,MEOX1,2019,1
CCDC88A,ETAA1,2019,1
ETAA1,TNFRSF10D,2019,1
ARL5A,ETAA1,2019,1
ETAA1,SLC5A3,2019,1
CCNDBP1,ETAA1,2019,1
CHORDC1,ETAA1,2019,1
ETAA1,TAX1BP3,2019,1
ETAA1,KMT5B,2019,1
ETAA1,SLAIN2,2019,1
BRPF1,ETAA1,2019,1
ETAA1,VEZF1,2019,1
PTTG1,TAF1,2019,1
PTTG1,SLC39A9,2019,1
PTTG1,RPL32,2019,1
PTTG1,RAD51,2019,1
PTTG1,TRRAP,2019,1
PTTG1,TUBGCP3,2019,1
PTTG1,RTF1,2019,1
PTTG1,RBBP8,2019,1
PTTG1,RPL36A,2019,1
PTTG1,RPL13,2019,1
PTTG1,ZWINT,2019,1
PTTG1,RPL28,2019,1
PTTG1,XRN2,2019,1
PTTG1,SPDL1,2019,1
PTTG1,TIPIN,2019,1
PTTG1,TTC4,2019,1
PTTG1,WDR70,2019,1
PTTG1,SPAG7,2019,1
PTTG1,UBA2,2019,1
PTTG1,RPS5,2019,1
PTTG1,SRSF7,2019,1
PTTG1,ZNF830,2019,1
ETAA1,OAS3,2019,1
ETAA1,FXYD3,2019,1
ETAA1,FZD2,2019,1
ETAA1,KRTCAP2,2019,1
ETAA1,IGFBP4,2019,1
CFAP52,ETAA1,2019,1
ETAA1,SLC5A1,2019,1
CD248,ETAA1,2019,1
ETAA1,SLC25A34,2019,1
ETAA1,VRK1,2019,1
ETAA1,PEX26,2019,1
ETAA1,PCM1,2019,1
ACY1,ETAA1,2019,1
ETAA1,MCM10,2019,1
BTAF1,ETAA1,2019,1
ETAA1,MC4R,2019,1
ETAA1,PATJ,2019,1
ETAA1,H3C8,2019,1
ETAA1,RPAP1,2019,1
ETAA1,HIGD2A,2019,1
ETAA1,TARS3,2019,1
COQ2,ETAA1,2019,1
ETAA1,STK36,2019,1
CDK2AP1,ETAA1,2019,1
ETAA1,SLC1A3,2019,1
CDC25A,ETAA1,2019,1
APOC1,ETAA1,2019,1
AREL1,ETAA1,2019,1
ETAA1,POLE4,2019,1
ETAA1,NFE2L2,2019,1
RPF2,TUBGCP3,2019,1
RPF2,RPL28,2019,1
MFAP1,VPS72,2019,1
MFAP1,NACA,2019,1
MFAP1,NSMCE4A,2019,1
MFAP1,RPP30,2019,1
MFAP1,POLR2K,2019,1
MFAP1,ZNF830,2019,1
MFAP1,TTC4,2019,1
MFAP1,RPL13,2019,1
ANKZF1,MED28,2019,1
ANKZF1,FH,2019,1
FARSB,MED28,2019,1
FARSB,LEO1,2019,1
FARSB,TTC4,2019,1
USE1,WDR7,2019,1
USE1,VPS29,2019,1
OPA1,PSMD1,2019,1
OPA1,TUBGCP3,2019,1
OPA1,TTC4,2019,1
OPA1,TIMM22,2019,1
DICER1,POLN,2019,1
DICER1,TUBGCP3,2019,1
DICER1,MED23,2019,1
DICER1,EIF3M,2019,1
DICER1,PSMD6,2019,1
DICER1,TTC4,2019,1
RBM22,RPL36A,2019,1
OPA1,TRNAU1AP,2019,1
PARP2,SPHK1,2019,1
SPHK1,TOP1MT,2019,1
MED22,TUBGCP3,2019,1
RPL35,TUBGCP3,2019,1
PIK3CA,PIM1,2019,1
PIK3CA,STMN1,2019,1
POLD1,RPL13,2019,1
POLD1,VPS72,2019,1
POLD1,TRRAP,2019,1
RAE1,TUBGCP3,2019,1
RAE1,TTC4,2019,1
RAE1,TAF2,2019,1
RAE1,ZNF574,2019,1
RAE1,VPS29,2019,1
RAE1,SKA3,2019,1
DDX18,KCTD10,2019,1
DDX18,NCAPD2,2019,1
DDX18,XRN2,2019,1
DDX18,MRPL36,2019,1
DDX18,NFE2L1,2019,1
DDX18,NUP54,2019,1
DDX18,MRPS35,2019,1
DDX18,METAP2,2019,1
DDX18,MRPS11,2019,1
TUBB,WARS2,2019,1
TUBB,ZNF574,2019,1
ALDH5A1,TUBB,2019,1
TUBB,TUBGCP3,2019,1
TUBB,TUBB1,2019,1
POLD1,REXO2,2019,1
POLD1,SPAG7,2019,1
RPL13,XRN2,2019,1
RPL13,TRNAU1AP,2019,1
RPL13,TIPIN,2019,1
RPL13,SNAPC1,2019,1
RPL13,SDHC,2019,1
RPL13,RPL8,2019,1
RPL13,TRMT5,2019,1
RPL13,TUBGCP3,2019,1
RPL13,TRRAP,2019,1
RPL13,SPAG7,2019,1
RPL13,TFB1M,2019,1
RPL13,YTHDC1,2019,1
RPL13,RPLP1,2019,1
RPL13,WDR77,2019,1
RPL13,UQCRB,2019,1
KIF14,RPL36A,2019,1
KIF14,PPP2R1A,2019,1
KIF14,SNRPC,2019,1
KIF14,ZNF574,2019,1
KIF14,PELO,2019,1
KIF14,SKA3,2019,1
KIF14,NFE2L1,2019,1
KIF14,NSMCE1,2019,1
RPL13,ZNF830,2019,1
RPL13,ZNF574,2019,1
RPL13,SKA3,2019,1
RPL13,TTC4,2019,1
RPL13,WDR70,2019,1
RPL13,RTF1,2019,1
PARP2,TUBB,2019,1
VPS72,ZNF574,2019,1
VPS72,WDR70,2019,1
VPS72,WDR77,2019,1
VPS72,WDR36,2019,1
VPS72,ZNF830,2019,1
VPS72,YTHDC1,2019,1
SYVN1,TTC4,2019,1
CEP192,MRPL36,2019,1
CEP192,VPS72,2019,1
KIF14,SPAG7,2019,1
KIF14,NCAPD2,2019,1
KIF14,MRPS16,2019,1
KIF14,SRSF7,2019,1
CEP192,TUBGCP3,2019,1
CEP192,FH,2019,1
CEP192,MED23,2019,1
CEP192,NACA,2019,1
CEP192,KIF11,2019,1
CEP192,PELO,2019,1
CEP192,TTC4,2019,1
CEP192,MRPL22,2019,1
CEP192,METAP2,2019,1
CEP192,MRPL11,2019,1
CEP192,RPL13,2019,1
CEP192,RPLP1,2019,1
SFXN1,TTC4,2019,1
EFR3A,NAA25,2019,1
EFR3A,NCAPD2,2019,1
EFR3A,GNL3L,2019,1
CDK12,MAPK12,2019,1
CDK12,LARS2,2019,1
CDK12,GRB2,2019,1
CDK12,TTC4,2019,1
CDK12,TOP1,2019,1
CDK12,NPR2,2019,1
CDK12,MC1R,2019,1
EFR3A,PTTG1,2019,1
EFR3A,REXO2,2019,1
EFR3A,PELO,2019,1
EFR3A,RPL13,2019,1
EFR3A,LARS1,2019,1
EFR3A,MRPL16,2019,1
EFR3A,NUP85,2019,1
EFR3A,TAF2,2019,1
EFR3A,TTC4,2019,1
EFR3A,LEO1,2019,1
EFR3A,NUP54,2019,1
EFR3A,VPS72,2019,1
EFR3A,RPP30,2019,1
EFR3A,SPAG7,2019,1
EFR3A,MED1,2019,1
EFR3A,XRN2,2019,1
CDK12,LCK,2019,1
CDK12,EPRS1,2019,1
CDK12,CIT,2019,1
CDK12,PIM1,2019,1
CDK12,IGF1R,2019,1
CDK12,NDUFB1,2019,1
CDK12,LIG1,2019,1
CDK12,CSK,2019,1
CDK12,HMGCR,2019,1
EFR3A,RBBP8,2019,1
EFR3A,TUBGCP3,2019,1
EFR3A,EXOSC9,2019,1
EFR3A,NUDC,2019,1
EFR3A,GTF2H4,2019,1
EFR3A,KCTD10,2019,1
EFR3A,NFE2L1,2019,1
EFR3A,MED23,2019,1
EFR3A,TRRAP,2019,1
EFR3A,MAPKAP1,2019,1
EFR3A,TRPM7,2019,1
EPHB4,GRB2,2019,1
SNRNP70,ZNF830,2019,1
CDK12,STMN1,2019,1
CDK12,HMGA1,2019,1
CDK12,SKP2,2019,1
CDK12,DOT1L,2019,1
EIF3M,PSMB7,2019,1
EIF3M,MED28,2019,1
EIF3M,GNL3L,2019,1
EIF3M,RPLP1,2019,1
EIF3M,METAP2,2019,1
EIF3M,TIMM9,2019,1
EIF3M,EIF4A1,2019,1
EIF3M,GFI1B,2019,1
EIF3M,PNN,2019,1
EIF3M,PPCS,2019,1
EIF3M,PWP1,2019,1
EIF3M,TIPIN,2019,1
EIF3M,SPAG7,2019,1
EIF3M,ZNF511,2019,1
EIF3M,MED23,2019,1
EIF3M,TTC4,2019,1
EIF3M,PTTG1,2019,1
EIF3M,OGFOD1,2019,1
EIF3M,NDUFB4,2019,1
EIF3M,MPHOSPH6,2019,1
EIF3M,TCF25,2019,1
EIF3M,FH,2019,1
EIF3M,FBXO28,2019,1
EIF3M,GOLT1B,2019,1
EIF3M,PDSS2,2019,1
EIF3M,HBS1L,2019,1
EIF3M,IARS1,2019,1
EIF3M,HYPK,2019,1
EIF3M,EXOSC4,2019,1
EIF3M,VPS72,2019,1
EIF3M,PRMT5,2019,1
EIF3M,SNRPC,2019,1
EIF3M,EXOSC9,2019,1
EIF3M,TFB1M,2019,1
EIF3M,RBBP8,2019,1
EIF3M,INTS3,2019,1
EIF3M,TRRAP,2019,1
EIF3M,POLN,2019,1
EIF3M,GNPAT,2019,1
EIF3M,TUBGCP3,2019,1
EIF3M,ERH,2019,1
EIF3M,PELO,2019,1
EIF3M,UQCRB,2019,1
EIF3M,TRNAU1AP,2019,1
EIF3M,MASTL,2019,1
EIF3M,KARS1,2019,1
HMGCR,NPR2,2019,1
HMGCR,NDUFB1,2019,1
HMGCR,MC1R,2019,1
HMGCR,ITGB7,2019,1
HMGCR,LARS2,2019,1
HMGCR,TSPO,2019,1
HMGCR,TOP1,2019,1
HMGCR,IGF1R,2019,1
HMGCR,SKP2,2019,1
HMGCR,MAPK12,2019,1
HMGCR,LCK,2019,1
HMGCR,PIK3CA,2019,1
HMGCR,NPEPPS,2019,1
CCT8,TTC4,2019,1
CCT8,EXOSC9,2019,1
RPLP2,TAF1,2019,1
RPLP2,TTC4,2019,1
EIF3M,SKA3,2019,1
EIF3M,NCAPD2,2019,1
EIF3M,TUBGCP4,2019,1
EIF3M,SLC39A9,2019,1
EIF3M,TRMT5,2019,1
HMGCR,LIG1,2019,1
HMGCR,STMN1,2019,1
INTS3,MRPS27,2019,1
INTS3,PTTG1,2019,1
INTS3,NSMCE4A,2019,1
INTS3,XRN2,2019,1
INTS3,OGFOD1,2019,1
INTS3,MED23,2019,1
INTS3,LEO1,2019,1
INTS3,TRMT5,2019,1
INTS3,TUBGCP3,2019,1
INTS3,RNGTT,2019,1
INTS3,VPS72,2019,1
PPCS,TRNAU1AP,2019,1
PPCS,TRRAP,2019,1
PPCS,TTC4,2019,1
PPCS,RPA3,2019,1
PPCS,PPP2R1A,2019,1
PPCS,SPAG7,2019,1
PPCS,TUBGCP3,2019,1
RPL28,TUBGCP3,2019,1
RPL28,TRRAP,2019,1
NDUFB2,TRRAP,2019,1
NDUFB2,SPAG7,2019,1
NDUFB2,TUBGCP3,2019,1
NDUFB2,PSMC1,2019,1
NDUFB2,OGFOD1,2019,1
MED9,ZMAT2,2019,1
MED9,TTC4,2019,1
MED9,NDUFB1,2019,1
MED9,MRPL11,2019,1
CHMP2A,RPP30,2019,1
CHMP2A,MED24,2019,1
CHMP2A,REXO2,2019,1
CHMP2A,PTTG1,2019,1
CHMP2A,LEO1,2019,1
CHMP2A,ZNF574,2019,1
CHMP2A,TUBGCP3,2019,1
CHMP2A,GTF3C3,2019,1
CHMP2A,NCAPD2,2019,1
CHMP2A,DAP3,2019,1
CHMP2A,EEF1G,2019,1
CHMP2A,SCYL1,2019,1
CHMP2A,MAPKAP1,2019,1
CHMP2A,MRPL10,2019,1
CHMP2A,MRPL37,2019,1
CHMP2A,NUDC,2019,1
MRPS16,OGFOD1,2019,1
CHMP2A,MRPL36,2019,1
CHMP2A,MRPS5,2019,1
CHMP2A,EXOSC9,2019,1
CHMP2A,FH,2019,1
CHMP2A,NUP54,2019,1
CHMP2A,GTF2H4,2019,1
CHMP2A,RPLP1,2019,1
CHMP2A,TSEN2,2019,1
CHMP2A,KCTD10,2019,1
CHMP2A,GFI1B,2019,1
RPS5,VPS29,2019,1
RPS5,SNRPD3,2019,1
RPS5,TUBGCP3,2019,1
RPS5,TCOF1,2019,1
RPS5,XRN2,2019,1
LEO1,RPL3,2019,1
LEO1,MAX,2019,1
LEO1,NDUFB1,2019,1
LEO1,UMPS,2019,1
LEO1,WDR7,2019,1
LEO1,WDR70,2019,1
LEO1,REXO2,2019,1
LEO1,OGFOD1,2019,1
LEO1,USE1,2019,1
LEO1,RTF1,2019,1
LEO1,RPP38,2019,1
LEO1,POLN,2019,1
LEO1,LUC7L3,2019,1
LEO1,SRSF7,2019,1
LEO1,SLC35A1,2019,1
LEO1,NAA25,2019,1
LEO1,SLC7A1,2019,1
LEO1,PRMT5,2019,1
LEO1,ZNF511,2019,1
LEO1,VPS29,2019,1
LEO1,NAT10,2019,1
LEO1,POLE2,2019,1
LEO1,WDR77,2019,1
LEO1,PTTG1,2019,1
LEO1,MARS1,2019,1
LEO1,NFYC,2019,1
LEO1,MAPKAP1,2019,1
ESD,TOP1MT,2019,1
LEO1,RFC5,2019,1
LEO1,PDCD7,2019,1
LEO1,RBM17,2019,1
LEO1,YTHDC1,2019,1
LEO1,RPTOR,2019,1
LEO1,TAF2,2019,1
LEO1,MED23,2019,1
LEO1,PSMB7,2019,1
LEO1,NUP43,2019,1
LEO1,SRP19,2019,1
LEO1,NACA,2019,1
LEO1,NUP54,2019,1
LEO1,PPP2R1A,2019,1
LEO1,NAMPT,2019,1
LEO1,PNN,2019,1
LEO1,PSMD1,2019,1
LEO1,PMF1,2019,1
LEO1,RPA3,2019,1
LEO1,PSMD6,2019,1
LEO1,POLR2K,2019,1
LEO1,MAT2A,2019,1
LEO1,RPF2,2019,1
LEO1,NUDC,2019,1
LEO1,PFAS,2019,1
LEO1,PSMC1,2019,1
LEO1,RPS28,2019,1
TRNAU1AP,TUBGCP3,2019,1
TRNAU1AP,TTC4,2019,1
TRNAU1AP,TRRAP,2019,1
TRNAU1AP,VPS72,2019,1
TFB1M,TTC4,2019,1
TFB1M,TUBGCP3,2019,1
AKT2,DOT1L,2019,1
AKT2,BSG,2019,1
AKT2,CIT,2019,1
AKT2,EDA,2019,1
AKT2,LCK,2019,1
RINT1,YTHDC1,2019,1
RINT1,TUBGCP3,2019,1
RINT1,TTC4,2019,1
PNN,TRNAU1AP,2019,1
PNN,PTTG1,2019,1
AKT2,CA9,2019,1
AKT2,MAPK12,2019,1
AKT2,LARS2,2019,1
AKT2,PIK3CA,2019,1
AKT2,EPRS1,2019,1
AKT2,BRCA2,2019,1
AKT2,PARP1,2019,1
AKT2,BRD2,2019,1
AKT2,SKP2,2019,1
AKT2,BCL2L1,2019,1
AKT2,BCL2L2,2019,1
AKT2,HMGA1,2019,1
STMN1,TOP1,2019,1
AKT2,NDUFB1,2019,1
AKT2,PIM1,2019,1
AKT2,LIG1,2019,1
AKT2,IGF1R,2019,1
AKT2,STMN1,2019,1
AKT2,ATR,2019,1
AKT2,NPR2,2019,1
AKT2,ALAD,2019,1
AKT2,CDC25A,2019,1
FBXO28,GNPAT,2019,1
FBXO28,PPP2R1A,2019,1
FBXO28,TRRAP,2019,1
FBXO28,OGFOD1,2019,1
FBXO28,SFXN1,2019,1
FBXO28,RPL8,2019,1
FBXO28,TUBGCP3,2019,1
FBXO28,WDR70,2019,1
FBXO28,GOLT1B,2019,1
FBXO28,NFYC,2019,1
FBXO28,POLN,2019,1
FBXO28,TIPIN,2019,1
FBXO28,RPL13,2019,1
FBXO28,TTC4,2019,1
PNN,SKA3,2019,1
PNN,ZNF830,2019,1
PNN,SSB,2019,1
PNN,TCF25,2019,1
PNN,PSMD12,2019,1
PNN,POLR2K,2019,1
PNN,RTF1,2019,1
PNN,TTC4,2019,1
PNN,RBBP8,2019,1
PNN,RNGTT,2019,1
PNN,TRMT5,2019,1
PNN,PSMD1,2019,1
PNN,TUBGCP3,2019,1
PNN,POLN,2019,1
PNN,VPS72,2019,1
PNN,SPAG7,2019,1
FBXO28,MED23,2019,1
FBXO28,NACA,2019,1
FBXO28,TRNAU1AP,2019,1
FBXO28,PNN,2019,1
FBXO28,PSPH,2019,1
FBXO28,SLC39A9,2019,1
FBXO28,ZNF574,2019,1
BRD4,MSH6,2019,1
BRD4,KMT2D,2019,1
AKT1,GRB2,2019,1
AKT1,HMGA1,2019,1
AKT1,DOT1L,2019,1
AKT1,IGF1R,2019,1
AKT1,CDK9,2019,1
AKT1,STMN1,2019,1
AKT1,HMGCR,2019,1
AKT1,EPRS1,2019,1
SETD2,SMARCA4,2019,1
ATR,DOT1L,2019,1
ATR,SKP2,2019,1
ATR,EPRS1,2019,1
ATR,BSG,2019,1
ATR,LIG1,2019,1
ATR,BCL2L2,2019,1
ATR,BCL2L1,2019,1
UBB,UBC,2019,1
ATP6V1G1,BOD1L1,2019,1
ATP6V1G1,CDC26,2019,1
ATP6V1G1,VPS72,2019,1
ATP6V1G1,PMF1,2019,1
ATP6V1G1,MED28,2019,1
ATP6V1G1,WDR70,2019,1
ATP6V1G1,RTF1,2019,1
ATP6V1G1,OGFOD1,2019,1
ATP6V1G1,COG3,2019,1
ATP6V1G1,FDPS,2019,1
ATP6V1G1,WDR7,2019,1
ATP6V1G1,MBTPS2,2019,1
ATP6V1G1,NUDC,2019,1
ATP6V1G1,VPS29,2019,1
ATP6V1G1,CMAS,2019,1
KCTD10,PSMB6,2019,1
KCTD10,MRPS21,2019,1
KCTD10,MRPL46,2019,1
KCTD10,RPS18,2019,1
KCTD10,PMF1,2019,1
KCTD10,KIF14,2019,1
KCTD10,MRPL33,2019,1
KCTD10,MRPL36,2019,1
KCTD10,PPCS,2019,1
ATR,STMN1,2019,1
ATR,TOP1,2019,1
ATR,HMGA1,2019,1
ATR,PIM1,2019,1
ATR,KCNQ4,2019,1
KCTD10,RPL32,2019,1
KCTD10,PPP2R2A,2019,1
KCTD10,MICOS10,2019,1
KCTD10,METTL17,2019,1
KCTD10,TTC4,2019,1
KCTD10,PAFAH1B1,2019,1
KCTD10,MRPL39,2019,1
KCTD10,MCM4,2019,1
KCTD10,MRPS28,2019,1
KCTD10,REXO2,2019,1
KCTD10,POLR2K,2019,1
KCTD10,MRPL3,2019,1
KCTD10,MARS2,2019,1
KCTD10,MRPL22,2019,1
KCTD10,MRPS18B,2019,1
KCTD10,PSMB7,2019,1
KCTD10,MRPL19,2019,1
KCTD10,RNGTT,2019,1
KCTD10,METAP2,2019,1
KCTD10,MRPL42,2019,1
KCTD10,MED24,2019,1
KCTD10,RPL5,2019,1
KCTD10,NOP58,2019,1
KCTD10,NUDC,2019,1
KCTD10,PSMC2,2019,1
KCTD10,MRPS5,2019,1
KCTD10,MRPL43,2019,1
KCTD10,SEH1L,2019,1
KCTD10,NACA,2019,1
KCTD10,MARS1,2019,1
KCTD10,RBM17,2019,1
KCTD10,MRPL24,2019,1
KCTD10,PSMC1,2019,1
KCTD10,SAP18,2019,1
KCTD10,RPL24,2019,1
KCTD10,RFC4,2019,1
KCTD10,PELO,2019,1
KCTD10,RPLP1,2019,1
KCTD10,POLR3A,2019,1
KCTD10,MRPS9,2019,1
KCTD10,NSMCE1,2019,1
KCTD10,MRPS10,2019,1
KCTD10,POLD1,2019,1
KCTD10,MRPS11,2019,1
KCTD10,TSEN2,2019,1
KCTD10,NDUFB4,2019,1
KCTD10,LUC7L3,2019,1
KCTD10,MRPS30,2019,1
KCTD10,QARS1,2019,1
KCTD10,UQCRB,2019,1
KCTD10,NUP54,2019,1
KCTD10,MRPL32,2019,1
KCTD10,RPL10,2019,1
KCTD10,MRPL37,2019,1
KCTD10,MAT2A,2019,1
KCTD10,MED1,2019,1
KCTD10,PTCD3,2019,1
KCTD10,MRPS35,2019,1
KCTD10,UBA3,2019,1
KCTD10,SKA3,2019,1
KCTD10,TUBGCP3,2019,1
KCTD10,MRPL35,2019,1
KCTD10,PNISR,2019,1
KCTD10,SSBP1,2019,1
KCTD10,SNRPB,2019,1
KCTD10,MED10,2019,1
KCTD10,MTPAP,2019,1
KCTD10,MRPS16,2019,1
KCTD10,NAT10,2019,1
KCTD10,RPS5,2019,1
KCTD10,PPIE,2019,1
KCTD10,RPS28,2019,1
KCTD10,PPP2R1A,2019,1
KCTD10,TBCB,2019,1
KCTD10,RPLP2,2019,1
KCTD10,SNRPC,2019,1
KCTD10,MRPS14,2019,1
KCTD10,SRP19,2019,1
KCTD10,LARS2,2019,1
KCTD10,MRPL10,2019,1
ATP6V1G1,EFR3A,2019,1
ATP6V1G1,TUBGCP3,2019,1
ATP6V1G1,MASTL,2019,1
ATP6V1G1,TRRAP,2019,1
ATP6V1G1,CAMLG,2019,1
ATP6V1G1,EXOSC9,2019,1
ADA,CHEK2,2019,1
ADA,FNTA,2019,1
KCTD10,MRPS23,2019,1
KCTD10,RPL13,2019,1
KCTD10,RPL11,2019,1
KCTD10,TIMELESS,2019,1
KCTD10,MED14,2019,1
KCTD10,TUBGCP4,2019,1
KCTD10,NCAPD2,2019,1
KCTD10,RBM25,2019,1
KCTD10,PSMC6,2019,1
DMAP1,MED23,2019,1
DMAP1,RTF1,2019,1
EXOSC9,KIF11,2019,1
EXOSC9,MRPS35,2019,1
EXOSC9,IARS1,2019,1
EXOSC9,NACA,2019,1
EXOSC9,SDHC,2019,1
EXOSC9,NOL10,2019,1
EXOSC9,SNAPC1,2019,1
EXOSC9,PSMD6,2019,1
EXOSC9,TBCB,2019,1
EXOSC9,NAT10,2019,1
EXOSC9,POLR3A,2019,1
EXOSC9,WARS2,2019,1
EXOSC9,SRP19,2019,1
EXOSC9,OGFOD1,2019,1
EXOSC9,MRPL50,2019,1
EXOSC9,SYVN1,2019,1
EXOSC9,TFB1M,2019,1
EXOSC9,POLR2K,2019,1
EXOSC9,TRRAP,2019,1
EXOSC9,WDR70,2019,1
EXOSC9,SNRNP70,2019,1
EXOSC9,RPA3,2019,1
EXOSC9,PTCD3,2019,1
EXOSC9,MED23,2019,1
EXOSC9,HUS1,2019,1
EXOSC9,PPAT,2019,1
EXOSC9,PSMC1,2019,1
EXOSC9,RPP38,2019,1
EXOSC9,FAM98B,2019,1
EXOSC9,TCF25,2019,1
EXOSC9,KDM1A,2019,1
EXOSC9,INTS3,2019,1
EXOSC9,HYPK,2019,1
EXOSC9,NDUFB4,2019,1
EXOSC9,MPHOSPH6,2019,1
EXOSC9,NOL9,2019,1
EXOSC9,NOC2L,2019,1
EXOSC9,RPP30,2019,1
EXOSC9,ZWINT,2019,1
EXOSC9,UQCRB,2019,1
EXOSC9,TIMM9,2019,1
EXOSC9,RPL8,2019,1
EXOSC9,PPCS,2019,1
EXOSC9,HCCS,2019,1
EXOSC9,LONP1,2019,1
EXOSC9,RTF1,2019,1
EXOSC9,MRPL42,2019,1
EXOSC9,PTTG1,2019,1
EXOSC9,TAF1A,2019,1
EXOSC9,PDSS2,2019,1
EXOSC9,TRPM7,2019,1
EXOSC9,MRPL46,2019,1
EXOSC9,MTBP,2019,1
EXOSC9,POLE,2019,1
EXOSC9,MED28,2019,1
EXOSC9,LARS2,2019,1
EXOSC9,RBFA,2019,1
EXOSC9,MRPS28,2019,1
EXOSC9,VPS72,2019,1
EXOSC9,GFI1B,2019,1
EXOSC9,OPA1,2019,1
EXOSC9,NOLC1,2019,1
EXOSC9,NUP54,2019,1
EXOSC9,GTF2H4,2019,1
EXOSC9,FBXO28,2019,1
EXOSC9,RPL35,2019,1
EXOSC9,HBS1L,2019,1
EXOSC9,MRPS27,2019,1
EXOSC9,NCBP1,2019,1
EXOSC9,FARSA,2019,1
EXOSC9,TUBGCP3,2019,1
EXOSC9,XRN2,2019,1
EXOSC9,SKA3,2019,1
EXOSC9,NUP85,2019,1
EXOSC9,ZNHIT6,2019,1
EXOSC9,FH,2019,1
EXOSC9,PRPF18,2019,1
EXOSC9,PFAS,2019,1
EXOSC9,SPAG7,2019,1
EXOSC9,ZNF574,2019,1
EXOSC9,TTC4,2019,1
EXOSC9,RPL5,2019,1
EXOSC9,MAX,2019,1
EXOSC9,YTHDC1,2019,1
EXOSC9,PSMB7,2019,1
EXOSC9,NEMF,2019,1
EXOSC9,FDPS,2019,1
EXOSC9,TIPIN,2019,1
EXOSC9,SLC7A1,2019,1
EXOSC9,GNPAT,2019,1
EXOSC9,SLC39A9,2019,1
EXOSC9,NSMCE4A,2019,1
EXOSC9,SNIP1,2019,1
EXOSC9,WDR77,2019,1
EXOSC9,RFC5,2019,1
EXOSC9,MRPS10,2019,1
EXOSC9,MASTL,2019,1
EXOSC9,TRMT5,2019,1
EXOSC9,RPL32,2019,1
EXOSC9,GTF2H1,2019,1
EXOSC9,MRPS16,2019,1
EXOSC9,METAP2,2019,1
EXOSC9,NUDC,2019,1
EXOSC9,TRNAU1AP,2019,1
EXOSC9,GTPBP4,2019,1
EXOSC9,RPLP2,2019,1
EXOSC9,ZNF830,2019,1
EXOSC9,PSPH,2019,1
EXOSC9,HSCB,2019,1
EXOSC9,RPLP1,2019,1
EXOSC9,RNGTT,2019,1
EXOSC9,PWP1,2019,1
EXOSC9,PAXBP1,2019,1
EXOSC9,SSB,2019,1
EXOSC9,NDUFB1,2019,1
EXOSC9,PPP2R1A,2019,1
EXOSC9,RBM25,2019,1
EXOSC9,MRPS18B,2019,1
EXOSC9,PRMT5,2019,1
EXOSC9,PAFAH1B1,2019,1
EXOSC9,MTHFD2,2019,1
EXOSC9,GTF2E1,2019,1
EXOSC9,PNN,2019,1
DMAP1,EXOSC4,2019,1
MRPL37,REXO2,2019,1
MRPL37,PGK1,2019,1
MRPL37,TUBGCP3,2019,1
MRPL37,NACA,2019,1
MRPL37,NFE2L1,2019,1
MRPL37,POLR2K,2019,1
ALDOA,ENO2,2019,1
ALDOA,HK2,2019,1
ALDOA,GAPDH,2019,1
ALDOA,PDHA1,2019,1
ALDOA,GOT2,2019,1
ALDOA,ENO1,2019,1
ALDOA,RPE,2019,1
ENPP1,GPX2,2019,1
CDC25B,GRB2,2019,1
CDC25B,STMN1,2019,1
EXOSC9,RPL28,2019,1
GNL3L,METAP2,2019,1
GNL3L,SRP19,2019,1
GNL3L,PTTG1,2019,1
GNL3L,RPS18,2019,1
GNL3L,NUP85,2019,1
GNL3L,POLE,2019,1
GNL3L,RPLP1,2019,1
GNL3L,MCM3AP,2019,1
GNL3L,ZNF830,2019,1
GNL3L,NCBP1,2019,1
GNL3L,TAF1A,2019,1
GNL3L,RBM17,2019,1
CDC25B,EPRS1,2019,1
CDC25B,HMGCR,2019,1
CDC25B,CIT,2019,1
CDC25B,DBH,2019,1
GNL3L,RPL28,2019,1
GNL3L,NUP43,2019,1
GNL3L,PPP2R1A,2019,1
GNL3L,RFC5,2019,1
GNL3L,RPL30,2019,1
GNL3L,HSPA5,2019,1
GNL3L,XPO1,2019,1
GNL3L,METTL17,2019,1
GNL3L,RAE1,2019,1
GNL3L,KARS1,2019,1
GNL3L,POLE2,2019,1
GNL3L,SKA3,2019,1
TAF1A,VPS72,2019,1
TAF1A,TUBGCP3,2019,1
MAP3K1,PIK3R1,2019,1
MAP3K1,MLH1,2019,1
PPAT,TUBGCP3,2019,1
PPAT,SLC35A1,2019,1
PPAT,SRSF7,2019,1
PPAT,SPAG7,2019,1
PPAT,SLC39A9,2019,1
NEMF,TTC4,2019,1
NEMF,RPL13,2019,1
COPE,MRPS27,2019,1
COPE,UBA2,2019,1
COPE,PNN,2019,1
COPE,SCYL1,2019,1
COPE,SLC35A1,2019,1
COPE,PPP2R1A,2019,1
COPE,EIF3D,2019,1
COPE,WARS2,2019,1
COPE,MFAP1,2019,1
COPE,EXOSC9,2019,1
COPE,NSMCE4A,2019,1
COPE,KIF11,2019,1
COPE,WDR7,2019,1
DDR1,HMGA1,2019,1
DDR1,GRB2,2019,1
COPE,FH,2019,1
COPE,GTF2H4,2019,1
COPE,TTC4,2019,1
COPE,PPAT,2019,1
COPE,VPS72,2019,1
COPE,PSMD1,2019,1
COPE,NCBP1,2019,1
COPE,TRMT5,2019,1
COPE,TRPM7,2019,1
COPE,POLR2K,2019,1
COPE,SDHC,2019,1
COPE,NACA,2019,1
COPE,RPL13,2019,1
COPE,RPP30,2019,1
COPE,ZNF830,2019,1
COPE,RNGTT,2019,1
COPE,TCF25,2019,1
COPE,SPAG7,2019,1
ACY1,HMGA1,2019,1
ACY1,ATR,2019,1
ACY1,STMN1,2019,1
ACY1,GRB2,2019,1
MCL1,UBC,2019,1
MCL1,PARP1,2019,1
NAT10,RPL13,2019,1
IFNGR1,TUBB1,2019,1
EMC2,MED14,2019,1
EMC2,MED23,2019,1
EMC2,MASTL,2019,1
EMC2,MBTPS2,2019,1
EMC2,FH,2019,1
EMC2,TUBGCP3,2019,1
EMC2,NACA,2019,1
EMC2,ZNF830,2019,1
EMC2,EXOSC9,2019,1
EMC2,TTC4,2019,1
DHX37,OGFOD1,2019,1
DHX37,PTTG1,2019,1
DHX37,XRN2,2019,1
DHX37,SKA3,2019,1
DHX37,DONSON,2019,1
DHX37,SPAG7,2019,1
SAP18,TTC4,2019,1
SAP18,TUBGCP3,2019,1
SAP18,SKA3,2019,1
CA9,SKP2,2019,1
CA9,LCK,2019,1
CA9,CIT,2019,1
CA9,STMN1,2019,1
CA9,CARM1,2019,1
CA9,CDK12,2019,1
CA9,MAPK12,2019,1
CA9,HMGA1,2019,1
CA9,LIG1,2019,1
CA9,TOP1,2019,1
CA9,PIM1,2019,1
LUC7L3,MAPKAP1,2019,1
LUC7L3,SRSF7,2019,1
LUC7L3,PPP2R1A,2019,1
LUC7L3,TUBGCP3,2019,1
LUC7L3,NDUFA9,2019,1
LUC7L3,MED23,2019,1
LUC7L3,ZNF574,2019,1
LUC7L3,NFE2L1,2019,1
LUC7L3,TRNAU1AP,2019,1
NOL10,PSMD1,2019,1
NOL10,SLC39A9,2019,1
NOL10,TUBGCP3,2019,1
NOL10,RPL5,2019,1
NOL10,TTC4,2019,1
APC,HDAC1,2019,1
BSG,IGF1R,2019,1
BSG,CDC25A,2019,1
BSG,LIG1,2019,1
BSG,CSF3R,2019,1
BSG,NPR2,2019,1
BSG,CIT,2019,1
BSG,CA9,2019,1
BSG,EPRS1,2019,1
BSG,GRB2,2019,1
BSG,CDK12,2019,1
BSG,LARS2,2019,1
BSG,HMGA1,2019,1
BSG,PIM1,2019,1
BSG,TOP1,2019,1
BSG,LCK,2019,1
BSG,MAPK12,2019,1
BSG,DOT1L,2019,1
BSG,HMGCR,2019,1
BSG,SKP2,2019,1
BSG,MC1R,2019,1
BSG,STMN1,2019,1
EIF3D,GTF2H4,2019,1
EIF3D,ZWINT,2019,1
EIF3D,MRPL46,2019,1
EIF3D,MICOS10,2019,1
EIF3D,WDR70,2019,1
EIF3D,NUP54,2019,1
EIF3D,MED1,2019,1
EIF3D,TTC4,2019,1
EIF3D,RAD51,2019,1
EIF3D,GTPBP4,2019,1
DBH,FGFR3,2019,1
DBH,MAPK12,2019,1
DBH,IL12A,2019,1
SDHC,VPS72,2019,1
SDHC,TRMT5,2019,1
SDHC,SPAG7,2019,1
DBH,STMN1,2019,1
DBH,EPRS1,2019,1
EIF3D,RNGTT,2019,1
EIF3D,MAX,2019,1
EIF3D,SPAG7,2019,1
EIF3D,EIF3M,2019,1
EIF3D,PNN,2019,1
EIF3D,TAF1A,2019,1
EIF3D,EXOSC4,2019,1
EIF3D,SF3B1,2019,1
EIF3D,ZNF511,2019,1
EIF3D,PPP2R1A,2019,1
EIF3D,TRPM7,2019,1
EIF3D,RPLP1,2019,1
EIF3D,LONP1,2019,1
EIF3D,ZNF830,2019,1
EIF3D,WDR77,2019,1
EIF3D,MED23,2019,1
MRPL39,NACA,2019,1
EIF3D,PPAT,2019,1
EIF3D,GNPAT,2019,1
EIF3D,TFB1M,2019,1
EIF3D,METAP2,2019,1
EIF3D,MARS1,2019,1
EIF3D,NOP58,2019,1
EIF3D,NUP43,2019,1
EIF3D,TUBGCP3,2019,1
EIF3D,VPS72,2019,1
EIF3D,PSMD12,2019,1
EIF3D,MRPL24,2019,1
EIF3D,NUDC,2019,1
EIF3D,PITRM1,2019,1
EIF3D,MRPL27,2019,1
EIF3D,PSMD1,2019,1
EIF3D,NACA,2019,1
MRPL39,REXO2,2019,1
MRPL39,NUP54,2019,1
MRPL39,TIMELESS,2019,1
MRPL39,PSMB6,2019,1
MRPL39,POLR2K,2019,1
BCL2L1,GRB2,2019,1
BCL2L1,CARM1,2019,1
BCL2L1,EPRS1,2019,1
BCL2L1,NPEPPS,2019,1
BCL2L1,FGFR3,2019,1
BCL2L1,NPR2,2019,1
BCL2L1,MAPK12,2019,1
BCL2L1,MTOR,2019,1
BCL2L1,LIG1,2019,1
BCL2L1,BRCA2,2019,1
EIF3D,NUP85,2019,1
EIF3D,PPCS,2019,1
EIF3D,TBCB,2019,1
EIF3D,RTF1,2019,1
EIF3D,FH,2019,1
EIF3D,TRMT5,2019,1
EIF3D,YTHDC1,2019,1
EIF3D,KIF11,2019,1
EIF3D,MRPS28,2019,1
EIF3D,FARSA,2019,1
EIF3D,PSMC1,2019,1
EIF3D,GTF2E1,2019,1
EIF3D,POLE,2019,1
EIF3D,KARS1,2019,1
EIF3D,RPL13,2019,1
EIF3D,EIF4A1,2019,1
BCL2L1,PIK3CA,2019,1
BCL2L1,ITGB7,2019,1
BCL2L1,CDC25B,2019,1
BCL2L1,EDA,2019,1
BCL2L1,STMN1,2019,1
BCL2L1,IGF1R,2019,1
BCL2L1,CDK12,2019,1
BCL2L1,CDKN1A,2019,1
BCL2L1,HMGA1,2019,1
BCL2L1,HMGCR,2019,1
BCL2L1,CIT,2019,1
BCL2L1,BSG,2019,1
BCL2L1,BRCA1,2019,1
BCL2L1,LARS2,2019,1
BCL2L1,PIM1,2019,1
BCL2L1,NDUFB1,2019,1
EPRS1,STMN1,2019,1
EPRS1,MC1R,2019,1
EPRS1,KCNQ4,2019,1
EPRS1,MAP3K4,2019,1
EPRS1,MAPK3,2019,1
EPRS1,NPR2,2019,1
EPRS1,HMGCR,2019,1
EPRS1,ITGA6,2019,1
EPRS1,MASP2,2019,1
EPRS1,NPR1,2019,1
ABL1,PDGFA,2019,1
PDGFA,TUBB,2019,1
ALDH5A1,PDGFA,2019,1
BCL2L1,SKP2,2019,1
BCL2L1,CA9,2019,1
EIF3D,MED28,2019,1
EIF3D,RPL5,2019,1
EIF3D,MRPS18B,2019,1
EIF3D,MRPS27,2019,1
EIF3D,RBBP8,2019,1
EIF3D,TRRAP,2019,1
EIF3D,OGFOD1,2019,1
EIF3D,TAF2,2019,1
EIF3D,HSPA5,2019,1
EIF3D,MRPS11,2019,1
EIF3D,MBTPS2,2019,1
EIF3D,MRPL50,2019,1
EIF3D,NDUFB1,2019,1
EIF3D,EIF4G1,2019,1
EIF3D,POLR2K,2019,1
EIF3D,PRMT5,2019,1
BTF3,NACA,2019,1
BTF3,CTNNBL1,2019,1
BTF3,RPL13,2019,1
BTF3,POLR2K,2019,1
BTF3,MTRES1,2019,1
BTF3,EIF3D,2019,1
EPRS1,HMGA1,2019,1
EPRS1,TOP1,2019,1
EPRS1,LIG1,2019,1
EPRS1,NT5M,2019,1
EPRS1,SKP2,2019,1
EPRS1,LARS2,2019,1
EPRS1,NPEPPS,2019,1
EPRS1,PIM1,2019,1
MED24,TAF1,2019,1
MED24,RBM17,2019,1
MED24,METTL17,2019,1
MED24,RPL24,2019,1
MED24,REXO2,2019,1
MED24,PSMD4,2019,1
MED24,MICOS10,2019,1
MED24,POLE,2019,1
MED24,MRPL39,2019,1
MED24,SSBP1,2019,1
BTF3,PSMD1,2019,1
BTF3,EXOSC9,2019,1
EIF4G1,MFAP1,2019,1
EIF4G1,NSMCE4A,2019,1
EIF4G1,YTHDC1,2019,1
MED24,NUP54,2019,1
MED24,NACA,2019,1
MED24,MRPL46,2019,1
MED24,MRPL24,2019,1
MED24,PSMD12,2019,1
MED24,TUBGCP3,2019,1
MED24,MRPL3,2019,1
MED24,MRPL36,2019,1
MED24,POLR2K,2019,1
MED24,RPS18,2019,1
MED24,MRPL22,2019,1
MED24,MRPS27,2019,1
EIF3D,PDCD7,2019,1
EIF3D,PAXBP1,2019,1
EIF3D,EXOSC9,2019,1
EIF3D,PSMD6,2019,1
EIF3D,PTTG1,2019,1
EIF3D,NSMCE4A,2019,1
EIF3D,SKA3,2019,1
EIF3D,WARS2,2019,1
BTK,CHEK1,2019,1
BTK,CDH1,2019,1
EIF4G1,PMF1,2019,1
EIF4G1,TUBGCP3,2019,1
EIF4G1,NCAPD2,2019,1
EIF4G1,PTTG1,2019,1
EIF4G1,POLR2K,2019,1
EIF4G1,RPL13,2019,1
EIF4G1,NACA,2019,1
EIF4G1,EXOSC4,2019,1
EIF4G1,ZNF830,2019,1
EIF4G1,MBTPS2,2019,1
EDA,MAPK12,2019,1
MRPL27,REXO2,2019,1
MRPL27,RPL5,2019,1
MRPL27,TAF2,2019,1
MRPL27,NACA,2019,1
MRPL27,POLR2K,2019,1
TRA2B,TTC4,2019,1
TRA2B,VPS4A,2019,1
NDUFA4,TSPO,2019,1
NDUFA4,STMN1,2019,1
NDUFA4,PIM1,2019,1
NDUFA4,SKP2,2019,1
PSMC1,TRRAP,2019,1
PSMC1,SCYL1,2019,1
PSMC1,TUBB,2019,1
PSMC1,ZNF830,2019,1
PSMC1,SSBP1,2019,1
PSMC1,VPS72,2019,1
PSMC1,TAF2,2019,1
PSMC1,TUBGCP3,2019,1
PSMC1,RPL13,2019,1
EDA,EPRS1,2019,1
EDA,GRB2,2019,1
EDA,NDUFA4,2019,1
EDA,LARS2,2019,1
EDA,HMGCR,2019,1
EDA,HMGA1,2019,1
EDA,STMN1,2019,1
GFI1B,NACA,2019,1
GFI1B,LEO1,2019,1
GFI1B,MED14,2019,1
GFI1B,SNRPD3,2019,1
GFI1B,MED1,2019,1
GFI1B,RRM1,2019,1
GFI1B,TAF2,2019,1
GFI1B,TIPIN,2019,1
GFI1B,TTC4,2019,1
GFI1B,MED10,2019,1
GFI1B,HBS1L,2019,1
GFI1B,POLN,2019,1
GFI1B,RPL32,2019,1
GFI1B,NDUFA8,2019,1
PSMC1,TTC4,2019,1
GFI1B,PELO,2019,1
GFI1B,MICOS10,2019,1
GFI1B,NDUFA9,2019,1
GFI1B,SNRPB,2019,1
GFI1B,HSPA5,2019,1
GFI1B,ZNF574,2019,1
GFI1B,KCTD10,2019,1
GFI1B,NFE2L1,2019,1
GFI1B,OGFOD1,2019,1
GFI1B,SPAG7,2019,1
GFI1B,MAPKAP1,2019,1
GFI1B,NDUFB2,2019,1
GFI1B,MED24,2019,1
GFI1B,SRP19,2019,1
GFI1B,PPP2R1A,2019,1
GFI1B,SCYL1,2019,1
KDM1A,NSMCE4A,2019,1
KDM1A,NUP85,2019,1
KDM1A,TRMT5,2019,1
KDM1A,VPS72,2019,1
KDM1A,POLR2K,2019,1
KDM1A,TTC4,2019,1
KDM1A,PTTG1,2019,1
ALK,IL12A,2019,1
ALK,DBH,2019,1
GFI1B,PSMC1,2019,1
GFI1B,RPL5,2019,1
GFI1B,REXO2,2019,1
GFI1B,SKA3,2019,1
GFI1B,TAF1,2019,1
GFI1B,PSMD1,2019,1
GFI1B,RPL8,2019,1
GFI1B,PAXBP1,2019,1
GFI1B,LUC7L3,2019,1
GFI1B,TIMELESS,2019,1
GFI1B,LIAS,2019,1
GFI1B,TUBGCP3,2019,1
GFI1B,ZNF511,2019,1
ALK,EPRS1,2019,1
ALK,MAPK12,2019,1
ALK,GRB2,2019,1
ALK,CIT,2019,1
ALK,STMN1,2019,1
ALK,RRM2,2019,1
ALK,PBRM1,2019,1
CNOT1,REXO2,2019,1
CNOT1,GNL3L,2019,1
CNOT1,NUDC,2019,1
CNOT1,SKA3,2019,1
CNOT1,KCTD10,2019,1
CNOT1,ZNF574,2019,1
CHEK2,FLT3,2019,1
CHEK2,HDAC2,2019,1
CHEK2,PDGFRA,2019,1
CHEK2,MTOR,2019,1
