gene,Fusion_current,Fusion_vintage2016,PPI_GBM_current,PPI_vintage2016,CRISPR_Only
A1BG,0.0005124801,0.012952812,0.00028281708,0.023447067,0.014045198
A1CF,0.0002022835,0.0114253545,0.0005257973,0.027808517,0.0064187148
A2M,0.13540901,0.045486744,0.19137731,0.12660247,0.022075277
A2ML1,0.004010531,0.009424695,0.0014149845,0.01804367,0.017633937
A4GALT,0.007038986,0.015383272,0.0016108267,0.01804367,0.0492778
AAAS,0.0006395555,0.033490792,0.0004875768,0.10439912,0.046911974
AACS,0.00038444818,0.0077330796,0.00011420349,0.009380428,0.014750732
AADAC,0.007064247,0.011334868,0.0019509865,0.01804367,0.032634497
AADACL2,0.00078749406,0.0036419288,0.0018931725,0.01804367,0.019330028
AADAT,0.0032129912,0.009631201,0.019979965,0.01804367,0.022948027
AAGAB,0.0005735073,0.015705228,0.00022188955,0.02621554,0.022317259
AAK1,0.0005317724,0.03904826,0.00025352134,0.020175396,0.025592929
AAMDC,0.00035609084,0.02666497,0.00017089266,0.011185222,0.028178597
AAMP,0.00080055266,0.060020614,0.00014953953,0.02932646,0.04723107
AANAT,0.024378225,0.0029141647,0.12239016,0.02927176,0.0039467486
AAR2,0.12041274,0.017028978,0.22827852,0.026311548,0.018494783
AARD,0.0017475911,0.010481517,0.0045364955,0.01804367,0.030580835
AARSD1,0.001970797,0.008132375,0.0037287078,0.01804367,0.019207845
AASDH,0.016822146,0.024501167,0.029035186,0.01804367,0.05745762
AASDHPPT,0.0021601717,0.06738036,9.338294e-05,0.05200154,0.031708732
AASS,0.00043310496,0.016006999,7.4166855e-05,0.011681861,0.036330886
AATF,0.71641695,0.6883626,0.27568808,0.82832617,0.6506952
AATK,0.00046690725,0.014480467,0.00017234628,0.038198512,0.026542103
ABAT,0.28559387,0.014417201,0.40135106,0.020293722,0.04307619
ABCA1,0.00054017606,0.0490504,0.00022063285,0.19977888,0.024043525
ABCA13,0.0004583151,0.015238136,0.00029099526,0.022149315,0.026932573
ABCA2,0.00032483108,0.0065238187,0.0003459667,0.008382098,0.010200958
ABCA3,0.08389799,0.014004587,0.14788836,0.023442874,0.023194807
ABCA4,0.00036862088,0.011178716,0.00035520742,0.008382098,0.023750646
ABCA5,0.00061932614,0.04201179,0.0001374149,0.035015553,0.022984859
ABCA7,0.0003847296,0.009136622,0.00022642767,0.023442874,0.02249144
ABCA8,0.0038241493,0.024831796,0.0012204825,0.01804367,0.034409948
ABCB1,0.13256861,0.0418762,0.25259432,0.053226992,0.042078197
ABCB4,0.0019589197,0.0633539,0.0003094684,0.02193977,0.11115991
ABCB5,0.4598067,0.104700245,0.28918877,0.04029104,0.18702713
ABCB6,0.07395735,0.02314223,0.325757,0.05061941,0.042531773
ABCB7,0.13167262,0.06828104,0.12884642,0.03400955,0.11209255
ABCB8,0.00044239158,0.015169019,0.00024862375,0.052114382,0.024042
ABCB9,0.0002394178,0.004515169,0.00025932683,0.023442874,0.0098440815
ABCC1,0.038402177,0.00901655,0.14408524,0.018664645,0.0319661
ABCC10,0.015859026,0.00081256486,0.114415355,0.023442874,0.0017492166
ABCC12,0.00031689217,0.011133956,0.00030512575,0.028985407,0.0153683
ABCC2,0.2740054,0.06271831,0.13576853,0.04789321,0.04675346
ABCC3,0.0006788724,0.008487085,0.0002405128,0.028729744,0.008373423
ABCC4,0.01779746,0.006832883,0.19438279,0.04225217,0.0066143116
ABCC5,0.0005250681,0.016919378,0.00018394289,0.03756352,0.017205365
ABCC6,0.0012676747,0.00732497,0.003321749,0.01804367,0.013272282
ABCC8,0.0006172842,0.014787583,0.00014149201,0.008910702,0.014319076
ABCC9,0.001204708,0.017140836,0.00022808222,0.020553498,0.017788619
ABCD1,0.00082194875,0.026414592,0.00017810124,0.02572108,0.070068516
ABCD2,0.00027880102,0.015199852,0.00023966469,0.032661267,0.01611648
ABCD3,0.00020912383,0.021136608,0.00017223308,0.08407556,0.02008512
ABCD4,0.0005454643,0.022946244,0.00020209167,0.030808024,0.02923898
ABCE1,0.494471,0.20360257,0.23409513,0.12302755,0.3240805
ABCF1,0.0013178255,0.12572294,0.0004994508,0.049831238,0.08564794
ABCF3,0.00063990674,0.038393717,0.00014125825,0.058206778,0.038726825
ABCG1,0.0012882592,0.014339416,0.0001900821,0.019239094,0.023063872
ABCG2,0.28290963,0.063707784,0.35885483,0.05802234,0.092789106
ABCG4,0.0009945594,0.0038846908,0.00804887,0.020270698,0.006013042
ABCG5,0.0010576325,0.019159516,0.00021564757,0.020437825,0.020592513
ABCG8,0.00026407867,0.014912926,0.00019761868,0.02679841,0.011115181
ABHD1,0.00026886913,0.004024108,0.00015797114,0.020270698,0.010642234
ABHD10,0.00048632096,0.014546989,0.00026481866,0.011722919,0.018408926
ABHD11,0.07044304,0.012925028,0.37927237,0.013998775,0.0266749
ABHD13,0.004687688,0.027782798,0.0013579496,0.01804367,0.035489563
ABHD14A,0.0035422796,0.0051764483,0.0043786536,0.01804367,0.021845724
ABHD14B,0.00034853214,0.0044902666,0.00078285515,0.023442874,0.012530546
ABHD15,0.0037508605,0.012294085,0.004557877,0.01804367,0.040298413
ABHD16A,0.0012285302,0.053565137,9.953403e-05,0.10396442,0.024080338
ABHD16B,0.0023870105,0.014043468,0.0015796174,0.01804367,0.017419316
ABHD17A,0.00045579206,0.019909425,0.0003457524,0.08951132,0.028943753
ABHD17C,0.00038087342,0.004570904,0.0005936632,0.023442874,0.0072162794
ABHD2,0.0017025976,0.02003199,0.00047431866,0.021392673,0.017762793
ABHD3,0.00030314765,0.0085617015,0.0002457024,0.023442874,0.020218465
ABHD4,0.00028524938,0.0087302225,6.7194116e-05,0.023225589,0.01637168
ABHD5,0.11114701,0.0116062965,0.3445399,0.02516947,0.012651344
ABHD6,0.00078313984,0.042630985,0.00019665348,0.0698648,0.03148177
ABHD8,0.0030164907,0.0041458323,0.02086595,0.01804367,0.01766772
ABI1,0.00110578,0.09689377,0.00019707339,0.075484134,0.037235968
ABI2,0.0009325631,0.058159772,0.00031747518,0.30383658,0.022176534
ABI3,0.03824487,0.010259336,0.27452543,0.082930736,0.0026469484
ABI3BP,0.0003975118,0.02142498,0.00027077436,0.03298475,0.022155862
ABITRAM,0.004597618,0.0060658217,0.0628893,0.01804367,0.007425062
ABL1,0.88798636,0.88672626,0.73462665,0.7172777,0.84149104
ABL1,0.88798636,0.88672626,0.73462665,0.7172777,0.84149104
ABL2,0.08213378,0.021964038,0.3284968,0.06249047,0.0124401245
ABLIM1,0.00040180056,0.0104476,0.00016986641,0.07534827,0.0065764096
ABLIM2,0.00016607743,0.0045761466,0.00026958375,0.02111291,0.011654005
ABLIM3,0.00061690516,0.007970998,8.132428e-05,0.026619604,0.011844925
ABRAXAS1,0.013167173,0.008180772,0.0628893,0.01804367,0.06527517
ABT1,0.0018402649,0.10005833,0.00017068455,0.050667737,0.13176069
ABTB1,0.00042116697,0.011844589,0.00022317492,0.076361425,0.022580681
ABTB2,0.00023496036,0.009430617,0.00019149028,0.07290339,0.008359078
ABTB3,0.005623358,0.00860516,0.0628893,0.01804367,0.04902266
ACAA1,0.00035532206,0.022599626,0.00025015313,0.09710315,0.057032175
ACAA2,0.0005136741,0.011899027,0.0001612145,0.044235084,0.03509411
ACACA,0.00086889166,0.090502,0.0002720524,0.103299096,0.069846675
ACACB,0.00078579213,0.02434189,0.000244945,0.052114382,0.04675113
ACAD11,0.00058679725,0.011511692,0.0002938784,0.008678562,0.03423691
ACAD8,0.00026686993,0.006940393,0.00025605524,0.02500289,0.008877579
ACAD9,0.1079303,0.033174194,0.1396719,0.010767184,0.020333575
ACADM,0.0020787527,0.07079755,0.00066054694,0.10096029,0.067628235
ACADS,0.00045098484,0.010230885,0.00028838118,0.008382098,0.01269796
ACADSB,0.0020208354,0.03954076,0.0009357513,0.04806107,0.04844461
ACADVL,0.11447661,0.04381562,0.34247285,0.022461299,0.028103726
ACAN,0.0009637291,0.04972354,0.00011774133,0.01649126,0.0427435
ACAP1,0.0008265249,0.045499813,0.00029062515,0.15273304,0.026553515
ACAP2,0.0006607566,0.020039013,0.00023752495,0.046332557,0.038633186
ACAP3,0.00017385832,0.005541008,0.00027153647,0.009173206,0.004190979
ACAT1,0.0013727366,0.15685052,0.0001728202,0.08179511,0.14790422
ACAT2,0.000321664,0.046822533,0.00014555774,0.049953785,0.24634828
ACBD3,0.0014628001,0.028436502,0.00031483662,0.07290339,0.044783257
ACBD4,0.00041220215,0.012984307,0.00017112681,0.017034966,0.014023973
ACBD6,0.0021785123,0.04121297,0.00017354397,0.011681861,0.060024552
ACCS,0.000508935,0.009248367,0.0005867254,0.017703548,0.023842253
ACD,0.0011333169,0.06746221,0.00047509084,0.058015797,0.057277143
ACE,0.00083663303,0.014909711,0.00016562166,0.014566581,0.013794171
ACE2,0.07369968,0.012522671,0.2872486,0.02701375,0.0154022705
ACE2,0.07369968,0.012522671,0.2872486,0.02701375,0.0154022705
ACER1,0.0014947235,0.010084482,0.0016254314,0.01804367,0.027419893
ACER3,0.00023921017,0.010438917,0.00019414206,0.023629848,0.014646282
ACHE,0.0004275717,0.05765103,0.00040894246,0.0839826,0.029147727
ACIN1,0.00018730153,0.04219521,0.00023391358,0.058206778,0.024153097
ACKR1,0.00066628435,0.029918099,0.00037953976,0.013181083,0.032416523
ACKR2,0.0003730669,0.07001,0.00011252182,0.018614788,0.06573255
ACKR3,0.0003020462,0.0082284715,0.00014953953,0.02844312,0.011892375
ACKR4,0.05206476,0.024699153,0.0980619,0.018254658,0.019837499
ACLY,0.0006697534,0.04845991,0.00055222755,0.05400348,0.027530368
ACO1,0.00056248147,0.034987953,8.199021e-05,0.039042577,0.05161445
ACO2,0.0003158013,0.057345934,0.00022474206,0.07922099,0.02420439
ACOT13,0.00039319086,0.024166796,0.00016016219,0.04817844,0.042290334
ACOT4,0.000548115,0.018274365,0.00017234628,0.008849316,0.031016514
ACOT7,0.00042539623,0.019476134,0.00023384314,0.052348983,0.018947126
ACOT8,0.0001688708,0.0031737161,0.00015743042,0.023806559,0.0052340007
ACOT9,0.00039900272,0.0088881245,0.00018496119,0.03589022,0.02309815
ACOX1,0.000800418,0.046363816,0.00013558812,0.025648652,0.084735885
ACOX2,0.00046250084,0.008831266,0.00015827481,0.008849316,0.019916525
ACOX3,0.0004819581,0.011993132,0.00021461377,0.08093,0.02050424
ACP1,0.00019986402,0.010776711,0.00016689401,0.13865769,0.0061600297
ACP2,0.00038910354,0.008084437,0.00019149028,0.023442874,0.014729306
ACP4,0.02109859,0.0083656935,0.0628893,0.01804367,0.018498583
ACP5,0.0014262742,0.04036687,0.00012757244,0.051119443,0.049382564
ACP6,0.16196385,0.019384997,0.08605698,0.07276666,0.023728227
ACR,0.0007534483,0.009465842,0.00017097009,0.047555506,0.006712976
ACRBP,0.003240636,0.004941234,0.023036271,0.01804367,0.011966165
ACSBG1,0.0012576832,0.013439416,0.00011655045,0.008678562,0.037330862
ACSF2,0.00025394856,0.007908646,6.2215215e-05,0.0234089,0.008261297
ACSF3,0.00039447765,0.009860936,0.00024729277,0.023442874,0.027972415
ACSL1,0.2508664,0.016568555,0.34218523,0.06866131,0.029963208
ACSL3,0.0015033302,0.11674237,0.00019935412,0.047108807,0.12583156
ACSL4,0.27521762,0.04928899,0.26863387,0.016740913,0.14415704
ACSL5,0.00034469855,0.023172054,9.212707e-05,0.009380428,0.0116431685
ACSL6,0.00063108315,0.004297233,0.00095316296,0.009077163,0.00880742
ACSM5,0.00054741715,0.0130579965,0.00025487467,0.023442874,0.019438708
ACSS3,0.00039817722,0.008144846,0.00024156905,0.014942881,0.019354763
ACTA1,0.04912054,0.024434129,0.23169778,0.09456731,0.003938704
ACTA2,0.0009417421,0.030107584,0.00022916995,0.10838844,0.024113003
ACTB,0.26483348,0.22053374,0.16187671,0.32497138,0.06859112
ACTBL2,0.0007185161,0.024408756,0.00028132292,0.09492725,0.017500093
ACTC1,0.0001564629,0.014310915,0.00012751418,0.14959197,0.0064078397
ACTG1,0.00071451877,0.056794077,0.00013740364,0.080596074,0.039206773
ACTG2,0.00068796065,0.03755323,0.00050927204,0.08634689,0.02008642
ACTL6A,0.12691733,0.09297797,0.124287285,0.08281353,0.106104605
ACTL6B,0.0005558774,0.03867214,0.00013910039,0.050888,0.023750756
ACTL7A,0.00028460287,0.012572618,0.00017868228,0.014542438,0.020682648
ACTL7B,0.0011942737,0.010798383,0.00046149633,0.017034966,0.03934711
ACTL8,0.0017837461,0.049500164,0.00030598656,0.028985407,0.11891056
ACTN1,0.001110651,0.118961886,0.000133785,0.07083438,0.025181856
ACTN2,0.00054087624,0.04297,0.0005334678,0.18709569,0.024623118
ACTN4,0.0002519339,0.017940072,0.00045328488,0.10013232,0.010431556
ACTR10,0.52796936,0.42557675,0.525161,0.02111291,0.43816867
ACTR1A,0.11585217,0.06041907,0.28187007,0.08951132,0.10077096
ACTR1B,0.0002480011,0.019981833,0.00018568941,0.07427682,0.025969988
ACTR2,0.7677192,0.7257163,0.33701068,0.06516618,0.64112836
ACTR3,0.00090625655,0.13994421,0.00016511204,0.106032945,0.039353892
ACTR3B,0.00032326233,0.027631827,0.00019369498,0.058897913,0.012522435
ACTR5,0.054549653,0.022232065,0.4760356,0.014107352,0.020386497
ACTR6,0.0017456382,0.24652967,0.00010028218,0.105984405,0.20724091
ACTR8,0.0036499298,0.18938695,0.00055507006,0.09184084,0.16667105
ACTRT2,0.0005347948,0.002236813,0.0041134655,0.01804367,0.0074158246
ACTRT3,0.00478673,0.010413,0.0076075075,0.01804367,0.018974166
ACVR1,0.20837899,0.09960756,0.19911647,0.10233982,0.03006041
ACVR1B,0.0008650499,0.027016716,0.00033936196,0.04947743,0.025995784
ACVR1C,0.00019393669,0.006740024,0.00022642767,0.013633437,0.008052403
ACVR2A,0.0010040379,0.014511754,0.00012135116,0.05297425,0.0113872
ACVR2B,0.12126453,0.05321154,0.37890255,0.056113884,0.037338316
ACVRL1,0.56831616,0.2476008,0.28852528,0.035619125,0.19572139
ACY1,0.3121398,0.018534282,0.03738428,0.025810784,0.037392773
ACY3,0.0010629193,0.08476527,0.00056255277,0.058489792,0.049582988
ACYP1,0.0015294404,0.027031327,0.00019336173,0.013998775,0.065995425
ADA,0.045552667,0.0050307834,0.095475815,0.024128672,0.0047429143
ADA2,0.0183398,0.03041396,0.0628893,0.01804367,0.12699872
ADAD2,0.00051629345,0.004789445,0.00056425267,0.017034966,0.003555611
ADAM10,0.10059715,0.013644374,0.27426872,0.064583525,0.010623603
ADAM12,0.0003409118,0.024366874,0.00014239764,0.022025546,0.024596253
ADAM15,0.00047751187,0.04798378,0.00020890319,0.04148645,0.030635845
ADAM17,0.001314918,0.0430782,0.0004308215,0.034771934,0.03517157
ADAM18,0.0023561083,0.006938802,0.0020381915,0.01804367,0.010269019
ADAM19,0.0003815146,0.015658556,0.00012550746,0.113731965,0.013934748
ADAM2,0.00044278856,0.01783688,0.00019191744,0.019543022,0.0398748
ADAM22,0.19278216,0.050992277,0.094647706,0.022835549,0.061641876
ADAM30,0.0013798769,0.0060216375,0.0013006148,0.01804367,0.018636486
ADAM32,0.0065216096,0.004887799,0.0058090305,0.01804367,0.012072316
ADAM33,0.000849382,0.013577244,0.00022349137,0.019543022,0.034572534
ADAM7,0.0029112385,0.008920738,0.0011028401,0.01804367,0.013723365
ADAM8,0.05123585,0.01126389,0.24890015,0.0109855905,0.013170853
ADAM9,0.0014799506,0.049313754,0.00044936084,0.020413877,0.029967725
ADAMDEC1,0.001509451,0.014961787,0.0023538487,0.01804367,0.038177785
ADAMTS1,0.00085458905,0.049050376,0.00021239891,0.036598153,0.05189871
ADAMTS10,0.00020814172,0.007541707,0.00024381565,0.017057737,0.0048879213
ADAMTS12,0.0001643109,0.011437662,0.0005631142,0.029724043,0.039942555
ADAMTS14,0.0035849242,0.022240676,0.003486332,0.01804367,0.03215224
ADAMTS15,0.0031658558,0.005434866,0.000945098,0.01804367,0.011355364
ADAMTS17,0.0003109877,0.0040747714,0.00017354397,0.01146169,0.006122062
ADAMTS20,0.002433318,0.013999183,0.006380541,0.01804367,0.040014796
ADAMTS4,0.00011287775,0.0045273313,0.00014142955,0.013933608,0.006633479
ADAMTS5,0.00064274156,0.02848442,0.00017029064,0.046906397,0.031202752
ADAMTS7,0.0048231003,0.00786988,0.00381125,0.01804367,0.015621607
ADAMTS8,0.0019902391,0.0037417589,0.0007468869,0.01804367,0.011158879
ADAMTS9,0.0010610572,0.02434136,0.0005781485,0.013009262,0.038179588
ADAMTSL2,0.003744458,0.004931785,0.0010634506,0.01804367,0.013972453
ADAMTSL4,0.06384283,0.048773367,0.26019686,0.09456731,0.016836522
ADAMTSL5,0.10802806,0.011103699,0.11274436,0.023416264,0.013231
ADAP1,0.001562147,0.10733239,0.00013791161,0.08975178,0.03917944
ADAP2,0.00045628112,0.014456478,0.00019191744,0.044621475,0.026467482
ADAR,0.00029251346,0.030820847,0.00017064645,0.02800913,0.050556026
ADARB1,0.0010202986,0.004318151,0.0023115166,0.01804367,0.012091725
ADARB2,0.0004802615,0.009118733,0.00015797114,0.015654534,0.0070123733
ADAT1,0.00049345894,0.030451737,0.00033486387,0.023442874,0.029514516
ADAT2,0.1122017,0.08449043,0.037578158,0.03848198,0.032116905
ADCK1,0.00015574502,0.0021509943,0.0016106119,0.016212763,0.012742189
ADCK2,0.0003244569,0.015285491,0.00069238263,0.023442874,0.016013872
ADCK5,0.0006936094,0.01817286,0.00088270765,0.009690155,0.037136093
ADCY1,0.00040192256,0.009867399,0.00011240558,0.011959312,0.025541205
ADCY2,0.00019194251,0.0050240904,0.00013343286,0.08546507,0.0054700603
ADCY3,0.0002742985,0.0035829828,0.00015278728,0.052114382,0.0072026956
ADCY5,0.00045884837,0.025775589,0.0001781656,0.027329886,0.024367573
ADCY6,0.00016613872,0.009394325,0.00012832093,0.010767184,0.007927157
ADCY7,0.00022930287,0.010699969,0.00012798536,0.011245472,0.022529509
ADCY9,0.0006511947,0.012885419,0.00015779426,0.023442874,0.02723911
ADCYAP1,0.00022145733,0.016595753,0.00044455533,0.02527477,0.027899092
ADD1,0.0006627543,0.013288303,0.00029211634,0.061907537,0.008985106
ADD2,0.0006622662,0.06047048,0.00017950486,0.024729606,0.041176237
ADD3,0.0005226349,0.01695312,7.265869e-05,0.024950339,0.023955354
ADGRA1,0.0009785328,0.002479973,0.005656885,0.01804367,0.0074164886
ADGRA3,0.00065667,0.0095781265,0.0006907732,0.020270698,0.015785443
ADGRB1,0.00014787866,0.0050961375,0.00023484275,0.034682877,0.0057229837
ADGRB2,0.00012548675,0.0073716016,0.00012444291,0.09232367,0.0023666676
ADGRD1,0.0028499435,0.0025723258,0.021280622,0.01804367,0.008993258
ADGRE1,0.0051810327,0.048518695,0.0067128106,0.01804367,0.11726745
ADGRE2,0.0019156566,0.020100137,0.00013368082,0.023442874,0.040718537
ADGRE5,0.00022376642,0.0077295965,0.00017786618,0.04624848,0.0073189116
ADGRF1,0.0050690398,0.010452422,0.0082079265,0.01804367,0.023018768
ADGRF3,0.0023022483,0.007206444,0.0053244443,0.01804367,0.018384269
ADGRF4,0.00025580366,0.0070229364,0.0010346718,0.023442874,0.0101633575
ADGRF5,0.0031298017,0.019637004,0.0017473482,0.01804367,0.024782805
ADGRG1,0.066967115,0.006833152,0.16961935,0.024041327,0.016209722
ADGRG2,0.004092524,0.007081573,0.0073619536,0.01804367,0.012426594
ADGRG4,0.00460082,0.033962164,0.003029148,0.01804367,0.15940902
ADGRG5,0.00071093184,0.0051081935,0.00063108705,0.021941544,0.012477009
ADGRG6,0.0019018142,0.0134092085,0.00063342357,0.023442874,0.012100089
ADGRG7,0.002022597,0.01445264,0.00050384004,0.011959312,0.05068313
ADGRL1,0.09920139,0.012762246,0.14648345,0.02323641,0.020072956
ADGRL2,0.0016450688,0.01968618,0.001059751,0.0123439105,0.055525
ADGRL3,0.00048687574,0.012982607,0.00022526122,0.008678562,0.014559854
ADGRL4,0.0049873833,0.009482479,0.006650169,0.01804367,0.014456749
ADGRV1,0.0073997453,0.034690544,0.007016697,0.01804367,0.10863705
ADH1A,0.1210176,0.013285866,0.0838081,0.028635155,0.018719416
ADH1B,0.00032817945,0.01643735,0.00013359518,0.043702487,0.018275695
ADH4,0.00033486198,0.0066817016,0.0002904426,0.06389214,0.018890165
ADH5,0.00028262005,0.02020003,0.0002838839,0.042770624,0.015365941
ADH6,0.0005758187,0.011110963,0.00020750269,0.014942881,0.015684668
ADH7,0.0012735316,0.026430586,0.00018554516,0.021392673,0.04009778
ADHFE1,0.0017825646,0.0071588797,0.00017445814,0.013398572,0.013024891
ADI1,0.00034383585,0.016152896,0.00019557416,0.039315768,0.017638562
ADIPOR1,0.00045391184,0.018629093,0.0003566546,0.02927176,0.044786748
ADIPOR2,0.0004592702,0.01311295,0.0004269498,0.013307749,0.056542553
ADIRF,0.0003371676,0.024509529,0.00041534152,0.10439912,0.012394042
ADK,0.73731077,0.46239933,0.37673622,0.020437825,0.43539348
ADM,0.09205003,0.006021401,0.17158273,0.018703945,0.0089033935
ADM2,0.009873593,0.012988108,0.005386197,0.01804367,0.032307155
ADNP,0.0013947376,0.11115082,0.0002466525,0.041839454,0.09846473
ADNP2,0.00021167676,0.0122794565,0.0005061108,0.020175396,0.024139743
ADO,0.00064433867,0.031313986,0.0005613329,0.023442874,0.07976475
ADORA1,0.0008402349,0.028656865,0.00015517608,0.01271183,0.031158106
ADORA2A,0.19851787,0.020986224,0.38299876,0.013602576,0.039299905
ADORA2B,0.0008857762,0.012983187,0.00016753178,0.031780463,0.013942213
ADORA3,0.007686073,0.0131483255,0.0020139243,0.01804367,0.03878294
ADPGK,0.0011062446,0.028259406,0.00017110643,0.036235023,0.01766231
ADPRH,0.0013473673,0.032277383,0.0002004029,0.026517374,0.038387727
ADPRS,0.005384473,0.005327112,0.0628893,0.01804367,0.009904687
ADRA1A,0.00018410588,0.006737142,0.00014602832,0.071963504,0.008747567
ADRA1B,0.0009105426,0.05682953,0.00017889265,0.050888,0.041856866
ADRA1D,0.0002914259,0.0132786725,0.00014438083,0.02679841,0.017175656
ADRA2A,0.00066857616,0.008290316,0.00015673676,0.0228724,0.008376682
ADRA2B,0.00068727584,0.012388153,0.0003968551,0.011245472,0.017628346
ADRA2C,0.00061866594,0.008143429,0.00015478831,0.011245472,0.013768261
ADRB1,0.000625914,0.03713541,0.00020785157,0.032904983,0.019362925
ADRB2,0.00062049506,0.06387123,0.00010207923,0.06336715,0.015498365
ADRB3,0.0024930302,0.05811887,0.00011357383,0.026669279,0.017864604
ADRM1,0.00027711742,0.0147805605,0.00043292172,0.07703127,0.030741844
ADSL,0.00045980336,0.014638626,0.0001178957,0.055746976,0.033987727
ADSS2,0.047706835,0.020727526,0.0628893,0.01804367,0.07527354
ADTRP,0.0004265548,0.008943853,0.00021170563,0.023416264,0.021536645
AEBP1,0.00056495465,0.012712045,0.00023001847,0.0123439105,0.013068933
AEBP2,0.55091494,0.28132206,0.1355993,0.10202928,0.15740657
AEN,0.0003515986,0.046170007,0.0004925233,0.060808603,0.015778214
AFAP1,0.0006517525,0.081182964,0.00024781202,0.017670376,0.06764407
AFAP1L1,0.0020887405,0.018859988,0.0002484979,0.009077163,0.039353292
AFAP1L2,0.00033348726,0.012441946,0.00014889256,0.0252768,0.0072353464
AFDN,0.0025355201,0.004724401,0.0628893,0.01804367,0.021702375
AFF1,0.0007002642,0.010556281,0.00024803847,0.058897913,0.009223155
AFF2,0.00021771394,0.009467264,0.00013714132,0.03756352,0.0136792185
AFF3,0.00041084382,0.021416325,0.0001916004,0.03158699,0.03023874
AFF4,0.0011564371,0.094718315,0.000559492,0.056320872,0.08383009
AFG3L2,0.1696095,0.03111879,0.10683732,0.013710812,0.077812195
AFP,0.00060049834,0.03078885,0.00057880353,0.029799249,0.034115773
AFTPH,0.0006232237,0.018253025,0.00014724013,0.042708002,0.02097755
AGA,0.00058150134,0.01989446,0.00023888516,0.05466326,0.012204183
AGAP1,0.00088677136,0.024237318,0.000107290216,0.02621554,0.02778545
AGAP2,0.0016569021,0.03390988,0.00027528568,0.04095821,0.057358906
AGAP3,0.00017681695,0.009004641,0.00013677005,0.028985407,0.026112802
AGAP9,0.0042070816,0.03824833,0.007771375,0.01804367,0.062387623
AGBL4,0.0008854699,0.0037467945,0.00076121924,0.01804367,0.012164067
AGBL5,0.0032030907,0.00410151,0.0004454916,0.01804367,0.009491351
AGER,0.0010252456,0.009239641,0.00033983108,0.02352963,0.011917425
AGFG1,0.00060103973,0.059707355,0.0001417471,0.08951132,0.055198926
AGFG2,0.0003753629,0.01497054,0.00018681372,0.05061941,0.038767707
AGGF1,0.000659586,0.027579265,0.0001347979,0.03770934,0.04422176
AGK,0.10908426,0.031622324,0.12673822,0.023720449,0.04098477
AGL,0.0009476037,0.064974874,0.00042911907,0.084083825,0.037035856
AGMAT,0.002655655,0.014609559,0.0071223024,0.01804367,0.05016739
AGO1,0.0006248692,0.06649093,0.00021242141,0.049738042,0.018183652
AGO2,0.0007847075,0.045301944,0.00014673137,0.07415748,0.013161009
AGO3,0.00033466122,0.017455336,0.00017483767,0.060772274,0.012166681
AGO4,0.0005532707,0.07133505,0.0001320484,0.0738474,0.025087724
AGPAT1,0.05633023,0.015266354,0.26181057,0.013696258,0.07026455
AGPAT2,0.0965812,0.044421494,0.27844813,0.026857775,0.03139695
AGPAT3,0.00013030577,0.016054738,0.0006808096,0.06691829,0.004696705
AGPS,0.000520327,0.022069251,0.00012559701,0.034363143,0.03889871
AGR2,0.0017099411,0.063438766,0.0001758465,0.07012308,0.08349553
AGR3,0.0015462339,0.07151927,0.00020583246,0.026796749,0.06291609
AGRN,0.01767954,0.0038583751,0.1475943,0.025208088,0.0019667055
AGT,0.0004911953,0.03285008,0.00044904032,0.035619125,0.019800821
AGTPBP1,0.00084597134,0.03680664,0.00019729165,0.022286717,0.020326983
AGTR1,0.1219787,0.025731202,0.22217226,0.08527271,0.033386793
AGTR2,0.0011148226,0.046481177,0.00071352365,0.015271925,0.026752466
AGTRAP,0.00030487508,0.035279687,0.0003035398,0.07667017,0.021788504
AGXT,0.0002945258,0.005086121,0.0001262365,0.026669279,0.013441451
AGXT2,0.0016755386,0.025196211,0.00020647542,0.06691829,0.037456114
AHCTF1,0.22839275,0.062049106,0.31826395,0.06590312,0.06895406
AHCY,0.06305907,0.056599278,0.14280796,0.0766543,0.026459638
AHCYL1,0.0005085953,0.014235208,9.7754455e-05,0.04897601,0.007436245
AHCYL2,0.00051454664,0.029463062,0.00010404254,0.07849346,0.030536143
AHDC1,0.00062837184,0.011352114,0.0006986777,0.011722919,0.015125847
AHI1,0.00081123254,0.04398748,0.00012160935,0.03035653,0.08789893
AHNAK,0.00071314943,0.050467435,0.00020143796,0.11081539,0.012175434
AHNAK2,0.00049221166,0.004682956,0.00016883215,0.03404868,0.011129016
AHR,0.1442558,0.070501395,0.20926766,0.0426997,0.05115079
AHRR,0.00055241154,0.008341748,0.0002336724,0.018289693,0.013858617
AHSA1,0.16374442,0.059757993,0.06463584,0.08179511,0.051045895
AHSG,0.0011304192,0.06263944,0.00015234009,0.073245294,0.11113332
AHSP,0.0003957911,0.02477118,0.00017258241,0.025810784,0.023479132
AICDA,0.00044180913,0.056678448,0.000571912,0.09112044,0.026139984
AIDA,0.00040876085,0.013832827,0.00040911793,0.037381027,0.021463705
AIF1,0.00017099535,0.005540664,0.00015498592,0.026245482,0.011336632
AIF1L,0.046976946,0.0128204,0.102530524,0.028985407,0.03127341
AIFM1,0.24888742,0.046936914,0.17106031,0.048878655,0.0294014
AIFM2,0.00046682046,0.004903565,0.0002649634,0.023442874,0.014806671
AIFM3,0.00045066082,0.010627178,0.00034876863,0.024041327,0.04749779
AIG1,0.00060021254,0.015575171,0.00104513,0.008849316,0.015876988
AIM2,0.0006599186,0.009961646,0.0001751228,0.023210028,0.014593943
AIMP1,0.00041429122,0.046530124,0.00016020755,0.15484862,0.032190945
AIMP2,0.00073833566,0.011737668,0.00030588097,0.18083519,0.007906652
AIP,0.00066500227,0.030832814,0.00011686072,0.040255483,0.029265244
AIPL1,0.0005895585,0.012273432,0.00048989843,0.025175512,0.019743307
AIRE,0.00041558032,0.048507743,0.00041765484,0.06455711,0.026956856
AJAP1,0.0004163129,0.006546818,0.00015797114,0.017703548,0.007061658
AJUBA,0.0007107547,0.02990606,0.00020521048,0.099229746,0.036415547
AK1,0.10414662,0.012860775,0.5150767,0.070112325,0.012306755
AK2,0.0011372312,0.0586225,0.00014417074,0.07876725,0.06541111
AK3,0.00015189842,0.007052139,0.00036164987,0.039973915,0.010435977
AK4,0.0009148817,0.028223958,0.00044079695,0.03404868,0.032696713
AK5,0.0001246176,0.012977238,0.00011200701,0.08329653,0.008640954
AK7,0.00020366977,0.0026790956,0.00031557318,0.023442874,0.009608844
AK8,0.0019036045,0.034979653,0.0008512269,0.06069709,0.08506913
AKAP1,0.00031985855,0.04272598,0.00014261858,0.058897913,0.04677924
AKAP10,0.0009246727,0.033745587,0.00013728642,0.008796791,0.041936807
AKAP11,0.0003407953,0.026578873,0.000329581,0.09698627,0.010458471
AKAP12,0.0018316722,0.051570572,0.0002864712,0.027808517,0.06432541
AKAP13,0.0017561235,0.08830123,0.00014541514,0.033062395,0.05824102
AKAP14,0.00056525064,0.0064676525,0.00013951962,0.029588407,0.009406638
AKAP3,0.00038120762,0.017160207,0.0001988355,0.015651375,0.02425393
AKAP4,0.00081024645,0.045996506,0.00014895547,0.036096033,0.03744534
AKAP5,0.00031604074,0.021786673,0.00013498697,0.033141084,0.01608873
AKAP6,0.0011258294,0.08205434,0.00012200229,0.044351716,0.065352924
AKAP7,0.0005788278,0.015562411,0.00014172723,0.03409866,0.025616813
AKAP8,0.00039192988,0.12624559,0.00018630445,0.07584733,0.05717415
AKAP8L,0.22363533,0.042427547,0.292428,0.07296411,0.022843458
AKAP9,0.00055321614,0.027375244,0.00011482591,0.15453652,0.0071242815
AKIP1,0.00016479495,0.016673293,0.00016109418,0.19238068,0.010075571
AKIRIN1,0.00076767086,0.014558505,0.00015871883,0.022973275,0.019150965
AKIRIN2,0.0010474499,0.04509079,0.00036312643,0.038573407,0.12300241
AKNA,0.040190384,0.013517218,0.123747885,0.011245472,0.01647679
AKNAD1,0.0017374204,0.021277707,0.00047212932,0.017034966,0.02945606
AKR1A1,0.115629606,0.007671057,0.183976,0.011681861,0.016581472
AKR1B1,0.0004164278,0.13762505,0.0002432934,0.069421805,0.07684466
AKR1B10,0.0002930089,0.017244475,0.00043098966,0.1012721,0.014300682
AKR1C2,0.0013956751,0.006601156,0.004975183,0.01804367,0.025193593
AKR1C3,0.49084535,0.205263,0.43081725,0.044827595,0.23025718
AKR7A2,0.09204139,0.016480822,0.14425284,0.07545655,0.029732157
AKR7A3,0.00040779467,0.02306577,6.8409885e-05,0.049843416,0.040127095
AKT1,0.87536526,0.91723186,0.4614325,0.50273085,0.83495456
AKT1,0.87536526,0.91723186,0.4614325,0.50273085,0.83495456
AKT1S1,0.00045299652,0.02147246,0.00015955507,0.074714944,0.013998715
AKT2,0.63577753,0.42894703,0.2977781,0.18742114,0.27540243
AKT3,0.68750876,0.24133351,0.25561675,0.08266348,0.16826612
AKTIP,0.1695565,0.05550415,0.34951925,0.14387847,0.0372059
ALAD,0.7596689,0.37578073,0.5545502,0.06866131,0.5873504
ALAS1,0.0004814847,0.022364285,0.00017592128,0.08510875,0.026840707
ALAS2,0.00036326994,0.008728229,0.00019891004,0.03342036,0.017181346
ALB,0.15988654,0.07245591,0.35676554,0.23310179,0.038333792
ALCAM,0.0006834297,0.005869572,0.00017129627,0.013307749,0.0037427242
ALDH16A1,0.15880698,0.014199399,0.21230909,0.008605173,0.035378527
ALDH18A1,0.0019843567,0.10214089,0.00014622702,0.113731965,0.18094477
ALDH1A1,0.0017396442,0.013514433,0.00023741176,0.014566581,0.03698787
ALDH1A2,0.0013402208,0.05711573,0.00016020099,0.0698648,0.04426366
ALDH1A3,0.060695224,0.008385,0.09046674,0.023442874,0.013419338
ALDH1B1,0.0007314863,0.02279034,0.00033166131,0.0229092,0.036766104
ALDH2,0.34923854,0.09684638,0.10918852,0.05264861,0.073445596
ALDH3A1,0.14554317,0.018308552,0.26264903,0.049843416,0.060447164
ALDH3A2,0.001587597,0.07403382,0.00015601508,0.096370876,0.03366166
ALDH3B2,0.00091481325,0.024345402,0.00011966828,0.023442874,0.05590757
ALDH4A1,0.00048411966,0.008838825,0.001013939,0.015479423,0.011508415
ALDH5A1,0.42062667,0.04149839,0.7931004,0.09978102,0.06423536
ALDH6A1,0.0024301624,0.019664796,0.00030986103,0.023304028,0.054503508
ALDH7A1,0.0012982485,0.021441238,0.000117905816,0.010703422,0.01794623
ALDH8A1,0.0016796051,0.028633391,0.0013890602,0.017034966,0.07685148
ALDH9A1,0.001631444,0.12883581,0.0004429585,0.0550857,0.074765116
ALDOA,0.4314387,0.20734955,0.20302449,0.06761431,0.13222142
ALDOB,0.6235555,0.14016405,0.2479491,0.08031579,0.039067343
ALDOC,0.057991907,0.050664574,0.25116336,0.106096715,0.018078513
ALG11,0.0023656455,0.048885975,0.0009264643,0.046332557,0.10959569
ALG12,0.00037828233,0.036891807,0.00024781202,0.026245482,0.14587048
ALG13,0.0005822745,0.015583751,0.00014381213,0.03561833,0.1011068
ALG2,0.038859118,0.02988081,0.12436942,0.024410563,0.014332779
ALG3,0.20418736,0.023232969,0.2973849,0.009380428,0.10044975
ALG5,0.000691497,0.038575433,7.934297e-05,0.023442874,0.088654816
ALG6,0.0011783269,0.033732425,0.0058216513,0.01804367,0.038359042
ALG8,0.00081508636,0.051586293,0.0003367773,0.07357072,0.04272631
ALG9,0.00028462376,0.008478627,0.00021548395,0.06508585,0.023733525
ALK,0.04482851,0.040409606,0.16289373,0.12738432,0.020343274
ALKBH1,0.00063218386,0.022396982,8.195871e-05,0.021392673,0.017105045
ALKBH2,0.0003815268,0.017286781,0.00010157113,0.008678562,0.023045057
ALKBH3,0.73329914,0.3253606,0.22109556,0.14538224,0.25078237
ALKBH4,0.0002644279,0.012687048,5.9522514e-05,0.017703548,0.018617367
ALKBH5,0.0002088116,0.0051978114,0.00013244967,0.008678562,0.005873424
ALKBH7,0.028292168,0.0057222,0.04838405,0.008678562,0.0067400592
ALKBH8,0.0019614934,0.008590751,0.0022312975,0.01804367,0.026938172
ALMS1,0.2071205,0.016245583,0.06212033,0.011185222,0.026949767
ALOX12,0.0001209962,0.006125312,0.00016738632,0.055746976,0.0056547555
ALOX12B,0.00040062465,0.009289733,0.0006135924,0.049843416,0.015962478
ALOX15,0.0045972555,0.008562556,0.0066125263,0.01804367,0.027027069
ALOX5,0.00094281445,0.049439464,0.00058989716,0.12116299,0.02630691
ALOX5AP,0.0004199138,0.010211199,0.0002968215,0.03989499,0.02327441
ALOXE3,0.0004780762,0.007344137,0.00019235951,0.023442874,0.027635923
ALPK1,0.45107657,0.14831063,0.54982394,0.09978102,0.1361495
ALPK2,0.00036407812,0.0043995115,0.0005809704,0.023442874,0.0062299804
ALPP,0.00018484148,0.005825917,0.00019479587,0.02390177,0.01989281
ALS2,0.00062306045,0.03422343,0.00011070688,0.15292297,0.007768401
ALS2CL,0.00087471644,0.008520297,0.00026735943,0.020270698,0.014888547
ALX1,0.00094520923,0.038135417,9.566555e-05,0.011245472,0.049990524
ALX3,0.0025421325,0.00929288,0.0041718506,0.01804367,0.036390718
ALX4,0.00039716653,0.008218924,0.00015503203,0.016603407,0.017041475
ALYREF,0.000445305,0.026668036,0.00050891587,0.025999188,0.01765713
AMBP,0.0005451542,0.09242559,0.00020727704,0.025507925,0.096621916
AMBRA1,0.0005159247,0.10513819,0.00011350648,0.055472553,0.10067579
AMD1,0.00079200993,0.029435765,0.000120423436,0.023442874,0.053652808
AMDHD2,0.0006367757,0.016662274,0.00014179212,0.042580854,0.028664066
AMER1,0.0010743606,0.012381948,0.00011734567,0.044621475,0.027659142
AMER2,0.00042098595,0.008616244,0.00040059316,0.020860827,0.017673556
AMFR,0.15060829,0.169069,0.29480097,0.091265805,0.069811866
AMH,0.00023660909,0.006693079,0.00012346932,0.011851088,0.011026407
AMHR2,0.10805873,0.009515324,0.1253688,0.02800913,0.0146690635
AMIGO1,0.0020578073,0.01717171,0.00020395311,0.011909331,0.05183494
AMIGO2,0.00044675867,0.008527583,5.6367433e-05,0.03436112,0.03284871
AMIGO3,0.0018359999,0.017503561,0.000939217,0.011909331,0.053288803
AMMECR1,0.0007111585,0.010961707,0.000280428,0.03404868,0.011995901
AMMECR1L,0.0008105495,0.06283172,0.00017354397,0.015704844,0.092929624
AMN,0.0002824832,0.0045279115,0.00014748886,0.020951219,0.015789237
AMOT,0.0004672588,0.09882149,0.00029171308,0.11967105,0.051924564
AMOTL1,0.000623271,0.01838011,0.0002727193,0.011245472,0.012546108
AMOTL2,0.00011702196,0.11154078,0.00014078882,0.38704735,0.032229204
AMPD1,0.00036868153,0.0052431747,0.00037116423,0.034953285,0.012873198
AMPD1,0.00036868153,0.0052431747,0.00037116423,0.034953285,0.012873198
AMPD2,0.18619299,0.065997325,0.12809572,0.022454023,0.054239184
AMPD3,0.13148512,0.014230043,0.09401656,0.047224198,0.025956783
AMPH,0.07348746,0.024820361,0.26079872,0.14098792,0.020507416
AMT,0.004491684,0.0053749126,0.0071288836,0.01804367,0.012283516
AMY2A,0.00043057906,0.026045378,0.00024273663,0.047569454,0.063290834
AMZ1,0.0012338831,0.0027759664,0.0027581232,0.01804367,0.0076270946
AMZ2,0.000495082,0.015002299,0.000339668,0.023442874,0.042267863
ANAPC1,0.6188615,0.30993602,0.3927829,0.1353808,0.4111744
ANAPC10,0.28645912,0.10530134,0.21304254,0.047443043,0.07567837
ANAPC11,0.00036007236,0.09875665,0.0004353169,0.069496416,0.06538742
ANAPC13,0.1328366,0.04250816,0.14999755,0.026517374,0.05811694
ANAPC15,0.0030770223,0.014736699,0.021025075,0.01804367,0.05960701
ANAPC16,0.0014325714,0.012610044,0.0004890015,0.031085582,0.016283272
ANAPC2,0.08171995,0.09045907,0.2933188,0.10998552,0.047852263
ANAPC4,0.09749404,0.02331305,0.41161433,0.093020104,0.04307192
ANAPC5,0.0008690038,0.07245858,5.9815215e-05,0.078832544,0.0581273
ANAPC7,0.00047707284,0.023778629,7.141588e-05,0.11670053,0.0067756497
ANG,0.00044662625,0.014958793,0.000136988,0.03770934,0.032857157
ANGEL1,0.0007288376,0.008119926,0.0001893251,0.023442874,0.015304371
ANGPT1,0.0006018431,0.012253603,0.00014088994,0.0123439105,0.021620734
ANGPT2,0.0016570677,0.009810618,0.00015292545,0.02572108,0.022836093
ANGPTL1,0.00081603095,0.010243389,0.00063846447,0.04029104,0.013520881
ANGPTL3,0.00093729806,0.01804134,0.00020642976,0.013307749,0.027762236
ANGPTL4,0.0006827179,0.012766175,0.0006096346,0.012576047,0.016311305
ANGPTL6,0.00451476,0.014233387,0.0012634083,0.01804367,0.037938677
ANGPTL7,0.002124506,0.038196005,0.0009492045,0.017034966,0.05069937
ANK1,0.00033260934,0.0373554,0.00017839442,0.08982696,0.01812696
ANK2,0.0004271358,0.02087013,0.00039616937,0.06702567,0.0067482935
ANK3,0.12302545,0.031020742,0.3270815,0.05231598,0.012849865
ANKFN1,0.005343413,0.009300711,0.0035163888,0.01804367,0.024102394
ANKFY1,0.0002801808,0.017365865,0.0002055477,0.032904983,0.016808383
ANKH,0.028721381,0.0067894077,0.27124858,0.052114382,0.017641472
ANKHD1,0.0011212325,0.03420602,0.00014830439,0.07970861,0.030580785
ANKIB1,0.0013404544,0.032367628,0.00010289302,0.05133032,0.02336162
ANKK1,0.006232145,0.016649716,0.0013858778,0.01804367,0.056439098
ANKLE2,0.0008434987,0.037408646,0.00049678143,0.030808024,0.11413333
ANKMY1,0.0031390663,0.012341685,0.0008231056,0.01804367,0.016916007
ANKMY2,0.00039473348,0.015633225,0.00023163541,0.037062395,0.017743645
ANKRA2,0.0012104973,0.029902084,7.640104e-05,0.030235812,0.098603845
ANKRD1,0.00067817303,0.046577208,0.00015192246,0.05676482,0.050079655
ANKRD10,0.0010678107,0.0075504025,0.00019601457,0.021392673,0.020283012
ANKRD11,0.030516608,0.025789194,0.04481012,0.09053533,0.05605124
ANKRD12,0.0009805486,0.030556586,0.00010881522,0.0766014,0.015189834
ANKRD13A,0.0004836109,0.021104062,0.00021170563,0.011245472,0.026814643
ANKRD13B,0.00022672709,0.0043159397,0.00015797114,0.04225217,0.009634308
ANKRD13C,0.05091306,0.015915068,0.03836374,0.018664645,0.012093581
ANKRD13D,0.00030772723,0.013554681,0.00015797114,0.09680679,0.014960825
ANKRD17,0.00072185096,0.05456565,0.00020896993,0.049515102,0.105698794
ANKRD2,0.00029498411,0.022120524,0.0001375254,0.08749348,0.010606476
ANKRD23,0.00057094876,0.0033345118,0.00015657276,0.017275047,0.012663614
ANKRD24,0.0009533805,0.023316517,0.00015797114,0.010767184,0.019544626
ANKRD26,0.043882135,0.006222581,0.044163156,0.011722919,0.010430961
ANKRD27,0.0007233412,0.037552387,7.615402e-05,0.055504415,0.08156592
ANKRD28,0.0004222739,0.044795223,0.00014831287,0.03507935,0.01661564
ANKRD31,0.011498145,0.016473908,0.0060976087,0.01804367,0.077251986
ANKRD33,0.0017956404,0.010968263,0.00090418826,0.01804367,0.0126365395
ANKRD34B,0.0056891995,0.024050564,0.007206219,0.01804367,0.0358532
ANKRD34C,0.00032209454,0.0151432175,0.00012550746,0.010057129,0.021717379
ANKRD37,0.00043561103,0.0042063063,0.0013457387,0.023442874,0.013119166
ANKRD39,0.00035786047,0.018025732,0.00015797114,0.044235084,0.058090866
ANKRD40,0.0004518074,0.023189655,0.00038813995,0.023331378,0.026881758
ANKRD42,0.00059009285,0.007022597,0.00015797114,0.026331594,0.009454336
ANKRD44,0.0010589008,0.013746205,0.0005518395,0.038877636,0.0149447275
ANKRD45,0.0010502283,0.028701348,0.00104513,0.026331594,0.036753196
ANKRD46,0.0011843697,0.014666534,0.0002918132,0.023442874,0.02904301
ANKRD49,0.017110024,0.06654719,0.010187616,0.01804367,0.08987279
ANKRD50,0.00083699264,0.01148775,0.0002829247,0.024041327,0.0210928
ANKRD52,0.00026435577,0.01275666,0.00032879267,0.044937905,0.025824942
ANKRD54,0.00045840425,0.011263286,0.001038588,0.008382098,0.02085872
ANKRD55,0.0019334052,0.0054721283,0.00060640625,0.013978116,0.02948228
ANKRD6,0.0022962815,0.026767245,0.00027077436,0.019431824,0.026087059
ANKRD7,0.00043284535,0.009541231,0.00015797114,0.046332557,0.019753285
ANKS1A,0.00048501987,0.020938765,0.00021616407,0.027329886,0.022596966
ANKS1B,0.0004929305,0.019085435,0.00015762012,0.02113287,0.017005106
ANKS4B,0.0037882584,0.009188769,0.0009492045,0.028985407,0.038016725
ANKS6,0.0003294698,0.0076930146,0.00017354397,0.017034966,0.010204675
ANKZF1,0.7147406,0.34064683,0.32250792,0.059433043,0.43434313
ANLN,0.00046336398,0.05759778,0.00019141652,0.027808795,0.099800065
ANO1,0.0004067423,0.016331922,0.00028395618,0.026462918,0.04181513
ANO10,0.00087711756,0.013371877,0.00032669635,0.023442874,0.022027086
ANO2,0.00057790964,0.007192456,0.00020565395,0.023442874,0.02084183
ANO3,0.0022290705,0.0064350166,0.0007402989,0.01804367,0.020358652
ANO8,0.00025831678,0.009560447,0.0013890602,0.03158699,0.018416662
ANOS1,0.00028427638,0.002184519,0.00017129627,0.02435605,0.0031574774
ANP32A,0.00033458532,0.021388577,0.00039936783,0.20043176,0.009469007
ANP32B,0.0010600373,0.068506494,0.00058989716,0.06340116,0.0356813
ANP32D,0.00021429764,0.004971115,0.00047030186,0.021392673,0.021112442
ANP32E,0.0003419518,0.004755227,0.00020243147,0.028792977,0.009067167
ANPEP,0.00027684966,0.0026530519,0.00018504022,0.03158699,0.00505395
ANTKMT,0.023732195,0.020624831,0.0628893,0.01804367,0.040752865
ANTXR1,0.0009182369,0.06409836,0.000110202374,0.108719915,0.08979638
ANTXR2,0.0015467552,0.071600355,0.00016717735,0.02679841,0.028036611
ANXA1,0.00046144112,0.081526935,9.243664e-05,0.12210298,0.03998108
ANXA10,0.00028453532,0.008672812,0.00015797114,0.046332557,0.020171102
ANXA11,0.00025747318,0.017765256,0.00016348902,0.029799249,0.012717289
ANXA13,0.00079705345,0.030710805,0.0002117018,0.025547449,0.078648254
ANXA2,0.00036218273,0.03034759,9.8961165e-05,0.09456731,0.0051262476
ANXA2R,0.004495035,0.022432812,0.0047842115,0.01804367,0.039889477
ANXA3,0.0016393126,0.03361846,0.00011574494,0.03823579,0.03672446
ANXA4,0.00032695156,0.019144978,0.0003577525,0.027927298,0.025613457
ANXA5,0.051474705,0.010022225,0.15103617,0.05466783,0.007780743
ANXA6,0.19265145,0.04408595,0.28719953,0.03984609,0.02589024
ANXA7,0.068686716,0.024926191,0.2574644,0.19283855,0.010587878
ANXA8,0.0010047877,0.03683723,0.00017129627,0.05802234,0.06735801
ANXA9,0.0006563219,0.030140983,0.00047265933,0.05061941,0.038829725
AOC1,0.008919005,0.0029824728,0.11122023,0.053084876,0.0039845174
AOC2,0.0018268932,0.019037042,0.0025659683,0.01804367,0.023659108
AOC3,0.072771564,0.0126336245,0.039764743,0.01755446,0.022105068
AOX1,0.0010984861,0.08311073,0.00012299903,0.038198512,0.045382958
AP1AR,0.00058254204,0.015297517,0.00019235951,0.011185222,0.023367222
AP1B1,0.00027790613,0.051649228,0.00013036194,0.043944307,0.034314025
AP1G1,0.14267376,0.05754281,0.1395082,0.062388398,0.1455638
AP1G2,0.00092103204,0.020923253,0.00021681491,0.021028263,0.047091354
AP1M1,0.00071607134,0.06617614,0.0002394774,0.06483275,0.0419964
AP1M2,0.0009296507,0.055091806,0.0002252258,0.10396442,0.026526554
AP1S1,0.030673333,0.009070655,0.17336686,0.050888,0.006727984
AP1S2,0.0005209285,0.012964345,0.0001178957,0.010767184,0.022216538
AP1S3,0.00014263968,0.0058853575,0.00024937087,0.10439912,0.0054776845
AP2A1,0.113794595,0.047041707,0.5233459,0.101070926,0.015702117
AP2A2,0.00022849535,0.04173745,0.00014531033,0.041334543,0.012003398
AP2B1,0.16493641,0.19838417,0.14681555,0.25605604,0.038538348
AP2M1,0.00067471055,0.042402364,0.00028211394,0.14289773,0.03241221
AP2S1,0.00032131062,0.03683307,0.00015652813,0.05307372,0.06144597
AP3B1,0.00043485512,0.04693108,0.00014149201,0.091321506,0.034937292
AP3B2,0.00025992436,0.020931328,9.9122764e-05,0.1293833,0.021415684
AP3D1,0.00060656056,0.046388812,0.00017600517,0.049455445,0.027986854
AP3M1,0.00044516512,0.019363068,8.6497086e-05,0.024893265,0.010624931
AP3M2,0.0003864171,0.0036598758,0.00024922114,0.020175396,0.006340832
AP3S1,0.00032882713,0.011998038,0.0002117018,0.054822758,0.010736211
AP3S2,0.05122152,0.026957832,0.081957415,0.18012077,0.013555619
AP4B1,0.00046643883,0.049503896,0.00015506102,0.056381885,0.052958652
AP4E1,0.44376338,0.2158992,0.31240913,0.047840208,0.26559475
AP4M1,0.0019663225,0.04848764,0.00026311763,0.054802448,0.018000115
AP4S1,0.000338456,0.0117860865,0.0002842742,0.070112325,0.011598494
AP5B1,0.0006294295,0.0276558,7.4166855e-05,0.04057241,0.033080563
AP5M1,0.00086646964,0.011650705,0.00019336173,0.020951219,0.01845941
AP5S1,0.0028146692,0.01417965,0.0016052688,0.01804367,0.007562207
AP5Z1,0.00085875654,0.017043712,0.0007262992,0.0698648,0.04537963
APAF1,0.26216048,0.063647255,0.41736236,0.09711622,0.043117154
APBA1,0.0006263422,0.02609782,0.0001425082,0.053242143,0.021394072
APBA2,0.00029110932,0.00982665,0.00013367852,0.05307372,0.011956726
APBA3,0.0005760311,0.008733983,0.00025781733,0.06586782,0.019977212
APBB1,0.0010090095,0.023966841,0.00045420768,0.073242895,0.016800968
APBB1IP,0.0006980664,0.04834121,0.00017810124,0.045911327,0.05061469
APBB2,0.00027758043,0.005287856,0.000135905,0.031085582,0.007951249
APBB3,0.00032763052,0.014227199,0.00017445814,0.054051317,0.013686793
APC,0.08362919,0.11294564,0.49058872,0.06460228,0.069787234
APC2,0.00021958498,0.008203554,0.0001511523,0.058897913,0.0070537687
APCDD1,0.00032006018,0.006765796,0.00051447435,0.022974111,0.010043784
APCS,0.0017374958,0.07193982,0.00027492738,0.06445435,0.08704365
APEH,0.00026417713,0.01000253,9.405042e-05,0.024526373,0.012852013
APEX1,0.15393196,0.037019305,0.43081397,0.20043176,0.0141039565
APEX2,0.7500005,0.5758582,0.49159577,0.099410556,0.6228984
APH1A,0.0019611425,0.023440266,0.00018081332,0.039986305,0.021496257
APH1B,0.0007079492,0.022012217,0.00015827481,0.032661267,0.035417695
API5,0.036408696,0.010219216,0.07046322,0.024526373,0.01657746
APIP,0.0002194906,0.019803658,0.000118077965,0.07092229,0.03165993
APLF,0.0002580935,0.014547442,0.00020246545,0.33002645,0.0068021626
APLN,0.0012894548,0.017170986,0.00021625354,0.022617301,0.014238941
APLP1,0.18722583,0.087768845,0.18549469,0.18075153,0.03475002
APLP2,0.0003548167,0.026051616,0.00022266438,0.051020935,0.014793815
APMAP,0.0011845835,0.01582093,0.00015359344,0.07849346,0.043174814
APOA1,0.0005468274,0.04817443,9.759528e-05,0.14572074,0.015120926
APOA2,0.0009624459,0.017412575,0.00019789793,0.042770624,0.021853542
APOA4,0.00048810692,0.020366024,0.000120803554,0.06018946,0.011642515
APOA5,0.0003245268,0.00537014,0.00013593481,0.02678978,0.0062768944
APOB,0.00079514325,0.053432275,0.00039134876,0.06551194,0.02409188
APOBEC1,0.0008883736,0.027831776,0.0002466525,0.024729606,0.015120926
APOBEC3B,0.0007979331,0.008774844,8.874339e-05,0.023442874,0.020541694
APOBEC3C,0.0007710019,0.01530062,8.9567984e-05,0.03780019,0.015414433
APOBEC3F,0.00037231954,0.011164767,0.000135905,0.030235812,0.011669487
APOBEC3G,0.0004007379,0.013009018,0.00010934142,0.048723042,0.020590886
APOBEC3H,0.0013287358,0.0048111863,0.01057422,0.01804367,0.02150508
APOBR,0.007663441,0.019131502,0.0006752203,0.01804367,0.050321106
APOC1,0.44142875,0.16794312,0.39808017,0.04190602,0.31703576
APOC2,0.00064260187,0.008526056,0.00013050907,0.064797975,0.025364403
APOC3,0.00012585057,0.0039171334,0.00015977962,0.013574262,0.00289535
APOD,0.00039432631,0.009505914,0.00013621156,0.033040963,0.018003404
APOE,0.29210153,0.08410969,0.31326133,0.15384021,0.040391073
APOH,0.00071515405,0.029978232,0.00014052272,0.06271307,0.02860837
APOL1,0.00047821546,0.011560569,0.00014859217,0.03940597,0.029365307
APOL2,0.00035041018,0.02465978,0.00027499686,0.011722919,0.10165869
APOL5,0.0002983052,0.014998537,6.598025e-05,0.034087338,0.022819618
APOL6,0.00038172418,0.016227076,0.0004944903,0.076361425,0.027648013
APOLD1,0.0027885814,0.006649136,0.0075840782,0.01804367,0.01498209
APOM,0.00055551145,0.0074775126,0.00020835616,0.016635949,0.014857165
APOO,0.00023010817,0.0070984885,0.0003416043,0.015654534,0.013422817
APP,0.22018671,0.13936959,0.66243577,0.54829013,0.03427817
APPBP2,0.25570947,0.123480394,0.11004202,0.08475719,0.049655102
APPL1,0.0025284823,0.103736594,0.00024007361,0.10934737,0.020663409
APPL2,0.0004037465,0.012981038,0.00033385053,0.024358278,0.022494277
APRT,0.029408278,0.010671318,0.15493624,0.039369363,0.007858945
APTX,0.00068319205,0.021928415,0.00013435044,0.05394154,0.025159182
AQP1,0.0004529026,0.02401621,0.00045107023,0.080376625,0.010809675
AQP11,0.00057957694,0.0147124715,0.00020171647,0.0374879,0.018942447
AQP11,0.00057957694,0.0147124715,0.00020171647,0.0374879,0.018942447
AQP12B,0.0015423542,0.005507855,0.005937283,0.01804367,0.011474571
AQP2,0.07717262,0.0053273365,0.20684057,0.028985407,0.012822669
AQP3,0.00040147183,0.009133514,0.0002055477,0.024101408,0.015222608
AQP4,0.0002963914,0.009715975,0.0014787574,0.021026954,0.0058027655
AQP5,0.0011685281,0.05425976,0.0002904426,0.031009777,0.09088224
AQP7,0.010891416,0.11879507,0.016780162,0.01804367,0.086366944
AQR,0.00014338615,0.017556967,0.000109518915,0.03972294,0.054048885
AR,0.15118967,0.124632165,0.2685314,0.4187959,0.029774671
ARAF,0.082950704,0.04495888,0.15661189,0.11292586,0.013340836
ARAP1,0.0005347609,0.014737675,0.00016477531,0.045055617,0.009117419
ARAP2,0.003708588,0.032645307,0.0012754824,0.01804367,0.058742825
ARAP3,0.00069940946,0.019613238,0.00012550746,0.04225217,0.013234381
ARC,0.0006265151,0.013602583,0.00023484275,0.01358578,0.033282477
ARCN1,0.22374375,0.08034739,0.27014926,0.10114647,0.18012212
AREG,0.00070561364,0.021597618,0.0003171146,0.024410563,0.027427373
AREL1,0.0012673078,0.021628536,0.0003453895,0.036598153,0.029771276
ARF1,0.0010593584,0.18508127,0.00010775385,0.15384021,0.080244616
ARF3,0.00056430564,0.056637034,0.00014889527,0.034278546,0.04058107
ARF4,0.53010195,0.6256868,0.34204537,0.13822865,0.4552222
ARF5,0.5052084,0.2794479,0.15340485,0.08080008,0.35590354
ARF6,0.16627485,0.09909446,0.16787174,0.20755693,0.07079549
ARFGAP1,0.0003987721,0.058655076,0.00040749894,0.12868798,0.015765416
ARFGAP2,0.0006383306,0.034211885,0.00021837777,0.012257511,0.053490873
ARFGAP3,0.00046070386,0.026403066,0.0002973163,0.035091348,0.019957596
ARFGEF1,0.0007323763,0.03283267,0.00010934142,0.08017108,0.016221208
ARFGEF2,0.0007313347,0.09425539,9.591126e-05,0.04792855,0.035411373
ARFIP1,0.0003247345,0.005701045,0.00015408677,0.028792977,0.007822603
ARFIP2,0.00078409375,0.029998237,7.560893e-05,0.06992287,0.01103639
ARFRP1,0.0004040959,0.051231805,0.00038563344,0.009380428,0.041690875
ARG1,0.00047368678,0.016810786,0.00031420603,0.038368754,0.029603083
ARG2,0.0011985787,0.022936506,0.00040936723,0.046332557,0.018143794
ARGLU1,0.032741677,0.020341782,0.01800207,0.051949967,0.026190866
ARHGAP1,0.15746315,0.1004706,0.1853853,0.112931676,0.032934707
ARHGAP10,0.00015405224,0.011447906,0.00021330731,0.04785222,0.011637079
ARHGAP11A,0.0010578744,0.021480246,0.00011849327,0.011722919,0.03246496
ARHGAP12,0.0006555963,0.016164396,0.00024273663,0.034017965,0.012926939
ARHGAP15,0.0006568409,0.03296907,0.00016203916,0.024729606,0.037060875
ARHGAP17,0.00058763626,0.068208694,0.00020260854,0.034771934,0.045420613
ARHGAP19,0.00047186544,0.043645717,0.00030047251,0.024041327,0.034601424
ARHGAP20,0.0004683015,0.008542396,9.2715694e-05,0.009591285,0.018971233
ARHGAP21,0.00040802214,0.011175196,0.00014859217,0.013933608,0.020424161
ARHGAP22,0.001553452,0.014196604,0.0010642837,0.04029104,0.024527194
ARHGAP24,0.14620043,0.044183735,0.15158188,0.049156703,0.04884885
ARHGAP25,0.0016040558,0.00984016,0.00022988362,0.023442874,0.020685425
ARHGAP26,0.0010649941,0.028331969,0.00040911793,0.10444256,0.049645178
ARHGAP27,0.00083026214,0.031837434,0.00043165535,0.02111291,0.03512852
ARHGAP29,0.00043395982,0.029744416,0.000104824285,0.02679841,0.031184334
ARHGAP30,0.003578515,0.011793698,0.0151101295,0.01804367,0.015547026
ARHGAP31,0.00084247696,0.012831261,0.00054094923,0.029632905,0.056474723
ARHGAP32,0.000768717,0.05528176,0.00017223308,0.03996354,0.026342606
ARHGAP33,0.00037417604,0.0132978605,0.00020834562,0.028985407,0.029711353
ARHGAP35,0.00077820837,0.030827777,0.00031717992,0.024222368,0.02621346
ARHGAP4,0.00033509033,0.009929263,0.00030156996,0.0123439105,0.00663095
ARHGAP44,0.000382629,0.029086461,0.0001675035,0.014566581,0.04210189
ARHGAP45,0.009921658,0.016101742,0.0628893,0.01804367,0.057107218
ARHGAP5,0.00036005263,0.021010067,0.000100345795,0.010135678,0.038997423
ARHGAP6,0.00038467752,0.010429243,0.00015827481,0.016529309,0.013910167
ARHGAP8,0.0016950156,0.07024137,0.00018539783,0.02442954,0.09251639
ARHGAP9,0.0009482743,0.027293224,0.0001427556,0.07012308,0.06959378
ARHGDIA,0.00066467945,0.015597032,0.00041762338,0.11502292,0.008317183
ARHGDIB,0.00042747718,0.022347903,0.00031569775,0.033206817,0.019858658
ARHGDIG,0.0008836561,0.016009327,0.00017239526,0.025637686,0.067588784
ARHGEF1,0.0010543213,0.048702918,8.719481e-05,0.09329344,0.024372576
ARHGEF10,0.00029389272,0.004834778,0.00016560698,0.024671968,0.0077515347
ARHGEF10L,0.00062188844,0.017310774,0.00025141728,0.043872934,0.015611124
ARHGEF11,0.00075526745,0.0413307,0.00049492065,0.037068617,0.021291474
ARHGEF12,0.11119549,0.016862407,0.22757748,0.03160047,0.022600912
ARHGEF15,0.00084762106,0.026107611,0.0002055477,0.03823579,0.021581696
ARHGEF16,0.00045809668,0.017293181,0.00017234628,0.031085582,0.039307762
ARHGEF18,0.0005298473,0.010451096,0.00018208963,0.053084876,0.016179144
ARHGEF19,0.0002902959,0.010684566,0.00017197724,0.047569454,0.021007346
ARHGEF2,0.49832448,0.15849787,0.34052595,0.06603832,0.14085776
ARHGEF25,0.0008340707,0.023530079,0.00030413189,0.009891949,0.049185105
ARHGEF26,0.0021827673,0.012263655,0.0017473482,0.01804367,0.023204116
ARHGEF28,0.007617597,0.015014233,0.0009524359,0.01804367,0.024896743
ARHGEF3,0.0018124277,0.037602786,0.00014695078,0.039135396,0.025637465
ARHGEF33,0.002496457,0.015884478,0.00412714,0.01804367,0.052802797
ARHGEF35,0.3832044,0.03652644,0.349999,0.023442874,0.094409674
ARHGEF38,0.0036661774,0.009677823,0.0011028401,0.01804367,0.031117985
ARHGEF39,0.00047464453,0.014668114,0.0010642837,0.011245472,0.020141793
ARHGEF4,0.00037716553,0.028876003,0.00012900762,0.12661184,0.02200611
ARHGEF40,0.0009473753,0.010352775,0.00031622066,0.06586782,0.008158602
ARHGEF5,0.000536808,0.01114227,0.00019142126,0.101857714,0.011370261
ARHGEF6,0.0002148941,0.026995262,0.0001233814,0.05840855,0.012424611
ARHGEF7,0.00032018928,0.06518337,0.0002398238,0.044139426,0.046506755
ARHGEF9,0.0007884409,0.008008614,0.00015503203,0.02927176,0.008741995
ARID1A,0.10251719,0.049836386,0.14869462,0.078832544,0.053759094
ARID1B,0.5973897,0.48605615,0.33217368,0.11081539,0.34632254
ARID2,0.10182823,0.03472275,0.13280664,0.04065353,0.028269006
ARID3A,0.0002124676,0.02131369,8.479325e-05,0.09541293,0.011498194
ARID3B,0.00057431136,0.029809866,0.0004908536,0.020978805,0.017981755
ARID4A,0.0010582146,0.13295004,0.00040894246,0.12334042,0.09468713
ARID4B,0.00086165813,0.05889428,0.00040058338,0.050667737,0.050617952
ARID5A,0.02602883,0.009980837,0.26155972,0.0570097,0.0068553807
ARID5B,0.00089650316,0.012336588,0.0001820058,0.015654534,0.023800556
ARIH1,0.10944322,0.08420415,0.07762545,0.058489792,0.13092852
ARIH2,0.000639614,0.11563685,0.0004821679,0.100283764,0.039134555
ARK2N,0.00785038,0.0122747095,0.0628893,0.01804367,0.012465334
ARL1,0.0007606239,0.0791238,0.00038000624,0.09329344,0.0617309
ARL10,0.00031400748,0.0108167855,0.00015797114,0.023442874,0.025972618
ARL11,0.00063754845,0.016366292,0.00023163541,0.10439912,0.015204177
ARL13A,0.082048446,0.02348777,0.17473322,0.038877636,0.022984967
ARL13B,0.001829319,0.01371757,0.00018351666,0.023442874,0.017412078
ARL14,0.00035418756,0.0098925745,0.0001772959,0.029588407,0.033059444
ARL14EP,0.00080930616,0.018508906,0.00015797114,0.041553,0.025803916
ARL15,0.0013496534,0.043557283,0.00023970079,0.10384995,0.025012668
ARL16,0.0005844181,0.020014526,0.00034637313,0.011245472,0.01666908
ARL2,0.07571124,0.0779622,0.17489375,0.082221754,0.07122381
ARL2BP,0.00050192775,0.0169626,0.00021766289,0.04785222,0.040241856
ARL3,0.00021637956,0.011277701,0.00054082624,0.12326603,0.003950329
ARL4A,0.10055894,0.030936986,0.090326294,0.08479036,0.03618353
ARL4C,0.00057016977,0.011473999,0.00046668857,0.011722919,0.016505629
ARL4D,0.18654625,0.039497703,0.2459567,0.10113981,0.031942617
ARL5A,0.0025225207,0.033495028,0.00017115814,0.020978805,0.05496717
ARL5B,0.00057488395,0.0071136043,0.00013951962,0.024041327,0.015500855
ARL6,0.13100392,0.04652812,0.31696978,0.026159864,0.037387375
ARL6IP1,0.0009986379,0.049436476,0.00031026188,0.10013232,0.016269209
ARL6IP4,0.0007482397,0.03385202,7.998901e-05,0.06684685,0.01795292
ARL6IP5,0.00067792647,0.034301963,0.00041050542,0.024358278,0.04377652
ARL6IP6,0.00042044072,0.014377437,0.00015797114,0.06389214,0.014376443
ARL8A,0.04660576,0.004368299,0.21669994,0.07357072,0.0037415614
ARL8B,0.0006974443,0.030525284,0.00036622593,0.036598153,0.04676922
ARMC1,0.00033426646,0.025416605,0.0002696115,0.03419284,0.021078361
ARMC10,0.0004963531,0.007173336,0.00015657276,0.04225217,0.015701048
ARMC2,0.0012530283,0.005461494,0.006955039,0.01804367,0.019364713
ARMC3,0.003403201,0.0035989934,0.008300146,0.01804367,0.022828523
ARMC5,0.0014615163,0.033820562,0.0008930034,0.010057129,0.08407169
ARMC6,0.0011110547,0.03867401,0.000113359594,0.022461299,0.014788061
ARMC7,0.0006533101,0.067028105,0.00021759981,0.079509936,0.080783166
ARMC8,0.00059548736,0.019567007,0.00021213845,0.06051041,0.01383005
ARMC9,0.00034183724,0.018295027,0.00016776915,0.011185222,0.017104587
ARMCX1,0.00055188866,0.013661422,0.00017354397,0.044235084,0.019880313
ARMCX2,0.00031755844,0.008034389,0.00015797114,0.011185222,0.012522872
ARMCX3,0.0003612548,0.017323434,0.00015121126,0.046951883,0.008543539
ARMCX5,0.000488841,0.012220444,0.00022769612,0.021392673,0.012666626
ARMCX6,0.0039930237,0.015596204,0.0037192325,0.01804367,0.0432323
ARMH3,0.02821337,0.032490138,0.0628893,0.01804367,0.060676932
ARMT1,0.00048671215,0.026885455,0.0005060956,0.021026954,0.029766884
ARNT,0.0014258662,0.20021206,0.00020766002,0.062457055,0.14673756
ARNT2,0.00069756096,0.019477155,0.00021205856,0.038368754,0.017459344
ARPC1A,0.0008652164,0.030733006,0.00023177257,0.010767184,0.028247865
ARPC1B,0.000423561,0.03169417,0.00030156996,0.07077563,0.022366585
ARPC2,0.752375,0.38351423,0.24376135,0.049455445,0.27703956
ARPC3,0.7840384,0.64460826,0.34039226,0.09033701,0.45717207
ARPC4,0.10695777,0.112179056,0.2686313,0.04981961,0.04795041
ARPC5,0.00087861315,0.039198913,0.00015955507,0.013933608,0.041822236
ARPC5L,0.19110426,0.039663933,0.16504133,0.050757743,0.08032819
ARPP19,0.0007869761,0.025183272,0.00030009836,0.03400955,0.035924304
ARPP21,0.0011953869,0.0040612486,0.0011028401,0.01804367,0.010721948
ARR3,0.00026122393,0.026243279,0.0001393064,0.08496276,0.017042993
ARRB1,0.3426853,0.35447347,0.23465493,0.14269736,0.05007393
ARRB2,0.1123066,0.20896485,0.34012687,0.4419739,0.024838656
ARRDC1,0.05711411,0.013639272,0.12997787,0.051021855,0.011118547
ARRDC2,0.00024286441,0.0069035664,0.00027749417,0.010057129,0.008706091
ARRDC3,0.00034661012,0.028647918,0.000100345795,0.112195425,0.027871877
ARRDC5,0.004018062,0.021558048,0.01699525,0.01804367,0.038469225
ARSA,0.00025623085,0.02222934,0.00023040168,0.04450492,0.010131373
ARSB,0.0005097091,0.011710474,0.00016135414,0.027054181,0.031794544
ARSF,0.00044667034,0.0021333424,0.00077873433,0.023442874,0.008049337
ARSH,0.0035752591,0.0027361354,0.0073237526,0.01804367,0.009256405
ARSI,0.0005876015,0.0029058824,0.0010642837,0.012661081,0.003579971
ARSJ,0.0008325113,0.023283394,0.00023170609,0.02111291,0.028316861
ARSK,0.006076005,0.016165033,0.0020858531,0.01804367,0.036045335
ART3,0.0004526901,0.016154366,0.00043264733,0.020270698,0.060181666
ART4,0.00057722704,0.014162529,0.00013951962,0.017034966,0.012768682
ARTN,0.00047185103,0.0059010745,0.00012550746,0.018257927,0.016920306
ARVCF,0.0003856827,0.013320822,0.0003280897,0.028792977,0.02068172
ARX,0.0015681576,0.0031876129,0.015123126,0.01804367,0.0126065
AS3MT,0.00018357615,0.0027101056,0.0001893251,0.023442874,0.0059307036
ASAH1,0.00042676766,0.03861117,0.0002651676,0.02572108,0.03854696
ASAP1,0.00033849262,0.028814249,0.00015280899,0.0758361,0.021987548
ASAP2,0.00016352785,0.010209204,0.00018081332,0.07543116,0.0037384878
ASAP3,0.00062502763,0.017882632,0.00012573757,0.039315768,0.013558973
ASB10,0.057555493,0.013210023,0.62245566,0.023416264,0.015191038
ASB13,0.0007121019,0.0060719284,0.00021476463,0.02466585,0.0128875235
ASB15,0.0007856019,0.083946146,8.6497086e-05,0.06134819,0.038101323
ASB16,0.080830365,0.011719567,0.054453406,0.025648652,0.022210665
ASB17,0.23040056,0.023271918,0.18869156,0.09978102,0.039695468
ASB2,0.00018040279,0.005643934,0.00017069415,0.05307372,0.004408066
ASB3,0.0010061907,0.052800924,0.0003280897,0.034953285,0.042251043
ASB4,0.00016440729,0.015361245,0.00012353562,0.025099553,0.015224125
ASB6,0.0010739671,0.06409978,0.00011569837,0.03241387,0.051754173
ASB7,0.022446949,0.0046583456,0.066674925,0.059433043,0.006351928
ASB8,0.0009416578,0.033423867,0.00016465061,0.03989499,0.052244242
ASB9,0.00027115125,0.00820002,0.00025182538,0.10444256,0.043668553
ASCC1,0.0003218091,0.021303138,8.420375e-05,0.03823579,0.023638127
ASCC2,0.0005096003,0.08575982,0.00020695299,0.12818086,0.023171283
ASCC3,0.6931059,0.35833696,0.57862204,0.08752702,0.41829535
ASCL1,0.0004987367,0.018661078,0.00012200229,0.031371307,0.08601097
ASCL2,0.00043358025,0.014631309,0.000378039,0.033245508,0.01726164
ASCL3,0.00028597345,0.013596391,0.00031629635,0.043872934,0.018566165
ASCL4,0.0020041296,0.017289778,0.00036937388,0.009077163,0.022279972
ASF1A,0.0003973917,0.046701144,0.00023163008,0.32712755,0.01606249
ASF1B,0.0006466259,0.111903585,0.0003605402,0.12005239,0.038668666
ASGR1,0.00047782678,0.04301284,0.00035940806,0.11189296,0.035393428
ASGR2,0.00046365624,0.023412447,0.0006844117,0.025099553,0.021505432
ASH1L,0.0005033694,0.11512551,0.00016063923,0.02932646,0.18529569
ASH2L,0.0005888568,0.05973185,0.0002775807,0.054073315,0.027870232
ASIC1,0.0004251526,0.0039863954,0.00018554516,0.034953285,0.0044466443
ASIC2,0.00028152094,0.013413833,0.00015859629,0.021179933,0.023026899
ASIC3,0.00031727852,0.015025217,0.00015835708,0.040127736,0.028777324
ASIC4,0.0027027593,0.028904904,0.0007402989,0.01804367,0.026276765
ASIC5,0.0009566694,0.0032502152,0.0008376145,0.01804367,0.02201617
ASIP,0.00040600763,0.024095207,0.0013703012,0.04992686,0.028533228
ASL,0.0008511839,0.025946148,0.0004975553,0.10444256,0.029741755
ASNS,0.0033834777,0.11792163,0.00013129019,0.15484862,0.23651764
ASNSD1,0.0003963005,0.0062727164,0.00014273927,0.06866131,0.016794078
ASPDH,0.0029933369,0.017203962,0.005710527,0.01804367,0.02999696
ASPH,0.10395825,0.016575525,0.13864516,0.04057241,0.024841296
ASPHD1,0.0015608439,0.010088296,0.003563066,0.01804367,0.028942551
ASPM,0.46781307,0.15295024,0.60907745,0.041252777,0.16797091
ASPRV1,0.00058516144,0.019855062,7.010924e-05,0.025175512,0.039259758
ASPSCR1,0.06044683,0.025762198,0.08095915,0.037789285,0.021109244
ASRGL1,0.00035243187,0.008683322,0.0004455298,0.010767184,0.012732912
ASS1,0.00039015227,0.013463772,0.00023119873,0.07031294,0.008627506
ASTE1,0.00050640584,0.021229941,7.5297954e-05,0.03119036,0.022868607
ASTN2,0.0020164915,0.0073757656,0.0008231056,0.01804367,0.02167548
ASXL1,0.00064356875,0.05527579,0.00013378984,0.0437502,0.019084206
ATAD1,0.00046110933,0.01674607,0.00013368082,0.026073754,0.023599328
ATAD2,0.0006789458,0.08046159,0.0005397026,0.12768242,0.0627898
ATAD2B,0.07674243,0.016417332,0.09219163,0.008678562,0.009562054
ATAD3A,0.00040275216,0.034061287,0.00010320492,0.09003672,0.021256879
ATAD3B,0.00037168083,0.021962492,0.0003494944,0.15611528,0.0138228275
ATAD5,0.093984194,0.066101536,0.07016941,0.05440425,0.04864704
ATAT1,0.0107242605,0.039298255,0.0007665283,0.01804367,0.038799968
ATCAY,0.00034329935,0.01749674,0.00010014295,0.11469925,0.014070221
ATF1,0.00067829876,0.0734994,0.00028558844,0.1145538,0.024398312
ATF2,0.3155466,0.13100582,0.27093643,0.29532364,0.025329934
ATF3,0.00031912266,0.041594334,0.00038587686,0.100283764,0.041864753
ATF4,0.00042040084,0.020314053,8.397602e-05,0.14299147,0.0146089215
ATF4,0.00042040084,0.020314053,8.397602e-05,0.14299147,0.0146089215
ATF5,0.055582248,0.005674294,0.28825244,0.0870846,0.004098588
ATF6,0.0010663845,0.041209098,0.0003327216,0.048484948,0.036722798
ATF6B,0.00043333686,0.018854853,0.00018586051,0.03823579,0.09189336
ATF7,0.0005228522,0.030306365,0.00023849736,0.12847379,0.012608411
ATF7,0.0005228522,0.030306365,0.00023849736,0.12847379,0.012608411
ATF7IP,0.10608548,0.06333126,0.2371377,0.12222014,0.060429495
ATF7IP2,0.00036023563,0.010969991,0.0002165647,0.015479423,0.016594019
ATG10,0.0010951619,0.13113049,0.00014442255,0.039986305,0.05417178
ATG101,0.0002591716,0.06264673,0.00045083012,0.1039771,0.016356507
ATG12,0.0012425896,0.07059418,0.00043807982,0.15295237,0.01731281
ATG13,0.0008006854,0.039808154,0.0002766159,0.021028263,0.064025745
ATG14,0.0009898386,0.06038508,0.00014127618,0.03561833,0.099098906
ATG16L1,0.0012758443,0.08019348,0.00015209784,0.058909547,0.08016823
ATG16L2,0.06957213,0.009421619,0.10421689,0.022803755,0.013913829
ATG2A,0.0003157995,0.029051954,0.00040021143,0.06997288,0.021220108
ATG2B,0.00020690386,0.006631968,0.00012251934,0.015279082,0.012684552
ATG3,0.0005394099,0.025308713,0.0006736257,0.06702567,0.03279218
ATG4A,0.22528864,0.04179226,0.32574934,0.009173206,0.029277798
ATG4B,0.0005554971,0.015425645,8.83875e-05,0.05697458,0.010405152
ATG4D,0.00062069943,0.03063805,8.132428e-05,0.0663656,0.11333541
ATG5,0.10834202,0.06033067,0.26313084,0.110423185,0.019156793
ATG7,0.0003530557,0.040293656,0.00022696263,0.034771934,0.020490006
ATG9A,0.0011150074,0.09920993,0.0002760018,0.058489792,0.07581657
ATIC,0.0004011721,0.022915535,0.00014839522,0.2205777,0.014500451
ATL1,0.001658737,0.029806962,0.00018726832,0.024950339,0.023029178
ATL1,0.001658737,0.029806962,0.00018726832,0.024950339,0.023029178
ATL2,0.18063533,0.13677692,0.059458617,0.05973793,0.14884505
ATL3,0.1609676,0.048062183,0.16301782,0.011547842,0.066232055
ATM,0.8213162,0.69061196,0.5985087,0.86282444,0.8400992
ATMIN,0.101075925,0.058589287,0.27685565,0.011321011,0.01415807
ATN1,0.1530393,0.05909384,0.16783291,0.080596074,0.082512565
ATOH1,0.053533874,0.007914214,0.08902583,0.008382098,0.026641184
ATOH7,0.0023070045,0.011423836,0.0027829527,0.01804367,0.02496508
ATOH8,0.000519811,0.014792426,0.00013034279,0.01358578,0.014491794
ATOSA,0.0027279167,0.009046672,0.0628893,0.01804367,0.039380644
ATOSB,0.0070942645,0.013580968,0.0628893,0.01804367,0.011390018
ATOX1,0.00087895064,0.074712776,0.00011449965,0.03419284,0.03237926
ATP10A,0.006355537,0.018123168,0.00061470945,0.01804367,0.06669815
ATP10B,0.00298975,0.01032044,0.0018124802,0.01804367,0.026283935
ATP11B,0.6191106,0.09672789,0.2704368,0.023442874,0.16897306
ATP11C,0.0047545386,0.009776123,0.002454354,0.01804367,0.01296756
ATP12A,0.00014400354,0.0030660639,0.00031155837,0.030976307,0.0065448373
ATP13A1,0.00024148363,0.019651443,0.00014859217,0.10439912,0.03852235
ATP13A2,0.0008581148,0.06704194,0.0004160072,0.069905855,0.034766585
ATP13A3,0.00020806771,0.007522683,0.00017477365,0.023442874,0.016133226
ATP13A4,0.032206338,0.004514929,0.0641642,0.008382098,0.009413928
ATP1A1,0.059006687,0.059214644,0.15714465,0.07927051,0.02752618
ATP1A2,0.10077472,0.021955477,0.10423677,0.037062395,0.030194642
ATP1A3,0.0003145558,0.017858587,0.00029614678,0.06858573,0.008097429
ATP1A4,0.001458702,0.02460618,0.00015264239,0.037062395,0.031746015
ATP1B1,0.00050449366,0.05536089,7.121044e-05,0.063639954,0.05677882
ATP1B2,0.0008711913,0.031795394,0.00028158995,0.008678562,0.034958955
ATP1B3,0.12925585,0.04731982,0.29199886,0.108719915,0.06297694
ATP1B4,0.009423204,0.022011336,0.015261164,0.01804367,0.027084837
ATP2A1,0.0005899871,0.02930778,0.00041195683,0.022508346,0.026906505
ATP2A2,0.16754211,0.045790825,0.21715043,0.074387535,0.018690178
ATP2B1,0.23762985,0.07775304,0.15113227,0.025810784,0.13992403
ATP2B2,0.0019931667,0.11034557,0.00011893623,0.027035693,0.07351833
ATP2B4,0.0015058761,0.025512692,0.00013060294,0.026248103,0.073559195
ATP2C1,0.0011651481,0.08528037,0.0003612646,0.009380428,0.13075495
ATP2C2,0.07991881,0.008380854,0.058943562,0.009380428,0.019315246
ATP4B,0.00082087534,0.016295405,0.00035520742,0.0234089,0.029836334
ATP5F1A,0.017614214,0.03990773,0.0628893,0.01804367,0.032485258
ATP5F1B,0.74725735,0.5005994,0.0628893,0.01804367,0.44137806
ATP5F1C,0.02714311,0.029936945,0.0628893,0.01804367,0.024190366
ATP5F1D,0.08331184,0.06319283,0.0628893,0.01804367,0.06137206
ATP5IF1,0.004688807,0.010078757,0.0628893,0.01804367,0.031058516
ATP5MC1,0.004856424,0.009674368,0.0628893,0.01804367,0.028558739
ATP5MC2,0.012315296,0.0039617643,0.0628893,0.01804367,0.013548994
ATP5ME,0.033359688,0.018408634,0.0628893,0.01804367,0.045739044
ATP5PD,0.01281629,0.02494586,0.0628893,0.01804367,0.03546043
ATP5PO,0.69437754,0.23517047,0.0628893,0.01804367,0.23921214
ATP6AP1,0.49854988,0.054884486,0.30747837,0.027204618,0.33200756
ATP6AP2,0.00036113083,0.027969545,0.00019906732,0.055504415,0.03550122
ATP6V0A1,0.0005132765,0.027091525,0.00012123596,0.028124522,0.013843187
ATP6V0A2,0.0014258131,0.016138216,0.00015955507,0.018289693,0.04925111
ATP6V0A4,0.00076821353,0.010530095,0.00016738632,0.028985407,0.013156817
ATP6V0B,0.0003006393,0.013868128,0.0001388674,0.014566581,0.07060636
ATP6V0C,0.38244936,0.045548894,0.43570837,0.014507356,0.41579437
ATP6V0D1,0.0010535643,0.050815463,0.00036999027,0.026073754,0.07956139
ATP6V0D2,0.4646304,0.11989372,0.29134136,0.02800913,0.19888179
ATP6V0E1,0.17302106,0.05861862,0.09586966,0.008382098,0.05699189
ATP6V0E2,0.0003388048,0.009501904,0.00019998735,0.01146169,0.026646292
ATP6V1A,0.0002726122,0.019463357,0.00018561435,0.038368754,0.02438207
ATP6V1B1,0.00053174456,0.019715566,0.00014534693,0.009611286,0.03812506
ATP6V1C1,0.001831946,0.052004535,0.00014793548,0.05802234,0.0954008
ATP6V1D,0.0008905062,0.013420265,0.000119845055,0.03447213,0.07957056
ATP6V1E1,0.002264643,0.13338624,0.00010764386,0.06333093,0.15064606
ATP6V1E2,0.00090220466,0.02617428,0.00021458082,0.06389214,0.05476794
ATP6V1F,0.00042810192,0.011897806,0.00025784975,0.014542438,0.040816464
ATP6V1G1,0.220569,0.09246922,0.28295872,0.070112325,0.12733997
ATP6V1G2,0.0005814504,0.0075001772,0.00039631914,0.026462918,0.01203001
ATP6V1H,0.0007390917,0.0430822,0.00015561987,0.055746976,0.040713947
ATP7A,0.30324167,0.04640355,0.52622294,0.09053533,0.07184543
ATP7B,0.0008456252,0.07278405,7.874223e-05,0.03823579,0.15643477
ATP8A1,0.006750627,0.04681899,0.01174491,0.01804367,0.039167352
ATP9A,0.07438403,0.025239844,0.23840414,0.05802234,0.040287986
ATP9B,0.00026466395,0.007552922,0.00029921584,0.023442874,0.039334197
ATPAF1,0.000344485,0.013002389,0.00014895547,0.09978102,0.020899758
ATPAF2,0.0009818582,0.056724906,0.00013439106,0.13777895,0.030000865
ATR,0.81442827,0.61262,0.71822286,0.6303484,0.55850375
ATRAID,0.00030075567,0.009545472,0.00013126116,0.0123439105,0.017966773
ATRIP,0.0027982139,0.23568352,0.00015390351,0.17199686,0.23046082
ATRN,0.0007289838,0.018798964,0.0002030402,0.06389214,0.040414773
ATRX,0.09955518,0.033562377,0.22611895,0.2212091,0.013881881
ATXN1,0.065562904,0.10162987,0.35712343,0.14269736,0.011778076
ATXN10,0.094203696,0.069352016,0.28759468,0.06081598,0.05344816
ATXN1L,0.5223596,0.4537737,0.3438458,0.28435743,0.31684873
ATXN2,0.00044181145,0.028068824,0.0001555067,0.072818235,0.03353623
ATXN2L,0.0008694026,0.023445342,0.0002864712,0.037634082,0.00949862
ATXN3,0.00087128807,0.037169553,0.00029485676,0.15384021,0.03253556
ATXN3L,0.00092093507,0.021841485,0.00019519505,0.07072921,0.03009342
ATXN7,0.0008381319,0.100435354,0.0002161886,0.0494123,0.051489376
ATXN7L1,0.06016811,0.008079452,0.23310862,0.041225825,0.012855062
ATXN7L2,0.00060031033,0.0071145874,0.00022053065,0.008796791,0.014229935
ATXN7L3,0.0007262141,0.14993161,8.6497086e-05,0.034807224,0.18888643
ATXN7L3B,0.0006370042,0.017431693,0.00033725394,0.008382098,0.040425513
AUH,0.003050157,0.040323023,0.00032879267,0.023442874,0.08474436
AUNIP,0.0068136053,0.016826887,0.0010077596,0.01804367,0.039143
AUP1,0.0003087608,0.028333144,0.00015601508,0.08601437,0.016913375
AURKA,0.8974579,0.6594961,0.3687388,0.30794874,0.61531544
AURKAIP1,0.25087398,0.06013955,0.18033719,0.0223549,0.06334918
AURKB,0.4913958,0.43612456,0.5156199,0.3972419,0.35674727
AURKC,0.00044266428,0.08318427,0.00015095915,0.09364394,0.04786965
AUTS2,0.0054784846,0.01262574,0.0042677256,0.01804367,0.02039656
AVEN,0.00026121223,0.016756319,0.00017950384,0.080213815,0.011339091
AVIL,0.00029202498,0.014249734,0.00027768075,0.04225217,0.031031463
AVP,0.00048852677,0.021606164,0.00014088994,0.093400665,0.017985538
AVPI1,0.0003944846,0.030254869,0.00022077489,0.031371307,0.039457932
AVPR2,0.0037262694,0.029226987,0.00023177257,0.020332135,0.029409679
AXIN1,0.001071173,0.22087868,4.842159e-05,0.17488688,0.04137236
AXIN2,0.0013671962,0.09920867,0.00015423552,0.08972444,0.087169684
AXL,0.52190346,0.3809352,0.35081834,0.13865769,0.18978816
AZGP1,0.07903931,0.013787439,0.54616344,0.02504491,0.008710421
AZI2,0.0006734254,0.031089023,0.00016063923,0.0850119,0.03908439
AZIN1,0.00029668372,0.017745756,8.284545e-05,0.042090446,0.023588447
AZIN2,0.0011861732,0.050875586,0.00012661902,0.03119036,0.093126245
B2M,0.0018762168,0.05299302,0.0002051958,0.039901003,0.059693404
B3GALNT1,0.0004831322,0.019776255,0.00015345642,0.024671968,0.04390488
B3GALNT2,0.0005098201,0.017413922,0.00019082153,0.020175396,0.041003592
B3GALT1,0.0022074035,0.016069524,0.00057344633,0.033107847,0.02549353
B3GALT2,0.0003153004,0.008170723,0.00013728642,0.017267942,0.025654893
B3GALT4,0.0008638284,0.016449673,0.00040911793,0.053084876,0.01461683
B3GALT6,0.0002745557,0.008070725,0.00030826635,0.023442874,0.022041615
B3GAT1,0.00030363098,0.0058188452,0.00012151095,0.04029104,0.011463792
B3GAT3,0.0933283,0.024744583,0.17415597,0.020270698,0.05995949
B3GNT2,0.00034491403,0.003024397,8.6497086e-05,0.052114382,0.009719646
B3GNT3,0.0012744786,0.0033882048,0.0010897062,0.01804367,0.009730815
B3GNT4,0.038722757,0.01278896,0.15933642,0.008382098,0.01339312
B3GNT6,0.0009859256,0.006442029,0.0013757003,0.01804367,0.02092379
B3GNT9,0.0013837749,0.011748636,0.00027077436,0.009690155,0.024441512
B3GNTL1,0.00017547281,0.0046518985,0.00079882966,0.04225217,0.0032620418
B4GALNT1,0.0004472811,0.00792994,0.00024738873,0.023442874,0.04945587
B4GALNT2,0.0015860505,0.0032944884,0.0045410264,0.01804367,0.008147924
B4GALNT3,0.001251907,0.004030898,0.00090418826,0.01804367,0.0014866628
B4GALNT4,0.0007477885,0.0022768085,0.0036635762,0.01804367,0.0063322396
B4GALT1,0.00051519054,0.020813875,0.0002979846,0.021026954,0.02863509
B4GALT3,0.0006994021,0.010674978,0.00087273004,0.017275047,0.015977314
B4GALT4,0.0022204882,0.014475832,0.011488286,0.01804367,0.02465002
B4GALT5,0.09514117,0.0045065186,0.09631332,0.023442874,0.009398777
B4GALT6,0.0013599725,0.0073712766,0.0018164902,0.01804367,0.012398759
B4GALT7,0.0005769441,0.010401235,0.00015947856,0.009690155,0.030783636
B4GAT1,0.00048481347,0.017894955,6.2739746e-05,0.024950339,0.020173185
B9D1,0.00031714636,0.00925762,0.00013617871,0.026073754,0.0053015705
B9D2,0.0028039478,0.020276219,0.00075923745,0.014806866,0.03407664
BAALC,0.0003006631,0.01475471,0.0002030402,0.02516947,0.03561016
BAAT,0.0014245849,0.016686402,0.0003182452,0.023099316,0.05153837
BABAM1,0.0010671975,0.22911103,9.216458e-05,0.08880654,0.14685164
BACE1,0.00071379263,0.014506224,0.0003289864,0.0658467,0.010230504
BACE2,0.00065329915,0.021708788,0.00022181575,0.0698648,0.03859312
BACH1,0.00031720652,0.029188879,0.00029876374,0.0792294,0.008087026
BACH2,0.07829983,0.045583434,0.18209754,0.14212276,0.034732796
BAD,0.10145076,0.05952442,0.104860775,0.20334041,0.04649868
BAG1,0.10902156,0.024659848,0.31428424,0.14984524,0.025520984
BAG2,0.00045467357,0.025797224,8.984736e-05,0.03507935,0.010262434
BAG3,0.0007135974,0.004687163,0.00015986101,0.073774435,0.008147855
BAG4,0.00086051965,0.06457164,0.0003715882,0.05697458,0.03279554
BAG5,0.39864618,0.16977178,0.21974039,0.08601437,0.2220636
BAG6,0.010494819,0.05014007,0.0038662052,0.15061387,0.023942493
BAHD1,0.00046093357,0.03615373,0.00012796852,0.10410274,0.014519851
BAIAP2,0.0018533601,0.025626164,0.00030588097,0.07190799,0.0281378
BAIAP2L1,0.0009459782,0.042550363,9.338294e-05,0.07483766,0.034628194
BAIAP2L2,0.0031410498,0.0030958226,0.007064879,0.01804367,0.011506783
BAIAP3,0.000663097,0.008727789,0.0018112237,0.028982447,0.01648601
BAK1,0.057604164,0.02855222,0.42233136,0.0766543,0.04043645
BAMBI,0.0009123359,0.055096593,0.0003494944,0.022906292,0.15757173
BANF1,0.000934923,0.2545683,0.0001426621,0.20043176,0.18729368
BANK1,0.0002968382,0.0068919803,0.0007545703,0.029588407,0.010935512
BANP,0.0031795127,0.14644597,0.0006248472,0.08972119,0.11509884
BAP1,0.109102234,0.1250654,0.18270813,0.041877072,0.07183102
BARD1,0.9174374,0.9491931,0.4018761,0.8863048,0.88610274
BARHL1,0.00022951634,0.0077032764,0.00014895547,0.022149315,0.029584603
BARX1,0.00050103077,0.034245238,0.00035925067,0.043872934,0.03625471
BARX2,0.00054350024,0.021481233,0.0009264643,0.024041327,0.029940484
BASP1,0.10630666,0.020413801,0.6462081,0.011245472,0.018648215
BATF,0.0003187593,0.047955405,0.00014861186,0.12688842,0.028559752
BATF2,0.00044925808,0.04925027,0.00020644117,0.042708002,0.071336344
BATF3,0.09673243,0.04334978,0.42658907,0.06761598,0.025646038
BAX,0.1416959,0.058147762,0.33220956,0.05930402,0.036682844
BAZ1A,0.09373887,0.022877892,0.23410192,0.07160491,0.022968043
BAZ1B,0.00011807876,0.014602868,0.000325868,0.20043176,0.0086497
BAZ2A,0.00063884095,0.06077036,0.00031241143,0.08925361,0.051283702
BAZ2B,0.11428331,0.022688195,0.0314562,0.024222368,0.018594611
BBC3,0.00095201307,0.029334992,0.00029355192,0.082221754,0.028188266
BBOF1,0.017421829,0.03442599,0.0628893,0.01804367,0.042250812
BBS1,0.00080032536,0.092669316,0.00014028723,0.034844186,0.032191496
BBS10,0.0007284571,0.050185364,0.00016368431,0.12110213,0.031798705
BBS2,0.0010913298,0.13838762,0.0002038419,0.08017108,0.089599214
BBS4,0.00055102294,0.027807511,0.00015549408,0.040255483,0.037333097
BBS5,0.0018229072,0.04524851,0.00042997918,0.009690155,0.054631293
BBS7,0.0010026657,0.034277324,8.783388e-05,0.024410563,0.04781123
BBS9,0.027067117,0.005095371,0.052479867,0.020532943,0.014806858
BBX,0.0008730735,0.022053737,0.00029976378,0.080213815,0.020938003
BCAM,0.000701295,0.025759129,0.00020478634,0.054051317,0.013139468
BCAN,0.0006236293,0.024495937,0.00016242481,0.008520112,0.024754668
BCAP29,0.0018128306,0.014616295,0.00019019142,0.013913607,0.0256394
BCAP31,0.0011746599,0.090346925,0.0002611851,0.034305375,0.091738366
BCAR1,0.25090078,0.12766574,0.1776025,0.06099341,0.07768975
BCAR3,0.14358222,0.030738859,0.13101597,0.055311013,0.03398231
BCAS1,0.0012416141,0.017886402,0.00020918026,0.06389214,0.023616094
BCAS2,0.0015178922,0.24728268,0.00015601508,0.050660808,0.26071385
BCAT1,0.0004903687,0.01110139,0.0002620249,0.024041327,0.027157111
BCAT2,0.08353801,0.015551918,0.07752564,0.026517374,0.01898099
BCCIP,0.086461,0.16329572,0.18202488,0.12229906,0.037947215
BCDIN3D,0.0010857669,0.021230051,0.0002973163,0.052114382,0.023791322
BCHE,0.007667438,0.012852175,0.0075107627,0.015919242,0.03359657
BCKDHA,0.0006407052,0.011967372,0.0003523452,0.008586558,0.041071504
BCKDHB,0.00055185764,0.015874455,0.00019686716,0.017703548,0.017320244
BCKDK,0.57568854,0.13992408,0.54536444,0.22370888,0.14495972
BCL10,0.23515788,0.16883332,0.34203488,0.092605285,0.14576565
BCL11A,0.0007028426,0.034905136,0.00015280899,0.049953785,0.02517684
BCL11B,0.00031039442,0.03141239,0.00015796165,0.056320872,0.016826019
BCL2,0.8831043,0.8123027,0.5702133,0.3440109,0.78550464
BCL2,0.8831043,0.8123027,0.5702133,0.3440109,0.78550464
BCL2A1,0.0023034906,0.043432985,0.00025040726,0.06333093,0.052591365
BCL2L1,0.8052385,0.79224104,0.44906124,0.18242635,0.7148982
BCL2L10,0.00047842402,0.049745478,0.00013855803,0.08972444,0.03418353
BCL2L11,0.49958527,0.17807595,0.2857057,0.10160875,0.10256333
BCL2L12,0.0016738971,0.021654783,0.00024993785,0.0229092,0.0169062
BCL2L13,0.10520984,0.024961298,0.085253835,0.041739624,0.007919615
BCL2L14,0.00085597526,0.012310204,0.0001540327,0.030818716,0.011228646
BCL2L15,0.0012422713,0.026651407,0.00034797803,0.008586558,0.053630818
BCL2L2,0.32059842,0.077204116,0.27026403,0.069421805,0.15868479
BCL3,0.3141139,0.16450134,0.21942508,0.14389172,0.034861766
BCL6,0.028838484,0.058574025,0.2153715,0.18581809,0.041885782
BCL6B,0.0012357067,0.075436845,0.00033947523,0.05033658,0.14774908
BCL7A,0.00041073555,0.01007277,0.00019057226,0.037062395,0.01176351
BCL7B,0.00028714575,0.008825855,0.00019116902,0.010057129,0.014805036
BCL7C,0.00042009456,0.0204667,0.00035795226,0.026073754,0.031936426
BCL9,0.00040006093,0.029277647,0.00015261445,0.008353467,0.019549958
BCL9L,0.00033546126,0.006383731,0.00031557318,0.052114382,0.025453093
BCLAF1,0.001007472,0.045029197,0.00013338783,0.034963556,0.036733814
BCOR,0.00027131804,0.036172695,7.659004e-05,0.06333093,0.039810374
BCORL1,0.5711791,0.26608774,0.28739795,0.049156703,0.41436183
BCR,0.7102108,0.6303595,0.29032955,0.17271312,0.4423217
BCS1L,0.0019902117,0.102478564,0.00019125233,0.030614743,0.1184233
BDH1,0.0005817927,0.0024963324,0.00015561987,0.017034966,0.004902309
BDH2,0.00030918792,0.008792941,0.00019608316,0.028985407,0.019995717
BDKRB1,0.18710794,0.017588224,0.18579508,0.013398572,0.050460428
BDKRB2,0.0010179825,0.022375774,0.0001537775,0.01453224,0.049084898
BDNF,0.00083377317,0.047441088,0.0001233807,0.084083825,0.027633442
BEAN1,0.0013197409,0.009858967,0.0016580272,0.01804367,0.01706291
BECN1,0.24140613,0.064675376,0.231595,0.080376625,0.030655842
BEGAIN,0.07571268,0.052499365,0.105840884,0.06953735,0.014118392
BEND2,0.000309356,0.003920726,0.00104513,0.008678562,0.018410517
BEND3,0.0009737006,0.09382425,8.2068116e-05,0.047994114,0.059919514
BEND5,0.00074002024,0.063924275,0.00054440653,0.08407556,0.03180722
BEND6,0.002438494,0.02045645,0.0020634022,0.01804367,0.047579974
BEND7,0.0006923101,0.055183426,8.818225e-05,0.24895327,0.012413242
BEST1,0.0003243502,0.014558677,9.113707e-05,0.029166564,0.023721332
BEST1,0.0003243502,0.014558677,9.113707e-05,0.029166564,0.023721332
BEST4,0.0031209846,0.0046355296,0.0016108267,0.01804367,0.015657503
BET1,0.00075667363,0.032774385,8.6497086e-05,0.015476917,0.04061425
BET1L,0.07646433,0.007535146,0.13517095,0.033040963,0.0100763645
BEX1,0.00055535656,0.04059471,0.0003668325,0.046359513,0.013620015
BEX2,0.0010958826,0.1336351,0.00011038117,0.12838657,0.023652483
BEX4,0.003847665,0.013479507,0.00056425267,0.046332557,0.019220779
BEX5,0.0025935364,0.022503378,6.0431612e-05,0.03158699,0.03774984
BFAR,0.14334606,0.02510299,0.23749746,0.04354087,0.0071568196
BFSP1,0.03839411,0.014958414,0.043337155,0.011245472,0.022681816
BFSP2,0.0005918601,0.021250164,0.00040538557,0.025391702,0.008095419
BGLAP,0.08998337,0.013004329,0.23155311,0.01970475,0.013232824
BGN,0.0004566096,0.013619696,0.00012537923,0.03160047,0.014362767
BHLHA15,0.00029341926,0.005609539,0.0008053048,0.017703548,0.009409598
BHLHA9,0.0022680375,0.017305592,0.00081582414,0.01804367,0.036957767
BHLHE40,0.00029929317,0.023097225,0.00021584978,0.0670495,0.019435694
BHLHE41,0.0003649759,0.02432129,0.000102460945,0.02735076,0.016096326
BHMT,0.0008553149,0.10944881,0.00034578354,0.010303198,0.049882624
BHMT2,0.001746278,0.008740954,0.00025162855,0.017034966,0.032477945
BICC1,0.010387206,0.026440877,0.004982733,0.01804367,0.109746374
BICD1,0.0032239873,0.07964542,7.984848e-05,0.11522541,0.06750497
BICD2,0.09385562,0.0157232,0.07091744,0.018621562,0.027603932
BICDL1,0.002333671,0.005803528,0.0628893,0.01804367,0.012893379
BICRAL,0.009585783,0.01195952,0.0628893,0.01804367,0.061720528
BID,0.45279565,0.3528464,0.2087397,0.28886363,0.19394468
BIK,0.00054610183,0.014857311,0.00033738112,0.10039487,0.008997334
BIN1,0.00040983697,0.05801847,0.0002940006,0.032217816,0.021558743
BIN3,0.0005653773,0.009941867,0.00018456744,0.07357072,0.013750375
BIRC2,0.11652037,0.111428685,0.32816377,0.062204275,0.03635253
BIRC3,0.3582933,0.11618748,0.19857822,0.26639286,0.03995098
BIRC5,0.6475567,0.46996313,0.35779744,0.12369019,0.2932517
BIRC6,0.0013896484,0.06870804,0.00017044482,0.04383616,0.2639125
BIRC7,0.00043665143,0.052427243,0.0003171146,0.10396442,0.022457121
BLCAP,0.00051534525,0.031781297,8.4766245e-05,0.020293722,0.07314126
BLK,0.0002734994,0.012001202,0.00018603781,0.15484862,0.00825886
BLM,0.42774612,0.41084835,0.54546475,0.59157616,0.090094246
BLMH,0.0010394482,0.12616706,0.00011307868,0.08017108,0.08213071
BLNK,0.00031530522,0.03313129,0.00031569775,0.059815902,0.014635875
BLOC1S1,0.1281434,0.05041579,0.15612105,0.08846617,0.033946976
BLOC1S2,0.0009868451,0.062056728,0.00026319062,0.037634082,0.024351327
BLOC1S3,0.00047990392,0.020919645,0.00012408601,0.050944403,0.025725149
BLOC1S4,0.0005182632,0.032078996,0.00015827481,0.017670376,0.028033916
BLOC1S5,0.0005476411,0.02698079,0.00023309185,0.029799249,0.027558919
BLOC1S6,0.0007983761,0.061988764,0.0003693297,0.036355935,0.020189144
BLTP2,0.011970637,0.022815442,0.0628893,0.01804367,0.053502377
BLVRA,0.00045692618,0.007562282,0.00011760702,0.036976393,0.009186218
BLVRB,0.00064870145,0.020698195,0.0003414887,0.030808024,0.049033
BLZF1,0.0008341649,0.09287652,0.00028707433,0.08952341,0.07288477
BMAL2,0.0028463413,0.00264281,0.0628893,0.01804367,0.010830851
BMF,0.10014921,0.030345237,0.27840367,0.10384995,0.013611331
BMI1,0.00014217349,0.13401748,0.00037415963,0.25378746,0.012074654
BMP1,0.0013885768,0.030427134,7.8752826e-05,0.08216916,0.011040226
BMP10,0.0011580968,0.017482353,0.0001446152,0.028074764,0.027562646
BMP15,0.0003741054,0.0078034303,0.000193034,0.009077163,0.024085509
BMP2,0.00030590052,0.020179138,0.00050227426,0.04938937,0.011210068
BMP2K,0.1222349,0.025548939,0.15413426,0.023225589,0.03863183
BMP3,0.00031740952,0.022634352,0.00030413189,0.00826266,0.026758675
BMP4,0.00039804645,0.07876787,0.000101480895,0.04778291,0.08294457
BMP5,0.00057275454,0.008664703,0.00017223308,0.019282114,0.028825814
BMP6,0.001162446,0.020224323,0.00029589588,0.013933608,0.05364423
BMP7,0.00049396645,0.035006385,0.00020074446,0.03696163,0.031671714
BMP8A,0.0014503892,0.005708537,0.0026948329,0.01804367,0.015256085
BMPR1A,0.10771182,0.045586877,0.36443457,0.06787577,0.019695085
BMPR1B,0.00078148785,0.037518863,0.0002838839,0.10585832,0.012851698
BMPR2,0.00093939377,0.09629798,0.000710713,0.1111974,0.03430056
BMS1,0.00037605866,0.056174703,0.00021410975,0.09901446,0.06506318
BMX,0.00024343052,0.01645823,0.00041195683,0.05020412,0.008987115
BNC1,0.00031615468,0.0132221,0.00030074248,0.008353467,0.033185475
BNC2,0.00043826192,0.005899592,0.00010716761,0.03848198,0.01245537
BNIP1,0.5762784,0.36051702,0.19679871,0.034087338,0.3870707
BNIP2,0.11450669,0.049948275,0.14530173,0.034807224,0.0780079
BNIP3,0.0006473196,0.024725024,0.00012708956,0.06331879,0.034778595
BNIP3L,0.00018833502,0.011187048,9.786442e-05,0.06516618,0.0077177966
BNIPL,0.00028209967,0.035674933,9.01406e-05,0.060669024,0.014460419
BOC,0.0005827753,0.014178783,0.00014718763,0.037789285,0.016575774
BOD1,0.00041228667,0.012336891,7.8663885e-05,0.013998775,0.014144777
BOD1L1,0.50697845,0.12347807,0.65200555,0.10439912,0.12523358
BOK,0.026117168,0.002587172,0.12087524,0.032661267,0.0036631916
BOLA1,0.1670472,0.036767825,0.33193132,0.02847272,0.058822077
BOLA3,0.012310906,0.012038712,0.0628893,0.01804367,0.025709318
BOLL,0.0008127255,0.058914974,0.00010289302,0.09364394,0.022215782
BOP1,0.06994116,0.14140917,0.062660664,0.051021855,0.18430284
BORA,0.0005522849,0.07726883,0.00023546696,0.025206596,0.09283074
BPGM,0.0008704379,0.029165057,0.00012313199,0.027604321,0.045347154
BPHL,0.00027769743,0.004215506,0.00037208607,0.023442874,0.016785018
BPIFB1,0.00032963377,0.009108036,0.00017354397,0.008382098,0.022506267
BPIFB2,0.004261538,0.009405137,0.0033463482,0.01804367,0.031083042
BPNT2,0.010655496,0.019483216,0.0628893,0.01804367,0.10617158
BPTF,0.00041215442,0.09093898,8.888237e-05,0.08055776,0.070628755
BRAF,0.7516691,0.6663212,0.578249,0.101070926,0.538622
BRAP,0.00024631715,0.028511379,0.00016562166,0.10497245,0.044998735
BRAT1,0.0006700953,0.011036317,0.000115192095,0.026073754,0.028730294
BRCA1,0.9450436,0.9202037,0.69912374,0.8863048,0.79035336
BRCA2,0.91311824,0.88710004,0.701505,0.8281837,0.84678406
BRCC3,0.0011859388,0.25878382,0.00012556852,0.1975225,0.059674367
BRD1,0.00056662346,0.06892756,0.00015244224,0.025507925,0.050530057
BRD2,0.5271904,0.48136085,0.19905552,0.21457854,0.40439162
BRD3,0.0002864567,0.016760403,0.00028403092,0.08479036,0.014976898
BRD4,0.7237991,0.71162736,0.23626761,0.17786688,0.6830139
BRD7,0.00031589286,0.033869,0.00039981274,0.2908464,0.017815283
BRD8,0.0005735693,0.09941088,7.268107e-05,0.15573028,0.03510922
BRD9,0.0006252117,0.018448867,0.00015605199,0.022973275,0.05689186
BRDT,0.00041625137,0.016855808,0.00015601508,0.034270212,0.012722815
BRF1,0.00080465234,0.04696059,0.00018687733,0.049831238,0.08143975
BRF2,0.11344898,0.13608487,0.1434424,0.29033577,0.123329006
BRI3,0.0008323669,0.016930088,0.00012849199,0.008382098,0.021274386
BRI3BP,0.001031619,0.028717589,0.00022125304,0.07357072,0.050510112
BRINP1,0.00021681862,0.005079473,0.00019396574,0.027927298,0.007006634
BRIP1,0.24296856,0.2501127,0.12446897,0.17438097,0.19977167
BRIX1,0.08311509,0.17780302,0.11176205,0.07534827,0.07302932
BRK1,0.00235089,0.046027455,0.00010919554,0.025208088,0.17310245
BRMS1,0.00068068795,0.09806241,0.00022286297,0.08510875,0.038262226
BRMS1L,0.001788518,0.08272858,0.00018081332,0.07547051,0.07429382
BRPF1,0.0006664085,0.047262628,0.00022616035,0.02623154,0.11103856
BRPF3,0.0016215353,0.04705822,0.00039093915,0.022454023,0.10434565
BRSK1,0.0005158935,0.014530368,0.00011891638,0.08749348,0.009472407
BRSK2,0.00032235813,0.008881079,0.0003549554,0.11435461,0.0050712503
BRWD1,0.0009054164,0.029177738,0.00017186464,0.08972444,0.030586233
BRWD3,0.00072451186,0.022439223,0.00012251992,0.021392673,0.025300516
BSCL2,0.00029964748,0.017741218,0.00020453031,0.028124522,0.022173267
BSDC1,0.00046182264,0.009796727,0.00016419531,0.008678562,0.04502341
BSG,0.1610144,0.036563143,0.30754125,0.104104154,0.04639529
BSN,0.0005105525,0.030170549,0.00013559342,0.04057241,0.037078217
BSND,0.00025407135,0.013237856,0.00022434235,0.030808024,0.019758677
BSPH1,0.0017361126,0.009679244,0.005015412,0.01804367,0.01758661
BST1,0.00051619235,0.015281437,0.00051942194,0.009077163,0.021642148
BST2,0.00034727974,0.016455336,0.00043265827,0.040981706,0.009195449
BSX,0.001775596,0.010921132,0.0063477946,0.01804367,0.014994522
BTAF1,0.0003929362,0.06265475,8.266379e-05,0.06803508,0.08856696
BTBD1,0.09163619,0.011693092,0.17196538,0.08972444,0.024294533
BTBD10,0.0004364188,0.02961377,0.00031940115,0.077896155,0.029896773
BTBD17,0.0033812067,0.021050038,0.0009727136,0.01804367,0.064663075
BTBD2,0.00025845008,0.006299745,7.188103e-05,0.08846617,0.0045534284
BTBD3,0.00046257005,0.031066997,0.0020524831,0.009380428,0.0874282
BTBD6,0.00070690224,0.022756455,0.00015797114,0.015353948,0.06852835
BTBD7,0.0008118845,0.004903788,0.007206219,0.01804367,0.01052123
BTBD8,0.00065956777,0.060614314,0.00015797114,0.09978102,0.043591235
BTBD9,0.06993365,0.03796546,0.12566274,0.03830263,0.04981642
BTC,0.00019665928,0.008081936,0.0001900821,0.046521854,0.006433023
BTF3,0.22429143,0.07475725,0.16402219,0.07534827,0.050020855
BTF3L4,0.0009971219,0.05683428,0.00026783958,0.011722919,0.06998219
BTG1,0.0003150213,0.022183914,0.00022898104,0.033207905,0.016821422
BTG2,0.14223221,0.030976314,0.248834,0.040572207,0.0228626
BTG3,0.0010687532,0.026670704,6.192346e-05,0.058529135,0.010084768
BTG4,0.0010003719,0.03521765,0.00024956543,0.020175396,0.04641786
BTK,0.49572572,0.4264109,0.31824586,0.20399636,0.24056998
BTLA,0.0005616479,0.017778974,0.00079937524,0.01805446,0.013830915
BTN2A1,0.00058615336,0.005225462,7.122599e-05,0.023442874,0.005449621
BTN2A2,0.25106695,0.016380675,0.16068235,0.02070766,0.030841371
BTN3A3,0.0002268828,0.0067681833,0.0003223185,0.02844312,0.023976438
BTRC,0.020220498,0.053545076,0.0041377586,0.0494123,0.033360157
BUB1,0.88952655,0.6375001,0.6139007,0.2956548,0.64110315
BUB1B,0.7057797,0.7989251,0.32985684,0.32929215,0.6240372
BUB3,0.63291675,0.56464297,0.5354668,0.33269605,0.49283722
BUD13,0.00064962363,0.089786015,0.0004925616,0.026245482,0.07636331
BUD31,0.0005520302,0.035708833,0.00014831287,0.02372016,0.03489654
BYSL,0.0005988996,0.15124138,0.00037611512,0.13176401,0.11857534
BZW1,0.0014317626,0.016005617,0.00014237469,0.029799249,0.028089248
BZW2,0.0042350385,0.15509735,0.00016020099,0.06586782,0.16516316
C10ORF62,3.9681403e-05,0.0002909631,0.00012573757,0.01804367,0.00028143427
C10ORF67,0.00015471262,0.0002909631,0.0024663985,0.01804367,0.00028143427
C10ORF88,5.2461917e-05,0.0002909631,0.00013127716,0.01804367,0.00028143427
C10ORF90,5.637399e-05,0.0002909631,0.00033240902,0.01804367,0.00028143427
C10ORF95,0.00025094286,0.0002909631,0.0628893,0.01804367,0.00028143427
C11ORF21,0.00013905343,0.0002909631,0.0021628302,0.01804367,0.00028143427
C11ORF24,8.820681e-05,0.0002909631,0.00036828336,0.01804367,0.00028143427
C11ORF52,5.9556634e-05,0.0002909631,0.0006311863,0.01804367,0.00028143427
C11ORF54,5.5107976e-05,0.0002909631,0.0002696115,0.01804367,0.00028143427
C11ORF58,3.5373112e-05,0.0002909631,0.000115292205,0.01804367,0.00028143427
C11ORF65,5.5107976e-05,0.0002909631,0.00024927148,0.01804367,0.00028143427
C11ORF68,3.6638074e-05,0.0002909631,7.615402e-05,0.01804367,0.00028143427
C11ORF71,4.3777058e-05,0.0002909631,0.00015797114,0.01804367,0.00028143427
C11ORF87,3.9942875e-05,0.0002909631,0.00017445814,0.01804367,0.00028143427
C11ORF91,0.0002005302,0.0002909631,0.02086595,0.01804367,0.00028143427
C12ORF50,6.1957544e-05,0.0002909631,0.0005588924,0.01804367,0.00028143427
C12ORF54,0.0001292858,0.0002909631,0.0060167224,0.01804367,0.00028143427
C12ORF56,0.00013905343,0.0002909631,0.0021628302,0.01804367,0.00028143427
C12ORF57,4.3777058e-05,0.0002909631,0.0004151333,0.01804367,0.00028143427
C12ORF71,8.67104e-05,0.0002909631,0.0013757003,0.01804367,0.00028143427
C12ORF75,0.0036976687,0.0002909631,0.21723692,0.01804367,0.00028143427
C14ORF119,7.12707e-05,0.0002909631,0.0004179587,0.01804367,0.00028143427
C14ORF39,0.0001292858,0.0002909631,0.0059523387,0.01804367,0.00028143427
C14ORF93,4.7906757e-05,0.0002909631,0.00015797114,0.01804367,0.00028143427
C15ORF39,3.684866e-05,0.0002909631,9.031208e-05,0.01804367,0.00028143427
C15ORF40,5.9556634e-05,0.0002909631,0.00046149633,0.01804367,0.00028143427
C15ORF61,0.00011962937,0.0002909631,0.00294431,0.01804367,0.00028143427
C15ORF62,0.00010095776,0.0002909631,0.0049317474,0.01804367,0.00028143427
C16ORF74,5.9556634e-05,0.0002909631,0.000519519,0.01804367,0.00028143427
C16ORF78,4.3777058e-05,0.0002909631,0.00015797114,0.01804367,0.00028143427
C16ORF87,5.9556634e-05,0.0002909631,0.00044678702,0.01804367,0.00028143427
C16ORF89,4.526019e-05,0.0002909631,0.0007403895,0.01804367,0.00028143427
C16ORF90,9.503318e-05,0.0002909631,0.0008231056,0.01804367,0.00028143427
C16ORF92,0.00019708992,0.0002909631,0.009492104,0.01804367,0.00028143427
C16ORF96,9.503318e-05,0.0002909631,0.0011028401,0.01804367,0.00028143427
C17ORF107,0.0001292858,0.0002909631,0.0059523387,0.01804367,0.00028143427
C17ORF50,9.503318e-05,0.0002909631,0.0008231056,0.01804367,0.00028143427
C17ORF58,0.0001292858,0.0002909631,0.004387341,0.01804367,0.00028143427
C17ORF75,5.9556634e-05,0.0002909631,0.00046149633,0.01804367,0.00028143427
C18ORF32,5.9556634e-05,0.0002909631,0.0014406334,0.01804367,0.00028143427
C18ORF54,0.0024113124,0.0002909631,0.1666883,0.01804367,0.00028143427
C18ORF63,0.0001292858,0.0002909631,0.004744441,0.01804367,0.00028143427
C19ORF12,5.657255e-05,0.0002909631,0.00023888516,0.01804367,0.00028143427
C19ORF18,5.9556634e-05,0.0002909631,0.0004533158,0.01804367,0.00028143427
C19ORF25,4.2203683e-05,0.0002909631,0.00026197894,0.01804367,0.00028143427
C19ORF33,5.9556634e-05,0.0002909631,0.00062546827,0.01804367,0.00028143427
C19ORF44,5.5107976e-05,0.0002909631,0.00027410008,0.01804367,0.00028143427
C19ORF47,0.00010399771,0.0002909631,0.0008231056,0.01804367,0.00028143427
C19ORF53,7.12707e-05,0.0002909631,0.00028194158,0.01804367,0.00028143427
C19ORF73,4.7906757e-05,0.0002909631,0.00017354397,0.01804367,0.00028143427
C19ORF84,9.161806e-05,0.0002909631,0.0027128276,0.01804367,0.00028143427
C1D,0.0016332951,0.0994992,0.00024816787,0.13822865,0.12055088
C1GALT1,0.00049001613,0.0142810745,0.000457037,0.10439912,0.023346828
C1GALT1C1,0.00064545457,0.03980142,0.00011356181,0.024950339,0.036655597
C1ORF105,5.5107976e-05,0.0002909631,0.00022324601,0.01804367,0.00028143427
C1ORF115,6.159031e-05,0.0002909631,0.00033725394,0.01804367,0.00028143427
C1ORF122,3.6638074e-05,0.0002909631,9.178963e-05,0.01804367,0.00028143427
C1ORF159,0.00021567923,0.0002909631,0.0076075075,0.01804367,0.00028143427
C1ORF174,4.3740834e-05,0.0002909631,0.0001456691,0.01804367,0.00028143427
C1ORF198,3.9942875e-05,0.0002909631,0.00020583246,0.01804367,0.00028143427
C1ORF21,0.0032806573,0.0002909631,0.16075854,0.01804367,0.00028143427
C1ORF210,8.820681e-05,0.0002909631,0.00035199217,0.01804367,0.00028143427
C1ORF216,3.5373112e-05,0.0002909631,0.00014696873,0.01804367,0.00028143427
C1ORF35,4.4349195e-05,0.0002909631,0.00013368082,0.01804367,0.00028143427
C1ORF43,0.0002005302,0.0002909631,0.02086595,0.01804367,0.00028143427
C1ORF50,5.5107976e-05,0.0002909631,0.0005932138,0.01804367,0.00028143427
C1ORF52,4.3777058e-05,0.0002909631,0.00017354397,0.01804367,0.00028143427
C1ORF53,0.0001292858,0.0002909631,0.0038948893,0.01804367,0.00028143427
C1ORF54,0.0001292858,0.0002909631,0.0044614617,0.01804367,0.00028143427
C1ORF56,0.00010579272,0.0002909631,0.0005501988,0.01804367,0.00028143427
C1ORF74,4.3740834e-05,0.0002909631,0.00014029966,0.01804367,0.00028143427
C1ORF87,5.5107976e-05,0.0002909631,0.00027405252,0.01804367,0.00028143427
C1ORF94,3.5327907e-05,0.0002909631,0.0003421383,0.01804367,0.00028143427
C1QA,0.0010705899,0.059222843,0.0011325943,0.039683018,0.020813128
C1QB,0.00057363085,0.011453853,0.00016524135,0.04004193,0.017799322
C1QBP,0.00033119493,0.13906825,7.108215e-05,0.19990277,0.06122468
C1QC,0.001095501,0.050863244,0.00086291565,0.08475334,0.031114077
C1QL1,0.0027362537,0.0120098395,0.0045364955,0.01804367,0.022915909
C1QL2,0.0011527335,0.0067509757,0.0013980502,0.01804367,0.009481664
C1QL3,0.00025753627,0.013142616,0.00026311763,0.0280088,0.006064876
C1QL4,0.002256595,0.006956713,0.012647878,0.01804367,0.0083038565
C1QTNF1,0.00029375096,0.011207463,0.00017038047,0.04164072,0.012664288
C1QTNF2,0.00073681324,0.028119504,0.00070713775,0.05040212,0.024497464
C1QTNF3,0.002082832,0.0067184307,0.002206766,0.01804367,0.0073004207
C1QTNF4,0.0034361323,0.019798664,0.0052782134,0.01804367,0.061056145
C1QTNF5,0.00022595494,0.0047403267,0.00026018816,0.09978102,0.009962741
C1QTNF6,0.0005971165,0.005483288,0.0007038245,0.020270698,0.019560609
C1QTNF8,0.0013968939,0.0064039608,0.0054704677,0.01804367,0.01390719
C1QTNF9,0.00013193488,0.0067104516,0.0003170481,0.05663776,0.009748507
C1QTNF9B,0.016036684,0.016332848,0.02086595,0.01804367,0.047183856
C1S,0.13161127,0.029295426,0.028136013,0.015651375,0.08596463
C2,0.0015285749,0.061258573,0.00053591764,0.019230777,0.05065001
C20ORF141,4.3777058e-05,0.0002909631,0.00021170563,0.01804367,0.00028143427
C21ORF58,5.5107976e-05,0.0002909631,0.00034093324,0.01804367,0.00028143427
C21ORF91,4.526019e-05,0.0002909631,0.0007403895,0.01804367,0.00028143427
C22ORF23,5.9556634e-05,0.0002909631,0.00069404347,0.01804367,0.00028143427
C22ORF39,5.5107976e-05,0.0002909631,0.0003044327,0.01804367,0.00028143427
C2CD2,0.0023219613,0.010548294,0.0065624337,0.01804367,0.01888182
C2CD2L,0.0006848602,0.011388934,0.00070057926,0.028985407,0.013560791
C2CD3,0.00052597123,0.004588076,0.00034997286,0.023442874,0.009338092
C2CD4A,0.0015855257,0.010346163,0.0018704187,0.01804367,0.011697606
C2CD4B,0.0030656806,0.0043610297,0.0008231056,0.01804367,0.006952583
C2CD5,0.00044325838,0.005447458,0.00013739393,0.028985407,0.011863732
C2ORF15,0.00025094286,0.0002909631,0.0628893,0.01804367,0.00028143427
C2ORF42,4.358939e-05,0.0002909631,0.0002263556,0.01804367,0.00028143427
C2ORF49,5.657255e-05,0.0002909631,0.0008643669,0.01804367,0.00028143427
C2ORF68,0.0001292858,0.0002909631,0.0044614617,0.01804367,0.00028143427
C2ORF69,0.00010399771,0.0002909631,0.004068489,0.01804367,0.00028143427
C2ORF88,4.3740834e-05,0.0002909631,0.0003002921,0.01804367,0.00028143427
C3,0.0009443078,0.010308238,0.00026732884,0.039901003,0.015657578
C3AR1,0.00027064478,0.006370029,0.00023143251,0.021659115,0.008968495
C3ORF18,0.0001292858,0.0002909631,0.0040898193,0.01804367,0.00028143427
C3ORF20,5.9556634e-05,0.0002909631,0.00046149633,0.01804367,0.00028143427
C3ORF33,0.0019758972,0.0002909631,0.017217472,0.01804367,0.00028143427
C3ORF52,5.5107976e-05,0.0002909631,0.00019336173,0.01804367,0.00028143427
C3ORF62,5.2461917e-05,0.0002909631,0.00015849348,0.01804367,0.00028143427
C4B,0.0006428822,0.022468539,0.00024505198,0.036087103,0.025305737
C4BPA,0.00032691227,0.0059323935,0.0003552755,0.02475442,0.021787887
C4BPB,0.0009459083,0.017582007,0.00013558812,0.009380428,0.06207089
C4ORF17,5.0618306e-05,0.0002909631,0.00021543383,0.01804367,0.00028143427
C4ORF33,4.3777058e-05,0.0002909631,0.00015797114,0.01804367,0.00028143427
C4ORF46,0.00267846,0.0002909631,0.09747936,0.01804367,0.00028143427
C5,0.001758453,0.026528796,0.0003063567,0.031009777,0.049569443
C5AR1,0.0008449257,0.01387559,0.00019602054,0.021824399,0.008769421
C5AR2,0.0024616977,0.033814687,0.00025055223,0.021659115,0.028430808
C5ORF15,5.2461917e-05,0.0002909631,0.00016776915,0.01804367,0.00028143427
C5ORF22,5.6616696e-05,0.0002909631,0.00079919706,0.01804367,0.00028143427
C5ORF34,5.9556634e-05,0.0002909631,0.00048767205,0.01804367,0.00028143427
C6,0.07292556,0.009986536,0.12073663,0.024222368,0.005926817
C6ORF118,5.9556634e-05,0.0002909631,0.00044678702,0.01804367,0.00028143427
C6ORF120,0.00010579272,0.0002909631,0.00062058907,0.01804367,0.00028143427
C6ORF141,0.00027726992,0.0002909631,0.011780075,0.01804367,0.00028143427
C6ORF163,0.0001292858,0.0002909631,0.0047842115,0.01804367,0.00028143427
C6ORF47,3.6343186e-05,0.0002909631,9.575709e-05,0.01804367,0.00028143427
C6ORF62,4.5947043e-05,0.0002909631,0.00087632023,0.01804367,0.00028143427
C6ORF89,4.2203683e-05,0.0002909631,0.00044294307,0.01804367,0.00028143427
C7,0.047329806,0.008639819,0.10556964,0.02678978,0.011361902
C7ORF25,4.257331e-05,0.0002909631,0.00015947856,0.01804367,0.00028143427
C8B,0.00078314584,0.028881617,0.00018295617,0.02837221,0.028210258
C8G,0.0012588846,0.012154044,0.00034531494,0.014806866,0.034775984
C8ORF33,3.255335e-05,0.0002909631,7.874223e-05,0.01804367,0.00028143427
C8ORF48,4.7906757e-05,0.0002909631,0.00020918026,0.01804367,0.00028143427
C8ORF74,0.00010399771,0.0002909631,0.0008231056,0.01804367,0.00028143427
C8ORF76,4.3777058e-05,0.0002909631,0.0004151333,0.01804367,0.00028143427
C8ORF88,9.6275224e-05,0.0002909631,0.004602386,0.01804367,0.00028143427
C9,0.0025000088,0.033114985,0.0004900115,0.017275047,0.053621534
C9ORF153,9.503318e-05,0.0002909631,0.0008231056,0.01804367,0.00028143427
C9ORF43,0.0023800852,0.0002909631,0.10995514,0.01804367,0.00028143427
C9ORF50,5.9556634e-05,0.0002909631,0.00046149633,0.01804367,0.00028143427
C9ORF72,3.6343186e-05,0.0002909631,7.032412e-05,0.01804367,0.00028143427
C9ORF78,4.2203683e-05,0.0002909631,0.00020449034,0.01804367,0.00028143427
C9ORF85,0.00025094286,0.0002909631,0.0628893,0.01804367,0.00028143427
CA1,0.0007830137,0.0070874393,0.0006642295,0.022149315,0.013798414
CA10,0.0024490326,0.0056710746,0.0018931725,0.01804367,0.015949793
CA11,0.0005515897,0.017711079,0.000135905,0.018600604,0.030540263
CA12,0.03560565,0.009410656,0.1401272,0.018100467,0.009305159
CA14,0.0021132063,0.009634762,0.00044838656,0.020270698,0.054000095
CA2,0.4935173,0.15064824,0.3010476,0.053090177,0.08257737
CA4,0.00034158863,0.00806692,0.000514582,0.025285685,0.015861968
CA5A,0.044374667,0.0028675606,0.13273907,0.023442874,0.004490661
CA8,0.0010046245,0.03908566,0.00015311893,0.10202928,0.023175655
CA9,0.07282807,0.011734145,0.101233415,0.02591231,0.015598703
CAAP1,0.00072632206,0.038917456,8.465195e-05,0.037042066,0.044690143
CAB39,0.17201604,0.15755245,0.27392507,0.084160276,0.05679649
CAB39L,0.00036847283,0.014419716,0.00019095333,0.06532308,0.012319774
CABIN1,0.0003284001,0.023380578,0.00014534693,0.08017108,0.016471172
CABLES1,0.00023454247,0.05031443,0.00016911766,0.04712343,0.01572842
CABLES2,0.0005984454,0.029219031,6.4280604e-05,0.07441684,0.019632794
CABP1,0.00075721426,0.056144927,0.00097348675,0.022286717,0.051596854
CABP2,0.00031661586,0.010441646,0.00015797114,0.01992266,0.02221674
CABP4,0.002620004,0.012010689,0.0029247343,0.010057129,0.033226494
CABP7,0.009808877,0.017031694,0.006224191,0.01804367,0.03292855
CABS1,0.00048057473,0.0049209693,0.0059988936,0.01804367,0.014348423
CABYR,0.00068706035,0.018604608,0.0002973163,0.011722919,0.01402508
CACHD1,0.0008078399,0.050876077,6.6625544e-05,0.02679841,0.07180423
CACNA1A,0.18835519,0.037912518,0.22300489,0.03984609,0.0452684
CACNA1B,0.0008660788,0.026336247,0.00015597136,0.014507356,0.017202785
CACNA1C,0.00022994411,0.0034366697,0.00022261472,0.04992685,0.0023141077
CACNA1D,0.00060970435,0.012658488,0.00019006922,0.021767354,0.024436425
CACNA1E,0.00034183316,0.019763881,0.00010039939,0.039998848,0.022936018
CACNA1F,0.00072732574,0.013760823,0.00024161606,0.018289693,0.024579791
CACNA1G,0.0007311622,0.0048285644,0.00016289661,0.09978102,0.010893796
CACNA1H,0.00055361434,0.0036093623,0.00017493805,0.018103411,0.006398462
CACNA1I,0.0010564538,0.03604801,0.00026169582,0.030453553,0.050271623
CACNA1S,0.00040105986,0.038169995,0.00031569775,0.018814605,0.03223351
CACNA2D1,0.0021869421,0.012767419,0.0010819987,0.01804367,0.012778423
CACNA2D2,0.1601402,0.014272277,0.09571016,0.023442874,0.02714049
CACNA2D3,0.0003547734,0.060307603,0.00041431037,0.05363804,0.015583193
CACNB1,0.0008253893,0.01808698,0.00016598575,0.033245508,0.01569687
CACNB2,0.00025310906,0.008569622,0.00018449812,0.009690155,0.028579848
CACNB3,0.0777953,0.007571141,0.2619583,0.020532943,0.02168035
CACNB4,0.15764436,0.01233717,0.14302865,0.024410563,0.021070305
CACNG2,0.0010571998,0.014420542,0.00015261445,0.022874387,0.01426852
CACNG3,0.0012220844,0.022568202,0.00015503203,0.024041327,0.07464014
CACNG4,0.0018675411,0.00533996,0.015553435,0.01804367,0.021083588
CACNG5,0.006043745,0.0065503144,0.0011676084,0.01804367,0.033566736
CACUL1,0.0006548167,0.019447839,0.00012959387,0.01627669,0.033472244
CACYBP,0.00057404296,0.0350346,0.000118077965,0.034305375,0.037394695
CAD,0.0007123445,0.036158495,0.00024841097,0.05930402,0.009452759
CADM1,0.00079224055,0.031092731,0.00012556852,0.03419284,0.029463667
CADM3,0.00076303375,0.040309187,0.00024781202,0.029166564,0.028809978
CADM4,0.05094159,0.012163574,0.087397024,0.030808024,0.017492592
CADPS,0.00065402023,0.0608213,0.00022886034,0.07554605,0.048382614
CADPS2,0.00096132193,0.106869414,0.000152469,0.070368364,0.044267934
CAGE1,0.00042856473,0.025778072,0.0004424088,0.03529038,0.023761028
CALB1,0.0002352762,0.032006644,0.00030188294,0.024729606,0.036083758
CALB2,0.00045941645,0.061275713,0.00031276996,0.014542438,0.05405766
CALCA,0.0028022605,0.03153067,0.00021729295,0.017670376,0.083886735
CALCB,0.0019973505,0.003951875,0.000806786,0.01804367,0.0057261623
CALCOCO1,0.00036732192,0.02353278,0.00017504366,0.10543716,0.019040326
CALCOCO2,0.13929112,0.17356487,0.22406384,0.43685526,0.040740363
CALD1,0.0001687253,0.021504464,0.00011659647,0.12326603,0.014587452
CALM1,0.6133869,0.30436018,0.26921168,0.22597231,0.14259459
CALM2,0.23282757,0.20969285,0.26921168,0.22597231,0.08220595
CALM3,0.20449013,0.21731323,0.25481403,0.22597231,0.047056146
CALML3,0.000256727,0.009481951,0.00012422477,0.01369977,0.013095861
CALML4,0.006620992,0.031686604,0.0059493487,0.01804367,0.07665305
CALML5,0.001013362,0.03002077,6.51074e-05,0.082221754,0.011185412
CALML6,0.0047926074,0.005522996,0.016657993,0.01804367,0.012223466
CALR,0.11636517,0.023321426,0.21608171,0.08687003,0.024556417
CALR3,0.0008407295,0.0037276007,0.0013757003,0.01804367,0.023678578
CALU,0.0003843238,0.020004572,0.00019923176,0.04687113,0.027234783
CAMK1,0.6542634,0.3710198,0.7429239,0.15273304,0.2848887
CAMK1D,0.7160019,0.32395735,0.32823306,0.051021855,0.2856386
CAMK1G,0.07735557,0.014953609,0.034459203,0.050619364,0.018072149
CAMK2A,0.063892275,0.022144966,0.09125701,0.13249134,0.026340082
CAMK2B,0.34887838,0.22519355,0.30584624,0.15331545,0.09382357
CAMK2D,0.7101656,0.41672444,0.46921307,0.07038656,0.30192095
CAMK2G,0.5932718,0.16097303,0.20785886,0.107880354,0.08785894
CAMK2N1,0.00033033217,0.008513283,0.00018459983,0.008382098,0.031018088
CAMK4,0.0004928596,0.047235776,0.00011893623,0.0722007,0.03159273
CAMKK1,0.0004464181,0.023320753,0.00022642767,0.029799249,0.018385006
CAMKK2,0.00022225524,0.0053950045,0.00014120694,0.09631898,0.0045834505
CAMKMT,0.00022275207,0.009262599,0.00011635978,0.017034966,0.01453907
CAMKV,0.30921346,0.043221828,0.29821205,0.039315768,0.05220865
CAMLG,0.050867226,0.037912894,0.106848076,0.024358278,0.03393211
CAMSAP1,0.0009247516,0.054246783,0.00016717735,0.043872934,0.078532405
CAMSAP2,0.00044651495,0.034342445,0.00016533212,0.044621475,0.046142977
CAMSAP3,0.0014320675,0.04142883,0.00011282869,0.055746976,0.033395465
CAMTA1,0.00040712423,0.031903986,0.00017354397,0.03633521,0.043689884
CAMTA2,0.00046713874,0.0122508155,0.00019344028,0.010343921,0.017349452
CAND1,0.2089386,0.14099842,0.43131885,0.3180733,0.034807105
CAND1,0.2089386,0.14099842,0.43131885,0.3180733,0.034807105
CAND2,0.0007202722,0.030193098,0.00022688584,0.06586782,0.048790615
CANT1,0.17171308,0.013649065,0.05561196,0.041682776,0.02649914
CANX,0.00028888337,0.022302296,0.00019278182,0.0701422,0.01482258
CAP1,0.00029310695,0.03677532,0.00012037981,0.09380842,0.023026884
CAP2,0.00024223121,0.009520457,0.00018145997,0.04857986,0.010135385
CAPG,0.00080907566,0.0072491863,0.00015808023,0.0663656,0.0062298034
CAPN1,0.000386947,0.0916475,0.00017298457,0.5184878,0.026449537
CAPN10,0.00064310676,0.022846501,0.00012346932,0.03208136,0.01885771
CAPN11,0.0001823002,0.01322355,0.00018681372,0.09680679,0.012003171
CAPN12,0.0028705045,0.0060560238,0.005693031,0.01804367,0.006615399
CAPN15,0.0011438892,0.00978504,0.0003766616,0.023442874,0.028882977
CAPN2,0.0008402614,0.028694324,0.00021144177,0.11522541,0.005908461
CAPN3,0.6690735,0.4627151,0.15970881,0.08828944,0.44473258
CAPN5,0.0003377718,0.050867546,0.00025053334,0.02213418,0.038825765
CAPN6,0.116711624,0.01878001,0.08857797,0.03158699,0.029042797
CAPN7,0.0003282242,0.017638339,0.0003689948,0.06411541,0.018050002
CAPNS1,0.0004630421,0.046511754,0.00014831287,0.1353808,0.013376849
CAPNS2,0.0008700303,0.013119006,0.00050422974,0.024041327,0.01558522
CAPRIN1,0.14759755,0.08949135,0.14620733,0.05200882,0.12646249
CAPRIN2,0.0006116457,0.02959175,0.00014239764,0.011681861,0.016883044
CAPS,0.00040553222,0.004983991,0.00071440917,0.01804367,0.009838065
CAPS2,0.006854124,0.07150183,0.0013508738,0.01804367,0.1695736
CAPSL,0.0004549996,0.0075732083,0.0010795842,0.017034966,0.023281539
CAPZA1,0.00027501967,0.023156049,0.00015570165,0.10540215,0.012020934
CAPZA2,0.001037178,0.027108693,0.00013266683,0.027358834,0.03168529
CAPZA3,0.0008077783,0.044465408,0.00020644117,0.04624848,0.019498525
CAPZB,0.66027915,0.6230009,0.31619278,0.25996402,0.44986835
CARD10,0.00050765154,0.010044846,0.00076139,0.011245472,0.012083935
CARD11,0.0011050891,0.04503713,0.00013545761,0.120051116,0.015982691
CARD14,0.0004127438,0.013776576,0.00012573757,0.01992266,0.023232218
CARD19,0.008984716,0.014978789,0.0628893,0.01804367,0.030940503
CARD6,0.00040511554,0.011817769,0.00025479597,0.039998848,0.033801004
CARD8,0.00063429837,0.027771536,0.00017162226,0.13318714,0.03737296
CARD9,0.00057874835,0.026243716,0.00029488374,0.06455711,0.021722184
CARF,0.00018289145,0.0114269275,0.00024050112,0.011185222,0.033683464
CARHSP1,0.6728257,0.43674016,0.26773706,0.09711622,0.2533362
CARM1,0.58041847,0.47925964,0.15484808,0.14289773,0.3633231
CARMIL1,0.005933524,0.0050057583,0.0628893,0.01804367,0.023567677
CARMIL3,0.02160079,0.01385459,0.0628893,0.01804367,0.024700476
CARNMT1,0.0050845724,0.012710795,0.0628893,0.01804367,0.03183948
CARS1,0.8067031,0.4220786,0.0628893,0.01804367,0.6365549
CARS2,0.036706574,0.009567068,0.14469036,0.010057129,0.0232712
CASC3,0.1503738,0.064995095,0.17936079,0.026436144,0.17148852
CASD1,0.007165254,0.019650057,0.008131475,0.01804367,0.01829745
CASK,0.1685549,0.17564178,0.19279453,0.054924384,0.064028546
CASKIN2,0.00037510408,0.018732524,0.00021839942,0.10439912,0.019025065
CASP1,0.0016115269,0.18830578,0.00019116902,0.18083519,0.15670861
CASP10,0.00040794144,0.12925147,0.00020126019,0.08473335,0.056082748
CASP14,0.0013477831,0.025447581,0.00049288,0.058314674,0.021397736
CASP2,0.00033688615,0.02602431,0.00031633768,0.1488868,0.037418287
CASP3,0.20519762,0.10482345,0.43869114,0.11600601,0.035906963
CASP4,0.00057913765,0.049225196,8.4641935e-05,0.15384021,0.025592329
CASP5,0.38120228,0.102014445,0.302064,0.0489112,0.16943645
CASP6,0.311786,0.09931968,0.41465065,0.137325,0.057126064
CASP7,0.18423808,0.08047217,0.3100415,0.29988706,0.01715469
CASP8,0.7931974,0.55818725,0.62368834,0.35492384,0.5840729
CASP9,0.25618663,0.06790226,0.36501372,0.080376625,0.02596765
CASQ1,0.48708642,0.1413767,0.22028528,0.022973275,0.40519392
CASQ2,0.0006894584,0.029175665,0.00015883222,0.03756352,0.047195584
CASR,0.0013402636,0.05867783,0.00022808222,0.02504491,0.07211346
CAST,0.0008109258,0.088912934,0.0001124935,0.08956298,0.03704739
CASTOR2,0.0021387343,0.00092398666,0.0628893,0.01804367,0.0036763514
CASZ1,0.0004298171,0.0054985993,0.00016960972,0.017034966,0.014582811
CAT,0.0010104217,0.053612318,0.00064122083,0.13822865,0.054118343
CATIP,0.00036538567,0.046470545,0.00023081219,0.027604321,0.048048373
CATSPER1,0.18662478,0.04064818,0.24197976,0.042695977,0.039139163
CAV1,0.0877914,0.038374238,0.11096764,0.19283855,0.009369858
CAV2,0.07378538,0.023122031,0.1849393,0.022835549,0.027963348
CAV3,0.0002767272,0.009123905,0.00039666292,0.042318378,0.0064996644
CAVIN1,0.0072504766,0.007577134,0.0628893,0.01804367,0.017819189
CAVIN3,0.007737661,0.015421865,0.0628893,0.01804367,0.029264253
CBFA2T2,0.00055537483,0.080706045,0.0001852441,0.07899467,0.039440893
CBFA2T3,0.00027117893,0.02062875,0.00018733529,0.09711622,0.009498315
CBFB,0.0005842636,0.068650536,0.0006576148,0.036238354,0.058801394
CBL,0.09369727,0.047864985,0.31486598,0.20987579,0.011475356
CBLB,0.001572877,0.0140287,0.00025313924,0.0719042,0.021870436
CBLC,0.00035243374,0.036604006,0.0001660912,0.047931377,0.012080151
CBLL1,0.00040093873,0.02173884,0.00015501917,0.011245472,0.028531633
CBLN1,0.0008206403,0.014530081,0.00039684257,0.028982447,0.01110695
CBLN2,0.0013563501,0.0128224455,0.00015727017,0.028982447,0.031946696
CBLN3,0.00056404027,0.0037695104,0.00015797114,0.013283978,0.0143879745
CBLN4,0.13131355,0.026874268,0.29736945,0.01560128,0.060351852
CBR1,0.085298784,0.036091972,0.44240007,0.107426,0.02976116
CBR3,0.1282115,0.035482064,0.18602756,0.03830263,0.026195327
CBR4,0.00042951157,0.006117082,0.00023170609,0.023442874,0.007931399
CBS,0.21641882,0.035016697,0.31508437,0.19386926,0.040021952
CBX1,0.001322137,0.17695197,0.0002940006,0.09444267,0.06218907
CBX2,0.00023097158,0.015622448,0.00013687271,0.05777475,0.0141965095
CBX3,0.000366538,0.019211123,0.00019681462,0.1468886,0.0129892025
CBX4,0.39404503,0.1160958,0.28627533,0.27199018,0.041499265
CBX5,0.0024175225,0.13864858,0.00017528368,0.14034888,0.04632269
CBX6,0.001070125,0.1571991,0.00043215603,0.053263072,0.071359046
CBX7,0.0002533459,0.03933269,0.00017367989,0.10358363,0.011365464
CBX8,0.0003020125,0.061300777,0.00029876374,0.07506138,0.014641507
CBY1,0.00049363537,0.011132644,0.00011872841,0.10444256,0.026815707
CC2D1A,0.00040542305,0.031800337,0.00018539783,0.029588407,0.03788105
CC2D1B,0.0008358545,0.013193313,0.0001540327,0.020951219,0.02825134
CC2D2B,0.0034265902,0.0061772736,0.0025915352,0.01804367,0.058885142
CCAR1,0.0008656931,0.03836053,0.00015605288,0.083088025,0.055481143
CCAR2,0.084857486,0.016837161,0.2120104,0.13923933,0.0038542906
CCBE1,0.00017950451,0.0076527544,0.00097348675,0.048526384,0.005660099
CCDC102A,0.0020512072,0.012597547,0.0008231056,0.01804367,0.02649371
CCDC102B,0.00035583833,0.0861098,0.00013392809,0.08361337,0.026756791
CCDC106,0.00019481147,0.0072223935,0.00011346223,0.041557513,0.008046014
CCDC107,0.00038962413,0.019036356,0.00023704376,0.04882528,0.03715824
CCDC110,0.0010667259,0.015604612,0.00040538557,0.02844312,0.0423169
CCDC112,0.06365679,0.021298133,0.07581138,0.03830263,0.019104708
CCDC116,0.0019957456,0.08008262,0.00028670972,0.022508346,0.058324024
CCDC117,0.0005765131,0.013101052,0.0005588924,0.023442874,0.052594204
CCDC12,0.0021699064,0.038279437,0.00023638294,0.04624848,0.039282184
CCDC120,0.07471166,0.038099166,0.2649228,0.0273377,0.030544335
CCDC122,0.014242307,0.039687704,0.008068717,0.01804367,0.07726982
CCDC124,0.0004047627,0.007491823,8.697855e-05,0.06691829,0.02804417
CCDC125,0.0022572211,0.009900704,0.005854158,0.01804367,0.020980503
CCDC127,0.0019074933,0.010370804,0.00051085406,0.024041327,0.009229467
CCDC13,0.0028153972,0.010891992,0.004888933,0.01804367,0.021946529
CCDC134,0.0007941543,0.04126779,0.00017354397,0.015479423,0.071079284
CCDC136,0.0013233904,0.09670684,0.0002951985,0.1296592,0.024094164
CCDC137,0.0007635502,0.03656574,0.00015797114,0.011777043,0.07514481
CCDC138,0.0014509085,0.04419844,0.0004151333,0.06866131,0.044309404
CCDC14,0.031499125,0.0082069095,0.08448127,0.014107352,0.010172778
CCDC146,0.0001673373,0.02166249,0.0001621115,0.17683244,0.01969886
CCDC148,0.001172245,0.074579485,0.00035034958,0.07237485,0.04927331
CCDC149,0.0021891242,0.0117585445,0.00047827928,0.01146169,0.06013765
CCDC15,0.0017559236,0.07437767,0.00012532854,0.013998775,0.087783165
CCDC150,0.0005797698,0.008647014,0.00027410008,0.021392673,0.01634817
CCDC157,0.0032152936,0.014800251,0.0016431231,0.01804367,0.037613273
CCDC158,0.00038388328,0.03713035,6.662262e-05,0.10096029,0.02166103
CCDC159,0.00055338466,0.022695484,0.00062546827,0.013978116,0.030823149
CCDC160,0.0034301206,0.019930894,0.0059523387,0.01804367,0.06518383
CCDC17,0.0009614982,0.008904277,0.00011841036,0.037062395,0.02494158
CCDC172,0.00056319335,0.025688991,0.00033340557,0.08282556,0.01818716
CCDC175,0.003820095,0.026396515,0.004578832,0.01804367,0.03620883
CCDC178,0.0028083657,0.023739293,0.0016985978,0.01804367,0.081288844
CCDC180,0.004876558,0.007154973,0.0008231056,0.01804367,0.013930346
CCDC185,0.00036606187,0.04000219,0.00087632023,0.06257514,0.016410744
CCDC186,0.000708989,0.0119776325,0.00015797114,0.044235084,0.017947936
CCDC22,0.00075596914,0.026300872,0.0003693297,0.04004193,0.042479806
CCDC24,0.00019647299,0.0077040703,0.00044111646,0.010303198,0.007596359
CCDC25,0.0012834137,0.0759162,0.00037395867,0.018586725,0.09223987
CCDC28A,0.0014333936,0.088540286,0.00013818001,0.036136404,0.13591295
CCDC28B,0.0002832583,0.018602423,5.4731005e-05,0.086575486,0.008818237
CCDC33,0.00046242634,0.021636445,0.0001342321,0.08411785,0.021296648
CCDC34,0.0035186503,0.015588696,0.0013706243,0.01804367,0.03901452
CCDC38,0.0048926086,0.023430903,0.0046252813,0.01804367,0.03522723
CCDC39,0.00088074553,0.028397774,0.0002516403,0.008382098,0.06717572
CCDC42,0.00015620457,0.002991004,0.00015797114,0.024950339,0.00886039
CCDC43,0.0002863778,0.013369091,0.00015797114,0.042580854,0.02752431
CCDC47,0.0005949989,0.020090781,9.770553e-05,0.064583525,0.01668026
CCDC50,0.0011676835,0.020522535,0.00019019142,0.10444256,0.03237656
CCDC51,0.04995306,0.019743463,0.17195556,0.028985407,0.095260166
CCDC54,0.0022535813,0.009651986,0.0030665044,0.01804367,0.015025775
CCDC59,0.0011167475,0.0640105,0.00010145419,0.04354087,0.043262616
CCDC6,0.112703644,0.06919724,0.11008547,0.0324777,0.082292035
CCDC60,0.00053618185,0.010469046,0.00015797114,0.008678562,0.021759886
CCDC66,0.00039479704,0.03361113,0.000160542,0.023442874,0.0268745
CCDC70,0.0012573124,0.04511608,0.00036749878,0.015479423,0.06692999
CCDC71L,0.0006118393,0.0136809815,0.0008316236,0.023442874,0.040217306
CCDC77,0.11278343,0.028318288,0.015460852,0.023442874,0.13142276
CCDC78,0.0003575677,0.0074771405,0.00018642687,0.01146169,0.020771595
CCDC8,0.0006020608,0.012082341,9.267866e-05,0.018600604,0.014903942
CCDC80,0.00050266,0.0030118206,0.00017354397,0.008382098,0.0058999388
CCDC85A,0.0011547194,0.010526517,0.00015797114,0.02591231,0.028491301
CCDC85B,0.04159845,0.042060554,0.08076763,0.14499688,0.005123549
CCDC85C,0.0007717421,0.029227918,0.0004944903,0.008382098,0.03724756
CCDC86,0.0021433146,0.09993674,8.489989e-05,0.015479423,0.19951421
CCDC87,0.00052872073,0.0114020575,5.9522514e-05,0.04708287,0.007566022
CCDC88A,0.0006130192,0.04672639,0.00012092295,0.2447733,0.014769532
CCDC88B,0.00052996824,0.018657388,0.00015797114,0.017275047,0.0366632
CCDC88C,0.00034007351,0.022430606,7.2006165e-05,0.010767184,0.024293372
CCDC9,0.00047851162,0.008937975,0.00018048674,0.044235084,0.01932014
CCDC90B,0.0010908346,0.029749969,0.000109369685,0.054308936,0.01652441
CCDC91,0.000955012,0.024803184,0.00073088176,0.024729606,0.03894464
CCDC92,0.00078310625,0.019556457,0.00021932302,0.034087338,0.014684214
CCDC93,0.00044911867,0.011662274,0.0003723909,0.05137268,0.018538151
CCDC97,0.00026327145,0.016102595,0.00020583246,0.024041327,0.022371909
CCDC9B,0.025152043,0.019297551,0.0628893,0.01804367,0.028082153
CCHCR1,0.10717139,0.03140536,0.26935932,0.3067131,0.0062439954
CCIN,0.19160342,0.043546546,0.07511998,0.024041327,0.051057283
CCK,0.00043955326,0.010605586,0.00015348189,0.05199053,0.008137119
CCKBR,0.0013741833,0.014780679,0.0001839043,0.013710812,0.012609243
CCL13,0.0011269673,0.044601984,0.00011367654,0.027035693,0.08157837
CCL14,0.000740807,0.032048352,0.00018554516,0.019015078,0.058864992
CCL15,0.00038279773,0.0105084805,0.00015835708,0.05199053,0.027360817
CCL16,0.00013371882,0.003501077,0.00017234628,0.021493236,0.01575211
CCL18,0.0003705206,0.011785154,0.00015400935,0.040722523,0.009032871
CCL19,0.00025495124,0.007016937,0.000286229,0.03954661,0.005888137
CCL2,0.0007243072,0.028546784,6.797504e-05,0.06603832,0.03171202
CCL20,0.00072282745,0.026826246,0.0001223343,0.024579357,0.051958635
CCL21,0.0010246597,0.056138296,0.00047168916,0.024379643,0.035053257
CCL22,0.00024696995,0.005267337,0.00027731646,0.070112325,0.0064221793
CCL25,0.00057650293,0.0146702705,0.00020564218,0.008615141,0.04997797
CCL26,0.0004057929,0.0073636677,0.00021625354,0.020293722,0.011319633
CCL28,0.00010289361,0.0029770245,0.00027731646,0.020798571,0.005632559
CCL3,0.0009832156,0.044598747,0.0001996069,0.107956104,0.025447078
CCL4,0.0006604147,0.032028362,0.00020060687,0.0076379906,0.07529224
CCL5,0.00038676002,0.017508926,0.00019714273,0.054308936,0.008862923
CCL7,0.00051484496,0.026320107,0.00015955507,0.042196684,0.010369472
CCM2,0.0016759624,0.0349883,0.0005631142,0.12706953,0.05728618
CCM2L,0.0002166564,0.006186839,0.00072658825,0.04225217,0.00919986
CCN1,0.018059017,0.018929213,0.0628893,0.01804367,0.06430227
CCN2,0.010386569,0.012459589,0.0628893,0.01804367,0.035825584
CCN3,0.006629773,0.011454307,0.0628893,0.01804367,0.021760065
CCN4,0.0059566908,0.0057610795,0.0628893,0.01804367,0.01840189
CCN5,0.005865155,0.008908133,0.0628893,0.01804367,0.02938536
CCNA1,0.00093303237,0.12025725,9.9020544e-05,0.17537273,0.03414606
CCNA2,0.5253143,0.46991527,0.47194993,0.28365856,0.19993958
CCNB1,0.32565805,0.16604298,0.43307218,0.216343,0.09447927
CCNB1IP1,0.00030716768,0.020499734,0.00037577123,0.075046964,0.0078566475
CCNB2,0.0011819071,0.026007775,8.892781e-05,0.036136404,0.039338738
CCNB3,0.0016411712,0.009820694,5.1459483e-05,0.017042585,0.024072684
CCNC,0.0009770669,0.03880567,0.00026890886,0.10064178,0.032609873
CCND1,0.13869274,0.06970907,0.24729528,0.1192726,0.05554355
CCND2,0.18206532,0.050319202,0.20248155,0.05466783,0.048325952
CCND3,0.047926255,0.036513522,0.24323785,0.077974774,0.022674177
CCNDBP1,0.1679095,0.0563292,0.16231567,0.045524854,0.053177614
CCNE1,0.052241318,0.056443222,0.505582,0.12513892,0.045970727
CCNE2,0.0011026326,0.12769575,0.00023029518,0.026973471,0.07047076
CCNF,0.00024458073,0.029695788,0.00011687643,0.052283734,0.032079283
CCNG1,0.0013206827,0.05168689,0.00020271656,0.053263072,0.0840962
CCNG2,0.00024829875,0.009924314,0.00012313199,0.121689975,0.01599356
CCNH,0.0014214192,0.047192894,0.0002636324,0.13774766,0.07272147
CCNI,0.000475176,0.0064336844,7.869149e-05,0.038198512,0.0077932877
CCNI2,0.0035254515,0.02218776,0.0027109243,0.01804367,0.036000777
CCNJ,0.0017033314,0.0020318755,0.0048023337,0.01804367,0.0055514514
CCNJL,0.0007834399,0.024096463,0.00041217013,0.04817844,0.029748717
CCNK,0.3364253,0.1735023,0.43733025,0.078534156,0.13381311
CCNL1,0.08970527,0.057263605,0.07989411,0.054051317,0.107052565
CCNL2,0.0011932838,0.039008364,9.79279e-05,0.03450911,0.04984499
CCNO,0.00068589457,0.025635906,0.00017154962,0.036921952,0.022256926
CCNT1,0.0006365512,0.08582017,0.00029841388,0.15647867,0.030768076
CCNT2,0.00046185433,0.010815862,0.00022038518,0.043996323,0.008991469
CCNY,0.00086978043,0.010089158,0.00016716795,0.031780463,0.019104669
CCP110,0.00043610527,0.03197938,0.0001232363,0.018100467,0.08811799
CCPG1,0.0005396702,0.023137439,0.0002768779,0.021392673,0.026095849
CCR1,0.00042221416,0.014268085,0.0001394704,0.041373122,0.012598413
CCR10,0.00038871163,0.011158004,0.00019906732,0.025380287,0.0114507545
CCR2,0.0019532756,0.03082067,0.0003377398,0.0244429,0.02697881
CCR3,0.001328727,0.059047386,0.00044586268,0.02141615,0.071536675
CCR4,0.00050701154,0.023098655,0.00022190965,0.09380842,0.017678134
CCR5,0.0009797795,0.034484714,0.000272034,0.052691106,0.03761416
CCR6,0.0016070948,0.017864712,0.00022431303,0.009530602,0.012821341
CCR7,0.0018690892,0.031010356,0.0001996069,0.028791072,0.07646957
CCR8,0.00016828474,0.015247934,0.000314794,0.00962478,0.014738603
CCRL2,0.000897989,0.012556698,0.00031596332,0.020270698,0.018803177
CCS,0.06832762,0.021515649,0.24580498,0.011245472,0.013430844
CCSER1,0.0011516009,0.0066216313,7.998901e-05,0.017267942,0.014155781
CCSER2,0.0003976238,0.03563934,7.042766e-05,0.03876319,0.02145297
CCT2,0.19437024,0.12824817,0.11454513,0.075484134,0.1567536
CCT3,0.098508805,0.04603299,0.21051013,0.101070926,0.028493496
CCT4,0.0005167065,0.12516367,0.00032079915,0.1917191,0.03976708
CCT5,0.6484616,0.3452706,0.2005079,0.15295237,0.16736019
CCT6A,0.39958957,0.26973975,0.3185208,0.09907788,0.15548705
CCT6B,0.001000503,0.022601565,0.0002649634,0.011722919,0.032642562
CCT7,0.10611964,0.11725731,0.09273898,0.25581464,0.07127984
CCT8,0.6979882,0.49572107,0.32352763,0.17469093,0.33874533
CD101,0.0016394204,0.035858653,0.0003720318,0.011777043,0.039473172
CD109,0.0016924943,0.010212885,0.0029330405,0.01804367,0.039088544
CD14,0.11979323,0.03625631,0.16765223,0.058897913,0.009174264
CD151,0.0004298886,0.025801009,0.00019386718,0.018254658,0.052503955
CD160,0.00029674286,0.017881896,0.00026735943,0.08091924,0.016767478
CD163,0.0006704358,0.024729187,0.00039745515,0.030818716,0.035634186
CD164,0.00063032634,0.010341838,0.00043264733,0.028124522,0.014105608
CD164L2,0.0056527713,0.008346573,0.0070295166,0.01804367,0.05670886
CD180,0.0006301945,0.02142884,0.00039158404,0.028985407,0.020304315
CD19,0.0009812743,0.11916093,0.00017849258,0.09387707,0.16177525
CD1A,0.00030376762,0.01289225,0.00019730389,0.021767354,0.016392795
CD1B,0.00061068137,0.010670497,9.791259e-05,0.0506293,0.011988155
CD1D,0.001268153,0.03188473,0.00010553952,0.015483914,0.0467748
CD1E,0.0010322836,0.018594977,0.000952837,0.052114382,0.03722537
CD2,0.00027867185,0.025332872,0.00022754072,0.04754783,0.021583948
CD200,0.0010024685,0.026804473,0.00016584987,0.01755446,0.021666115
CD209,0.0011893383,0.03681701,0.00013159552,0.093400665,0.054184627
CD22,0.090744615,0.06635804,0.03155682,0.037642237,0.04300415
CD226,0.07412048,0.004639718,0.22186257,0.047569454,0.0030308075
CD244,0.0016985686,0.027089622,0.0003695489,0.00826266,0.038152974
CD247,0.0006227336,0.085893996,0.00012135116,0.0758361,0.024094703
CD248,0.0009452133,0.011393418,0.0002572273,0.020951219,0.025317788
CD27,0.0006375499,0.010180227,0.0007982369,0.02735076,0.009955074
CD274,0.0001725857,0.007839441,0.0001262365,0.02435605,0.014281411
CD276,0.0057402775,0.017607499,0.011079623,0.01804367,0.040932026
CD28,0.00060296326,0.024731223,0.00024164552,0.044945274,0.01731016
CD2AP,0.00045629937,0.07033869,0.00037415963,0.058756657,0.028817398
CD2BP2,0.059477083,0.04335325,0.110583305,0.09361887,0.040116634
CD300C,0.0023581984,0.018205214,0.00015797114,0.021659115,0.023078611
CD300LB,0.0007734111,0.01175845,0.00029820827,0.017034966,0.040302224
CD300LD,0.0028573219,0.0076459823,0.002344883,0.028982447,0.013240179
CD300LF,0.00043180928,0.016861062,0.001767198,0.026245482,0.0327714
CD300LG,0.00018115068,0.009800998,0.00018419033,0.011959312,0.026331058
CD302,0.06141505,0.009505833,0.13593462,0.04029104,0.024220442
CD320,0.000425683,0.0075811255,0.00015991558,0.050619364,0.020135537
CD33,0.0002918218,0.035462078,0.0001403991,0.013933608,0.03186049
CD34,0.14767882,0.017578257,0.15035538,0.017497912,0.024806654
CD36,0.0022908594,0.07060747,0.00022155873,0.04039659,0.052089654
CD38,0.00021554067,0.005060829,0.00017574373,0.03709638,0.01035219
CD3D,0.00069205015,0.03306919,0.00029671539,0.04366323,0.031319555
CD3E,0.00093695166,0.04220893,0.00014300327,0.097713724,0.023461478
CD4,0.0014164161,0.03534437,0.00011273458,0.18796971,0.02722709
CD40,0.0004782478,0.05881222,0.00017343496,0.030482452,0.033443347
CD40LG,0.00045900655,0.020020396,0.00022788551,0.04382802,0.024178324
CD44,0.00085436425,0.15473807,0.00033477004,0.11914261,0.028104965
CD46,0.0006085363,0.03344965,0.00015670972,0.016242154,0.04468317
CD47,0.30658484,0.051726498,0.26170215,0.047524333,0.05209048
CD48,0.0011547458,0.023455493,0.00015297139,0.028158167,0.020193465
CD53,0.0002983587,0.0043782215,0.00024420975,0.018329281,0.00895763
CD55,0.00023898289,0.015163108,0.00013717558,0.04057241,0.013061752
CD58,0.0006372088,0.015657136,0.00042663142,0.01992266,0.04432673
CD59,0.1022602,0.008578969,0.12609082,0.037642237,0.012524528
CD6,0.0004837926,0.020561842,9.591126e-05,0.06586782,0.03778206
CD63,0.0008081622,0.023976326,0.00022266438,0.03349674,0.019520909
CD68,0.0004422212,0.006671405,0.00027077436,0.04223064,0.005145913
CD69,0.00057917077,0.013614604,0.00017354397,0.009380428,0.03778587
CD7,0.00020116099,0.0028708677,0.00020052772,0.037789285,0.0021151146
CD70,0.0002012911,0.013220235,0.00032208717,0.024041327,0.015489251
CD72,0.0004252671,0.014139753,0.0002842742,0.03878541,0.02139801
CD74,0.000111576985,0.012795776,0.00024297742,0.102241844,0.007815275
CD79A,0.00016809982,0.026863148,0.00010934142,0.04962714,0.01764943
CD79B,0.00039873543,0.037681412,0.0009150116,0.04824506,0.019296484
CD81,0.055602685,0.015929988,0.25536078,0.061012503,0.014325728
CD82,0.10855685,0.08960386,0.21526782,0.029918624,0.060763866
CD83,0.00082907075,0.01877966,0.0008060084,0.011722919,0.028629923
CD84,0.000754908,0.014405417,0.0019822,0.027361346,0.02729798
CD8A,0.00045489686,0.044249915,0.00027380887,0.052397057,0.041410767
CD9,0.24243262,0.055187907,0.22215989,0.04947743,0.04817832
CD93,0.02854521,0.020058976,0.16278446,0.034722436,0.0129711125
CD96,0.01516248,0.05452819,0.0012954521,0.01804367,0.11599453
CDA,0.028121667,0.0073203314,0.3061493,0.12302755,0.005855082
CDAN1,0.0008035846,0.124129176,0.000116589246,0.018814605,0.10498088
CDC123,0.0015128526,0.1018422,0.00016510511,0.024041327,0.15303667
CDC14A,0.30374017,0.07872946,0.19188468,0.07441684,0.07336412
CDC14B,0.0007242451,0.013625404,0.0001680008,0.030614743,0.02182252
CDC16,0.5544674,0.48082316,0.48072627,0.1730284,0.4651014
CDC20,0.23058584,0.10204955,0.5377828,0.06455711,0.06156001
CDC20B,0.00069537194,0.030072328,0.0002469485,0.060900383,0.022037212
CDC23,0.17422503,0.11579167,0.48123977,0.33888608,0.06310757
CDC25A,0.5486078,0.4125418,0.5484105,0.4829047,0.20739175
CDC25B,0.80819607,0.52249044,0.5843707,0.1396222,0.6937595
CDC25C,0.075052276,0.0472078,0.5287243,0.19981565,0.016720949
CDC26,0.22646046,0.035192765,0.28032234,0.0273377,0.10184856
CDC27,0.78379446,0.58533764,0.64970464,0.33833426,0.4994287
CDC34,0.051159497,0.013088469,0.19333309,0.10064178,0.009631523
CDC37,0.1887105,0.1047607,0.1967475,0.103542745,0.14311327
CDC37L1,0.027058598,0.010718232,0.063506804,0.04512852,0.022397337
CDC40,0.21736006,0.09139263,0.14078686,0.0297165,0.15959732
CDC42,0.117468186,0.052447703,0.122530974,0.06460228,0.028818086
CDC42BPA,0.094758764,0.021896662,0.19424461,0.019614544,0.026457643
CDC42BPB,0.0006494364,0.024480293,0.00015400935,0.058984436,0.010697572
CDC42BPG,0.00024802238,0.007485167,0.0009293774,0.17915075,0.0070443735
CDC42EP1,0.021518044,0.019659024,0.07504294,0.013933608,0.012470225
CDC42EP2,0.00040561458,0.013543707,0.000108527136,0.024640309,0.0105668185
CDC42EP3,0.00040615222,0.031760603,0.00013463052,0.030235812,0.013557984
CDC42EP4,0.00042464386,0.010368685,0.00013363596,0.07011553,0.005665753
CDC42EP5,0.06764381,0.0067049838,0.16397895,0.009077163,0.009470837
CDC42SE1,0.00034104963,0.008737451,0.0002866108,0.03035653,0.008720679
CDC42SE2,0.0002984301,0.0044325236,0.00030823873,0.042580854,0.006550926
CDC45,0.21678716,0.12066348,0.43845102,0.20385586,0.059947576
CDC5L,0.09750086,0.12664753,0.37681952,0.3469394,0.06316617
CDC6,0.23296274,0.09322183,0.37502053,0.30010998,0.03612915
CDC7,0.2710457,0.16332448,0.3774147,0.2769265,0.17093103
CDC73,0.6887223,0.65444183,0.17800951,0.21086319,0.5687548
CDCA2,0.000829907,0.03083857,0.00022222791,0.022454023,0.024805974
CDCA3,0.0495224,0.018247174,0.175599,0.08972444,0.045091234
CDCA4,0.00051590847,0.031889368,0.0006738635,0.106096715,0.023806283
CDCA5,0.00031918596,0.019600006,7.651369e-05,0.048723042,0.0364938
CDCA7,0.0013722766,0.020738024,0.0001910493,0.013998775,0.031817324
CDCA7L,0.0018014541,0.116600506,0.000433702,0.12650901,0.0347067
CDCA8,0.6384679,0.3906563,0.24525706,0.1518379,0.44262052
CDCP1,0.10286899,0.05681086,0.17135209,0.09697932,0.023494724
CDCP2,0.0035888592,0.015047229,0.0049543874,0.01804367,0.028510889
CDH1,0.7638918,0.61907977,0.65548,0.19283855,0.64241546
CDH10,0.0015955567,0.06074439,0.00042516922,0.055504415,0.08774501
CDH11,0.00094536773,0.032196566,0.0001888965,0.009173206,0.036969066
CDH13,0.00048465573,0.017541371,8.0726866e-05,0.09978102,0.018427426
CDH15,0.00040710578,0.019240336,0.00031557318,0.02752817,0.012241062
CDH16,0.00018726618,0.0032406163,0.0001819723,0.013307749,0.007944204
CDH17,0.00046554088,0.011907047,0.00016960972,0.008382098,0.02159109
CDH18,0.0013756014,0.03133644,0.0010642837,0.03342036,0.02403938
CDH19,0.50014246,0.33558705,0.19276644,0.028982447,0.40230545
CDH2,0.0013452427,0.15939988,0.00030588097,0.027392732,0.14648718
CDH20,0.005682347,0.0074372096,0.0032405115,0.01804367,0.023281405
CDH22,0.00036435883,0.0117264455,0.00015797114,0.023442874,0.014133951
CDH23,0.0002779557,0.008720321,0.00018219628,0.015287285,0.008076407
CDH24,0.00055897445,0.017139414,0.00031594856,0.009173206,0.012384538
CDH26,0.0036094892,0.010530348,0.0017416816,0.01804367,0.040750798
CDH3,0.0004891094,0.010856546,0.0002959746,0.022906292,0.017132474
CDH4,0.00041785394,0.012847797,0.0001980412,0.022973275,0.014110323
CDH4,0.00041785394,0.012847797,0.0001980412,0.022973275,0.014110323
CDH5,0.07260474,0.02256502,0.1669066,0.09915827,0.012578859
CDH5,0.07260474,0.02256502,0.1669066,0.09915827,0.012578859
CDH6,0.00043222815,0.023515781,0.00046524234,0.018703945,0.025861874
CDH7,0.00054147484,0.0069727637,0.0014777016,0.009611286,0.014902247
CDH8,0.00066587393,0.012281869,0.0010642837,0.008382098,0.018639922
CDH8,0.00066587393,0.012281869,0.0010642837,0.008382098,0.018639922
CDH9,0.00091174676,0.026570527,0.00026958375,0.02701375,0.031605992
CDHR1,0.0014891876,0.009354944,0.00036594446,0.020951219,0.02760527
CDHR4,0.0034832687,0.019242028,0.005015412,0.01804367,0.06074951
CDHR5,0.0007075833,0.0030117119,0.00095431565,0.01804367,0.006624314
CDIN1,0.01839818,0.029976876,0.0628893,0.01804367,0.13841349
CDIP1,0.00050318614,0.0232751,0.00028014366,0.06586782,0.033596054
CDIPT,0.09248587,0.026634976,0.0900951,0.18898353,0.03985774
CDK1,0.8368622,0.7383538,0.64786196,0.41248327,0.81820595
CDK10,0.00067708583,0.010178825,0.00032495343,0.076361425,0.020759005
CDK12,0.15641047,0.06434402,0.16449423,0.17773835,0.050575968
CDK13,0.4292812,0.34246448,0.3846664,0.09191123,0.34119698
CDK14,0.00042894486,0.018605426,0.00031107667,0.10842442,0.013632578
CDK15,0.0005684862,0.019998226,0.0002632205,0.06389214,0.024851728
CDK16,0.00074912154,0.06272543,0.00015348189,0.10937187,0.02109467
CDK17,0.00057217537,0.017910516,0.00011940247,0.04857986,0.015657745
CDK18,0.00023587614,0.008077561,0.00022686702,0.08055776,0.0073427428
CDK19,0.00036241644,0.038177233,0.00034267988,0.091265805,0.016405402
CDK2,0.9015902,0.91604644,0.66243577,0.54829013,0.7204313
CDK20,0.00025100028,0.015263952,0.00020473187,0.03972294,0.010124713
CDK2AP1,0.0005562765,0.040516328,0.0003046551,0.026453294,0.022036878
CDK2AP2,0.07173728,0.02672852,0.10656512,0.07497589,0.019564651
CDK3,0.0007754132,0.069380015,0.00020695299,0.11937849,0.018045599
CDK4,0.8845074,0.73106337,0.5333123,0.16766396,0.6599231
CDK5,0.055540808,0.028405854,0.20785102,0.17537273,0.0059492784
CDK5R1,0.0004979655,0.09182163,0.000116370764,0.12334042,0.041651893
CDK5R2,0.000504515,0.016275918,0.0001648803,0.03400955,0.016540335
CDK5RAP1,0.0007101399,0.057330336,0.00013507968,0.050619364,0.11363117
CDK5RAP2,0.17610663,0.03536831,0.45430848,0.0658467,0.033554308
CDK5RAP3,0.0010486571,0.04958365,0.00025910413,0.06249047,0.032173485
CDK6,0.81340945,0.7684485,0.46452653,0.13594323,0.6697533
CDK7,0.6943292,0.39364666,0.6057098,0.42816234,0.37272605
CDK8,0.69064564,0.6528561,0.34075847,0.1861756,0.73672456
CDK9,0.8032026,0.696866,0.20722747,0.4159405,0.70250875
CDKAL1,0.0007438173,0.0194507,0.00018759107,0.043742582,0.031078069
CDKL1,0.11188532,0.012934668,0.06547532,0.009077163,0.029309625
CDKL2,0.0013520785,0.00955281,0.00028669386,0.024041327,0.010979267
CDKL3,0.4513139,0.31843454,0.2524669,0.09376561,0.24105816
CDKL4,0.002501279,0.014991438,0.017770523,0.01804367,0.049411938
CDKL5,0.13555452,0.016784003,0.22701097,0.0223549,0.0153231295
CDKN1A,0.92733216,0.88927466,0.7226076,0.30237317,0.8795599
CDKN1B,0.6033002,0.30573756,0.2477943,0.13666254,0.27105325
CDKN1C,0.13773927,0.051633663,0.18321946,0.07012308,0.029310284
CDKN2A,0.7829318,0.6909675,0.6000536,0.217425,0.56211215
CDKN2AIP,0.0007287397,0.022976931,0.00049892213,0.13436238,0.0102551775
CDKN2AIPNL,0.00042381583,0.011522912,0.0005024952,0.023442874,0.013291987
CDKN2B,0.0006242492,0.0412701,0.00023505444,0.049831238,0.020888356
CDKN2C,0.0008898964,0.046537597,0.0001620231,0.04473544,0.071360305
CDKN2D,0.28469232,0.04963416,0.53904235,0.05044903,0.054406542
CDKN3,0.0007458708,0.04451925,0.0001305535,0.04857986,0.04104291
CDO1,0.00090659596,0.02207774,0.00078452245,0.06389214,0.034971014
CDON,0.0017567355,0.04731325,0.00030538006,0.039315768,0.07509171
CDPF1,0.0007619112,0.005704122,0.00044678702,0.016212763,0.00846865
CDR2,0.75413966,0.601228,0.37757757,0.21854685,0.5626248
CDR2,0.75413966,0.601228,0.37757757,0.21854685,0.5626248
CDR2L,0.00034098706,0.0054362165,0.000419245,0.018289693,0.012355003
CDS1,0.00041608795,0.046505116,0.00013677005,0.01789132,0.02720566
CDS2,0.0004234554,0.04184483,0.00020052772,0.052114382,0.060295716
CDSN,0.00068306184,0.021426605,0.00049520493,0.039315768,0.024933135
CDT1,0.09448562,0.089996114,0.43854353,0.122053385,0.061377432
CDX1,0.0004980832,0.0048784586,0.00015692922,0.049843416,0.02630031
CDX2,0.0019250124,0.034555215,0.00041925962,0.058306362,0.032973114
CDX4,0.0012538114,0.016488817,0.00075468543,0.04599567,0.043811783
CDYL,0.0006335093,0.028269079,0.00012346932,0.049831238,0.01879578
CEACAM1,0.36974797,0.049643066,0.64719135,0.0279382,0.014635448
CEACAM16,0.0074051903,0.01392127,0.0023358604,0.01804367,0.028404117
CEACAM3,0.11139803,0.035762522,0.0849519,0.01970475,0.05393934
CEACAM5,0.00019454713,0.008964363,0.00018839429,0.019015078,0.01930293
CEACAM6,0.00093659014,0.012428526,0.00014127618,0.047832746,0.011410074
CEBPA,0.00032153004,0.043590352,6.44e-05,0.08972119,0.04476411
CEBPB,0.016500087,0.19091496,0.005015631,0.25043225,0.10369692
CEBPD,0.2441079,0.11468018,0.5167345,0.11407913,0.020243997
CEBPE,0.106560454,0.0507092,0.15801255,0.09076232,0.011791609
CEBPG,0.030411264,0.0072875526,0.29716864,0.060614645,0.008831863
CEBPZ,0.10271865,0.070945896,0.10442587,0.058897913,0.06376266
CELA1,0.00036236268,0.017323814,7.328838e-05,0.03989499,0.016871618
CELF1,0.00035509604,0.0116845425,0.000114112365,0.026436144,0.01681762
CELF2,0.133041,0.027055202,0.24584773,0.020437825,0.04086425
CELF3,0.0006875769,0.020396698,0.00015947856,0.0489112,0.0151547855
CELF4,0.0012375738,0.034185078,0.00015013445,0.024041327,0.057413258
CELF6,0.003990036,0.010876478,0.0018827083,0.01804367,0.009699106
CELSR2,0.0015122527,0.036835287,0.00038605017,0.03419284,0.029677963
CELSR3,0.00034007902,0.013078623,0.000342441,0.04538841,0.021980166
CEMIP,0.00055655366,0.0043732207,0.00012175974,0.012576047,0.011457703
CEMIP2,0.003606642,0.007788566,0.0628893,0.01804367,0.010866325
CEMP1,0.000731692,0.0112331575,0.00032080282,0.041682776,0.011717136
CEND1,0.0976883,0.015378909,0.08348677,0.03158699,0.0102953585
CENPA,0.0013674997,0.16408984,0.00012930194,0.11996571,0.07556915
CENPA,0.0013674997,0.16408984,0.00012930194,0.11996571,0.07556915
CENPB,0.0006393864,0.10745601,0.00014718763,0.050660808,0.056611575
CENPC,0.00071370555,0.052615542,0.00015290198,0.20777245,0.04104964
CENPE,0.16115274,0.043684486,0.21489768,0.08839365,0.061900873
CENPF,0.00045325246,0.018522438,0.000112291265,0.13926707,0.026415836
CENPH,0.000715854,0.054688167,0.00018748271,0.15273304,0.0792839
CENPI,0.0017813431,0.10989179,0.0003147121,0.02500289,0.12080546
CENPK,0.11302514,0.06263634,0.2916115,0.050640047,0.16578259
CENPM,0.10297575,0.016286962,0.2225153,0.023442874,0.058165416
CENPN,0.00047343646,0.017310532,0.00017068535,0.024041327,0.13404226
CENPO,0.18294156,0.100728326,0.16257171,0.02649773,0.10672764
CENPP,0.106764376,0.033698034,0.26339388,0.014107352,0.08431963
CENPQ,0.00034008452,0.026790127,0.0002711973,0.037042066,0.043619532
CENPT,0.0004744808,0.02718381,0.00013071009,0.07427682,0.057435066
CENPU,0.00025661418,0.009073832,0.00025040726,0.061575465,0.004299435
CENPV,0.00036856963,0.020860331,0.0007277514,0.080213815,0.023019772
CENPX,0.010951032,0.01062999,0.0628893,0.01804367,0.044701636
CEP104,0.0008073132,0.008353677,0.00050540647,0.022973275,0.021558477
CEP112,0.010284364,0.032331903,0.005313659,0.01804367,0.051954065
CEP120,0.00057295134,0.0049717897,0.00018315148,0.008678562,0.009465801
CEP126,0.257957,0.27727893,0.1704455,0.31844148,0.052265216
CEP128,0.00023517864,0.006919689,0.00015797114,0.023442874,0.021452222
CEP131,0.0007464941,0.024695765,0.00013774511,0.09680679,0.08219595
CEP135,0.0011209885,0.023148224,9.171806e-05,0.05802234,0.019043028
CEP162,0.0028713988,0.1174243,0.0001569261,0.011185222,0.13439897
CEP164,0.0005527894,0.049623992,0.00010570278,0.058455974,0.030005245
CEP170,0.0017209502,0.037447557,0.0002092431,0.018621562,0.030447187
CEP170B,0.00033909047,0.027959349,0.00032144084,0.04225217,0.010837014
CEP19,0.0012571358,0.037147444,0.0001990508,0.04382802,0.028808672
CEP192,0.64891124,0.042304303,0.23141396,0.04223064,0.3346104
CEP250,0.0008827207,0.066464245,0.00014861143,0.026746681,0.025085846
CEP290,0.0012349555,0.031924848,0.00014179212,0.013710812,0.060506754
CEP295,0.0013107031,0.039171703,0.00029490175,0.008678562,0.052474257
CEP350,0.00044857463,0.029539283,0.00034468374,0.10439912,0.017586133
CEP43,0.01600935,0.021201983,0.0628893,0.01804367,0.09804185
CEP44,0.00037255778,0.031843316,7.188103e-05,0.11591089,0.020072235
CEP55,0.00081208453,0.1716703,9.452543e-05,0.176323,0.0529656
CEP57,0.08349261,0.009782676,0.46228698,0.07447334,0.01677067
CEP57L1,0.002236662,0.35281473,0.0004251285,0.239142,0.089829914
CEP63,0.20774616,0.024059946,0.22543778,0.0746194,0.019148095
CEP68,0.00045262143,0.019279258,0.00020271618,0.044621475,0.011815353
CEP70,0.36522928,0.15910247,0.115737885,0.06711012,0.05782377
CEP72,0.00095218036,0.035171423,0.0003328774,0.09540412,0.030953916
CEP76,0.00068640755,0.1573527,0.00028964924,0.08361337,0.04466803
CEP78,0.13948649,0.010983974,0.08309135,0.01146169,0.02143196
CEP85,0.0006335694,0.061736103,0.0002536715,0.017042585,0.057484586
CEP85L,0.00045640554,0.013089146,0.0002696115,0.01146169,0.009372424
CEP89,0.00043433518,0.00591713,0.00030367236,0.023442874,0.026148818
CEP95,0.00081804395,0.02641692,0.00015713587,0.03298475,0.027195144
CEP97,0.0006239925,0.024424516,0.00019673712,0.024526373,0.060366374
CEPT1,0.0007288515,0.018071586,0.0002165366,0.008678562,0.047750644
CERK,0.0005444195,0.012725751,0.000361729,0.06586782,0.012978581
CERS1,0.0005413407,0.012479212,0.00017447546,0.024041327,0.02972543
CERS2,0.0004372035,0.049009413,0.00016242481,0.034771934,0.038119808
CERS3,0.00849325,0.008455575,0.007106078,0.01804367,0.027682556
CERS4,0.0042240154,0.014712285,0.007472747,0.01804367,0.03582717
CERS5,0.0012951333,0.021484867,0.00038837068,0.023442874,0.036295336
CERS6,0.00035526042,0.012870858,7.015606e-05,0.023442874,0.026011102
CERT1,0.017125724,0.0078162765,0.0628893,0.01804367,0.020079836
CERT1,0.017125724,0.0078162765,0.0628893,0.01804367,0.020079836
CES1,0.0006085829,0.017158816,0.00017239772,0.01992266,0.022359777
CES2,0.0011700401,0.011799463,0.005846373,0.01804367,0.024742702
CES4A,0.004216651,0.017879434,0.003394655,0.01804367,0.032690845
CETN1,0.00028891148,0.0531687,0.00020196338,0.12706953,0.022005059
CETN2,0.66412276,0.33194715,0.37717253,0.19345498,0.18932337
CETN3,0.0004456345,0.017737346,0.00059972476,0.021028263,0.027038991
CETP,0.0004113531,0.01054706,0.0002466525,0.047569454,0.010333798
CFAP126,0.0013357702,0.011347545,0.0008231056,0.01804367,0.016396578
CFAP184,0.0021999215,0.0033453417,0.0628893,0.01804367,0.016599264
CFAP20,0.0010356432,0.04690122,0.00022530204,0.02111291,0.078291036
CFAP298,0.26020658,0.09930615,0.0628893,0.01804367,0.11025744
CFAP36,0.0007003903,0.032326896,0.00017354397,0.06389214,0.04412134
CFAP410,0.06612228,0.025443608,0.0628893,0.01804367,0.03740885
CFAP45,0.002801092,0.005274442,0.005015412,0.01804367,0.009386346
CFAP52,0.0007806059,0.19440189,0.000120087694,0.05472368,0.05081732
CFAP53,0.00047872492,0.014154922,0.00014470085,0.025810784,0.022722721
CFAP58,0.0015043898,0.022516368,0.00021170563,0.02623154,0.02410857
CFAP97,0.0005053797,0.012288975,0.0006565402,0.023442874,0.039206773
CFB,0.07017356,0.011992363,0.28184944,0.055975012,0.0055838265
CFD,0.0010588943,0.01617355,0.00018150825,0.034597952,0.022509336
CFDP1,0.00046684363,0.014382518,8.0181075e-05,0.025648652,0.013367676
CFH,0.0015287517,0.036507964,0.000110872534,0.058897913,0.028671546
CFHR1,0.00042282132,0.011155722,0.00020583246,0.009173206,0.007386487
CFHR2,0.00068491016,0.0072169215,0.00062546827,0.017034966,0.04463652
CFHR3,0.00050243776,0.010206776,0.00015797114,0.04029104,0.020188954
CFHR4,0.0011115924,0.026209565,0.00073282665,0.009690155,0.119928196
CFHR5,0.0012914804,0.022554668,0.00021170563,0.022973275,0.052599903
CFI,0.00093088753,0.0153481085,0.00024445343,0.09978102,0.03497931
CFL1,0.107112296,0.096886925,0.20258331,0.28435743,0.041165967
CFL2,0.0011044656,0.041809935,0.00017787737,0.024358278,0.067853056
CFLAR,0.36505124,0.20790645,0.25393683,0.12598445,0.18644558
CFP,0.0010861554,0.028429743,0.00041641746,0.010703422,0.032528967
CFTR,0.5832925,0.4634376,0.33151022,0.14860481,0.13756196
CGA,0.0006468361,0.022011591,0.00022808222,0.028061287,0.019723082
CGGBP1,0.0014992229,0.033517227,0.00012550746,0.055746976,0.024430538
CGN,0.0007000146,0.029070681,0.000100345795,0.060900383,0.050133348
CGNL1,0.00065033784,0.012420148,0.00021087239,0.040722523,0.022636963
CGREF1,0.00088932895,0.017206961,0.0003481657,0.012661081,0.0186703
CGRRF1,0.00055292854,0.027929803,0.0001378058,0.024950339,0.050206326
CH25H,0.0009831571,0.011287504,0.0026685086,0.01804367,0.02453197
CHAC1,0.00067713,0.036411498,0.00014125825,0.008678562,0.02857647
CHAC2,0.0004162819,0.021786673,0.00020583246,0.013998775,0.03498801
CHAD,0.00034151995,0.009812059,6.807085e-05,0.009690155,0.014956553
CHAF1A,0.13178815,0.123858705,0.2139105,0.16418058,0.06804831
CHAF1B,0.72336936,0.6075056,0.5671747,0.14621907,0.4751724
CHAMP1,0.00036670998,0.018599994,0.0003477921,0.02500289,0.009575671
CHAT,0.0005015224,0.03827831,0.00023384314,0.017670376,0.043948635
CHCHD10,0.002858454,0.0073889694,0.004428517,0.01804367,0.020670613
CHCHD2,0.00030604666,0.034524154,7.342402e-05,0.029392153,0.029821664
CHCHD3,0.00032983968,0.02861012,9.1429545e-05,0.07516865,0.017592963
CHCHD4,0.00049520115,0.05627799,0.00023954247,0.015111009,0.063472524
CHCHD5,0.0010994368,0.010896497,0.0008231056,0.01804367,0.024094684
CHCHD6,0.0013658772,0.0060681626,0.0005488142,0.033245508,0.0053646597
CHCHD7,0.00054753333,0.006932992,0.00056900096,0.008382098,0.031216264
CHD1,0.3246682,0.23919553,0.27414307,0.11202359,0.25941673
CHD1L,0.2664135,0.024319319,0.38834092,0.14162081,0.01255571
CHD2,0.0016122666,0.04250225,0.000108481916,0.014107352,0.029258952
CHD3,0.0007577766,0.123815686,0.00014531505,0.24759574,0.022907304
CHD4,0.0012816638,0.6290547,0.00012467452,0.20402586,0.15145482
CHD6,0.00064266316,0.045331225,0.00011576657,0.0297165,0.043719552
CHD7,0.10050409,0.047107983,0.16198409,0.07547051,0.038773153
CHD8,0.0003129829,0.04844233,0.00014182998,0.08975178,0.02689645
CHD9,0.0023035412,0.049461655,0.0002452944,0.03298475,0.0626341
CHEK1,0.71578836,0.8582892,0.6635774,0.3675081,0.5282515
CHEK2,0.9332131,0.92613006,0.67952055,0.8845555,0.74482054
CHERP,0.3638018,0.054992143,0.22036622,0.073774435,0.10986198
CHFR,0.00046255067,0.026549378,0.00053624186,0.122022234,0.0091311885
CHGA,0.00045595,0.018222986,0.00022916995,0.12706953,0.02316519
CHGB,0.0005178146,0.016760828,0.00017069415,0.07820026,0.008963621
CHI3L2,0.00063073623,0.010418639,0.0004599252,0.023442874,0.04226795
CHIA,0.003999205,0.011520647,0.021068122,0.01804367,0.02801928
CHIC1,0.00067486515,0.010120734,0.00012573757,0.023442874,0.031640798
CHIC2,0.001769005,0.041372415,0.0005912788,0.104104154,0.042030115
CHID1,0.0003250588,0.0047276625,0.00029940106,0.015479423,0.007762681
CHKA,0.0004892838,0.04734395,0.00024825495,0.02735076,0.026892949
CHKB,0.0008852674,0.021297697,0.00016578962,0.03633521,0.011099291
CHL1,0.0005704641,0.03749912,0.00021747308,0.064063005,0.093979515
CHLSN,0.004024334,0.0065874746,0.0628893,0.01804367,0.020365162
CHM,0.0009646814,0.016038032,0.00027310493,0.011224147,0.021807184
CHML,0.0003469381,0.037684336,0.00021330731,0.05977457,0.08358484
CHMP1A,0.002062347,0.049921513,0.0001225877,0.037789285,0.11756744
CHMP1B,0.00080432696,0.013129227,8.973203e-05,0.05264861,0.017364359
CHMP2A,0.18061188,0.1005369,0.24850555,0.10114647,0.14085826
CHMP2B,0.08277037,0.031723913,0.26402292,0.05949173,0.015641997
CHMP3,0.0008358585,0.063948154,0.0004890015,0.049953785,0.09785409
CHMP4A,0.000737217,0.014620431,0.00014128587,0.05231598,0.023508029
CHMP4B,0.002238429,0.12927248,0.00036238652,0.08179511,0.19883263
CHMP4C,0.0011646748,0.017836113,0.00010620674,0.028158167,0.042904172
CHMP5,0.0006738494,0.111735,0.00015727122,0.04754783,0.19556133
CHMP6,0.00072274584,0.063226655,0.00021744259,0.02323641,0.09090531
CHMP7,0.00031471628,0.045742992,0.00057699764,0.0123439105,0.07701097
CHN1,0.5746752,0.26745763,0.68130684,0.02372016,0.14686629
CHN2,0.001632457,0.019535508,0.00013507968,0.040722523,0.042065106
CHODL,0.0062401444,0.0067526866,0.0046125376,0.01804367,0.020937642
CHORDC1,0.001919263,0.08901874,0.00012763048,0.021026954,0.11815812
CHP1,0.001016597,0.043164868,0.0002523789,0.013710812,0.03999565
CHP2,0.0015909367,0.017167341,0.00036936684,0.013314276,0.026367089
CHPF,0.00088400557,0.014586814,0.00011898149,0.06051041,0.020595422
CHPF2,0.0004131841,0.0040650708,0.0022928973,0.01804367,0.009916385
CHPT1,0.0015981612,0.010638725,0.0001868996,0.023442874,0.02414103
CHRAC1,0.00036643774,0.00876521,0.000215056,0.03450911,0.0062074577
CHRD,0.00051911257,0.016041847,0.00016471687,0.038832445,0.0151508
CHRDL1,0.00041308271,0.0074929507,9.2322385e-05,0.020931523,0.010721149
CHRDL2,0.00038953312,0.0051326402,0.00016465061,0.0078024184,0.0075333994
CHRFAM7A,0.0036364638,0.006132422,0.012468029,0.01804367,0.00849066
CHRM1,0.0012793106,0.017354477,0.00039275346,0.038877636,0.03325875
CHRM2,0.00036525156,0.010414205,0.00017344572,0.038368754,0.016170781
CHRM3,0.0031594096,0.04692579,0.00015955446,0.021028263,0.06516681
CHRM4,0.00016683705,0.0030307022,0.00038170908,0.020293722,0.007555271
CHRNA10,0.0011207904,0.009968185,0.009740063,0.01804367,0.022222262
CHRNA2,0.000734146,0.017737338,0.00021382679,0.010313249,0.054208614
CHRNA3,0.00022806569,0.00977826,0.00031569775,0.011959312,0.014916618
CHRNA4,0.00097536115,0.028624866,0.0001748345,0.04057241,0.032295357
CHRNA5,0.0003681977,0.018073525,0.00026675547,0.0123439105,0.04477617
CHRNA7,0.0024825376,0.04847967,0.0002176417,0.030818716,0.05186767
CHRNA9,0.0016583675,0.016748559,9.758141e-05,0.023442874,0.031627268
CHRNB1,0.00050709466,0.007966324,0.00063430105,0.042580854,0.019644486
CHRNB2,0.00039716123,0.01426126,0.00012294698,0.010343921,0.014447316
CHRNB4,0.27309063,0.04997928,0.3448641,0.00826266,0.057911854
CHRND,0.00014628182,0.0027434535,0.00086913834,0.023498666,0.0031871006
CHST10,0.00063809,0.015551136,8.7226326e-05,0.024346383,0.026558882
CHST11,0.0006811292,0.012669577,0.0004028384,0.008382098,0.03374134
CHST12,0.00014393272,0.0029855925,0.0002691333,0.018289693,0.00939133
CHST13,0.0016316228,0.007973114,0.0032409013,0.01804367,0.02272366
CHST14,0.016892226,0.0053944546,0.075478695,0.041682776,0.008899621
CHST15,0.0002207768,0.0029092277,0.00017632348,0.0123439105,0.0047987183
CHST2,0.0050059147,0.009751231,0.001480893,0.01804367,0.046494547
CHST3,0.00052199437,0.007915169,0.000109369685,0.023442874,0.01904664
CHST6,0.0036363131,0.009743187,0.0021240716,0.01804367,0.025286932
CHST7,0.0013719713,0.025158947,0.0003170481,0.023442874,0.10153881
CHSY1,0.0009791002,0.0024582797,0.0006721334,0.01804367,0.01158424
CHSY3,0.0024492247,0.015614766,0.002751585,0.01804367,0.024507327
CHTF18,0.00043994776,0.04261602,0.00018234365,0.11948511,0.054403048
CHTF8,0.0033695495,0.1552267,0.00014435494,0.11435461,0.1905142
CHTOP,0.000770182,0.01612657,0.00017547917,0.026436144,0.012528604
CHUK,0.20347838,0.086703524,0.36632723,0.07635919,0.04578905
CHURC1,0.00035226005,0.017772263,0.0002259321,0.011547842,0.028973693
CIAO1,0.001149364,0.16805899,0.00052717683,0.10875904,0.17106543
CIAO2A,0.002691942,0.009706093,0.0628893,0.01804367,0.04731568
CIAO3,0.07330513,0.059533898,0.0628893,0.01804367,0.12028763
CIAPIN1,0.0005398518,0.048633464,0.00014873974,0.06586782,0.091741726
CIART,0.00060281245,0.022424543,0.00024050112,0.037062395,0.02632643
CIB1,0.00027181127,0.10819546,0.00013324583,0.09825012,0.01637797
CIB2,0.00072044827,0.005192104,0.0002898114,0.008382098,0.016056607
CIB3,0.0002557944,0.016635254,0.0001417694,0.040572207,0.015636014
CIBAR2,0.012005054,0.013874428,0.0628893,0.01804367,0.024593052
CIC,0.45722827,0.117722586,0.18092005,0.03241387,0.06676912
CIDEB,0.0006436335,0.024008926,0.0002695997,0.009690155,0.04267765
CIDEC,0.0029539804,0.025634477,0.00021454503,0.033006966,0.059641115
CIITA,0.0006171924,0.17101367,0.00014819781,0.07368325,0.080551
CILK1,0.012671851,0.020175602,0.0628893,0.01804367,0.055599242
CILP2,0.002136999,0.0052920235,0.0041260016,0.01804367,0.012263469
CINP,0.002249439,0.05108685,0.00013610342,0.04321363,0.07628181
CIP2A,0.036828596,0.06928465,0.0628893,0.01804367,0.12366747
CIPC,0.0003634296,0.0056081214,0.00020918026,0.014566581,0.009387122
CIRBP,0.0012599552,0.081815325,0.00023846599,0.08871864,0.061398905
CIRSR,0.015946891,0.03240744,0.0628893,0.01804367,0.057703137
CISD1,0.0005639908,0.012298058,0.00020192005,0.0698648,0.018046161
CISD2,0.00023472881,0.0032859847,0.000120355486,0.04142128,0.005044196
CISD3,0.002744894,0.004183533,0.0021628302,0.01804367,0.01387895
CISH,0.00071771984,0.026432164,0.00012227808,0.03915485,0.03811338
CIT,0.7114948,0.7030245,0.2789246,0.04851953,0.5352216
CITED1,0.00018133802,0.027648205,0.00013300501,0.050888,0.008355723
CITED2,0.088516146,0.037812185,0.24258354,0.058489792,0.029040417
CITED4,0.035303302,0.023701059,0.04198263,0.044621475,0.02760786
CIZ1,0.00063086546,0.005527689,0.00019754766,0.030808024,0.0060821963
CKAP2,0.00043846376,0.029580085,6.39596e-05,0.008382098,0.023395855
CKAP2L,0.00051093,0.016724946,0.00024715392,0.023442874,0.033602465
CKAP4,0.00020513439,0.042543784,0.00042252216,0.08752702,0.024892958
CKAP5,0.80872035,0.4944033,0.4951152,0.19345498,0.53699714
CKB,0.0003903128,0.019946408,0.00034187877,0.04048901,0.007915537
CKLF,0.0006292909,0.010302776,0.00044294307,0.023442874,0.030870266
CKM,0.021259068,0.0073164585,0.045630462,0.038368754,0.011394686
CKMT2,0.00065541454,0.0098350225,0.00028234159,0.04785222,0.008738347
CKS1B,0.0010158583,0.046238214,0.00021744259,0.11655359,0.027747344
CKS2,0.034151994,0.012566925,0.21407138,0.09232367,0.008223671
CLASRP,0.0011996952,0.13153307,0.00013176564,0.024057718,0.086283036
CLC,0.00060933747,0.031720113,0.00021779866,0.028982447,0.04598429
CLCA1,0.00067450764,0.02412267,0.00015337084,0.011681861,0.01893509
CLCA2,0.22823149,0.053436317,0.0808341,0.05466326,0.09288404
CLCC1,0.00036959298,0.030065622,0.00029246495,0.021392673,0.11398047
CLCF1,0.00041948791,0.011543858,0.00011200701,0.0109855905,0.0160377
CLCN2,0.00030265353,0.0029251932,0.0001290951,0.011722919,0.018831853
CLCN3,0.00044470772,0.0044192616,0.00026358262,0.018897312,0.016572485
CLCN5,0.000733411,0.021584256,0.0002928416,0.009891949,0.024203135
CLCN7,0.00072833145,0.03673017,0.00011356181,0.0123439105,0.033033483
CLDN1,0.0003052485,0.025762241,9.80778e-05,0.05949173,0.016147524
CLDN10,0.09089877,0.01456385,0.052414026,0.010057129,0.018889502
CLDN11,0.0009786702,0.016004309,0.00012133786,0.013127775,0.024225645
CLDN12,0.00022374296,0.011510135,0.00025456748,0.010767184,0.023033535
CLDN15,0.00081502384,0.0058126417,7.010924e-05,0.008382098,0.0073877317
CLDN16,0.0007590374,0.01044345,0.0006096346,0.042580854,0.026002547
CLDN18,0.0014572019,0.013887986,0.005909136,0.020270698,0.0273942
CLDN19,0.0012644996,0.007653019,0.00013034279,0.020437825,0.011198668
CLDN2,0.00031591393,0.022560263,0.00012573757,0.08972444,0.02811205
CLDN20,0.001095272,0.01944218,0.00017445814,0.017034966,0.028014816
CLDN3,0.09707146,0.027331458,0.059444282,0.03770934,0.042477425
CLDN4,0.0007555889,0.020895123,0.000115192095,0.014566581,0.01405337
CLDN5,0.00026300125,0.017154457,0.00021485802,0.041553,0.008586809
CLDN6,0.00038549778,0.0039403224,0.00025004486,0.020951219,0.0068120044
CLDN7,0.000258894,0.00849566,0.000117893345,0.04785222,0.01100008
CLDN8,0.00026706874,0.009438158,0.00031940115,0.009690155,0.04741174
CLDN9,0.0017660082,0.0043858746,0.0016580272,0.01804367,0.008230265
CLDND1,0.0007310096,0.004633035,0.0003156812,0.023442874,0.017927509
CLEC12B,0.0026066194,0.012287382,0.0016180105,0.01804367,0.007672817
CLEC16A,0.00020980104,0.0064248415,0.0012701929,0.023442874,0.017258346
CLEC1A,0.00084258773,0.011111199,0.00021170563,0.0109855905,0.029833658
CLEC2B,0.0006509375,0.0020995222,0.0005936632,0.017034966,0.008846832
CLEC2L,0.00034078263,0.011217946,0.00017385121,0.03158699,0.01864121
CLEC3B,0.00047728827,0.023429299,0.0001003971,0.0870846,0.012613559
CLEC4F,0.0009402843,0.009884129,0.00030823873,0.008382098,0.023368562
CLEC4G,0.0006487651,0.026699008,0.00016242481,0.08418299,0.022847224
CLEC5A,0.0013300863,0.0070263054,0.00081608153,0.028982447,0.015539577
CLEC7A,0.0008272948,0.095704935,0.00018798841,0.04754783,0.05609233
CLGN,0.0012896771,0.042170152,0.0004255599,0.05379708,0.085850276
CLHC1,0.0005714066,0.028557232,0.0005936632,0.008605173,0.07341857
CLIC1,0.14806025,0.036966078,0.25027925,0.1588309,0.013879074
CLIC2,0.00050275534,0.019881275,0.00013447809,0.035246737,0.005357624
CLIC3,0.00044237255,0.00750241,0.000110714696,0.02844312,0.017242309
CLIC4,0.11377637,0.026397182,0.22615282,0.0389452,0.033162117
CLIC5,0.00070255157,0.015480752,0.00023962426,0.055746976,0.016151441
CLINT1,0.13797797,0.05529381,0.14852962,0.06346636,0.031416662
CLIP1,0.0002750674,0.017251361,0.0006113992,0.05549403,0.010393938
CLIP2,0.0004916026,0.0104215,7.9589554e-05,0.009173206,0.012898374
CLIP3,0.0002292823,0.010714224,8.443524e-05,0.024410563,0.012458404
CLIP4,0.00030459094,0.031144263,0.00021696794,0.05772718,0.01982291
CLK1,0.00055980776,0.049111478,0.00049653335,0.11332447,0.02110807
CLK2,0.27093127,0.10321521,0.20592447,0.24545996,0.06975435
CLK3,0.59277624,0.2749839,0.576697,0.110016964,0.3010996
CLK4,0.0006110706,0.03536813,0.0004954887,0.06257514,0.028647317
CLMN,0.09848725,0.01767108,0.095987976,0.008678562,0.034439728
CLN3,0.000561177,0.031306632,0.00037695435,0.15331545,0.028157044
CLN5,0.0005479329,0.009777411,0.0004240753,0.020175396,0.013069776
CLN6,0.0015690149,0.018313484,0.0006090269,0.012257511,0.020655528
CLN8,0.08094863,0.037971515,0.3387637,0.036697615,0.0075041507
CLNK,0.0002499705,0.022224257,0.00021170563,0.04029104,0.017149586
CLNS1A,0.0015876861,0.15442938,0.0002815749,0.10562097,0.14319809
CLOCK,0.0005309469,0.024032284,0.00039981274,0.04789321,0.01893888
CLP1,0.0015244749,0.16557842,0.00048270545,0.099229746,0.12983283
CLP1,0.0015244749,0.16557842,0.00048270545,0.099229746,0.12983283
CLPB,0.00022546515,0.045365755,0.0005217837,0.113731965,0.0540256
CLPP,0.0005656575,0.028093962,0.00042124247,0.046359513,0.046077404
CLPS,0.001058151,0.011777754,0.00023732666,0.056690075,0.015006908
CLPTM1,0.0005684391,0.00934487,0.00017417491,0.046332557,0.018016297
CLPTM1L,0.046212632,0.0047286586,0.09586495,0.042580854,0.006689102
CLPX,0.6058676,0.3334538,0.6759711,0.04671363,0.41710442
CLRN2,0.0022113412,0.0080337655,0.006156495,0.01804367,0.021678338
CLSPN,0.004210113,0.16157599,0.00014718526,0.08394887,0.1881089
CLSTN1,0.0006150359,0.04143842,0.00014279452,0.1640216,0.033606365
CLSTN3,0.098663576,0.007878596,0.07469739,0.010057129,0.012446225
CLTA,0.14560282,0.02778736,0.13011731,0.03696163,0.03812043
CLTB,0.00010550339,0.002951194,0.0001361978,0.023489706,0.010595628
CLTC,0.39426845,0.21336849,0.46931723,0.16998054,0.16494623
CLTCL1,0.00038587776,0.03221887,0.00015601508,0.053090177,0.033615574
CLU,0.109209225,0.09721466,0.16947725,0.079333246,0.063967146
CLUAP1,0.0014278378,0.09567374,0.00015557061,0.0223549,0.110343866
CLUH,0.00015152864,0.0030297197,0.00012194657,0.07357072,0.00980495
CLUL1,0.00065594976,0.007260038,0.00026449823,0.020951219,0.03073449
CLYBL,0.00026043787,0.006266062,0.00020918026,0.018664645,0.0039059622
CMA1,0.0005195527,0.023030257,0.00013399989,0.06831696,0.022304714
CMAS,0.56966954,0.2268143,0.45808458,0.07357072,0.4083795
CMBL,0.00047765143,0.02527447,0.00027749417,0.018621562,0.026792902
CMC1,0.023479454,0.023980651,0.005980353,0.01804367,0.069660895
CMC2,0.0005888422,0.006458507,0.00025789646,0.023442874,0.021206778
CMC4,0.00077376975,0.012018052,0.0003005132,0.024041327,0.027237343
CMIP,0.0012281548,0.061994474,0.00015797114,0.011681861,0.11200184
CMKLR1,0.002387114,0.010480948,0.0007685668,0.010440647,0.03514981
CMPK1,0.099448,0.044073492,0.23742315,0.02679841,0.110944174
CMPK2,0.00062770833,0.004825481,9.6770505e-05,0.023442874,0.01606393
CMSS1,0.0002056114,0.015221701,0.00015416715,0.11275657,0.019194568
CMTM1,0.004323286,0.017133703,0.027147852,0.01804367,0.018227959
CMTM2,0.0003193357,0.013138002,0.00015797114,0.016337538,0.008721194
CMTM3,0.043762572,0.0064280815,0.19007416,0.0297165,0.010121885
CMTM4,0.00035052813,0.015368494,0.00030823873,0.04029104,0.018252855
CMTM5,0.0003308721,0.037561547,0.00018081332,0.069424696,0.006316445
CMTM6,0.00033817458,0.04845894,0.00012170611,0.06831696,0.05549373
CMTM8,0.00080990215,0.0051763896,0.000519519,0.020951219,0.017544815
CMTR1,0.12541889,0.08354411,0.13323455,0.018586725,0.058367968
CMTR2,0.0005275259,0.026987575,0.0002572273,0.023442874,0.05799972
CMYA5,0.0004329314,0.02238103,8.818225e-05,0.01427647,0.024439085
CNBP,0.00024604512,0.013712294,0.00031026424,0.092605285,0.008267554
CNDP1,0.00034067107,0.017750062,0.00026876893,0.024041327,0.017584419
CNDP2,0.00034965103,0.0070285583,0.00015353618,0.030808024,0.01978988
CNEP1R1,0.00073604827,0.036645826,0.00011715505,0.022973275,0.041107275
CNFN,0.001586385,0.009216548,0.004921039,0.01804367,0.011274384
CNGA2,0.122921795,0.033474844,0.2637312,0.029588407,0.03643881
CNGA3,0.018497765,0.0061839926,0.02229647,0.01146169,0.019106893
CNIH1,0.0023016054,0.013281253,0.0010325914,0.01804367,0.055371456
CNIH2,0.0056701526,0.0027683172,0.0066808756,0.01804367,0.012010434
CNIH3,0.0051683686,0.022162171,0.0078025586,0.01804367,0.05330258
CNIH4,0.0008255568,0.038052805,0.00019149028,0.06586782,0.1589155
CNKSR1,0.075456984,0.049818277,0.20419042,0.06847451,0.024104852
CNKSR2,0.00040812427,0.017309664,0.00019010039,0.04718422,0.010680473
CNN1,0.0013941413,0.07925435,0.0002602182,0.06895362,0.11950649
CNN2,0.0009330529,0.06305021,0.0003578729,0.027808795,0.03816722
CNN3,0.00084716885,0.030965663,0.00023040168,0.076361425,0.045048434
CNNM1,0.008627285,0.018138668,0.0059523387,0.01804367,0.043049924
CNNM2,0.00026662755,0.004093122,0.0010576814,0.023442874,0.007314506
CNNM3,0.00083494704,0.031066028,0.00018421124,0.06702567,0.027894948
CNNM4,0.0011990098,0.0075607467,0.00025206583,0.012257511,0.0069545913
CNOT1,0.5927104,0.33226442,0.28437173,0.07092229,0.46765456
CNOT10,0.0006775054,0.044056207,0.00029062515,0.024410563,0.07440384
CNOT11,0.0005619456,0.02845042,0.00021123764,0.0698648,0.035144668
CNOT2,0.0007133128,0.072869584,0.00038763258,0.07876725,0.044958755
CNOT3,0.000272541,0.01639252,0.00049326516,0.024358278,0.023888648
CNOT4,0.00057261804,0.057169244,0.00016615106,0.050888,0.044770133
CNOT6,0.00225341,0.038024608,0.000135905,0.023489706,0.044049744
CNOT6L,0.00054488727,0.0078100814,0.000135905,0.043046042,0.0072460677
CNOT7,0.00059446605,0.023964886,0.00015915604,0.06333093,0.02368984
CNOT8,0.00018680944,0.011204974,0.00036105752,0.10543716,0.018406354
CNOT9,0.095413096,0.028436955,0.0628893,0.01804367,0.03822933
CNP,0.1590037,0.020425234,0.16851239,0.03780019,0.019799456
CNPPD1,0.0008486951,0.037836898,0.0002543513,0.023442874,0.034462266
CNPY1,0.0024678528,0.008912508,0.0026807715,0.01804367,0.034242526
CNPY2,0.00027196034,0.0101491725,0.0003170481,0.04057241,0.027232176
CNPY3,0.11337407,0.030146841,0.18524472,0.0183529,0.036999006
CNPY4,0.00055752817,0.0050555137,0.0004151333,0.012576047,0.010718617
CNR1,0.061474588,0.01810363,0.13921319,0.019165913,0.01183495
CNR2,0.0002847204,0.008615727,0.000117893345,0.020931523,0.023582121
CNRIP1,0.00064967,0.053043246,0.0001890538,0.01789132,0.022632722
CNST,0.00028342687,0.0046305466,0.00030946158,0.06051041,0.003054738
CNTD1,0.00042899494,0.0014970168,0.0005484071,0.01804367,0.0033860253
CNTF,0.00085909583,0.034753125,0.0001393064,0.033040963,0.018906588
CNTFR,0.098391056,0.017664665,0.17480378,0.069421805,0.017497405
CNTLN,0.0005605571,0.018013218,0.00013145116,0.023442874,0.070779145
CNTN1,0.00064057397,0.06805375,0.00018201482,0.053242143,0.03246185
CNTN2,0.001188421,0.0395416,0.00013300501,0.054308936,0.03632364
CNTN3,0.0008491651,0.011715845,0.00013951962,0.008678562,0.053165667
CNTN4,0.048067603,0.010011396,0.06488961,0.008678562,0.016151289
CNTN5,0.0022940834,0.052604552,0.00063846447,0.008382098,0.060312584
CNTN6,0.00032932032,0.012147113,0.0002482952,0.020111026,0.024912687
CNTNAP1,0.3284379,0.020877391,0.09410235,0.058634166,0.028098568
CNTNAP2,0.0007907562,0.028680624,0.00017234628,0.023163307,0.04536463
CNTNAP3,0.00089406554,0.04443212,0.00021170563,0.009380428,0.079783514
CNTNAP3B,0.002173126,0.02712589,0.00068569946,0.023442874,0.028701946
CNTNAP4,0.00024517212,0.023157688,0.00039788827,0.011851088,0.020572985
CNTRL,0.7015353,0.07119599,0.50411934,0.076361425,0.18282284
CNTROB,0.00034778452,0.02213554,0.00014841955,0.011245472,0.034829274
COA1,0.00043631918,0.013324258,0.000500839,0.021392673,0.02238678
COA3,0.08981859,0.06955705,0.06001246,0.023442874,0.04515624
COA5,0.0013566989,0.04148505,0.0012979895,0.008678562,0.06933189
COA7,0.0007452328,0.030587662,0.00026449823,0.023442874,0.040334474
COA8,0.024848009,0.010825881,0.0628893,0.01804367,0.017152496
COASY,0.00056417927,0.042404264,0.00012491335,0.038368754,0.08021309
COBL,0.00027052843,0.013216296,0.00011032949,0.020951219,0.012744181
COBLL1,0.10241465,0.030135702,0.099606164,0.020951219,0.047123484
COCH,0.056069445,0.020763867,0.16680494,0.0698648,0.019312063
COG1,0.00029264818,0.026156304,0.00014257766,0.046720847,0.036360096
COG2,0.0011640948,0.026287993,0.00016461623,0.028359443,0.12000963
COG3,0.0870561,0.056927674,0.05065197,0.0078024184,0.073578484
COG4,0.00026154492,0.009190115,0.0002850387,0.021114236,0.03284681
COG5,0.10545162,0.062435515,0.097244374,0.02323641,0.11637917
COG6,0.083430216,0.01754369,0.066031724,0.0154998135,0.055060856
COG7,0.08705916,0.024200093,0.24566561,0.043245353,0.042312212
COG8,0.2563845,0.0874663,0.25477082,0.029531958,0.07318153
COIL,0.02213698,0.04160265,0.007471163,0.13666254,0.052268863
COL10A1,0.0004551059,0.009847132,0.00010404254,0.015111009,0.008590824
COL11A1,0.7069577,0.27068087,0.44517818,0.055746976,0.13948497
COL11A2,0.0007084443,0.024637133,0.00021461377,0.020153688,0.043010052
COL12A1,0.34196767,0.026679661,0.15819113,0.009077163,0.0605088
COL13A1,0.0005404119,0.026062936,0.0002056159,0.029917607,0.026793586
COL14A1,0.0014267606,0.048462152,9.338294e-05,0.028539477,0.04632977
COL16A1,0.0007101074,0.026330894,0.00013904562,0.026245482,0.016296308
COL17A1,0.00036378426,0.023090554,0.000108481916,0.029799249,0.01882973
COL18A1,0.00067378615,0.04936992,0.00014565479,0.012074608,0.04139805
COL19A1,0.0014943285,0.009198404,0.00024781202,0.008382098,0.0076026274
COL1A1,0.13463995,0.01748164,0.08950787,0.07655683,0.01449097
COL1A2,0.00024886805,0.021777418,0.00014861186,0.039901003,0.009757892
COL22A1,0.005289351,0.002546461,0.0016688346,0.01804367,0.018302152
COL25A1,0.00041756488,0.017195048,0.00015736888,0.042580854,0.024399031
COL26A1,0.0006753316,0.022351768,0.000100345795,0.084408656,0.019260097
COL27A1,0.0041624354,0.031291574,0.0016984806,0.01804367,0.023137223
COL28A1,0.0050263247,0.01235747,0.0019269427,0.01804367,0.02229712
COL2A1,0.0005594986,0.021430874,0.00014866261,0.07203216,0.024624761
COL3A1,0.17635652,0.046618126,0.14221406,0.04760726,0.011338219
COL4A1,0.00040215367,0.017725652,0.00028081806,0.039683018,0.011627742
COL4A2,0.00022915796,0.02078719,0.00013851801,0.038832445,0.010348858
COL4A3,0.00043632463,0.022790292,0.00013543294,0.047524333,0.019500304
COL4A4,0.0013597148,0.014135712,0.00011367654,0.015049195,0.015597582
COL4A5,0.000697027,0.04241508,0.0006247873,0.033614986,0.04791458
COL4A6,0.00043966682,0.02891068,0.00086000987,0.01770893,0.034672353
COL5A1,0.0010423657,0.02393348,0.00022266438,0.018218953,0.04071529
COL5A2,0.00077472115,0.03550998,0.000104824285,0.021767354,0.092742756
COL6A1,0.00056339306,0.02391947,9.268926e-05,0.021824399,0.013027318
COL6A2,0.00021378437,0.009388962,8.6497086e-05,0.07545655,0.0038972485
COL6A3,0.0011674872,0.031247165,0.00023309185,0.017707363,0.026965722
COL7A1,0.00021097275,0.01991143,0.00018081332,0.084083825,0.009727465
COL8A1,0.00048492648,0.020820785,0.00020633549,0.04611333,0.0301933
COL8A2,0.00042007215,0.0041442434,0.00033258714,0.011959312,0.005113545
COL9A2,0.00052585645,0.0050906474,0.00094873516,0.011245472,0.010331492
COL9A3,0.0014198526,0.008104111,0.00019823089,0.023416264,0.0154734785
COLEC12,0.00039158273,0.009240479,0.00031557318,0.012868392,0.013986447
COLGALT1,0.0003002028,0.027980326,7.155195e-05,0.035091348,0.022237886
COLGALT2,0.00054161734,0.024523145,0.00013728642,0.05973793,0.025552003
COLQ,0.0007466317,0.015053287,0.0005169368,0.040514212,0.03106348
COMMD1,0.00033596373,0.058433834,0.00034400422,0.09349408,0.014466182
COMMD10,0.00034463842,0.02929182,0.00013818001,0.036339354,0.034492385
COMMD2,0.00033122808,0.030655907,0.00029362887,0.020978805,0.03789799
COMMD3,0.00034170575,0.016490186,0.0006799122,0.044827595,0.023212716
COMMD4,0.00033891803,0.016540118,8.391318e-05,0.040558554,0.012382496
COMMD5,0.00016171734,0.0038873798,0.00020700155,0.023806559,0.0038062006
COMMD6,0.00018300118,0.027964424,0.00027410008,0.030614743,0.029908095
COMMD7,0.0006738247,0.032301914,0.0002649634,0.022454023,0.036409684
COMMD8,0.0005150251,0.05932179,7.386314e-05,0.03823579,0.13566245
COMMD9,0.0015318342,0.0147334235,0.00020729206,0.024950339,0.025726225
COMP,0.00023061225,0.004649102,0.00017223308,0.018311454,0.008543931
COMT,0.0004217069,0.08005944,0.00013705817,0.046585087,0.055811215
COMTD1,0.0006984916,0.013101429,0.00022080795,0.020826694,0.012640199
COPA,0.34805566,0.16370195,0.22617401,0.11206399,0.23648684
COPB1,0.0006967766,0.04532173,0.0004160072,0.1092924,0.03108103
COPB2,0.00056285365,0.069809586,0.000103155915,0.075553074,0.060858067
COPE,0.17940491,0.18116671,0.08996423,0.038731944,0.19731216
COPG1,0.0007169183,0.23343043,0.00036065123,0.107880354,0.20199662
COPRS,0.0009130656,0.08249527,0.00017034764,0.05760459,0.026237363
COPS2,0.7017729,0.64691097,0.4035218,0.1468886,0.66069084
COPS3,0.80317485,0.685251,0.4389701,0.12868798,0.64182985
COPS4,0.8240546,0.71166563,0.39153883,0.12585394,0.6654552
COPS5,0.76047516,0.5917749,0.42669678,0.3180733,0.46248764
COPS6,0.13433118,0.085917756,0.34291592,0.14269736,0.05471034
COPS7A,0.0003331587,0.03862736,0.0002450555,0.05777475,0.024848048
COPS7B,0.00038180643,0.013245612,0.00010575046,0.11522541,0.009403164
COPS8,0.589821,0.6122391,0.3802579,0.106032945,0.59198624
COPS9,0.0040634032,0.0067009805,0.0628893,0.01804367,0.00696647
COPZ1,0.11039686,0.04212218,0.1419337,0.1096986,0.07246279
COQ10A,0.0025269818,0.0044238204,0.0040403125,0.01804367,0.025964238
COQ10B,0.00084381655,0.015487738,0.0002640092,0.023442874,0.05354297
COQ2,0.43002462,0.0790599,0.03992217,0.023442874,0.17945445
COQ3,0.009496113,0.025610374,0.0017935068,0.01804367,0.03455457
COQ4,0.0005713402,0.012936324,0.00034788184,0.023442874,0.020715203
COQ6,0.000500189,0.012034987,0.000120058714,0.039203223,0.040985204
COQ8B,0.014731985,0.020469544,0.0628893,0.01804367,0.053867552
COQ9,0.000260829,0.0070868186,0.00017129627,0.009077163,0.017661216
CORO1A,0.0014169025,0.030527847,0.000133785,0.15203975,0.029790256
CORO1B,0.00044449457,0.011516869,0.00023588943,0.04401585,0.015632998
CORO1C,0.00027825238,0.021841455,0.0002466525,0.03972294,0.013095628
CORO2A,0.0009856683,0.042237222,0.00020222139,0.010303198,0.07997579
CORO2B,0.00044878293,0.011186931,0.00020090223,0.01568221,0.018964015
CORO6,0.00035255638,0.0036627268,0.0002259321,0.010057129,0.0084727
COTL1,0.0005400327,0.022897381,0.000116668205,0.02504491,0.047947392
COX10,0.0053630825,0.033010505,0.0018466595,0.01804367,0.04190873
COX11,0.00074624835,0.014460214,0.0002545973,0.009380428,0.03465425
COX15,0.0004855384,0.037631597,0.00015835708,0.020175396,0.053545836
COX16,0.0018872343,0.020262513,0.0018601755,0.01804367,0.03798046
COX17,0.0011833401,0.31119356,0.0001687821,0.038731944,0.28951713
COX18,0.005529369,0.04555251,0.0015212101,0.01804367,0.0615385
COX19,0.0037145037,0.09401743,0.002963788,0.01804367,0.10308605
COX20,0.00038194912,0.0089379,0.0009264643,0.021392673,0.051638205
COX4I1,0.0017859591,0.06153043,0.00023841596,0.025065692,0.104925245
COX4I2,0.07111715,0.015087954,0.14970434,0.024041327,0.04423941
COX5A,0.1214167,0.08505514,0.2840218,0.05470066,0.056168787
COX5B,0.00071443745,0.06928179,0.00033684602,0.044195537,0.040713508
COX6A1,0.0006570804,0.03151228,0.00081499777,0.024041327,0.03658813
COX6A2,0.00043109426,0.017370846,0.0003074334,0.03756352,0.037230514
COX6B1,0.0005423801,0.018546075,0.000115292205,0.020175396,0.02897881
COX6B2,0.00035728794,0.00672204,0.0006738542,0.012629497,0.010761948
COX6C,0.15001957,0.026351107,0.17789103,0.0223549,0.036870345
COX7A1,0.0015657658,0.005040949,0.001199297,0.01804367,0.019276
COX7A2,0.0004859241,0.036119793,0.00035326395,0.023442874,0.030407831
COX7A2L,0.00048301317,0.012063493,0.00031557318,0.024041327,0.039448887
COX7B,0.028373353,0.018686157,0.18670185,0.024041327,0.045677513
COX7C,0.113311864,0.12940916,0.051722698,0.023442874,0.20913112
COX8A,0.00053551554,0.008819129,0.00042400722,0.014542438,0.0077089313
CP,0.00033481503,0.005762915,0.00012833145,0.022835549,0.01954065
CPB1,0.00038190087,0.0041149305,0.00020918026,0.008382098,0.01987872
CPD,0.0009398015,0.13101676,0.0003453895,0.026328275,0.12212443
CPE,0.0004580788,0.017568232,0.00025962442,0.08074207,0.013193482
CPEB1,0.00023227876,0.017159194,9.057798e-05,0.049156703,0.015080035
CPEB3,0.0012724021,0.022811579,0.0002698813,0.09978102,0.038608287
CPED1,0.0014801514,0.013299899,0.00018967275,0.023442874,0.009891411
CPLX2,0.0014097495,0.018599685,0.0002062344,0.04785222,0.019478416
CPM,0.00036968655,0.01006536,0.0002728064,0.023416264,0.02626919
CPN1,0.00029260942,0.010095089,7.572257e-05,0.036096033,0.00818801
CPN2,0.0013866692,0.017617935,0.0002030402,0.021659115,0.048629716
CPNE1,0.39549828,0.1576479,0.38553345,0.08734049,0.05740925
CPNE2,0.0004384757,0.020523446,0.00013180058,0.07435456,0.033631347
CPNE3,0.00063584174,0.02282238,0.00020306188,0.04825741,0.018865839
CPNE4,0.025530823,0.02119252,0.019306876,0.053090177,0.0105959335
CPNE5,0.18710011,0.014298315,0.21581471,0.023442874,0.03516249
CPNE6,0.00039783557,0.01936718,0.00011367654,0.08031579,0.02822159
CPNE7,0.0005740999,0.008994125,0.00032605662,0.042708002,0.004281269
CPNE8,0.0007385915,0.030452173,0.00021170563,0.026462918,0.018962415
CPNE9,0.00040928333,0.0315493,0.00012559701,0.023442874,0.045404617
CPO,0.01171664,0.01204842,0.0008231056,0.01804367,0.024980078
CPOX,0.0006912615,0.013138781,0.00015146524,0.0698648,0.024022955
CPPED1,0.09739423,0.00920609,0.17149211,0.023442874,0.019024491
CPS1,0.00053719955,0.010352033,0.0001626669,0.0698648,0.011068501
CPSF1,0.67818546,0.6236516,0.3410894,0.14532502,0.55606925
CPSF2,0.14851947,0.10581847,0.3619202,0.15542184,0.09043828
CPSF3,0.0006635756,0.4401684,0.00012973842,0.16333969,0.20516838
CPSF4,0.07666009,0.060542695,0.14369713,0.026272459,0.06206898
CPSF6,0.0008017153,0.18033136,0.0004238395,0.08514598,0.07866968
CPSF7,0.0015445234,0.05280151,0.00012215688,0.06113244,0.023465514
CPT1A,0.00041829955,0.026391014,0.00013086972,0.05200154,0.032897204
CPT1C,0.00561647,0.007517758,0.0031605856,0.01804367,0.013468934
CPT2,0.00030136417,0.008132532,0.00015826922,0.020951219,0.023310497
CPTP,0.00038896207,0.01711826,0.00015297139,0.03447213,0.012704615
CPVL,0.0010167069,0.022606457,0.00010989543,0.011245472,0.036163818
CPXCR1,0.0062535093,0.042659175,0.00090418826,0.01804367,0.035796467
CPXM1,0.0015105983,0.014330839,0.0005307913,0.01146169,0.027052632
CR1,0.0005759636,0.032695115,0.00018196156,0.051605172,0.05831249
CR2,0.00077015185,0.10794664,0.00016986641,0.10690647,0.06296592
CRABP1,0.18887508,0.031192658,0.08342223,0.0506293,0.037464034
CRABP2,0.0007450063,0.0142719215,0.00027250618,0.044827595,0.02411312
CRACR2A,0.0006924612,0.028422283,0.0010389249,0.017519264,0.041505694
CRACR2B,0.00033471707,0.01585739,0.00025004486,0.008678562,0.020418432
CRADD,0.037569392,0.008702659,0.225813,0.08828944,0.012649039
CRAMP1,0.003874544,0.009870013,0.0628893,0.01804367,0.025070544
CRAT,0.00047414916,0.011862189,0.00020750269,0.03848198,0.017011244
CRB1,0.00050057174,0.022506436,0.00019002792,0.07739739,0.01387959
CRB2,0.0010299364,0.028496332,0.00012382645,0.088654496,0.018869838
CRB3,0.0010936747,0.040783226,0.00045246465,0.009891949,0.06309111
CRBN,0.00071840413,0.03602342,9.405042e-05,0.03770934,0.032251775
CRCP,0.1383128,0.1253654,0.13651317,0.024579357,0.113122374
CRCT1,0.0016210412,0.030979997,0.000115292205,0.0604383,0.0339078
CREB1,0.12914485,0.14975633,0.26691765,0.23310179,0.026571183
CREB3,0.05110616,0.081887394,0.2166104,0.08084955,0.01596241
CREB3L1,0.00029317962,0.017644867,0.00015955507,0.030513393,0.027920939
CREB3L2,0.00038895776,0.01453239,0.00019503692,0.017616533,0.011506067
CREB3L3,0.00043894802,0.01209683,0.0001957962,0.10039487,0.00291321
CREB3L4,0.00082065124,0.02075991,0.00032810596,0.040127736,0.013640556
CREB5,0.0002963561,0.07093298,0.0001900821,0.27199018,0.032765213
CREBBP,0.3403046,0.51625925,0.2572865,0.32497138,0.27376842
CREBL2,0.0013276202,0.0047017583,0.015984979,0.01804367,0.01831904
CREBZF,0.021349173,0.030899784,0.028968269,0.09414992,0.026973216
CREG1,0.12610951,0.015741726,0.20977122,0.0651875,0.014361107
CREG2,0.0020358495,0.016772479,0.025100864,0.01804367,0.027696658
CRELD1,0.00087014184,0.016446171,0.000115192095,0.027190577,0.015397896
CRELD2,0.023306718,0.015466741,0.38755962,0.095662504,0.012554871
CREM,0.00016980844,0.00822037,0.00022642767,0.093020104,0.004516661
CRHR1,0.00057452795,0.011223014,0.00023177257,0.027942695,0.021572733
CRHR2,0.0006140545,0.032934856,0.00013852434,0.011122171,0.046190128
CRIM1,0.00023560754,0.014244028,6.839156e-05,0.07290339,0.017675128
CRIP1,0.0006168581,0.015864303,0.00029863787,0.04164072,0.017979188
CRIP2,0.0005284214,0.027043452,0.00017750615,0.049455445,0.030954411
CRIPT,0.0007341575,0.027919235,0.000100345795,0.020164741,0.01890838
CRISP3,0.00074686017,0.018297512,0.0002370268,0.020951219,0.048385274
CRISPLD2,0.00072045997,0.029484075,0.00050927204,0.008382098,0.098808356
CRK,0.21557638,0.098165624,0.17584524,0.12217736,0.089178704
CRKL,0.00042678052,0.1415149,0.000470435,0.08628132,0.060322978
CRLF1,0.0009226698,0.014780039,0.0004240753,0.010070217,0.020488713
CRLF3,0.00025773622,0.018750224,6.499147e-05,0.049843416,0.020320991
CRLS1,0.0007943185,0.10047946,0.00010404254,0.1012721,0.26649603
CRMP1,0.0005792988,0.08464326,0.0002679729,0.18709569,0.03520436
CRNKL1,0.14755304,0.04645275,0.17222781,0.013710812,0.13896948
CRNN,0.0015104329,0.0036109039,0.002192345,0.01804367,0.013419331
CROCC,0.0004876072,0.0051608644,0.00050927204,0.029724043,0.009679994
CROT,0.0025296696,0.057558853,0.00012526463,0.031526282,0.05363131
CRP,0.0009923072,0.059260853,0.00015758285,0.07043543,0.06388963
CRTAC1,0.00036935718,0.004963639,0.00043264733,0.02591231,0.012601849
CRTAM,0.0004029023,0.00781563,0.00068124285,0.028985407,0.011094226
CRTAP,0.000550703,0.017278956,0.00036022754,0.01942002,0.02953513
CRTC1,0.0027254827,0.11213366,0.00014633135,0.014474772,0.12079667
CRTC2,0.0004603509,0.076156884,0.00020054626,0.1163222,0.07220538
CRTC3,0.0005076535,0.016562628,0.0002688335,0.013574262,0.02327492
CRX,0.0006755988,0.021309676,0.00013529173,0.062457055,0.005727047
CRY1,0.28248465,0.046551984,0.09727121,0.08530148,0.042806093
CRY2,0.11353024,0.031036828,0.09103168,0.07974875,0.016068446
CRYAA,0.0005411077,0.015764935,0.00020637308,0.09376561,0.007822599
CRYAB,0.00092785695,0.12672882,0.00029701288,0.1092924,0.026537921
CRYBA2,0.00023276382,0.0048930845,0.00021616407,0.015651375,0.0058502518
CRYBB2,0.0532383,0.019346008,0.07388561,0.013181083,0.009952917
CRYBB3,0.00072510284,0.016201945,0.00019458555,0.010313249,0.018258763
CRYGA,0.0005523265,0.006068148,0.00017354397,0.018289693,0.01969148
CRYGC,0.00024049425,0.0063967346,0.0010305169,0.025845565,0.013403994
CRYGD,0.00074856245,0.0149881635,0.00023752495,0.017275047,0.019266466
CRYGN,0.0035094416,0.011837609,0.0058811465,0.01804367,0.02157691
CRYM,0.04694699,0.013656174,0.2778789,0.027808795,0.019829424
CRYZ,0.0025430832,0.06130292,0.00059972476,0.010767184,0.06677976
CRYZL1,0.00019574133,0.015922142,0.00034842582,0.01789132,0.019965623
CS,0.037453298,0.013731861,0.21819377,0.1163222,0.01003639
CSAD,0.00030790715,0.010937266,0.00030834513,0.014836723,0.0058043753
CSAG1,0.00052811106,0.014703324,0.00021170563,0.04882528,0.018442746
CSDC2,0.00034990895,0.0074204984,0.0008905202,0.09710315,0.007628928
CSDE1,0.0012822927,0.1380288,0.0001460109,0.065213434,0.07422778
CSE1L,0.28616324,0.15232652,0.275185,0.08643776,0.23364961
CSF1,0.0008552798,0.040876795,0.00015658082,0.037789285,0.039915252
CSF1R,0.68109256,0.4909866,0.33357456,0.11038682,0.2384389
CSF2,0.0010768187,0.049198154,0.00027492974,0.05676482,0.02374603
CSF2RB,0.00026303835,0.01358135,0.00013717558,0.1289567,0.026372697
CSF3,0.0002638829,0.019537855,0.00017156532,0.013913607,0.013391659
CSF3R,0.10248783,0.017023632,0.1453234,0.036238354,0.01677638
CSGALNACT1,0.0050878106,0.0128906,0.015342007,0.01804367,0.043809578
CSGALNACT2,0.1366425,0.017967178,0.13613488,0.028791072,0.045824327
CSK,0.35173988,0.26808977,0.3401924,0.07711649,0.25032064
CSMD1,0.0005820931,0.010656834,0.00040043375,0.024346383,0.008905629
CSMD2,0.00051189156,0.01633851,0.00019458555,0.049156703,0.019535672
CSN1S1,0.11025689,0.06944752,0.039958198,0.15936345,0.051462233
CSN2,0.0005572859,0.048248485,8.818225e-05,0.10396442,0.047595005
CSN2,0.0005572859,0.048248485,8.818225e-05,0.10396442,0.047595005
CSN3,0.0008679698,0.034719143,0.00036749878,0.030235812,0.0153067205
CSNK1A1,0.0018464547,0.23655072,0.0002224189,0.06483275,0.17455551
CSNK1A1L,0.00030947544,0.0034134116,0.00081492716,0.03756352,0.0074540824
CSNK1D,0.09809198,0.048560668,0.25733086,0.08193886,0.040933516
CSNK1G1,0.17118853,0.07148451,0.08078966,0.074714944,0.056502324
CSNK1G2,0.14793059,0.029440492,0.23263349,0.07483766,0.009395315
CSNK1G3,0.0003508944,0.009142361,0.00050089177,0.02844312,0.038216114
CSNK2A1,0.45999455,0.30291188,0.55377173,0.32497138,0.1384187
CSNK2A2,0.71879834,0.4593918,0.45324227,0.3469394,0.37332106
CSNK2B,0.04376792,0.05995757,0.31285825,0.32319316,0.04451295
CSPG4,0.00015462987,0.009615009,0.00017574373,0.033040963,0.006834006
CSPG5,0.0008437527,0.06313033,0.00017069415,0.022973275,0.067394085
CSPP1,0.0009134223,0.02942674,0.00017239526,0.018913325,0.03546862
CSRNP1,0.39933336,0.07502921,0.20251866,0.05164654,0.30973497
CSRNP2,0.0011471682,0.012349272,0.00015010023,0.037310082,0.011845143
CSRP1,0.0021024274,0.012193335,8.7597e-05,0.022075247,0.033673305
CSRP3,0.0018915803,0.043924935,0.0001637174,0.036769863,0.059778575
CST11,0.0008827354,0.009491629,0.00027431655,0.008382098,0.05068334
CST2,0.00025094647,0.010313044,0.00030598656,0.02927176,0.009527938
CST3,0.00084287196,0.13281961,0.00016360598,0.10096029,0.19999062
CST6,0.0005328963,0.011344978,7.640104e-05,0.008382098,0.0195973
CST9L,0.00057856384,0.008722637,0.0011046792,0.03164842,0.014220508
CSTA,0.00081899506,0.1572073,0.00018007247,0.0870846,0.09438143
CSTB,0.00097424345,0.096890815,0.000118019656,0.061810248,0.075108565
CSTF1,0.0645769,0.048939154,0.22819299,0.094924405,0.064632975
CSTF2,0.00065104174,0.08508206,0.00022210611,0.047824927,0.041464735
CSTF3,0.3504934,0.26120847,0.24944791,0.06956046,0.1532257
CSTPP1,0.07195282,0.031591617,0.0628893,0.01804367,0.049712796
CT83,0.00032863405,0.014509879,0.00015348554,0.023442874,0.024488134
CTAG2,0.0003597867,0.002543989,0.00015797114,0.04624848,0.0022813287
CTBP1,0.0007946176,0.05668843,0.00018486087,0.18241817,0.023814984
CTBP1,0.0007946176,0.05668843,0.00018486087,0.18241817,0.023814984
CTBP2,0.0005283112,0.07797397,0.0004328654,0.17537273,0.037960205
CTBS,0.0013479263,0.026888771,0.00035038128,0.03158699,0.048712455
CTC1,0.2120838,0.058985803,0.13171986,0.037062395,0.11856427
CTCF,0.46949196,0.20237051,0.2359103,0.08643776,0.30010298
CTCFL,0.0002803069,0.013684424,0.00016653792,0.17773835,0.0040834695
CTDNEP1,0.053779427,0.031999204,0.21579914,0.009380428,0.035526365
CTDP1,0.0008370489,0.11372797,0.000148168,0.04344712,0.11521783
CTDSP1,0.0005680848,0.008541617,0.00014323364,0.036976393,0.009416179
CTDSP2,0.00052366883,0.012453488,0.0001968878,0.026517374,0.010326043
CTDSPL,0.6150473,0.27453443,0.28618336,0.0663656,0.37460095
CTDSPL2,0.00021313208,0.025710918,0.00025456748,0.023442874,0.049662493
CTF1,0.0006455179,0.05905542,0.00017477365,0.06586782,0.08759935
CTH,0.00038561414,0.01603163,0.00012959214,0.055746976,0.04200568
CTIF,0.0025636689,0.012298331,0.0013225627,0.01804367,0.056135338
CTLA4,0.0007713238,0.027891276,0.00017945815,0.025507925,0.022901915
CTNNA1,0.21734361,0.3020597,0.2316628,0.14304239,0.19144297
CTNNA2,0.00081323215,0.05522029,0.000475265,0.026669279,0.023599882
CTNNA3,0.001371573,0.027060788,0.00023484275,0.09978102,0.021063367
CTNNAL1,0.17337465,0.017136056,0.17743868,0.058489792,0.008639889
CTNNB1,0.6657269,0.46312147,0.46822852,0.4419739,0.22659308
CTNNBIP1,0.0006969084,0.019614933,0.00013787717,0.08055776,0.0064034727
CTNNBL1,0.12952295,0.045392998,0.31966478,0.07331041,0.122928165
CTNND1,0.0005106452,0.055578087,0.000113114584,0.04806361,0.06133881
CTNND2,0.0005491132,0.017196177,0.00011367654,0.12720075,0.008624643
CTNS,0.006963703,0.0054648435,0.008528934,0.01804367,0.0149528785
CTPS1,0.0016219274,0.044598218,0.00012633885,0.11038682,0.03605283
CTPS2,0.000588544,0.027761636,0.00016980892,0.040722523,0.019624462
CTR9,0.0011525535,0.13091333,0.00014414504,0.09329344,0.13249701
CTRB1,0.00042638526,0.0070721614,0.0006085079,0.01970475,0.014859202
CTRB2,0.001856368,0.0031971876,0.022766653,0.01804367,0.0064245528
CTRL,0.00016423696,0.003860542,0.00022370006,0.04624848,0.006465949
CTSA,0.00050758384,0.04494594,0.00022459083,0.046359513,0.05056261
CTSB,0.05120032,0.010226149,0.14681555,0.080925874,0.013185004
CTSD,0.0005828578,0.036404673,0.00014094543,0.076814204,0.015643701
CTSE,0.0012160578,0.041008066,0.00015258098,0.08049629,0.048855904
CTSF,0.000564133,0.006699438,7.4166855e-05,0.020270698,0.02284135
CTSG,0.0010776258,0.05691137,0.00030227637,0.06787577,0.057174876
CTSH,0.00068925705,0.021535907,0.00016289661,0.030976307,0.0618913
CTSK,0.0012613276,0.02530664,0.0002261925,0.030235812,0.017652359
CTSL,0.00094626524,0.15445134,6.850278e-05,0.11456573,0.04303231
CTSO,0.00028086733,0.029890593,0.00045497683,0.016529309,0.032230653
CTSS,0.0010204682,0.032634795,0.00017600517,0.022354322,0.046590485
CTSV,0.00080765213,0.015571961,0.00020642286,0.023442874,0.025592972
CTSW,0.00093950785,0.01999314,0.00022471506,0.009380428,0.06015438
CTSZ,0.000671601,0.03237723,0.0001257413,0.024729606,0.017147899
CTTN,0.0003802677,0.08223577,0.00013976303,0.07927051,0.043032173
CTTNBP2,0.07791003,0.06151258,0.2077156,0.09915827,0.057343323
CTTNBP2NL,0.3041592,0.12497727,0.088377886,0.08179511,0.13109364
CTU1,0.10649297,0.08617594,0.05435957,0.013574262,0.07631871
CTXN1,0.00027276558,0.0057377797,0.00063846447,0.023442874,0.021678122
CTXN2,0.0067778802,0.04633214,0.005854158,0.01804367,0.036360297
CUEDC1,0.00163504,0.033520546,0.00015797114,0.022454023,0.05440301
CUEDC2,0.00066885405,0.017171405,0.000135905,0.0297165,0.031178037
CUL1,0.18970728,0.11409108,0.42669678,0.16620052,0.077462964
CUL2,0.0832108,0.0714517,0.18239807,0.16620052,0.064605534
CUL3,0.15435545,0.17602906,0.73462665,0.3180733,0.02353581
CUL4A,0.046012916,0.04874952,0.16138823,0.14269736,0.021006303
CUL4B,0.00036494614,0.086182185,0.00015464742,0.056374367,0.03831168
CUL5,0.82936555,0.7354236,0.546412,0.4419739,0.51193845
CUL7,0.00018076402,0.0070994156,9.208929e-05,0.034807224,0.009157145
CUL9,0.06360537,0.025576811,0.15058021,0.05275088,0.0139897745
CUTA,0.0004660364,0.05368847,0.0004944903,0.07390427,0.015263121
CUTC,0.00068584096,0.05409102,6.1073464e-05,0.05194081,0.034620695
CUX1,0.032561928,0.010289262,0.18222488,0.070349805,0.008551015
CUX2,0.0005488571,0.006687502,0.000203331,0.015479423,0.01042727
CWC22,0.67623174,0.2994872,0.054966077,0.0297165,0.63740957
CWC25,0.001208989,0.04734823,0.00021546074,0.039998848,0.04510519
CWF19L1,0.17406172,0.054856203,0.3142683,0.04225217,0.09972047
CWF19L2,0.0010491672,0.23661405,0.00014486183,0.061907537,0.18669869
CX3CR1,0.0012246065,0.00736667,0.006067866,0.018257927,0.01611369
CXADR,0.0006384775,0.053264704,0.00031037134,0.04095821,0.050017875
CXCL1,0.00061837,0.00802443,0.00018546893,0.013127775,0.023456894
CXCL10,0.632613,0.37004742,0.31029475,0.044457573,0.3920705
CXCL11,0.00042530787,0.01271763,0.00015579582,0.019015078,0.024010366
CXCL12,0.0023681081,0.09023839,0.0002748768,0.029799249,0.09209065
CXCL13,0.0006971286,0.015674982,0.00016738632,0.022350326,0.02751269
CXCL14,0.0005398636,0.012721025,0.00014066898,0.027808795,0.026794512
CXCL2,0.0004232147,0.012188201,0.00010253786,0.027035693,0.01802682
CXCL3,0.00033021127,0.012526917,0.000113310096,0.0109855905,0.017398011
CXCL5,0.00032460014,0.029015135,0.00019010039,0.022350326,0.02971118
CXCL6,0.00045854275,0.011433771,0.00046819326,0.023079565,0.014434823
CXCL8,0.14301975,0.062452562,0.24343084,0.028402433,0.04004593
CXCL9,0.0026333353,0.042468674,0.00014953953,0.025856787,0.03417241
CXCR1,0.00046953277,0.03220263,0.00012959387,0.037516918,0.02593802
CXCR2,0.0005624359,0.014084887,0.00016208862,0.032634024,0.0075147017
CXCR3,0.11405395,0.009039455,0.20424342,0.0076379906,0.0169857
CXCR4,0.15943499,0.05467845,0.20437835,0.10934737,0.013554918
CXCR5,0.0007381123,0.022938645,0.00021913573,0.017033137,0.028365716
CXORF58,0.0001292858,0.0002909631,0.0045364955,0.01804367,0.00028143427
CXXC1,0.0006752322,0.052318502,0.00018221348,0.058897913,0.08225623
CXXC4,0.04044702,0.019407764,0.14193507,0.044235084,0.017970383
CXXC5,0.0002049205,0.02807501,0.00019513551,0.1293833,0.011101253
CYB561,0.0001862881,0.011763655,0.00011787209,0.020437825,0.034293238
CYB561A3,0.0010216238,0.010328318,0.00013951962,0.04029104,0.029564375
CYB561D1,0.0012651158,0.0022334494,0.0058090305,0.01804367,0.005364629
CYB561D2,0.0005659571,0.023759272,0.0004151333,0.008678562,0.05315957
CYB5A,0.00067774305,0.06283385,0.00033345167,0.04718422,0.040690105
CYB5B,0.001528933,0.021048972,0.00050177827,0.032661267,0.074818484
CYB5D1,0.00060997636,0.015670141,0.00056425267,0.010057129,0.04594962
CYB5R1,0.00032224628,0.0090009235,0.00011849327,0.0123439105,0.021868998
CYB5R2,0.00038725254,0.019979283,0.00033743403,0.021026954,0.032733683
CYB5R3,0.00037135463,0.009859823,0.0002055477,0.046359513,0.02436128
CYBA,0.00039983296,0.03996042,0.00021900958,0.058489792,0.019261822
CYBB,0.0008679768,0.07903246,0.0002231145,0.039986305,0.044699546
CYBC1,0.010516188,0.007949388,0.0628893,0.01804367,0.025125252
CYBRD1,0.0009169653,0.029219422,0.00059209677,0.009690155,0.032544106
CYC1,0.1741941,0.0612409,0.24174517,0.020413877,0.06731598
CYCS,0.12051653,0.028864937,0.5358391,0.075553074,0.04633788
CYFIP1,0.12553808,0.02537765,0.1705073,0.062465277,0.010899211
CYGB,0.00024833117,0.007927922,0.00094873516,0.04029104,0.01954266
CYLD,0.35343695,0.26087552,0.23430313,0.14984524,0.19734731
CYP11A1,0.00041987497,0.009085951,0.00026169582,0.080213815,0.022422243
CYP17A1,0.0008370497,0.026171966,0.00013497307,0.014751521,0.024188386
CYP19A1,0.101079784,0.015413165,0.16403276,0.03757497,0.026901891
CYP1A1,0.00029924893,0.0030387407,0.0002674619,0.012576047,0.009808224
CYP1A2,0.05332085,0.0026539026,0.28453144,0.09978102,0.008302549
CYP1B1,0.21408851,0.011484701,0.5815057,0.024041327,0.031197052
CYP20A1,0.0004118995,0.006423749,0.000102498954,0.008678562,0.011232548
CYP24A1,0.43794766,0.07944999,0.47596797,0.023442874,0.12299614
CYP27A1,0.092532925,0.04398377,0.18798661,0.010057129,0.120936885
CYP27B1,0.0082783485,0.020124853,0.0068542506,0.01804367,0.06443401
CYP27C1,0.00051785016,0.013815569,0.00032605662,0.023442874,0.026669849
CYP2A6,0.00061503064,0.021333512,0.00022029085,0.09978102,0.03767303
CYP2C18,0.0011462425,0.04569478,0.00017463788,0.00867862,0.056446236
CYP2C19,0.088059954,0.010857167,0.15539338,0.008382098,0.014943261
CYP2C8,0.06737822,0.027490247,0.16348828,0.009604956,0.030402157
CYP2C9,0.15580283,0.016512712,0.18591502,0.023720449,0.019834157
CYP2D6,0.007350797,0.021318559,0.0029972086,0.01804367,0.03365353
CYP2E1,0.0001970405,0.010760882,0.00020100495,0.09541293,0.004935652
CYP2J2,0.3797817,0.13273004,0.54532623,0.049843416,0.288558
CYP2S1,0.0005786226,0.021691913,0.00013447963,0.014542438,0.033731688
CYP2U1,0.0021018772,0.009156315,0.0038624352,0.01804367,0.014082707
CYP2W1,0.0008577564,0.007568633,0.00019686716,0.03158699,0.022383185
CYP39A1,0.0006135341,0.023028325,0.00022808222,0.009891949,0.017554624
CYP3A4,0.122288965,0.016167885,0.20589049,0.051605172,0.03427482
CYP3A5,0.15059605,0.023926858,0.0799228,0.02107806,0.03569263
CYP46A1,0.0030522428,0.008715969,0.02261238,0.01804367,0.019279435
CYP4F11,0.0002212832,0.016892742,0.00045892122,0.0698648,0.032710627
CYP4F2,0.00045277725,0.017025962,0.00017169642,0.044827595,0.024493864
CYP4X1,0.00089922745,0.011464754,0.00043165535,0.023442874,0.018528104
CYP51A1,0.0011042951,0.03428206,0.0004020456,0.039998848,0.046032205
CYRIA,0.007762409,0.004923875,0.0628893,0.01804367,0.017187878
CYSLTR1,0.0013135112,0.029112335,0.0002629343,0.0183529,0.044069678
CYSRT1,0.0011360764,0.017075071,0.00033222017,0.020951219,0.02260031
CYSTM1,0.001566874,0.017449375,0.00017354397,0.023442874,0.029976465
CYTH1,0.0005301145,0.02494032,0.00015982031,0.04813071,0.023436714
CYTH2,0.0012983308,0.1260961,0.000348333,0.068165675,0.09527515
CYTH3,0.0011919588,0.04383638,0.00013367852,0.033245508,0.048983343
CYTH4,0.0009439551,0.07612426,0.000500839,0.058288574,0.05264511
CYTIP,0.00033121865,0.015798902,6.247878e-05,0.027808795,0.052245222
CYTL1,0.0003377923,0.011457865,0.00024057359,0.008382098,0.029940631
CZIB,0.067917764,0.014136289,0.0628893,0.01804367,0.042209268
DAAM1,0.16037351,0.042792797,0.11916716,0.03776636,0.034607023
DAB1,0.0010075853,0.031764876,0.00015986069,0.14299147,0.028639147
DAB2,0.0009506458,0.04764745,0.00031381982,0.050707523,0.031526543
DAB2IP,0.040203374,0.005619074,0.10835258,0.0223549,0.008642024
DACH1,0.113597475,0.048477303,0.15246035,0.058306362,0.021729223
DACH2,0.0010068374,0.024337279,0.00022533706,0.013666583,0.020850345
DACT1,0.00032954328,0.027380109,0.00018843688,0.05132467,0.025105003
DACT2,0.002785614,0.0085469205,0.0010740735,0.01804367,0.027577251
DACT3,0.0021483174,0.009210719,0.004556611,0.01804367,0.03278758
DAD1,0.036033325,0.04304626,0.062130872,0.07801109,0.040591884
DAD1,0.036033325,0.04304626,0.062130872,0.07801109,0.040591884
DAG1,0.47076243,0.04161371,0.19541708,0.03565756,0.034219746
DAGLA,0.0023923318,0.009233541,0.0034031314,0.01804367,0.0162031
DAGLB,0.00020749377,0.06231131,0.000102498954,0.022973275,0.043544173
DALRD3,0.0005184722,0.020349253,0.00014869294,0.011722919,0.024057465
DAO,0.0015378586,0.06400256,0.00033695472,0.043702487,0.07605041
DAP,0.00050083356,0.00826782,0.00015692922,0.011722919,0.01260523
DAP3,0.7374354,0.51568514,0.27518427,0.15484862,0.5027667
DAP3,0.7374354,0.51568514,0.27518427,0.15484862,0.5027667
DAPK1,0.20509318,0.108050525,0.25806758,0.17683244,0.06555866
DAPK2,0.46904105,0.15991364,0.2916115,0.036235023,0.16808316
DAPK3,0.3765482,0.2523954,0.27431887,0.30072913,0.112800844
DAPP1,0.00095456204,0.010559662,0.0002898114,0.013923384,0.019641878
DARS1,0.10801451,0.07638174,0.0628893,0.01804367,0.12654111
DARS2,0.0005691734,0.05064839,0.000115192095,0.025206596,0.028269341
DAW1,0.0006274628,0.01167035,0.00021170563,0.016337538,0.02897759
DAXX,0.16704503,0.119906075,0.18576336,0.24534693,0.05164418
DAZAP1,0.00039227543,0.025071997,9.1695416e-05,0.10039487,0.0719505
DAZAP2,0.00033000042,0.011353801,0.00042662778,0.15061387,0.0035342653
DAZL,0.00038781998,0.0121795125,0.00014366671,0.05040212,0.0092426315
DBF4,0.19956923,0.14935438,0.19422214,0.11239969,0.032779798
DBF4B,0.0004687177,0.017921599,0.00013405176,0.06684685,0.031696476
DBH,0.111327484,0.035580155,0.21626672,0.03158699,0.05708939
DBI,0.0005888445,0.012119233,0.00022598404,0.03972294,0.0055849627
DBN1,0.1301484,0.024580376,0.28192067,0.050660808,0.019951893
DBNDD1,0.0019245343,0.0033250249,0.0016798114,0.01804367,0.0030537334
DBNDD2,0.0007982742,0.043867603,0.0003695357,0.02649773,0.013287371
DBNL,0.000531516,0.030074323,0.00021679403,0.0658467,0.016341722
DBP,9.875698e-05,0.0027442297,0.00024816787,0.03770934,0.004391588
DBR1,0.00050855265,0.028980605,0.00034878758,0.06419186,0.053402796
DBT,0.051175606,0.01468242,0.0821343,0.017497912,0.06912167
DBX2,0.00116497,0.01134967,0.0008231056,0.01804367,0.016280333
DCAF10,0.00061059237,0.020507712,0.00022500707,0.027808795,0.035263106
DCAF11,0.00033816634,0.008844308,0.00018480817,0.04813071,0.008015542
DCAF12,0.0003534844,0.030074773,0.00019019142,0.036598153,0.024980646
DCAF12L1,0.002114705,0.00684206,0.0020823565,0.01804367,0.04109676
DCAF12L2,0.000462722,0.011083448,0.0005936632,0.009077163,0.02972132
DCAF15,0.00025993402,0.01685614,0.00027028657,0.009077163,0.046980493
DCAF16,0.0006610252,0.027480006,0.00037732665,0.0947223,0.016097557
DCAF17,0.08637981,0.01724323,0.21486376,0.032661267,0.040347055
DCAF4,0.00038918943,0.031416215,0.00021213845,0.031780463,0.01825726
DCAF5,0.0005553055,0.008999282,0.00019057226,0.011245472,0.029991832
DCAF6,0.0006094821,0.014850529,0.00012155174,0.033206817,0.01379565
DCAF8,0.00051294826,0.027142148,9.338294e-05,0.13822865,0.012367902
DCAKD,0.00033479463,0.010422759,0.00012271927,0.023442874,0.012314588
DCBLD1,0.0005377541,0.009489141,0.00019336173,0.009380428,0.012787461
DCBLD2,0.08838072,0.013065508,0.08096921,0.009380428,0.0111963125
DCC,0.07581789,0.04163881,0.36937153,0.059011325,0.017578555
DCD,0.0005256327,0.08073849,0.00020849585,0.1975225,0.016169257
DCDC2,0.055311773,0.017073806,0.0847736,0.030453553,0.020694168
DCDC2B,0.00075465516,0.022444919,0.00015797114,0.010767184,0.007269468
DCHS1,0.00095278525,0.014198392,0.00022868629,0.011547842,0.015751453
DCHS2,0.00019264715,0.00510597,6.2412735e-05,0.008382098,0.010000319
DCK,0.78549725,0.22820635,0.36353785,0.07801109,0.24325146
DCLK1,0.000663926,0.01816296,0.00014820417,0.020860827,0.031063918
DCLK2,0.055331845,0.0085386215,0.016089605,0.01992266,0.014155607
DCLRE1A,0.24510388,0.09953865,0.27709797,0.06980971,0.04101685
DCLRE1B,0.011587041,0.3475362,0.00015811356,0.12578236,0.546006
DCLRE1C,0.0013348114,0.25929803,0.00011992027,0.04761005,0.02154087
DCN,0.00049208646,0.023772895,0.00030588097,0.035570506,0.015103035
DCP1B,0.0010199103,0.070357725,0.00017227892,0.025065692,0.09232343
DCP2,0.000113130554,0.029425383,8.356805e-05,0.10073715,0.035117313
DCPS,0.0012836001,0.07751866,0.00019587368,0.030818716,0.10218325
DCST1,0.0039896057,0.0055116205,0.0041588913,0.01804367,0.008651332
DCST2,0.0025542912,0.035957262,0.0005307913,0.008382098,0.08961271
DCTD,0.00074861484,0.008597995,9.8911165e-05,0.07427682,0.013836881
DCTN1,0.0015367644,0.08264355,0.000108249114,0.18709569,0.081623495
DCTN2,0.12482082,0.065569066,0.2029988,0.11819909,0.10427965
DCTN3,0.2220546,0.06805439,0.22410361,0.09215755,0.10595805
DCTN4,0.544476,0.3776927,0.34045172,0.11522541,0.46318984
DCTN5,0.00070327206,0.028696058,0.00014933007,0.03035653,0.091705896
DCTN6,0.0013217272,0.0587101,0.00037502294,0.011185222,0.09690689
DCTPP1,0.0006045777,0.04372231,0.00027471123,0.1096986,0.030152604
DCUN1D1,0.27343377,0.117609136,0.16538669,0.12217736,0.06764376
DCUN1D2,0.00036768717,0.009943331,6.839156e-05,0.04813071,0.006549697
DCUN1D3,0.00047867585,0.018913519,9.560527e-05,0.050944403,0.076756336
DCUN1D4,0.000514129,0.015776651,8.0086174e-05,0.025950173,0.039064668
DCUN1D5,0.00018650973,0.008943603,0.00015890479,0.10159445,0.021432986
DCX,0.045601565,0.01132095,0.21787818,0.07551511,0.015695317
DCXR,0.55983925,0.071915865,0.31061938,0.04164072,0.090187825
DDA1,0.00074039836,0.051772114,0.0001823534,0.092605285,0.050844245
DDAH1,0.115770705,0.007711288,0.26658875,0.02800913,0.019830324
DDAH2,0.0012984582,0.06817708,0.0001871,0.05549403,0.033843737
DDB1,0.15962388,0.058808684,0.46983948,0.07635919,0.05396881
DDB1,0.15962388,0.058808684,0.46983948,0.07635919,0.05396881
DDB2,0.079057194,0.058369067,0.20254499,0.09667081,0.027539248
DDC,0.0005760015,0.010458376,0.0004151252,0.011185222,0.035647124
DDHD1,0.00035023285,0.0051968643,8.285264e-05,0.023442874,0.016163697
DDHD2,0.00045962256,0.012296784,9.410936e-05,0.013998775,0.02229001
DDI1,0.00046924036,0.015781924,0.00020196801,0.10444256,0.016856771
DDIAS,0.00043888466,0.017817795,7.4166855e-05,0.015654534,0.024150828
DDIT3,0.00041132898,0.01280675,7.447231e-05,0.05548378,0.018757582
DDIT4,0.00069818407,0.043679994,5.8354282e-05,0.03770934,0.09174212
DDIT4L,0.0018501343,0.10834799,0.00014066898,0.07581522,0.049830675
DDN,0.0004378736,0.025134413,0.0005257973,0.014566581,0.03707911
DDOST,0.0013117059,0.23587726,0.00059893046,0.18594311,0.11525931
DDR1,0.55676913,0.27372655,0.43775773,0.061810248,0.17825033
DDR2,0.66419494,0.3066128,0.35404924,0.09053533,0.30903938
DDRGK1,0.00050681,0.017866293,8.250377e-05,0.014542438,0.04962042
DDX1,0.0010375116,0.11671087,0.00041882062,0.04701917,0.08948834
DDX10,0.10443198,0.030576466,0.27402824,0.05164654,0.054195832
DDX11,0.0017037286,0.11810822,0.00022899,0.042090446,0.1372325
DDX17,0.0008991097,0.07335433,0.0004160072,0.29033577,0.044452805
DDX18,0.24627942,0.09522898,0.0977731,0.14218232,0.121353835
DDX19A,0.0003178089,0.029286187,0.0006685226,0.034017965,0.08113777
DDX19B,0.0004424527,0.023554435,0.00038587686,0.08628132,0.012593598
DDX20,0.030279826,0.09106339,0.030750109,0.15089487,0.07290411
DDX21,0.07807149,0.06141823,0.20129897,0.14959197,0.047589354
DDX23,0.24468282,0.23213711,0.1389116,0.11332447,0.16178325
DDX24,0.0009621709,0.05565165,0.00014036817,0.03507935,0.08347922
DDX27,0.0006670754,0.13686188,0.00017525993,0.038368754,0.14303234
DDX28,0.0007282405,0.04212552,0.00036513075,0.009077163,0.024905184
DDX31,0.0003063409,0.004007561,0.000105689775,0.011547842,0.004347898
DDX39A,0.0002777663,0.014049227,0.00015148704,0.08986671,0.020972209
DDX39B,0.44982377,0.100586094,0.16406895,0.07655683,0.08926794
DDX3X,0.0015620147,0.18415332,8.797731e-05,0.2441433,0.1195157
DDX3Y,0.00047225176,0.014638763,0.00013610342,0.037042066,0.013536942
DDX4,0.00040608697,0.035722487,0.00014277779,0.18012077,0.03818244
DDX41,0.00085423404,0.28001976,0.00019564913,0.025507925,0.231662
DDX42,0.09880158,0.022144997,0.22189994,0.04354087,0.010045016
DDX43,0.09687533,0.014269111,0.050708473,0.026462918,0.02827698
DDX46,0.68648255,0.38759232,0.38083202,0.09053533,0.56218207
DDX47,0.00045797924,0.07990795,0.00019437303,0.0917538,0.091903105
DDX49,0.00096399867,0.06908828,0.00053615554,0.015479423,0.06164019
DDX5,0.001481884,0.10707632,0.00012170275,0.24408177,0.0977413
DDX50,0.0005955001,0.07168099,0.00036645343,0.070830494,0.024137698
DDX51,0.00080064416,0.107893616,0.0002053618,0.008678562,0.09708089
DDX52,0.23291658,0.12432026,0.121060885,0.07160491,0.053794548
DDX53,0.0027515576,0.019964565,0.00013893045,0.023442874,0.08000865
DDX54,0.00082632806,0.030283034,0.00014587161,0.0273377,0.026647076
DDX55,0.00035189488,0.017753312,0.00018554709,0.011245472,0.028118696
DDX56,0.0007031909,0.08441068,0.0001190967,0.09076232,0.040696584
DDX6,0.0005887019,0.12468403,0.00014153749,0.06761431,0.12062372
DDX60,0.00018142692,0.0027339126,0.00012167397,0.023442874,0.016572105
DEAF1,0.00023812018,0.02095741,8.0086174e-05,0.044195537,0.009289953
DECR1,0.0009803178,0.05682675,0.00014860251,0.043185964,0.0440468
DECR2,0.0010130313,0.01715674,0.00015713587,0.037042066,0.017772555
DEDD,0.0011998552,0.04050692,0.00048820116,0.1494143,0.011749516
DEDD2,0.0002979644,0.0105523355,0.00032041312,0.013230234,0.015403682
DEF6,0.00039774756,0.02105571,0.00025706377,0.05697458,0.022247527
DEF8,0.0004306388,0.00967124,0.00025071972,0.023442874,0.029830264
DEFA6,0.0003233147,0.0070884367,0.00034481342,0.024041327,0.0085884975
DEFB1,0.00020617916,0.016651379,0.00014512603,0.07290339,0.016979078
DEFB110,0.0030658222,0.011346449,0.006951362,0.01804367,0.033192188
DEFB116,0.0044874134,0.02221687,0.00072702114,0.01804367,0.058292605
DEGS1,0.0008864149,0.03546062,0.00030824286,0.15553673,0.020688199
DEGS2,0.0020433054,0.0075273416,0.0010789874,0.01804367,0.015059234
DEK,0.00053536525,0.0438239,0.00021050898,0.11967105,0.019390237
DELE1,0.0064878855,0.011116103,0.0628893,0.01804367,0.021579789
DENND10,0.007990538,0.0033294524,0.0628893,0.01804367,0.012788635
DENND11,0.00707335,0.011774956,0.0628893,0.01804367,0.014822085
DENND1A,0.004562223,0.04213981,0.002309216,0.01804367,0.043161944
DENND1B,0.001524266,0.0114014605,0.0010931528,0.01804367,0.04518177
DENND1C,0.000309407,0.009357517,0.00014519594,0.017034966,0.014981758
DENND2A,0.002171242,0.006055016,0.005900736,0.01804367,0.020321453
DENND2B,0.012772319,0.016168695,0.0628893,0.01804367,0.023562662
DENND2D,0.0002469052,0.0064464994,0.00012836535,0.02272375,0.017441422
DENND3,0.0009145157,0.013748325,0.0005096698,0.024041327,0.032222133
DENND4A,0.0015059148,0.02329974,0.00026381697,0.013710812,0.028000597
DENND4B,0.0027150253,0.016666392,0.001354252,0.01804367,0.037948523
DENND4C,0.00149955,0.013951754,0.00022530204,0.023442874,0.06258944
DENND5A,0.0003282408,0.018257178,0.00025077903,0.035246737,0.060050935
DENND6B,0.000524911,0.015143083,0.00015797114,0.017034966,0.011624323
DENR,0.09991661,0.06744185,0.21334524,0.025724497,0.07299742
DEPDC1,0.00043486527,0.017132828,6.899987e-05,0.023442874,0.028118448
DEPDC1B,0.00066805707,0.009531894,0.0003665988,0.046332557,0.01878237
DEPDC7,0.0014436727,0.04007542,0.00029362887,0.043872934,0.03977878
DEPP1,0.029778598,0.0076064346,0.0628893,0.01804367,0.01516637
DEPTOR,0.00068377826,0.020243997,0.0003258183,0.02932646,0.008617328
DERA,0.001979144,0.032040484,0.0002742352,0.02500289,0.040971484
DERL1,0.0006799828,0.08469949,0.00016738632,0.04897601,0.1300904
DERL2,0.0008963759,0.058178034,0.00017584195,0.027808517,0.11795897
DERL3,0.001254797,0.031111425,0.00029940106,0.02193977,0.05044203
DES,0.058505516,0.026338166,0.17103246,0.10936467,0.0076167826
DESI2,0.0010542966,0.009607329,0.00016628404,0.023442874,0.020448525
DET1,0.03395291,0.026967447,0.1039499,0.055746976,0.05572182
DFFA,0.0010702835,0.06713755,9.216458e-05,0.11849734,0.046130933
DFFB,0.00039802582,0.006470831,7.41274e-05,0.024358278,0.007633763
DGAT1,0.00042996116,0.007406582,0.00017354745,0.013398572,0.011277409
DGCR2,0.0015565325,0.027465748,0.001767198,0.020432413,0.032024805
DGCR6,0.00045213435,0.010665031,0.00046149633,0.017034966,0.029590748
DGCR6L,0.00030016902,0.033991665,0.00025456748,0.025104752,0.02709045
DGCR8,0.00087834237,0.03124993,7.929101e-05,0.050640047,0.029815251
DGKA,0.50138503,0.19430596,0.3744143,0.044621475,0.20115921
DGKB,0.00052203395,0.01128593,0.00083853176,0.009077163,0.018106893
DGKD,0.00017426329,0.00403158,0.00033668242,0.024410563,0.012287139
DGKE,0.59995365,0.17913973,0.23064223,0.033245508,0.38557127
DGKG,0.00047547845,0.016828362,0.001280582,0.05466326,0.02026317
DGKH,0.0010181473,0.016534891,0.0007548817,0.017275047,0.042889107
DGKQ,0.00059677684,0.010138089,0.00018554516,0.09978102,0.02381296
DGKZ,0.00090761366,0.049849417,0.00027701943,0.06702567,0.02937442
DGLUCY,0.0059355157,0.01313234,0.0628893,0.01804367,0.013726224
DGUOK,0.0006592523,0.021798236,8.2068116e-05,0.02623154,0.024127156
DHCR24,0.0011617994,0.022633594,0.0003934156,0.0506293,0.024090268
DHCR7,0.0007212431,0.03589317,0.00056283193,0.05755989,0.020324675
DHDDS,0.0011062282,0.064511284,0.00015986101,0.07507115,0.1488155
DHDH,0.0013021078,0.0045263236,0.0005828433,0.01804367,0.00929812
DHFR,0.58221895,0.5958469,0.23980187,0.048793957,0.4772349
DHH,0.00020171571,0.0058292896,0.0003866765,0.010070217,0.006650077
DHODH,0.13374248,0.009048728,0.16080445,0.089098886,0.014005648
DHPS,0.0006631773,0.032647725,0.0006641659,0.05033658,0.025904087
DHRS1,0.00017172065,0.019505253,0.00022304834,0.021824399,0.03778286
DHRS11,0.004080676,0.022512887,0.0016300001,0.01804367,0.029272145
DHRS12,0.007304697,0.0101756975,0.019735878,0.01804367,0.03607189
DHRS13,0.16216673,0.01801262,0.27329648,0.023442874,0.0255845
DHRS2,0.0005816073,0.033320323,0.00024579282,0.11275657,0.013484352
DHRS3,0.0002222084,0.008472247,0.00048327196,0.023442874,0.010822032
DHRS4,0.0005453143,0.022293003,0.00051911135,0.01019949,0.023958022
DHRS7,0.00079498946,0.012167483,0.00033447912,0.03404868,0.018245414
DHRS7B,0.0005690297,0.040214628,7.900692e-05,0.059808977,0.023015516
DHTKD1,0.003444244,0.009639241,0.03896255,0.01804367,0.008599865
DHX15,0.0893928,0.02760182,0.13860726,0.09444399,0.03564268
DHX16,0.003957604,0.07770689,0.0001540753,0.022508346,0.09871668
DHX29,0.76866454,0.510353,0.35998505,0.07290339,0.6333467
DHX30,0.14757453,0.08379488,0.2812987,0.12680207,0.042113177
DHX32,0.0007224507,0.031676423,0.00025864408,0.008678562,0.046733104
DHX34,0.000119574746,0.004712222,0.00011782243,0.030808024,0.0081887115
DHX35,0.0004074224,0.015285526,7.225565e-05,0.023442874,0.025967503
DHX36,0.0009465047,0.21052535,0.00022522664,0.09444399,0.16211303
DHX37,0.043561555,0.035291675,0.11092075,0.03823579,0.05943262
DHX38,0.15029301,0.11711968,0.24944791,0.03241387,0.10273263
DHX40,0.0003262211,0.018095586,0.00019190465,0.023099316,0.015008326
DHX57,0.00039018446,0.045474015,0.00027731646,0.119371586,0.0146170845
DHX58,0.00084366626,0.05437334,0.00010008939,0.027745098,0.061734527
DHX8,0.0021490934,0.18187077,0.00014248116,0.060268085,0.18612947
DHX9,0.26855266,0.30669618,0.37181482,0.46165025,0.04059419
DIABLO,0.26063952,0.054377664,0.37363493,0.06658082,0.023625163
DIAPH1,0.001548035,0.06620635,0.0003948509,0.06333093,0.0476062
DIAPH2,0.1288374,0.02337483,0.27851275,0.06586782,0.036783587
DIAPH3,0.00031554457,0.047893915,0.00013368082,0.06504623,0.06606524
DICER1,0.55268675,0.34766755,0.33511886,0.15177786,0.39355958
DIDO1,0.59290594,0.54054946,0.57806695,0.099410556,0.53231615
DIMT1,0.0009846198,0.13582195,0.00019278182,0.15611528,0.071350336
DIO2,0.001000716,0.036817662,0.00017846927,0.08479036,0.030297447
DIO3,0.0002917765,0.012361335,8.630018e-05,0.024041327,0.010821373
DIP2A,0.0008357915,0.012175623,0.00022908062,0.08415961,0.010510979
DIP2B,0.00053484907,0.01628273,0.00020405717,0.09710315,0.009350098
DIP2C,0.00036649575,0.0017632338,0.0005916348,0.028985407,0.0027742984
DIPK1A,0.013888782,0.036569525,0.0628893,0.01804367,0.04594429
DIPK1B,0.000935445,0.0029271438,0.0628893,0.01804367,0.005829566
DIRAS1,0.0007552087,0.013148053,0.00015797114,0.013998775,0.010161026
DIS3,0.13463138,0.121036865,0.22981445,0.0766543,0.12565634
DIS3L2,0.00034300378,0.009320433,0.00037989777,0.047193654,0.013658448
DISC1,0.0906821,0.028926436,0.20961718,0.15061387,0.012871907
DISP2,0.00288151,0.0408466,0.0059523387,0.01804367,0.06509479
DIXDC1,0.3339914,0.15837196,0.42049578,0.06538669,0.1125097
DKC1,0.10589941,0.10289368,0.41135585,0.07534827,0.06636499
DKK1,0.0010557923,0.026673544,0.0001401737,0.028158167,0.061245844
DKK2,0.00061114546,0.014867594,0.00025289968,0.008382098,0.012206189
DKK3,0.0015693092,0.046029072,7.7105586e-05,0.009690155,0.045752775
DKK4,0.0052093407,0.01657362,0.0032768082,0.01804367,0.036713976
DKKL1,0.0023322394,0.043507308,0.00012837331,0.05164654,0.008999698
DLAT,0.66452765,0.1301671,0.64554274,0.107956104,0.18215661
DLC1,0.0007186554,0.009678732,0.00013216959,0.013913607,0.034373786
DLC1,0.0007186554,0.009678732,0.00013216959,0.013913607,0.034373786
DLD,0.00079007185,0.09709397,0.00013555905,0.073245294,0.096902706
DLEU7,0.00433069,0.010131918,0.006260317,0.01804367,0.02208889
DLG1,0.10121504,0.036720242,0.20682882,0.030694539,0.011434994
DLG1,0.10121504,0.036720242,0.20682882,0.030694539,0.011434994
DLG2,0.07210437,0.07024714,0.1617691,0.07720233,0.018997151
DLG3,0.00040406935,0.03847532,0.0003393765,0.063156985,0.01032865
DLG4,0.6116509,0.389767,0.43899077,0.15611528,0.33454198
DLG5,0.00032795928,0.039422944,8.8030596e-05,0.12302755,0.07442004
DLGAP1,0.0002728673,0.016183607,0.00017234628,0.081420094,0.018607946
DLGAP2,0.00042493056,0.023115108,9.338294e-05,0.04962714,0.0151651455
DLGAP3,0.0014883511,0.025194114,0.00010003586,0.04699973,0.012485537
DLGAP4,0.047725905,0.03976232,0.21718669,0.03696163,0.01710761
DLGAP5,0.00015232948,0.008955103,0.00025822717,0.032562852,0.009198873
DLK1,0.00032426795,0.008397927,0.00013034279,0.020553498,0.0114194155
DLK2,0.00047399936,0.008336165,6.1073464e-05,0.02111291,0.0079475865
DLL1,0.00048669826,0.04066851,0.0002051958,0.021114236,0.022347886
DLL3,0.0033995658,0.008702622,0.0039023405,0.01804367,0.016743118
DLST,0.2554777,0.14537558,0.32112116,0.054276083,0.079362355
DLX2,0.0004835206,0.014271545,0.00015199187,0.08972444,0.01819588
DLX3,0.00045614957,0.0070429724,0.0005751437,0.02591231,0.018987888
DLX4,0.0003110565,0.06211778,0.00070539815,0.18796971,0.014755771
DLX5,0.0002959196,0.033274017,0.00017600517,0.039066352,0.017392347
DLX6,0.0007409934,0.012283176,0.0015563612,0.01146169,0.03288127
DMAC1,0.030575955,0.028207494,0.0628893,0.01804367,0.029311907
DMAC2,0.012690382,0.014562878,0.0628893,0.01804367,0.026397932
DMAP1,0.06935037,0.05052993,0.25651523,0.20385586,0.04399487
DMBX1,0.00030680973,0.0101802135,0.00026958375,0.016212763,0.012705153
DMC1,0.0016682079,0.32589594,0.00012478954,0.08243446,0.030087622
DMD,0.00021798356,0.017395427,0.00045107023,0.16774316,0.018684365
DMP1,0.00019267837,0.009615077,0.00092634466,0.0123439105,0.025834909
DMPK,0.17000706,0.024110785,0.1683105,0.04754783,0.015686132
DMRT1,0.00030640195,0.0052054944,9.532516e-05,0.020175396,0.015691161
DMRT3,0.00025416125,0.021637788,0.00010039939,0.030961629,0.009632852
DMRTA1,0.000851999,0.015691832,9.3709605e-05,0.016723575,0.057446554
DMRTA2,0.0021128955,0.004954545,0.0030990383,0.01804367,0.0097789895
DMRTB1,0.00047596864,0.044527736,0.0001900821,0.030482452,0.020006796
DMRTC2,0.00057097897,0.009260766,8.641563e-05,0.03940597,0.016566193
DMTF1,0.00058517535,0.01700882,0.00025818727,0.03561833,0.026518187
DMTN,0.0015557782,0.13573748,0.0001273998,0.107956104,0.054261606
DMWD,0.0011801611,0.05524356,8.261462e-05,0.12334042,0.020054763
DMXL1,0.0005653072,0.011802849,0.00027028657,0.0123439105,0.04151678
DMXL2,0.00016156814,0.015879953,7.5572745e-05,0.047569454,0.021454724
DNAAF2,0.0002882061,0.018870415,0.00018253535,0.013998775,0.012999739
DNAAF5,0.0010654985,0.34938124,0.00017069415,0.07534827,0.12167919
DNAH1,0.0004912253,0.016946016,0.00018072489,0.017034966,0.04080226
DNAH11,0.0037673782,0.017296853,0.0028770303,0.01804367,0.027221305
DNAH14,0.0016144419,0.010520287,0.00020290937,0.013998775,0.03587075
DNAH5,0.0007306722,0.0044965823,0.00014635884,0.010057129,0.0075788833
DNAH6,0.00025250527,0.0067080366,0.00021213845,0.023442874,0.023406947
DNAH9,0.0021203856,0.01679048,0.0005449202,0.012736215,0.048283532
DNAI4,0.006835337,0.009911546,0.0628893,0.01804367,0.03003279
DNAJA1,0.0006397518,0.06266108,0.0002775807,0.109349534,0.035071865
DNAJA2,0.00088908407,0.19550425,0.00022286297,0.069905855,0.073961854
DNAJA3,0.00051696366,0.12295424,0.00015915044,0.56804764,0.06484186
DNAJA4,0.00082715525,0.022257656,0.00019458555,0.009077163,0.05102071
DNAJB1,0.1392454,0.08846778,0.20540172,0.080376625,0.07365782
DNAJB11,0.0010371967,0.026107443,0.000111453526,0.062390726,0.031150473
DNAJB12,0.0007718925,0.019160552,0.0004286013,0.052114382,0.03788864
DNAJB13,0.0007832085,0.004982485,0.0011028401,0.01804367,0.014799223
DNAJB14,0.000501619,0.010783428,0.00019954621,0.027808795,0.019107781
DNAJB2,0.15317856,0.010061465,0.6142011,0.050757743,0.013254509
DNAJB4,0.00031576457,0.017277444,0.0002243338,0.026436144,0.025276896
DNAJB5,0.0007873399,0.07628845,0.00034941343,0.08261023,0.047260255
DNAJB6,0.11127388,0.03713668,0.21791069,0.051123098,0.016507084
DNAJB7,0.0008473102,0.012995542,0.0004533158,0.021941544,0.03042135
DNAJB9,0.0004751717,0.09943831,0.00014538948,0.09698627,0.019996993
DNAJC1,0.0025927976,0.07990126,0.0002640497,0.028124522,0.05880125
DNAJC10,0.00043815706,0.026938902,0.00021144177,0.033206817,0.018515816
DNAJC11,0.059445336,0.012283933,0.04272673,0.024410563,0.021803087
DNAJC12,0.12013398,0.016758213,0.09735163,0.024041327,0.050356634
DNAJC13,0.0006973808,0.09732702,0.00024549844,0.037789285,0.22999717
DNAJC14,0.0016391807,0.039173823,0.00025680754,0.030833114,0.023270281
DNAJC15,0.0014058748,0.024455253,0.0001393064,0.035015553,0.037243094
DNAJC16,0.00064953015,0.004500358,0.00036646603,0.023442874,0.008509963
DNAJC17,0.0009868522,0.07955727,0.00033848954,0.023442874,0.09123671
DNAJC18,0.00040048396,0.006741751,0.00027077436,0.013284302,0.011363418
DNAJC19,0.0011718062,0.018034732,0.00017080925,0.043872934,0.015996646
DNAJC2,0.0023851139,0.102105886,0.0005105172,0.036042884,0.20065896
DNAJC21,0.00092304475,0.06421116,0.00022053065,0.03035653,0.061714537
DNAJC22,0.00037242248,0.004104897,0.00068569946,0.023442874,0.00523101
DNAJC24,0.009833774,0.020748563,0.0050774952,0.01804367,0.022529038
DNAJC25,0.0021358156,0.0034070346,0.0046125376,0.01804367,0.005072107
DNAJC27,0.00045655997,0.008710561,0.00020583246,0.008382098,0.020078303
DNAJC28,0.00029574978,0.021570086,0.00015657276,0.024041327,0.05547482
DNAJC3,0.0010416514,0.030152438,0.0001341753,0.038368754,0.04851625
DNAJC30,0.00028155558,0.012628469,0.0014963804,0.009690155,0.021316987
DNAJC4,0.0007765009,0.015942477,0.00018737816,0.018586725,0.027047358
DNAJC5,0.00037174657,0.031190041,0.00019796041,0.055504415,0.028256409
DNAJC5B,0.0005441798,0.014366662,0.0004685826,0.024185104,0.015187145
DNAJC5G,0.0010178016,0.010128198,0.004004985,0.01804367,0.013872425
DNAJC6,0.16082059,0.02363826,0.16780603,0.06626501,0.038890634
DNAJC7,0.0008324958,0.05449737,0.00019732853,0.078548454,0.03634701
DNAJC8,0.00073640887,0.06587018,8.261462e-05,0.04947743,0.04755216
DNAJC9,0.0005147088,0.09409507,0.00014824134,0.05394154,0.08450515
DNAL4,0.0012561261,0.053040758,0.00013198848,0.017707363,0.060048718
DNALI1,0.0011801454,0.031451583,0.00022077489,0.034087338,0.024506235
DNASE1,0.00093816785,0.02482928,0.0003111698,0.03404868,0.03475753
DNASE1L1,0.0016801128,0.0060302373,0.0007521721,0.01804367,0.0073297
DNASE2,0.0009775683,0.01577244,7.5572745e-05,0.014542438,0.024646457
DNASE2B,0.0014055764,0.016848072,0.00011479876,0.06866131,0.023091733
DNER,0.00043572753,0.006987531,0.00031557318,0.009173206,0.011727223
DNHD1,0.00031060635,0.0048654405,0.00012696408,0.017098881,0.0035942888
DNLZ,0.0011447939,0.039813984,0.00022851037,0.010057129,0.08614921
DNM1,0.001471301,0.08300349,0.00016014677,0.12541975,0.050453667
DNM1L,0.00063694955,0.16750392,0.00018394289,0.057200402,0.043890677
DNM2,0.00071227254,0.08880091,0.00010610703,0.07415748,0.081909694
DNM3,0.15976803,0.018087015,0.18562783,0.051949967,0.0132212415
DNMBP,0.0010715971,0.11392118,0.00014423483,0.05525716,0.06536075
DNMT1,0.78013474,0.5746312,0.44253153,0.07506138,0.56385255
DNMT3A,0.00032547832,0.036890138,0.00017592128,0.11967105,0.012848734
DNMT3B,0.0018435121,0.17238827,0.00012214266,0.11591089,0.13617231
DNMT3L,0.0006228105,0.039730527,0.00018185524,0.11577961,0.045150835
DNPEP,0.049131893,0.027321668,0.094848596,0.07068744,0.027523512
DNPH1,0.00015600675,0.00776094,0.000111818124,0.024950339,0.008857819
DNTT,0.5143055,0.17938633,0.32268143,0.08972444,0.17119968
DNTTIP1,0.36211598,0.18561117,0.11907869,0.09710315,0.27935356
DNTTIP2,0.0014962663,0.042322386,0.00031138377,0.09044832,0.061581627
DOC2A,0.00062851503,0.0123415105,0.0008053048,0.057006508,0.020738723
DOCK10,0.08513361,0.013389523,0.082023114,0.02844312,0.019863356
DOCK2,0.00051216,0.019424828,0.00012943061,0.03439253,0.02041796
DOCK3,0.0005501665,0.026951762,0.0006096346,0.10842442,0.016853381
DOCK4,0.00026594207,0.016010491,0.00021458082,0.10444256,0.040583633
DOCK5,0.08019749,0.056746326,0.04956444,0.04382143,0.10459902
DOCK6,0.00020229121,0.003389176,0.00025479597,0.023442874,0.0053939093
DOCK7,0.00028842076,0.0059194528,0.00018269851,0.08828944,0.008718906
DOCK8,0.00061462657,0.017923992,8.719481e-05,0.11849734,0.018051587
DOCK9,0.10245749,0.021156034,0.14675695,0.035695158,0.01688715
DOHH,0.00043003022,0.06519627,0.0003723909,0.028985407,0.050061744
DOK1,0.001318091,0.03367409,0.00016794441,0.027392732,0.0464597
DOK2,0.00057487906,0.018488418,0.00012189252,0.07260164,0.0105543425
DOK3,0.0019793813,0.019049117,0.00071734685,0.027927298,0.011365036
DOK4,0.00076321926,0.031857803,0.00036213855,0.103328735,0.030884309
DOK5,0.00047331146,0.03217198,0.00014748886,0.014507356,0.015241256
DOK6,0.00021106511,0.0070560537,0.00013951962,0.013574262,0.0046104565
DOLK,0.00035049606,0.04478984,0.00011794788,0.020437825,0.029486135
DOLPP1,0.0012282302,0.0058195377,0.0065949867,0.01804367,0.01809697
DONSON,0.6164876,0.4824748,0.75850976,0.023442874,0.773564
DORIP1,0.005637459,0.008916772,0.0628893,0.01804367,0.029312408
DOT1L,0.054763682,0.00617687,0.15978153,0.027190577,0.013936872
DPAGT1,0.054123264,0.085923165,0.22113016,0.052114382,0.028036049
DPCD,0.0003758764,0.020866789,0.00016109418,0.011777043,0.020833058
DPEP3,0.0008609802,0.0064937896,0.0027050597,0.01804367,0.032611955
DPF1,0.0003723545,0.0030123736,0.00045246724,0.01992266,0.009259961
DPF2,0.00066736725,0.04228428,9.3051734e-05,0.073242895,0.037680782
DPH1,0.08426254,0.031828307,0.11654043,0.09449163,0.03159761
DPH2,0.0004163742,0.039566502,0.0001237489,0.0389606,0.054728594
DPH3,0.00017156434,0.01458079,0.00037440707,0.018897312,0.049666245
DPH5,0.003473147,0.17858385,0.00037332805,0.023442874,0.19941655
DPM1,0.00036672974,0.049353987,0.00020332169,0.058206778,0.051212564
DPM2,0.00077854213,0.023513146,0.000107999185,0.008216739,0.062278997
DPM3,0.000430404,0.012920941,0.00023849736,0.011959312,0.045869708
DPP3,0.00036101864,0.0065171225,0.00018935508,0.03972294,0.012951178
DPP4,0.0010191081,0.04799499,0.00015220579,0.022990525,0.03257203
DPP7,0.00023345528,0.0052279015,0.00022628049,0.046332557,0.007433219
DPP8,0.00053681084,0.014519864,0.00017495106,0.026095485,0.04543579
DPP9,0.05663309,0.0070155575,0.03735401,0.008678562,0.010020171
DPPA2,0.00059038313,0.011731983,0.00012463066,0.037634082,0.030431831
DPPA4,0.00095262413,0.041260384,0.0004987742,0.04792855,0.032847878
DPT,0.00028325344,0.008394096,0.00019082153,0.014566581,0.007924945
DPY19L1,0.00034311446,0.039842468,0.0002508015,0.023442874,0.061605956
DPY19L2,0.00025428075,0.03770707,0.00025456748,0.012661081,0.0677969
DPY19L3,0.00086486613,0.009282929,0.00072702114,0.01804367,0.015782397
DPY19L4,0.00030701602,0.011319681,0.0002261832,0.028985407,0.013512545
DPY30,0.00085182005,0.10567924,0.00010919554,0.056320872,0.059093036
DPYD,0.0017547664,0.055907387,0.00015100105,0.026245482,0.09037481
DPYSL2,0.0006512657,0.044399574,0.00020548362,0.044351716,0.034548588
DPYSL3,0.0005273623,0.005079878,0.00019998735,0.025810784,0.008757429
DPYSL4,0.00031926902,0.012206499,0.00015856785,0.027808517,0.0075222026
DPYSL5,0.00041171737,0.0065701227,0.00023765318,0.031371307,0.008338349
DR1,0.0009519519,0.08188445,0.0001751228,0.08972444,0.15330757
DRAM1,0.115949236,0.022204887,0.16419362,0.018913325,0.023591181
DRAM2,0.0008373237,0.005357431,0.00044281915,0.01804367,0.010758441
DRAP1,0.00022342893,0.03369489,0.00021918713,0.07507997,0.05723182
DRC1,0.003494042,0.008541152,0.0011289507,0.01804367,0.024245061
DRC7,0.00048563816,0.0032649252,0.00046149633,0.017267942,0.010957215
DRD1,0.00065323536,0.02146886,0.00014932948,0.02752817,0.015417979
DRD1,0.00065323536,0.02146886,0.00014932948,0.02752817,0.015417979
DRD2,0.00037401821,0.019179111,0.00061998225,0.037635855,0.010995345
DRD3,0.0023297588,0.047620483,0.00037810102,0.06728354,0.028176418
DRD4,0.0731921,0.014149925,0.17118552,0.018254658,0.01071492
DRD5,0.0003322243,0.005559639,0.00020363132,0.00826266,0.018592946
DRD5,0.0003322243,0.005559639,0.00020363132,0.00826266,0.018592946
DRG1,0.00020167223,0.06028053,0.00013463052,0.083088025,0.044556044
DRG2,0.00039601946,0.02160062,0.00015811069,0.07357072,0.041700285
DROSHA,0.0005467669,0.014887519,0.00018488907,0.08972444,0.02487126
DRP2,0.0009773578,0.0056558545,0.0005700103,0.017130291,0.01082023
DSC1,0.20271237,0.07650268,0.12058239,0.11202359,0.0812376
DSC2,0.0009560507,0.029096818,0.00023465029,0.07290339,0.024176665
DSC3,0.0016072647,0.07300837,8.266379e-05,0.076361425,0.092160664
DSCAML1,0.00050176866,0.008039912,0.00016848881,0.009690155,0.016084323
DSCC1,0.0021066684,0.23862424,8.8500856e-05,0.037965376,0.4040772
DSE,0.0003995348,0.012863523,0.00028804402,0.011722919,0.014242482
DSEL,0.0069374624,0.062701814,0.0011767515,0.01804367,0.052736912
DSG1,0.000470699,0.015657725,0.00016020602,0.0658467,0.009676708
DSG2,0.00057573523,0.05170792,0.00015221217,0.021026954,0.047066767
DSG3,0.0005790965,0.0595621,0.000341519,0.011185222,0.023760432
DSN1,0.0011896193,0.18259513,0.00027383078,0.038731944,0.23694132
DSP,0.001038638,0.08838312,0.00015209813,0.28435743,0.019992793
DST,0.00044626344,0.03362448,0.00013036194,0.07077033,0.016203586
DSTN,0.0005026183,0.04706069,0.00010206357,0.058897913,0.030373583
DSTYK,0.51826894,0.12875712,0.20830365,0.06728354,0.0981493
DTD1,0.00047633034,0.019235747,7.8433775e-05,0.024950339,0.023692824
DTD2,0.0011389685,0.015375112,0.00078379683,0.017034966,0.03168403
DTL,0.0014714068,0.15482235,0.00011992027,0.15001431,0.23097914
DTNA,0.0008760251,0.03311445,0.0005391805,0.058528095,0.023048917
DTNB,0.0016717806,0.114511855,0.00012346932,0.07621041,0.0739253
DTNBP1,0.036649846,0.05942961,0.0066328165,0.060287282,0.04490103
DTWD1,0.0015207604,0.035426024,0.0012407594,0.064797975,0.077459216
DTX1,0.0008488808,0.027804554,0.00016515565,0.0766543,0.024726024
DTX2,0.00045389583,0.059974942,0.00012757244,0.08465153,0.016164858
DTX3,0.0005843165,0.02546076,0.00012977763,0.10998552,0.0198252
DTX3L,0.00037595435,0.029060127,0.00044089742,0.14624856,0.01225044
DTX4,0.04332473,0.016737474,0.08279386,0.09978102,0.027057702
DTYMK,0.43419036,0.12766337,0.19482507,0.027808795,0.44038585
DUOX1,0.00059563894,0.03510937,0.00025337032,0.009077163,0.08114929
DUOX2,0.00035671907,0.0091578765,0.00027731646,0.033196855,0.008545935
DUS1L,0.00037174727,0.016769648,0.00016606855,0.02272375,0.03121091
DUS2,0.06907951,0.022030301,0.09888755,0.05040212,0.01986804
DUS3L,0.0012928242,0.0076664845,0.000928737,0.01146169,0.018171053
DUS4L,0.0020586436,0.021680187,0.00010526131,0.008849316,0.036097936
DUSP1,0.00041694418,0.039635,0.00030588097,0.06340116,0.016687043
DUSP10,0.00059900124,0.020146035,0.00017223308,0.06271307,0.012953353
DUSP12,0.0005016417,0.04112227,0.00019490864,0.09184084,0.018088158
DUSP14,0.0006247361,0.010062062,0.0004890015,0.01133714,0.014616762
DUSP15,0.0006543167,0.017667877,0.0003437852,0.032562852,0.018699683
DUSP16,0.6142817,0.29241207,0.21479914,0.02679841,0.20255987
DUSP18,0.005842206,0.023205802,0.00050509605,0.01804367,0.061882693
DUSP19,0.0005601344,0.01662475,0.00017234628,0.009173206,0.0593817
DUSP2,0.09105775,0.019651577,0.15823181,0.080213815,0.012433787
DUSP21,0.0004567413,0.012736467,0.00042559885,0.044235084,0.018041294
DUSP22,0.04433622,0.016505752,0.19243145,0.055746976,0.014226338
DUSP23,0.0006260853,0.02177106,9.568297e-05,0.06702567,0.009546528
DUSP26,0.00027061897,0.021454914,0.00020834562,0.19345498,0.015133251
DUSP28,0.0107267955,0.01938446,0.012390464,0.01804367,0.055792663
DUSP3,0.00078797113,0.06731021,0.000272034,0.053090177,0.06531605
DUSP4,0.0004751146,0.022898806,0.00026748178,0.038368754,0.060252655
DUSP5,0.0011028737,0.03819289,0.000118113436,0.05802234,0.045345135
DUSP6,0.60156995,0.09342334,0.3954217,0.06684685,0.1844808
DUSP7,0.18109868,0.042157046,0.19127543,0.076361425,0.042918116
DUSP8,0.00049350574,0.01586114,0.000103165745,0.017098881,0.026485207
DUSP9,0.0006863892,0.03579463,0.0001408714,0.042090446,0.024242407
DUT,0.019338967,0.028513975,0.15169652,0.049455445,0.06870241
DUXA,0.0025784872,0.0041230423,0.0027750663,0.01804367,0.010563055
DVL1,0.00090835383,0.02838178,0.0002547051,0.038127046,0.045605812
DVL2,0.11163581,0.06466171,0.18022941,0.0494123,0.029412625
DVL3,0.105253935,0.047988005,0.13947052,0.18075153,0.026261829
DXO,0.0003938064,0.034297444,0.000115192095,0.014208768,0.016857982
DYDC1,0.00035817394,0.03441255,0.00019123027,0.033587694,0.03189033
DYDC2,0.00042896857,0.018371468,0.00019490864,0.06831696,0.014977502
DYM,0.001076003,0.030470328,0.00021170563,0.023442874,0.08285202
DYNC1H1,0.074275196,0.07145156,0.33963564,0.11979547,0.047701973
DYNC1I1,0.0008601864,0.064923935,0.00036260736,0.07038656,0.04309562
DYNC1I2,0.00092463003,0.05413238,0.00015063863,0.026436144,0.07151096
DYNC1LI1,0.0004123788,0.02923502,0.0003054124,0.021743597,0.054315075
DYNC1LI2,0.00017023594,0.007511058,0.00017447546,0.027808795,0.02365293
DYNC2LI1,0.0010276733,0.07334868,0.00015046838,0.02111291,0.04590264
DYNLL1,0.195561,0.055595603,0.30209652,0.110048555,0.047600266
DYNLL2,0.22753909,0.063137844,0.24330829,0.10838844,0.04627383
DYNLRB1,0.10629257,0.03959282,0.21160424,0.029799249,0.13484217
DYNLRB2,0.00029007316,0.023191307,0.00016510511,0.013998775,0.041140452
DYNLT1,0.0009481997,0.02555706,0.00030802045,0.10128238,0.022884976
DYNLT3,0.06616735,0.013217223,0.2366712,0.016819773,0.011208441
DYRK1A,0.0008339523,0.11825342,0.0002038419,0.08388137,0.07563547
DYRK1B,0.0010375427,0.043780085,0.00013143975,0.11332447,0.061393395
DYRK2,0.13857806,0.06304665,0.16232736,0.043944307,0.0170327
DYRK3,0.0011814074,0.0061535374,0.00075954676,0.025175512,0.017590787
DYRK4,0.00067737786,0.011462036,0.00090189563,0.07491064,0.024941182
DYSF,0.0006648248,0.029675474,0.00015561987,0.082930736,0.014500997
DZANK1,0.00046721403,0.024767954,7.656894e-05,0.008678562,0.014168543
DZIP1,0.0002467207,0.0022771368,0.0002937367,0.012576047,0.0039444156
DZIP1L,0.0022745575,0.05261925,0.0002937367,0.04142128,0.040711015
DZIP3,0.0011974656,0.023159625,0.00026489317,0.07189519,0.020245595
E2F1,0.7055548,0.6102067,0.5441263,0.24759574,0.13587067
E2F2,0.0007401109,0.03615236,0.00016320709,0.19467509,0.014504861
E2F3,0.1696605,0.03678962,0.18446887,0.109995514,0.05070069
E2F4,0.0005732652,0.0382981,0.00017084101,0.09168226,0.015597507
E2F5,0.0011123932,0.074232645,0.000685442,0.1749634,0.04535766
E2F6,0.0006333201,0.017169185,0.00042583505,0.093020104,0.02903717
E2F7,0.000642439,0.024321662,0.00029857637,0.022149315,0.022720996
E2F8,0.0006127695,0.028113633,0.00020612529,0.07801109,0.018774593
E4F1,0.0007832791,0.07011978,0.00031784587,0.10423142,0.036293592
EAF1,0.08227888,0.058853745,0.14615539,0.117027484,0.04074683
EAF2,0.17696434,0.041504636,0.16304985,0.059433043,0.049785256
EAPP,0.0009805056,0.025992675,0.0003188441,0.026245177,0.07453362
EARS2,0.00096895307,0.03484886,0.00029246495,0.023442874,0.028920762
EBAG9,0.040409163,0.014844552,0.06116086,0.029750155,0.034698784
EBF1,0.0021945627,0.062594265,0.00020061167,0.06696403,0.0929591
EBF3,0.000725391,0.011482087,0.00020049865,0.016696138,0.021646151
EBF4,0.000759122,0.014961584,0.00017099519,0.01942002,0.0149781555
EBI3,0.00052255794,0.010747673,0.00017816883,0.05509455,0.011338166
EBLN2,0.00036922088,0.023486545,0.0007354277,0.059046563,0.014704076
EBNA1BP2,0.12258174,0.06310776,0.31849697,0.088049024,0.06578662
EBP,0.08123235,0.023188062,0.100264706,0.0223549,0.031799424
ECD,0.0011137818,0.1009675,8.356805e-05,0.03450911,0.12550363
ECE1,0.00072406494,0.015214284,0.00015292545,0.076361425,0.023766406
ECEL1,0.0005067405,0.0018081082,0.00015797114,0.023442874,0.003343077
ECH1,0.27116436,0.042474225,0.5100425,0.04897601,0.015190919
ECHDC1,0.00038498273,0.0100054955,0.00078263774,0.015479423,0.012771249
ECHDC2,0.00037107858,0.016315322,0.0006799122,0.05802234,0.028796926
ECHS1,0.0006114816,0.077794164,0.0002940006,0.07803779,0.0722353
ECI1,0.00051183597,0.018929355,0.0008512269,0.011245472,0.04234117
ECI2,0.0027788694,0.050478205,0.00012798572,0.033196855,0.09166651
ECM1,0.0008174388,0.07566636,0.00012189252,0.04824506,0.02796944
ECPAS,0.0038888035,0.014722995,0.0628893,0.01804367,0.0720023
ECSIT,0.00033350792,0.027397916,0.00012115471,0.03673436,0.018317385
ECT2,0.17331192,0.18674809,0.34693253,0.077974774,0.09197046
EDA,0.040831335,0.0090680625,0.15142639,0.028672775,0.004186814
EDA2R,0.046002124,0.012352833,0.19139896,0.027684359,0.028357366
EDARADD,0.0004318422,0.029751875,0.00017654554,0.014107352,0.040872037
EDC3,0.00043278388,0.011993946,0.00027058725,0.07433077,0.0036986945
EDC4,0.0011671642,0.045833573,0.00011734567,0.013933608,0.06553216
EDC4,0.0011671642,0.045833573,0.00011734567,0.013933608,0.06553216
EDEM1,0.00036514588,0.010888494,0.0002628,0.03450911,0.009480607
EDEM2,0.0005851299,0.012887081,0.00024312203,0.046332557,0.020394359
EDEM3,0.0014631546,0.02122369,0.00022686702,0.020175396,0.040650155
EDF1,0.097668804,0.13779484,0.15550391,0.0819942,0.09013482
EDIL3,0.000561337,0.013350373,0.0007099295,0.009380428,0.018660799
EDN1,0.0007612943,0.02141517,0.00017343496,0.024379643,0.036818642
EDN2,0.0009826766,0.012477126,0.0002220176,0.009690155,0.015361612
EDN3,0.00020652819,0.0076005985,0.00014634167,0.017130291,0.008382161
EDNRA,0.00039070722,0.021937504,0.0003749838,0.02390177,0.021287173
EDNRB,0.00074032496,0.013008981,0.00013278858,0.013633437,0.013436425
EDRF1,0.00044773522,0.01471158,0.00012239357,0.024222368,0.032674823
EEA1,0.001162818,0.055971082,0.00023309185,0.0401707,0.069587596
EED,0.0008083678,0.13789716,0.0005089532,0.14959197,0.075143754
EEF1A1,0.19561462,0.18628883,0.29987073,0.4419739,0.06837098
EEF1A2,0.19253187,0.050046388,0.5186233,0.07099653,0.029237593
EEF1AKMT1,0.016367197,0.019907417,0.0628893,0.01804367,0.03254062
EEF1AKMT3,0.0032141872,0.006458106,0.0628893,0.01804367,0.023195017
EEF1B2,0.0003278464,0.008406011,0.00020118768,0.07099653,0.013500447
EEF1D,0.032310694,0.014016378,0.060342833,0.04535214,0.004436517
EEF1E1,0.00028153625,0.033573065,0.00021453112,0.10056908,0.032913774
EEF1G,0.21848036,0.23458768,0.13930593,0.25043225,0.2681835
EEF2,0.4950523,0.5679485,0.16655596,0.18594311,0.3286837
EEF2K,0.00091897085,0.021954212,0.00012531852,0.05726709,0.013921841
EEF2KMT,0.0008967633,0.036060184,0.00021663698,0.008678562,0.15785165
EEIG1,0.0066066496,0.006580516,0.0628893,0.01804367,0.0151043255
EEPD1,0.032813422,0.010266969,0.094730034,0.013998775,0.01163936
EFCAB11,0.0012647327,0.014955716,0.0003917252,0.023442874,0.05293818
EFCAB12,0.56016386,0.19501272,0.49669704,0.01146169,0.26120067
EFCAB13,0.003262555,0.0072348868,0.0006574769,0.01804367,0.025569106
EFCAB14,0.00074920896,0.008093011,0.0035476645,0.01804367,0.0036924582
EFCAB2,0.002583761,0.012380798,0.008511118,0.01804367,0.033251617
EFCAB6,0.0006972655,0.0246011,0.00017354397,0.04223064,0.027072154
EFCC1,0.0005434958,0.024151329,0.00030045334,0.01146169,0.06839821
EFEMP1,0.000550096,0.04004468,0.00023849736,0.04754783,0.0294507
EFEMP2,0.00015850527,0.020522157,0.0001457633,0.1092924,0.014244846
EFHC1,0.0013655657,0.025583116,8.286204e-05,0.026619604,0.025711207
EFHC2,0.0008086063,0.044482283,0.00012973842,0.15331545,0.009908467
EFHD1,0.0014175187,0.011535307,0.00021213845,0.028124522,0.02489775
EFHD2,0.00049627596,0.08921913,0.0001231684,0.037847646,0.01708483
EFL1,0.044924635,0.09110237,0.0628893,0.01804367,0.15177594
EFNA1,0.00044481517,0.026564404,0.0001400632,0.05033658,0.019225368
EFNA3,0.00039009837,0.02544446,0.00028324965,0.02466585,0.022386575
EFNA5,0.0006197075,0.05042794,0.00015416715,0.089929104,0.03734644
EFNB1,0.0003674678,0.017379288,0.00015579582,0.120051116,0.025812062
EFNB2,0.38319692,0.06978239,0.18883415,0.033614986,0.03942278
EFNB3,0.00020126364,0.02186574,0.00028734704,0.0745454,0.016521163
EFR3A,0.050680917,0.026791522,0.20722768,0.021392673,0.036168747
EFR3B,0.0003945346,0.009828348,0.00011655045,0.023442874,0.011100442
EFS,0.0015467745,0.07961037,0.00013666444,0.09112044,0.064587876
EFTUD2,0.0006184696,0.23702873,0.00030227637,0.14304239,0.09906456
EGF,0.085556775,0.029297207,0.21103437,0.06867993,0.017334606
EGFL6,0.00034975907,0.006137234,0.00029820827,0.04029104,0.010635704
EGFL8,0.064446956,0.016559264,0.06181408,0.015531286,0.012583788
EGFR,0.8167975,0.7985542,0.48319632,0.4419739,0.7143502
EGLN1,0.00031505883,0.06479094,0.00019095076,0.06081598,0.074374616
EGLN2,0.00076403056,0.046379153,0.00013447809,0.06590312,0.032467525
EGLN3,0.47808242,0.16374412,0.27066025,0.0766543,0.07084089
EGR1,0.16038284,0.07373809,0.297668,0.4310058,0.027180148
EGR2,0.057182737,0.016963406,0.12288068,0.10903678,0.014168821
EGR3,0.13330959,0.013457218,0.11655319,0.010057129,0.027035007
EGR4,0.00050454296,0.011617335,0.00046345452,0.049843416,0.039194997
EHBP1,0.00084465044,0.02744577,0.0003280897,0.03830263,0.032928016
EHBP1L1,0.00078198063,0.01017443,0.0004151333,0.023442874,0.01819192
EHD1,0.00030405622,0.0129858395,0.00022266438,0.022874387,0.017518263
EHD2,0.0005946899,0.013451313,0.0001403643,0.06895362,0.006781807
EHD3,0.00023492741,0.025098339,0.0001704102,0.013307749,0.03811492
EHD4,0.0006145692,0.02109375,0.00024816787,0.03770934,0.03144133
EHF,0.1570273,0.031536844,0.017914945,0.009077163,0.055608995
EHHADH,0.00024230653,0.0131041715,0.0001718135,0.053263072,0.005876334
EHMT1,0.000838459,0.037852786,8.6400476e-05,0.049953785,0.019518299
EHMT2,0.10047217,0.06640404,0.12705098,0.10569154,0.0052564074
EID1,0.0015234707,0.110874824,8.2018596e-05,0.12893979,0.04877122
EID2,0.00089947507,0.023387587,0.0001914094,0.049515102,0.08687485
EID2B,0.003115142,0.027570345,0.0013676065,0.011722919,0.15015458
EID3,0.0005027956,0.0096203415,8.8017754e-05,0.0209954,0.022432717
EIF1,0.00031443348,0.020203972,0.00032605662,0.040722523,0.033484966
EIF1AD,0.000715766,0.09123125,0.00019002792,0.054186556,0.06526547
EIF1AX,0.0005934188,0.0576679,0.00014819781,0.05949173,0.054967847
EIF1AY,0.0002738044,0.027551476,0.00047426103,0.076361425,0.049740452
EIF1B,0.1960527,0.109028,0.20504275,0.2814532,0.05025364
EIF2A,0.51876706,0.11770561,0.16120529,0.17271312,0.05266209
EIF2AK1,0.0006305697,0.016580997,0.00011163116,0.02572108,0.032721363
EIF2AK2,0.1492825,0.15520573,0.40769142,0.31004706,0.031892974
EIF2AK3,0.0009356301,0.042070553,0.0005044896,0.023509966,0.039407805
EIF2AK4,0.00028353714,0.016721772,0.00013896132,0.046464518,0.041094396
EIF2B1,0.0017558928,0.1741884,0.00017355672,0.085099414,0.092184566
EIF2B2,0.03170697,0.01708514,0.19093862,0.057138085,0.011796299
EIF2B3,0.051319387,0.030558584,0.047590412,0.033245508,0.052738108
EIF2B4,0.11477363,0.06635195,0.28734002,0.09502629,0.08126467
EIF2B5,0.19162428,0.08729166,0.24844076,0.10129378,0.11854575
EIF2D,0.00036242884,0.034646563,7.212692e-05,0.05472368,0.021281138
EIF2S1,0.5870355,0.38366526,0.23597008,0.08643776,0.46448374
EIF2S2,0.104708776,0.119204804,0.2543222,0.11143174,0.07583346
EIF2S3,0.0008705436,0.20130281,0.00012715587,0.08660883,0.2088152
EIF3A,0.44126987,0.44207025,0.23377651,0.0694395,0.46454835
EIF3B,0.0007301098,0.025127297,0.00012977763,0.045524854,0.03693421
EIF3D,0.15613917,0.07507974,0.15137717,0.07083438,0.08559947
EIF3E,0.07897944,0.07061281,0.13592483,0.15134397,0.042044975
EIF3F,0.16770856,0.0794995,0.106565386,0.059067484,0.13217822
EIF3G,0.65920436,0.5010029,0.3213736,0.12868798,0.64888436
EIF3H,0.10409467,0.060985748,0.21574715,0.052206963,0.042554013
EIF3I,0.00041803645,0.0721805,0.0002811591,0.12210298,0.047332272
EIF3J,0.0008488318,0.13001773,0.00015900012,0.06340116,0.0847093
EIF3K,0.0007770127,0.06759183,0.00013901021,0.07667017,0.01659784
EIF3L,0.00057191146,0.02291285,0.000106222025,0.104104154,0.0330547
EIF3M,0.17252944,0.15634604,0.12418682,0.07667017,0.099107295
EIF4A1,0.6753254,0.63874924,0.34153378,0.15331545,0.5778198
EIF4A2,0.10290462,0.040332075,0.12639065,0.12210298,0.011285397
EIF4A3,0.7103433,0.70133257,0.2634067,0.4419739,0.5036999
EIF4B,0.0017269045,0.036446683,0.00027539147,0.07170317,0.059849437
EIF4E,0.047599588,0.020948373,0.10608149,0.14959197,0.014560168
EIF4E2,0.0017248244,0.091086745,0.0001328191,0.15453652,0.024805645
EIF4E3,0.0013267082,0.004097543,0.00620679,0.01804367,0.005417079
EIF4EBP1,0.10267341,0.050219104,0.28708377,0.15352385,0.025183296
EIF4EBP2,0.00024089079,0.021175094,0.00022828979,0.033196855,0.018420558
EIF4EBP3,0.0010710898,0.029903557,0.0009254793,0.046499524,0.02359958
EIF4ENIF1,0.00051966705,0.05396454,0.00030189735,0.09425585,0.03293263
EIF4G1,0.52593297,0.63221455,0.2208355,0.14311165,0.42129886
EIF4G2,0.8015952,0.55760926,0.2888659,0.05726709,0.62109756
EIF4G3,0.0010966596,0.047658984,0.00013266683,0.10039487,0.029291738
EIF4H,0.0005128544,0.010754012,0.00014357851,0.03823579,0.007586491
EIF5,0.0020267314,0.15553565,0.00020807146,0.037634082,0.17898189
EIF5A,0.25425836,0.19638552,0.27638885,0.101857714,0.1766976
EIF5A2,0.06902778,0.014079862,0.24648659,0.022508346,0.012994974
EIF5AL1,0.0005728482,0.032495797,0.00016960972,0.036598153,0.040076643
EIF5B,0.12004015,0.037504155,0.09187652,0.11332447,0.0489301
EIF6,0.35686517,0.38850495,0.19821635,0.16998054,0.13141972
EIPR1,0.029284552,0.032217562,0.0628893,0.01804367,0.059599914
ELAC1,0.0050821584,0.03334228,0.0014108582,0.01804367,0.051654402
ELAC2,0.00031092367,0.021474915,0.00032441452,0.027963148,0.050015893
ELANE,0.00021247142,0.017316673,0.00029414723,0.07905514,0.0055361567
ELAPOR2,0.027725797,0.01629426,0.0628893,0.01804367,0.061122
ELAVL1,0.021928953,0.17652802,0.0064673186,0.16658272,0.080171764
ELAVL2,0.0006692044,0.023832798,0.00022567376,0.022508346,0.025354438
ELAVL3,0.00071040326,0.014795296,0.00041389215,0.07653722,0.0313783
ELAVL4,0.0005639688,0.0163658,0.00025456748,0.070112325,0.016366668
ELF1,0.0010438777,0.06787766,0.0004912475,0.1535793,0.05586109
ELF2,0.00044038394,0.014012959,0.00014029966,0.04057241,0.022714602
ELF3,0.00062694633,0.096970886,0.00017116907,0.15242924,0.08688998
ELF4,0.0010696368,0.023487547,0.00016987466,0.07427682,0.026614742
ELF5,0.00038526175,0.012975815,0.00013368082,0.014208768,0.011826304
ELK1,0.00026507862,0.007794718,0.00035564046,0.06898343,0.0064876736
ELK3,0.00025694765,0.014239913,0.0003777755,0.05340349,0.012828156
ELK4,0.07547312,0.07015032,0.07279456,0.029848972,0.022001611
ELL,0.23326737,0.09589184,0.17674077,0.025104752,0.118676856
ELL2,0.0014504098,0.044636898,0.00020199189,0.03780019,0.047493387
ELL3,0.0019990706,0.030668173,0.00021743949,0.03940597,0.047057718
ELMO1,0.5066891,0.24493216,0.25920737,0.027808517,0.23447053
ELMO2,0.00085590343,0.0237041,0.000107472675,0.02516947,0.011714172
ELMO3,0.00040102834,0.006638135,0.00013951962,0.023442874,0.007522986
ELMOD2,0.00042774578,0.0066187405,0.00048620996,0.06389214,0.011777032
ELMOD3,0.0007280237,0.0066398922,0.0006311863,0.010057129,0.010341248
ELN,0.00045022674,0.029626338,0.00019010039,0.041373122,0.011626504
ELOA,0.0053595533,0.00902973,0.0628893,0.01804367,0.012916368
ELOB,0.03709296,0.0994605,0.0628893,0.01804367,0.07508141
ELOC,0.054130986,0.023603663,0.0628893,0.01804367,0.063425876
ELOF1,0.0006576283,0.045899644,0.00027410008,0.055504415,0.069604866
ELOVL1,0.0015289627,0.015295011,0.0001418834,0.05061941,0.038291585
ELOVL3,0.4587187,0.101379395,0.28932112,0.028074764,0.06619707
ELOVL5,0.0006065522,0.0127919465,0.00021462196,0.032094322,0.019903332
ELOVL6,0.001535796,0.118640974,0.00034380093,0.023442874,0.15805767
ELOVL7,0.050109062,0.017746678,0.14255092,0.017267942,0.03511741
ELP1,0.10334937,0.054541063,0.0628893,0.01804367,0.05590186
ELP2,0.00033242264,0.028212542,0.00029940106,0.04157456,0.028183088
ELP3,0.0005369966,0.046746098,0.00019675231,0.11174581,0.058521613
ELP4,0.26071325,0.16231304,0.28536725,0.08634689,0.29655632
ELP5,0.065326005,0.033105914,0.042151485,0.046986714,0.015551807
ELP6,0.000899596,0.05009473,0.00014504704,0.02213418,0.0666254
ELSPBP1,0.0014247205,0.032465138,0.00017953756,0.060900383,0.036198348
EMB,0.00095759175,0.017544815,0.00039788827,0.008678562,0.013537898
EMC1,0.13150348,0.0834722,0.14038374,0.037789285,0.12323357
EMC10,0.00030629654,0.021291435,0.00021170563,0.023442874,0.036424164
EMC2,0.034223933,0.014516051,0.10374987,0.050667737,0.029723251
EMC3,0.00029049744,0.013175403,7.2006165e-05,0.028985407,0.019181842
EMC3,0.00029049744,0.013175403,7.2006165e-05,0.028985407,0.019181842
EMC6,0.07777645,0.026935034,0.16630852,0.020270698,0.02920513
EMC7,0.5783842,0.47992307,0.42464185,0.0698648,0.38367078
EMC8,0.0003338111,0.006208376,0.00045173932,0.034017965,0.011185982
EMC9,0.0007179001,0.013829088,0.00019336173,0.013978116,0.02506258
EMD,0.000505988,0.03660194,0.00010063797,0.04450586,0.020065842
EME1,0.00043940393,0.028517323,0.00043711494,0.1744538,0.017719874
EME2,0.00031552862,0.0049282834,0.00088465185,0.01804367,0.0043741534
EMID1,0.1147958,0.021692248,0.14983179,0.040985588,0.021069484
EMILIN1,0.00025007493,0.011162499,0.00019670167,0.08951132,0.0074734716
EMILIN2,0.0006250035,0.008305942,0.00029246495,0.009077163,0.015419731
EMILIN3,0.0005778108,0.0048057074,0.00015652872,0.01146169,0.03785579
EML1,0.00029650136,0.008874014,7.638902e-05,0.01805446,0.006585734
EML2,0.0005021237,0.007769574,0.00010616766,0.02572108,0.015839413
EML3,0.00068497774,0.016076023,0.00031924012,0.037062395,0.035785228
EML4,0.00074695767,0.008751997,7.108126e-05,0.037062395,0.010344444
EMP1,0.0005707872,0.006437679,0.00031273745,0.026245482,0.016188353
EMP2,0.00043981167,0.006217105,0.0001293503,0.01146169,0.0052285637
EMP3,0.0005663211,0.008688988,0.00015557061,0.009690155,0.013058174
EMSY,0.04661694,0.023434322,0.0628893,0.01804367,0.11093246
EMX1,0.0010187256,0.04414745,0.00035853285,0.0252768,0.03364809
EMX2,0.00044185482,0.031600315,0.00024549844,0.026619604,0.017065462
EN1,0.00036239016,0.01996499,0.00039684257,0.032661267,0.024052372
EN2,0.00047156506,0.011801704,0.000952837,0.02900948,0.029444143
ENAH,0.00037339228,0.017794278,0.00019098884,0.044195537,0.019527426
ENC1,0.00049459026,0.015360899,0.00029320255,0.08972444,0.028503772
ENDOD1,0.0022411123,0.016872149,0.00018913494,0.023442874,0.053364825
ENDOG,0.00012462972,0.0019886098,0.00019012125,0.023442874,0.005169187
ENDOV,0.00044346103,0.012467934,7.397191e-05,0.009077163,0.013937416
ENG,0.00036509475,0.010646653,0.00011686072,0.029531958,0.0042028804
ENGASE,0.00036230744,0.0056426683,0.0001772959,0.023442874,0.019603387
ENHO,0.005536658,0.009899251,0.006066052,0.01804367,0.03263153
ENKD1,0.00063300563,0.114487976,0.00012256409,0.11563591,0.06426443
ENO1,0.79372513,0.2927367,0.34061268,0.103542745,0.29716876
ENO2,0.07414939,0.018409792,0.22173628,0.10746389,0.008160242
ENO3,0.1603152,0.034029137,0.20504236,0.046201274,0.020088222
ENOPH1,0.0007901972,0.009604933,0.00021300327,0.026245482,0.016347127
ENOSF1,0.0003917011,0.006438087,0.0016815003,0.023442874,0.007293268
ENOX1,0.000912086,0.066247486,0.0005488142,0.057138085,0.037732955
ENOX2,0.00063710834,0.014905803,0.00017099519,0.021026954,0.011828449
ENPP1,0.34600812,0.0928221,0.24135011,0.021659115,0.107615896
ENPP3,0.0018657607,0.01544292,0.003289918,0.01804367,0.041291777
ENPP4,0.008043643,0.051412195,0.0031922674,0.01804367,0.03983595
ENSA,0.0008164961,0.026103087,0.00041841576,0.02390177,0.031117374
ENTPD1,0.001094545,0.009085338,0.00063846447,0.01146169,0.020409875
ENTPD3,0.00020947384,0.0048110927,0.00021213845,0.022973275,0.010944597
ENTPD6,0.0011118207,0.021917587,0.0005561864,0.06389214,0.02957305
ENTREP3,0.014777109,0.014392417,0.0628893,0.01804367,0.02537896
ENY2,0.00043623455,0.042031158,0.00024167319,0.12472661,0.043207455
EOGT,0.0029915243,0.05292087,0.00013951962,0.017034966,0.08349788
EOLA1,0.38237503,0.13238795,0.0628893,0.01804367,0.15224107
EOLA2,0.012067978,0.010697279,0.0628893,0.01804367,0.029011931
EOMES,0.00022741557,0.0031283202,0.00015482138,0.008382098,0.012765292
EP300,0.16346003,0.04896993,0.42669678,0.32497138,0.020580346
EP400,0.75727385,0.6189427,0.22113398,0.30388018,0.5349251
EPAS1,0.0006833698,0.07735448,0.00059893046,0.062390726,0.03735918
EPB41,0.10159506,0.04896636,0.29787856,0.103542745,0.018474111
EPB41L1,0.14339374,0.06211344,0.18889008,0.09376561,0.027648123
EPB41L2,0.17717957,0.05846591,0.13143831,0.1163222,0.044345528
EPB41L3,0.00023021197,0.016204733,0.00016773558,0.062388398,0.010339056
EPB41L4A,0.0002683605,0.006499369,0.00025109627,0.04882528,0.016731849
EPB41L4B,0.055209085,0.011311743,0.03756121,0.046332557,0.014238293
EPB41L5,0.00021999804,0.012629449,0.00017574373,0.03400955,0.00839834
EPB42,0.047361538,0.0117929205,0.26854813,0.028070098,0.010156567
EPC1,0.119898975,0.06157451,0.18079416,0.15757892,0.034883328
EPC2,0.0005243784,0.12463782,0.00018020111,0.28564024,0.04720856
EPCAM,0.0003414947,0.0038736372,0.00033832307,0.04624848,0.007557334
EPDR1,0.0013052244,0.014507246,0.0009426052,0.01146169,0.0251586
EPG5,0.00027640682,0.01582523,7.386314e-05,0.008678562,0.017732544
EPG5,0.00027640682,0.01582523,7.386314e-05,0.008678562,0.017732544
EPHA1,0.2932482,0.18880156,0.33393943,0.07545655,0.06542947
EPHA10,0.00056821696,0.003963855,0.0003328536,0.015111009,0.014004574
EPHA2,0.10759728,0.012184367,0.27484992,0.1289567,0.006834589
EPHA3,0.0012080888,0.0884038,0.00031064395,0.09566302,0.08386674
EPHA4,0.0017709157,0.09790883,0.00015688674,0.032904983,0.083719976
EPHA5,0.0006187155,0.01939195,0.0001447417,0.03298475,0.024928788
EPHA6,0.0010209904,0.01378298,0.00024752793,0.02516947,0.057657175
EPHA7,0.0033655793,0.04783971,0.0001900821,0.0228724,0.040965762
EPHA8,0.0005983545,0.023489445,0.00015264239,0.013933608,0.023319043
EPHB1,0.09545378,0.026754715,0.142323,0.0850119,0.024415469
EPHB2,0.16593184,0.028476354,0.20939691,0.07970861,0.00808217
EPHB3,0.00064023,0.011223078,0.00020727704,0.027190577,0.014220039
EPHB4,0.0937555,0.024438553,0.1691591,0.025208088,0.014800035
EPHB6,0.00043788736,0.015501938,0.00018002989,0.12788579,0.01631804
EPHX1,0.0008918101,0.021314107,0.0009925895,0.039203223,0.025959352
EPHX2,0.0018228863,0.090434,0.0006162047,0.030614743,0.09782725
EPHX4,0.011511984,0.016446518,0.0628893,0.01804367,0.021363834
EPM2A,0.0006259269,0.00894117,0.00014515247,0.026051974,0.0070364233
EPM2AIP1,0.00039224233,0.01299501,0.00016510511,0.039986305,0.0085964305
EPN1,0.00090487214,0.03049415,0.00025351095,0.08795878,0.015519814
EPN2,0.00094900146,0.037927035,7.188103e-05,0.022906292,0.040805057
EPN3,0.0004092201,0.023857627,0.00015797114,0.06389214,0.05321983
EPO,0.0010037988,0.023882398,0.00013103505,0.02111291,0.024684474
EPOR,0.0001608075,0.012051014,0.00016437923,0.06336715,0.010514069
EPRS1,0.7544084,0.5645276,0.0628893,0.01804367,0.45237547
EPS15,0.00076740974,0.08952409,0.00032686803,0.11292586,0.030087601
EPS15L1,0.00061314774,0.02261997,0.00022794266,0.06051041,0.01439241
EPS8,0.13429138,0.07011005,0.20156933,0.10949398,0.032469332
EPS8L1,0.048125945,0.028811073,0.09004022,0.01940727,0.054917354
EPS8L2,0.00060561724,0.00621757,0.00030598656,0.028124522,0.0073534907
EPS8L3,0.0011695465,0.040979017,0.00019458555,0.026095485,0.044318072
ERAL1,0.00067142694,0.05252445,0.000116589246,0.043185964,0.0678542
ERAP1,0.00072102214,0.020936713,0.00033684602,0.03450911,0.027005129
ERAP2,0.0013875067,0.029777873,0.00023745613,0.022149315,0.045853965
ERAS,0.00028462402,0.01883892,0.00013951962,0.020437825,0.027770441
ERBB2,0.17890972,0.29256558,0.17974778,0.09456731,0.11832612
ERBB3,0.53074074,0.55898315,0.41377142,0.11945853,0.582772
ERBB4,0.31333768,0.23257445,0.5805723,0.21067728,0.27244282
ERBIN,0.8656386,0.48837322,0.0628893,0.01804367,0.56081855
ERC1,0.00032143132,0.0073363506,0.0004987742,0.021743597,0.004947986
ERC2,0.0006972014,0.027548308,0.00013034279,0.12326603,0.014784797
ERCC1,0.68290794,0.47314292,0.26756033,0.39448565,0.49375948
ERCC2,0.7032896,0.498828,0.47874466,0.30884877,0.599999
ERCC3,0.522654,0.47534364,0.48107684,0.21207225,0.38431746
ERCC4,0.583022,0.314499,0.42001295,0.041283563,0.4513673
ERCC5,0.0004453848,0.021822575,0.00025081777,0.055141196,0.01414487
ERCC6,0.0004945853,0.06485164,0.00018394289,0.30726975,0.035460744
ERCC6L,0.14442381,0.05033502,0.23179884,0.15654054,0.07807553
ERCC6L2,0.09329094,0.05196427,0.14189212,0.0183529,0.061738204
ERCC8,0.00048123873,0.045054045,0.00012504408,0.026746681,0.04296373
EREG,0.22235247,0.011003681,0.062214863,0.04029104,0.048094373
ERF,0.00078571425,0.04044604,0.00017810124,0.02735076,0.03211317
ERG,0.0007565608,0.04498296,0.0005686179,0.055753663,0.051114045
ERG28,0.01693848,0.015113109,0.0628893,0.01804367,0.033070788
ERGIC1,0.00012437957,0.0019636492,0.00078577007,0.009380428,0.006391012
ERGIC2,0.66779983,0.31670284,0.6891769,0.023442874,0.28498176
ERGIC3,0.0006609235,0.016650653,0.00028219193,0.022973275,0.022001272
ERH,0.5116084,0.5580934,0.4957,0.09124983,0.41386262
ERI2,0.0050879386,0.024227561,0.014866323,0.01804367,0.056704268
ERI3,0.00034624108,0.004854155,0.00010556478,0.07357072,0.010375508
ERICH3,0.0003523598,0.013343799,0.00040863015,0.018581288,0.032647423
ERICH4,0.0043043145,0.0060885237,0.0008231056,0.01804367,0.020655116
ERICH6,0.0048050894,0.0124996845,0.0040403125,0.01804367,0.021776408
ERLEC1,0.0003239676,0.004732527,0.000120894474,0.010767184,0.0049239756
ERLIN1,0.0017174933,0.045978036,0.00030148143,0.025781035,0.117921166
ERLIN2,0.00360165,0.031483375,0.0016137932,0.01804367,0.07963248
ERMAP,0.00062156405,0.00676125,0.0005282913,0.008382098,0.026336247
ERMARD,0.0055567003,0.019902937,0.0035465471,0.01804367,0.031842668
ERMN,0.00054010784,0.024486726,0.00040538557,0.09107199,0.043160398
ERMP1,0.054054365,0.0071354955,0.085523,0.06866131,0.033637274
ERN1,0.44716406,0.15250506,0.48204342,0.03776636,0.10426965
ERN2,0.42433697,0.40047038,0.28402495,0.01804367,0.37550765
ERP27,0.00050808146,0.01241361,0.00019082153,0.017130291,0.014723867
ERP29,0.00091637956,0.03467304,0.00013176564,0.10444256,0.0131241
ERP44,0.0006818794,0.033641607,0.00045911726,0.04205333,0.03387811
ERRFI1,0.00016614236,0.006661878,0.00017156532,0.055504415,0.0062505407
ERVFRD1,5.9556634e-05,0.0002909631,0.00046149633,0.01804367,0.00028143427
ERVW1,4.7906757e-05,0.0002909631,0.00015797114,0.01804367,0.00028143427
ESCO1,0.0009900498,0.15554138,0.00038624785,0.08266348,0.109386176
ESCO2,0.00058461144,0.016998148,0.00014784538,0.046239574,0.039494734
ESD,0.18143268,0.014876935,0.17974468,0.04057241,0.015487136
ESF1,0.0015915661,0.052793868,0.00013127716,0.06696403,0.16894995
ESPL1,0.17623085,0.16281538,0.0939174,0.08972444,0.11085686
ESR1,0.100088194,0.30974457,0.42669678,0.54829013,0.08537449
ESR2,0.55295783,0.09200222,0.35290438,0.11407913,0.094047226
ESRP1,0.0006387688,0.017142484,0.00017354397,0.026462918,0.023748793
ESRP2,0.00069841405,0.011091103,0.00016980892,0.028985407,0.02922693
ESRRA,0.00048323907,0.041918498,0.0001996069,0.02634976,0.028234085
ESRRB,0.037926808,0.010692306,0.13117169,0.031085582,0.0035460503
ESRRG,0.0007994126,0.040180344,0.00040200073,0.17683244,0.028678013
ESS2,0.016228598,0.015366431,0.0628893,0.01804367,0.036392473
ESX1,0.00041875016,0.010807146,0.0009854077,0.009077163,0.018518055
ESYT1,0.0003855494,0.038100466,0.0004972322,0.049515102,0.028147705
ESYT2,0.0007377607,0.007967289,0.0005476191,0.037062395,0.0124787185
ETAA1,0.09723102,0.05989663,0.0699057,0.023442874,0.028697751
ETF1,0.0010155288,0.0593707,0.00013889985,0.056320872,0.064713925
ETFA,0.00039363938,0.025434427,0.00020120473,0.03776636,0.013968341
ETFB,0.0006208834,0.033163317,0.00022200787,0.0229092,0.03696679
ETFBKMT,0.84106666,0.4110463,0.0628893,0.01804367,0.2767491
ETFRF1,0.005020933,0.0069140326,0.0628893,0.01804367,0.0653003
ETHE1,0.000864539,0.047794092,0.00021240297,0.066811405,0.026003886
ETNK1,0.0011540157,0.06502403,0.00043902837,0.04225217,0.15016316
ETNK2,0.0019114728,0.023626097,0.0011987494,0.02844312,0.039502338
ETNPPL,0.0011913686,0.018749567,0.0001745753,0.011722919,0.028644217
ETS1,0.0056719515,0.05675206,0.011165557,0.14351547,0.011858568
ETS2,0.00013771818,0.030974956,0.00012413134,0.05840855,0.014851764
ETV1,0.2377411,0.14414085,0.47063702,0.05831347,0.07102401
ETV2,0.0006118092,0.010985015,0.0004900115,0.024041327,0.025777163
ETV3,0.00026145965,0.004208836,0.0005706789,0.011547842,0.010330249
ETV4,0.0010290345,0.090634115,0.00016987466,0.054186556,0.051903114
ETV5,0.00068816886,0.026093923,0.00015727017,0.05307372,0.03605155
ETV6,0.00045332676,0.035855517,0.0001393064,0.09785387,0.040389955
ETV7,0.00019493335,0.010831617,0.00023264045,0.046359513,0.02386689
EVA1A,0.001122876,0.027420886,7.203584e-05,0.011185222,0.007620409
EVA1B,0.0006610224,0.026167141,5.2038788e-05,0.020270698,0.031732455
EVA1C,0.00038791227,0.007753948,0.00028029302,0.024041327,0.025990913
EVC,0.0029933483,0.009246907,0.0009996797,0.01804367,0.026409784
EVI2A,0.0007643284,0.028931249,0.001767198,0.026073754,0.03477444
EVI2B,0.0016040992,0.009241693,0.0046252813,0.01804367,0.018871313
EVI5,0.0015696731,0.030505065,8.266537e-05,0.061895557,0.06562356
EVI5L,0.00083190383,0.021707792,0.00032605662,0.025237117,0.022955403
EVL,0.0012179351,0.14970307,0.000497231,0.30231968,0.024750708
EVPL,0.0005184151,0.019943587,9.113707e-05,0.033209734,0.019757325
EVX1,0.00028630052,0.0032739285,0.00019907605,0.013978116,0.0031570196
EVX2,0.0017426817,0.02562296,0.0041918587,0.01804367,0.051198404
EWSR1,0.17336328,0.09416019,0.37510622,0.092961244,0.05199428
EXD1,0.0011211759,0.033861488,0.0004771488,0.020175396,0.02508867
EXD2,0.00054265314,0.0084239915,0.00016344569,0.023442874,0.037281882
EXD3,0.00089838007,0.009126215,0.0005932138,0.034953285,0.014137938
EXO1,0.30247897,0.21183452,0.19556665,0.2572801,0.04647879
EXO5,0.00051015435,0.017892165,0.00018480713,0.030864188,0.073269375
EXOC1,0.0005562861,0.11736454,0.00017748246,0.1730284,0.090800695
EXOC2,0.00048055072,0.041271817,0.0001633927,0.03241387,0.024577517
EXOC3,0.00077025907,0.05672779,0.00016842425,0.07497589,0.040253293
EXOC3L1,0.0018826679,0.0032682354,0.0056505185,0.01804367,0.007192181
EXOC3L2,0.0005633955,0.0041916617,0.022130165,0.01804367,0.008017298
EXOC4,0.00065197994,0.08747026,8.3963525e-05,0.06333093,0.08187658
EXOC5,0.00056849275,0.06856346,8.719481e-05,0.09748182,0.091133334
EXOC6,0.00040810072,0.04511483,0.0003217772,0.1438222,0.030762067
EXOC7,0.0005027446,0.058369152,0.00011043496,0.132032,0.039433606
EXOC8,0.0007483039,0.1722229,0.00015561987,0.17969076,0.07349971
EXOG,0.0007445623,0.010472114,0.000289387,0.023442874,0.01584166
EXOSC1,0.09595021,0.07456584,0.26735565,0.049465206,0.12603454
EXOSC10,0.15617377,0.03601823,0.17624225,0.13249134,0.06639728
EXOSC2,0.0006211018,0.12596942,0.00035893673,0.04514775,0.13942721
EXOSC3,0.20302702,0.09992147,0.24628751,0.0570097,0.15546435
EXOSC4,0.5375301,0.5366173,0.45717648,0.107880354,0.55658424
EXOSC5,0.00091069366,0.045065843,0.00027765243,0.0746194,0.036223244
EXOSC6,0.17951241,0.087793574,0.13479896,0.06926932,0.09623455
EXOSC7,0.00033951405,0.049893767,0.00017748246,0.08179511,0.021726744
EXOSC8,0.095552064,0.044442125,0.19478545,0.052206963,0.061308395
EXOSC9,0.1655076,0.09559537,0.2843784,0.05549403,0.058188643
EXPH5,0.0006153267,0.02377487,0.00017129627,0.03404868,0.025783697
EXT1,0.29652765,0.056979347,0.07110249,0.017130291,0.08338476
EXT2,0.00056299474,0.044886768,0.00023237754,0.11009636,0.03265099
EXTL1,0.000518158,0.01749061,0.0009264643,0.009380428,0.051317886
EXTL3,0.00047006007,0.038012307,0.00012008848,0.02679841,0.036901712
EYA1,0.00034174678,0.03862873,0.0001927607,0.06464095,0.033368826
EYA2,0.0002634005,0.016317021,0.00013185237,0.082227424,0.015376586
EYA3,0.0007058709,0.035951488,0.00018167723,0.025206596,0.061037064
EYA4,0.116319336,0.019638142,0.090149984,0.013985144,0.031177962
EZH1,0.0027090192,0.14685997,0.00010697025,0.03400955,0.105364226
EZH2,0.1774336,0.06280532,0.17968646,0.10569154,0.07049926
EZR,0.12461386,0.024709294,0.5132745,0.041283563,0.010804486
F10,0.00032712522,0.022004485,0.00014177305,0.04987143,0.011999903
F11,0.00031743434,0.02030985,0.0005988363,0.03709638,0.014582216
F11R,0.00057047664,0.034816615,0.00015280899,0.04797877,0.014514993
F12,0.00049157353,0.026208516,0.0001265098,0.039986305,0.013823359
F13A1,0.00067036203,0.024725024,0.00014239764,0.012414546,0.015041668
F13B,0.00040399807,0.01417947,0.00077361014,0.015287285,0.031040842
F2,0.01490665,0.052651003,0.028619237,0.058756657,0.02846079
F2R,0.0001857011,0.018120376,0.00051853945,0.099229746,0.014087503
F2RL1,0.0015994704,0.056806453,0.00019319919,0.0732362,0.016699355
F2RL2,0.00048327819,0.036688033,0.00016193614,0.084083825,0.015440542
F2RL3,0.03072308,0.003904228,0.10883673,0.04029104,0.012398326
F3,0.00029503054,0.012695306,0.00021900958,0.018814605,0.0152035775
F5,0.00081498496,0.028938733,0.00014327941,0.027486868,0.043550003
F7,0.0006990463,0.017580327,0.00014132293,0.046986938,0.012235631
F8,0.0004840735,0.01953128,0.00024293896,0.04156771,0.01880755
F9,0.0018953544,0.035468146,0.000363356,0.025059555,0.03654201
FA2H,0.096370466,0.02736622,0.07869887,0.019543022,0.038018618
FAAH,0.0006164552,0.030943362,0.00043607177,0.012576047,0.061823294
FAAH2,0.00040084068,0.01149523,0.00020583246,0.017034966,0.0109742815
FAAP100,0.0007209703,0.062506594,0.00022892909,0.060196925,0.04022097
FAAP20,0.0010330825,0.027097749,0.0005501988,0.01804367,0.020668365
FAAP24,0.0005538598,0.03675237,7.8644756e-05,0.04950042,0.109454654
FABP1,0.000569811,0.012432582,0.00014953953,0.09710315,0.0078032664
FABP12,0.0060367575,0.015851742,0.00090418826,0.01804367,0.04478804
FABP3,0.21348587,0.04939846,0.12851869,0.05132467,0.049461864
FABP4,0.5112287,0.2629139,0.4939907,0.1275298,0.15393907
FABP6,0.0031420398,0.008101397,0.013365117,0.01804367,0.0150411315
FADD,0.06407345,0.066321984,0.12037577,0.1812185,0.021884654
FADS1,0.00034363498,0.0037639241,0.00024956994,0.0698648,0.006473434
FADS2,0.13013007,0.008482977,0.11781974,0.028985407,0.019719787
FADS3,0.0015103878,0.058318075,0.00012573757,0.023442874,0.08650719
FAF1,0.00016127108,0.011858047,0.00015673676,0.096548475,0.0071530966
FAF2,0.00039669697,0.059598338,0.00021239891,0.07516865,0.02918916
FAH,0.00021256262,0.005479347,0.0005003227,0.045055617,0.0032994447
FAHD2A,0.0010217481,0.014015324,0.00024342914,0.023442874,0.031551246
FAIM,0.0039095054,0.019394599,0.0001595616,0.04225217,0.019809699
FAIM2,0.00031583806,0.009304051,0.00048989843,0.008382098,0.0228933
FAM107A,0.0006472351,0.09983125,0.00020896993,0.1341257,0.030265717
FAM110A,0.0003700961,0.014249566,7.469635e-05,0.10396442,0.011321571
FAM110B,0.0009870623,0.019358883,0.0004151333,0.008382098,0.051447965
FAM110C,0.0004847895,0.004431648,0.0003280897,0.014942881,0.014715755
FAM110D,0.0030240403,0.008652719,0.007206219,0.01804367,0.013039622
FAM111A,0.0009820506,0.011754561,0.00025945838,0.023442874,0.036564462
FAM111B,0.00051935285,0.00935399,0.00013654616,0.06389214,0.029896194
FAM114A1,0.033435103,0.00734655,0.09809955,0.032863103,0.0059722825
FAM114A2,0.00061616855,0.011760889,0.0007287414,0.011722919,0.012146599
FAM117A,0.00069419766,0.006022386,0.004068489,0.01804367,0.0128122065
FAM117B,0.0007446588,0.02037944,0.00015797114,0.022149315,0.030658124
FAM118A,0.0005216803,0.02223066,0.00029246495,0.06601743,0.038322747
FAM118B,0.0014414706,0.021921681,0.0002315528,0.0955337,0.011969413
FAM120A,0.00029050768,0.016176881,0.0011260911,0.02504491,0.009250708
FAM120AOS,0.01213492,0.005279806,0.0628893,0.01804367,0.017903648
FAM120B,0.00026045647,0.010716245,0.00017354397,0.0223549,0.0086907465
FAM120C,0.00032786236,0.024906619,0.00028109452,0.024950339,0.013400324
FAM124A,0.0009493763,0.1251581,0.00022277312,0.1535793,0.05957316
FAM124B,0.00047889378,0.024288824,0.00015827481,0.062465277,0.013639992
FAM131A,0.00022981613,0.0054442636,0.00017391039,0.010057129,0.010530706
FAM131C,0.0005896071,0.03501453,0.00028138733,0.082227424,0.011036041
FAM133A,0.00074737385,0.022293158,0.0002602182,0.040722523,0.029447494
FAM133B,0.0010100728,0.016282456,0.0005282913,0.017034966,0.021414436
FAM136A,0.0025862826,0.043889336,0.00017120484,0.018289693,0.035624262
FAM13A,0.0007991316,0.035917904,7.299606e-05,0.080213815,0.037118543
FAM13B,0.0010093498,0.033046607,0.00024041766,0.010767184,0.06289116
FAM13C,0.0011350482,0.04435927,0.00031622066,0.0389452,0.05333572
FAM149B1,0.015427463,0.020320313,0.0628893,0.01804367,0.024432017
FAM151A,0.0008765444,0.030099683,0.0004533158,0.017034966,0.026515558
FAM161A,0.0006651699,0.046068173,0.0005023748,0.08050656,0.01816542
FAM161B,0.002188669,0.06864362,0.00020918026,0.016589584,0.05535323
FAM162A,0.00032049287,0.017133286,0.00013792976,0.024729606,0.021609696
FAM162B,0.0006820104,0.0050925147,0.008300146,0.01804367,0.00902369
FAM163B,0.0044406787,0.013283266,0.00090418826,0.01804367,0.031058457
FAM167A,0.20986561,0.01160436,0.2932597,0.013978116,0.03278637
FAM167B,0.0045606922,0.018791867,0.0045364955,0.01804367,0.07851648
FAM168A,0.00025238012,0.033642042,0.00012313199,0.08734049,0.019646287
FAM168B,0.00025203792,0.006367929,0.00016696787,0.023442874,0.0102929
FAM169A,0.0006272332,0.029699594,0.00023638294,0.028985407,0.04854874
FAM170A,0.009027801,0.012369196,0.005693031,0.01804367,0.015226734
FAM171A1,0.0002406617,0.0055712294,0.00020295619,0.029750155,0.010058259
FAM171A2,0.00034036738,0.016786717,7.469635e-05,0.05802234,0.017716862
FAM171B,0.0005695115,0.011322457,0.00017234628,0.04029104,0.019056447
FAM174A,0.0010353605,0.037049226,0.00063846447,0.012576047,0.078281686
FAM174C,0.010630858,0.0017192281,0.0628893,0.01804367,0.008487213
FAM177A1,0.00054947555,0.009459017,0.0005936632,0.009380428,0.041517977
FAM181B,0.0012567862,0.006946906,0.003954089,0.01804367,0.01013099
FAM184A,0.0012474997,0.02717317,0.00017950384,0.030070199,0.023174915
FAM185A,0.0010635402,0.013458389,0.0006529319,0.01804367,0.024064122
FAM186A,0.000563656,0.0051122764,0.0012033972,0.01804367,0.012991042
FAM193A,0.00082789606,0.021643383,0.0001476884,0.01146169,0.045529228
FAM193B,0.0002830472,0.010787462,0.00019479587,0.089929104,0.010942085
FAM199X,0.00030748823,0.0100101065,7.248056e-05,0.023442874,0.016995385
FAM200A,0.0033763396,0.031149045,0.00044678702,0.016337538,0.03632022
FAM200B,0.003907731,0.017891018,0.0008231056,0.01804367,0.019672055
FAM20B,0.0002982057,0.009498984,0.0001058567,0.022973275,0.039930157
FAM20C,0.00040754105,0.029144766,0.0001930458,0.018526305,0.040218804
FAM210A,0.0006914196,0.026569054,0.00026449823,0.00904839,0.046990246
FAM210B,0.0009906947,0.025437053,0.0005936632,0.023442874,0.0437475
FAM216A,0.0007125832,0.012308935,0.00024824217,0.023442874,0.013815872
FAM219A,0.0005215279,0.009654096,0.00010021785,0.06538669,0.013902268
FAM219B,0.0041437834,0.0325871,0.0046626413,0.01804367,0.041662622
FAM220A,0.0057699927,0.015176307,0.001328195,0.01804367,0.0305181
FAM221B,0.0016907098,0.006962912,0.004004985,0.01804367,0.023071524
FAM222A,0.0071549052,0.017962037,0.0011028401,0.01804367,0.031231292
FAM222B,0.0017205217,0.008746401,0.0006529319,0.01804367,0.01889707
FAM227B,0.00055491214,0.025361886,0.0002464111,0.033006966,0.031150095
FAM228A,0.0057557067,0.013221776,0.0050367704,0.01804367,0.048869956
FAM229A,0.0010832791,0.0041363677,0.004557877,0.01804367,0.009501537
FAM234A,0.03661403,0.005679936,0.0628893,0.01804367,0.025206806
FAM234B,0.02730269,0.016212687,0.0628893,0.01804367,0.026229303
FAM32A,0.0005919154,0.019625675,0.00022090248,0.032661267,0.042750414
FAM3A,0.00047253724,0.032906104,0.00028219193,0.02679841,0.015550303
FAM3C,0.065439045,0.013945708,0.080579415,0.020293722,0.02578426
FAM43A,0.0023653272,0.012670436,0.0007153909,0.01804367,0.019212637
FAM43B,0.00024886543,0.003877527,0.0002572273,0.023442874,0.0048060636
FAM47B,0.0008014995,0.011229726,0.00062546827,0.017034966,0.028182188
FAM47E,0.0027224026,0.005839244,0.003589243,0.01804367,0.034089338
FAM50A,0.2814912,0.13043554,0.20520106,0.05164654,0.24227934
FAM50B,0.00058520463,0.023960976,0.00021476463,0.04157456,0.016629102
FAM53A,0.00033148905,0.012569375,0.00021170563,0.017034966,0.02268482
FAM53B,0.00086759974,0.01525832,0.00017711628,0.008382098,0.07748597
FAM53C,0.00035746835,0.011508024,0.00036018412,0.02621554,0.015617002
FAM76A,0.004410576,0.01920921,0.0008231056,0.022973275,0.05804808
FAM76B,0.15889576,0.066614,0.055084668,0.0228724,0.0706093
FAM78A,0.00029883554,0.004378874,0.00017354397,0.023442874,0.007061916
FAM78B,0.0041448716,0.015430601,0.003316515,0.01804367,0.06416151
FAM83A,0.00039727578,0.005167351,0.0005610195,0.02591231,0.01342576
FAM83D,0.00052004366,0.013072181,6.996411e-05,0.025456108,0.028711129
FAM83G,0.00026318288,0.0057575107,0.00063846447,0.008382098,0.023509517
FAM89B,0.0018797474,0.014264766,0.0041723005,0.01804367,0.025513876
FAM8A1,0.00087465683,0.0132204145,0.00020507375,0.022973275,0.024885742
FAM90A1,0.0005825732,0.15886153,0.000152469,0.15754114,0.06286743
FAM98A,0.00052694324,0.046855345,0.00017960896,0.022906292,0.009941232
FAM98B,0.12582082,0.056156203,0.028317742,0.08972444,0.08367657
FAM9B,0.046996795,0.05839717,0.1116502,0.22795074,0.023712415
FAM9C,0.00046349186,0.009601695,0.00015797114,0.008382098,0.009022889
FAN1,0.0005900695,0.1065837,0.00013496497,0.20507233,0.0354525
FANCA,0.82795054,0.711768,0.77563846,0.29988706,0.71073765
FANCB,0.00091322785,0.01968739,0.00011287474,0.121689975,0.020406881
FANCC,0.16588207,0.08989534,0.35816273,0.38031584,0.09483628
FANCD2,0.84623027,0.81505466,0.5791317,0.67644364,0.7846504
FANCD2OS,0.0017216146,0.006726658,0.00569874,0.01804367,0.00504885
FANCE,0.000750932,0.16327913,0.00023463886,0.059247084,0.039627105
FANCF,0.13621055,0.2037654,0.17117463,0.16224277,0.19126278
FANCG,0.0008840174,0.1314031,0.00030953772,0.5292197,0.077223696
FANCI,0.0038751848,0.35346183,0.00023326237,0.22347844,0.56974924
FANCL,0.7886667,0.7093065,0.6155412,0.23517206,0.8277251
FANCM,0.76221216,0.18374506,0.21061052,0.12347911,0.3599452
FAR1,0.0009169425,0.035878915,0.00026675547,0.03972294,0.040660538
FAR2,0.00024267481,0.00940141,0.00026321423,0.06866131,0.014068851
FARP1,0.00033843872,0.007787209,0.0002973163,0.015654534,0.0258577
FARP2,0.00033760007,0.002563975,0.00015652872,0.047569454,0.002836681
FARS2,0.10004155,0.119952686,0.15260948,0.073774435,0.064234145
FARSA,0.088113084,0.03815572,0.21341588,0.09329344,0.04698712
FARSB,0.088270985,0.09642298,0.28056282,0.0738474,0.046272896
FAS,0.24986704,0.05368364,0.099371865,0.10233982,0.051670764
FASLG,0.25391406,0.027768014,0.22488594,0.07415748,0.02351134
FASN,0.12982364,0.100756206,0.09600649,0.08194977,0.054741338
FASTK,0.54269993,0.21868177,0.3744191,0.026795182,0.38568965
FASTKD1,0.0005673544,0.012222194,0.00034384846,0.023442874,0.020671563
FASTKD2,0.114183165,0.04302132,0.119846985,0.07545655,0.103752576
FASTKD3,0.0013324814,0.033152957,0.00017129627,0.014542438,0.08383735
FASTKD5,0.0006343165,0.051314685,0.00013621156,0.09959347,0.052624468
FAT1,0.0019340273,0.030674417,0.00029876374,0.039042577,0.033009645
FAT2,0.0007292037,0.007372425,0.00019010039,0.027054181,0.022696778
FAT4,0.001598872,0.017778017,0.00015416715,0.008605173,0.06267472
FATE1,0.00011750971,0.0069812043,0.0001633726,0.07485318,0.0032269137
FAU,0.07243749,0.059187997,0.18647297,0.05676482,0.055625875
FAXC,0.0029691234,0.011894919,0.004068489,0.01804367,0.01629455
FAXDC2,0.00392727,0.013610576,0.0010253174,0.01804367,0.046656
FBF1,0.00035497875,0.025918288,0.00048558658,0.086200684,0.0073625837
FBH1,0.002011633,0.00646356,0.0628893,0.01804367,0.009109508
FBL,0.0610557,0.1317266,0.22386962,0.24408177,0.063541874
FBLIM1,0.002287713,0.027648745,0.00012573757,0.025206596,0.026898347
FBLN1,0.00072329876,0.055714477,0.00012280872,0.13865769,0.05126973
FBLN2,0.00099102,0.035894275,0.00028062268,0.041038144,0.021800524
FBLN5,0.00019906656,0.014385764,0.0002117018,0.044457573,0.01271614
FBN1,0.05710121,0.018104281,0.29690227,0.034451883,0.011246299
FBN2,0.0008264922,0.039689433,0.00017234628,0.022874387,0.017062038
FBN3,0.00041582383,0.033289913,0.00034997286,0.06839551,0.032908116
FBP1,0.00074669014,0.017502971,0.00023107798,0.07435456,0.007053121
FBXL12,0.00056273886,0.021330336,0.00030953888,0.1032363,0.017163184
FBXL13,0.0005531239,0.043316055,0.00014300327,0.11025783,0.019574251
FBXL14,0.15030351,0.06166601,0.045129847,0.052348983,0.06567741
FBXL15,0.0003880467,0.018515496,0.000353289,0.15273304,0.008453146
FBXL16,0.00032576767,0.0072066113,0.0002602182,0.013978116,0.017940644
FBXL17,0.0003527571,0.0062426254,0.0005588924,0.10439912,0.015094639
FBXL18,0.00067814166,0.06871912,0.000106222025,0.062390726,0.06839153
FBXL19,0.00082917785,0.021987615,0.00019428373,0.08049629,0.012725691
FBXL2,0.618122,0.27102858,0.16134338,0.08620755,0.16261189
FBXL20,0.21793021,0.030086406,0.34791505,0.023442874,0.06479705
FBXL22,0.0018347184,0.014470799,0.00021623871,0.024101408,0.027048051
FBXL3,0.000533236,0.025488999,0.000120996425,0.055746976,0.048114963
FBXL4,0.0012394045,0.08898767,0.00042478598,0.011722919,0.113618664
FBXL5,0.000929888,0.022715429,0.00013176564,0.0775511,0.038825735
FBXL6,0.029931448,0.007402748,0.1350625,0.022075247,0.005844982
FBXL7,0.06410493,0.0047571342,0.21212035,0.008678562,0.011373815
FBXL8,0.000580454,0.019807309,9.130086e-05,0.03397892,0.02529152
FBXO10,0.0005436184,0.006614324,0.00010089115,0.009173206,0.008800392
FBXO11,0.00030607556,0.017749246,0.00015209784,0.0604383,0.034522697
FBXO15,0.00012429373,0.00748731,0.00015797114,0.011722919,0.01974194
FBXO16,0.0003580451,0.0045381733,0.00020305763,0.024041327,0.011567322
FBXO2,0.00040817194,0.0081596095,0.00012194158,0.057902895,0.011523434
FBXO21,0.0009182203,0.02414413,0.00014755722,0.02572108,0.03536039
FBXO24,0.00035380453,0.012644139,0.00017354397,0.09978102,0.020714816
FBXO25,0.0011780935,0.015937548,9.289659e-05,0.027190577,0.031601746
FBXO27,0.0006900507,0.016033202,0.0001712894,0.02678978,0.01223074
FBXO28,0.5465099,0.16962242,0.20062135,0.06684685,0.41504675
FBXO3,0.00063318876,0.022145417,0.00014021112,0.09698627,0.029797932
FBXO30,0.00027891854,0.025221808,0.00031940115,0.04057241,0.012402695
FBXO31,0.00042171378,0.012496083,0.0003752053,0.030808024,0.035026178
FBXO32,0.00033721377,0.045156952,8.2068116e-05,0.039594263,0.023717858
FBXO33,0.0007042529,0.017230427,0.00024273663,0.051021855,0.0339651
FBXO34,0.0005762313,0.019658554,0.0002261832,0.10444256,0.023764774
FBXO36,0.004560502,0.057054594,0.00090418826,0.01804367,0.026839674
FBXO38,0.00029516502,0.007102462,0.00019191744,0.008605173,0.009963184
FBXO4,0.00055193604,0.04449228,8.627442e-05,0.026453294,0.042926576
FBXO40,0.11751379,0.031024981,0.16124919,0.042580854,0.0340746
FBXO41,0.0004227224,0.0101977615,0.00021235032,0.009077163,0.0068955556
FBXO42,0.00095804397,0.11270674,0.00041354584,0.049156703,0.1817432
FBXO43,0.0014440274,0.0127840005,0.000621296,0.01804367,0.030433914
FBXO44,0.106879756,0.048385974,0.06616082,0.09191123,0.028911136
FBXO45,0.00072564685,0.031857055,0.00019519505,0.04817844,0.029939923
FBXO46,0.00034450702,0.008589716,0.00043265827,0.009077163,0.017405331
FBXO5,0.8327233,0.7416692,0.63537043,0.18026614,0.7820344
FBXO6,0.23175992,0.11314546,0.27447513,0.14499688,0.02368353
FBXO7,0.0007272221,0.040287055,0.00010117065,0.058306362,0.054287355
FBXO8,0.023180468,0.0069626747,0.20388483,0.032661267,0.017793726
FBXO9,0.10968873,0.031898104,0.049384043,0.027604321,0.017098688
FBXW10,0.00154473,0.013842751,0.000945098,0.01804367,0.010397917
FBXW11,0.10489811,0.15930776,0.2715782,0.10577711,0.06022445
FBXW2,0.0004025568,0.012348196,0.00018189546,0.025810784,0.023196535
FBXW4,0.00038064815,0.012341865,0.00020834562,0.08282556,0.01304912
FBXW5,0.0009896641,0.031375315,0.000118077965,0.09033701,0.028229017
FBXW7,0.7760963,0.672071,0.39524758,0.11967105,0.6305132
FBXW8,0.15866415,0.022411082,0.12202557,0.13822865,0.026800442
FBXW9,0.00055769534,0.040409558,0.00017727562,0.043185964,0.022953715
FCAMR,0.00044839957,0.023278069,0.00015797114,0.022068124,0.048758328
FCAR,0.0002234643,0.00412952,0.00016078711,0.026796749,0.0039344635
FCER1A,0.00041627657,0.016493442,0.00016738632,0.02701375,0.026295682
FCER1G,0.0007534799,0.06398031,0.0003393765,0.018329281,0.053552732
FCER2,0.0009887287,0.034268484,8.6497086e-05,0.023447067,0.024660222
FCGR1A,0.11389264,0.03640132,0.399328,0.01613577,0.045405038
FCGR2A,0.00070411264,0.03367984,0.0001814053,0.08216916,0.02928624
FCGR2B,0.00038730496,0.012549422,0.00015232556,0.04987143,0.00942664
FCGR3A,0.0006083214,0.010760619,0.00031946693,0.02164511,0.012642698
FCHO1,0.13196455,0.032331567,0.20984606,0.036356807,0.059372727
FCHO2,0.001609659,0.012116693,0.0062048724,0.01804367,0.034368563
FCHSD1,0.00038471454,0.022755008,0.00015947856,0.044621475,0.018440193
FCHSD2,0.0010048436,0.025166264,0.00015945423,0.05772718,0.026066393
FCMR,0.0004984038,0.0180239,0.00015797114,0.11692353,0.015994888
FCN1,0.0007171018,0.032294493,0.00019906732,0.02837221,0.021327375
FCN2,0.0008939876,0.019707697,0.00030908565,0.019543022,0.11484125
FCN3,0.0047932356,0.014879968,0.0070186313,0.01804367,0.02549849
FCRL2,0.0008764701,0.042789325,0.0014963804,0.010057129,0.0646584
FCRL3,0.127354,0.024134645,0.034027804,0.01805446,0.029889943
FCRL6,0.0034263672,0.021202028,0.0012736389,0.01804367,0.041920785
FDFT1,0.0006128028,0.07820225,0.0003066334,0.08243614,0.08047351
FDPS,0.13473833,0.021260926,0.21408993,0.030235812,0.040293664
FDX1,0.16930972,0.0539262,0.10545295,0.034953285,0.12592143
FDXACB1,0.00036353877,0.0023601602,0.00022070987,0.01146169,0.019293826
FDXR,0.0015559352,0.06335115,0.0003693998,0.04223064,0.08825905
FECH,0.0001590893,0.007069329,0.00057973986,0.04057241,0.0077127474
FEM1A,0.0001785559,0.0068625556,0.00018539783,0.0229092,0.02186697
FEM1B,0.0007697707,0.08707873,0.00013185703,0.10267939,0.04890632
FEM1C,0.00057516515,0.026923357,9.338294e-05,0.054745983,0.030492753
FEN1,0.74043274,0.57105327,0.57134277,0.2505625,0.574202
FER,0.5080694,0.27905145,0.30043644,0.1344378,0.2384736
FERD3L,0.00017290245,0.024321787,0.0010679663,0.030818716,0.014340265
FERMT1,0.06713099,0.033362143,0.0906752,0.02272375,0.142115
FERMT2,0.081455655,0.038677193,0.08418575,0.028792977,0.04213014
FERMT3,0.0010132273,0.011499056,0.0002617959,0.030235812,0.011524537
FES,0.00019496217,0.0153280385,0.0001734419,0.049897034,0.0060647125
FEZ1,0.00053374347,0.023602353,0.00013336175,0.1936639,0.013817726
FEZ2,0.10928314,0.044999614,0.23522732,0.044195537,0.021186853
FEZF2,0.003562746,0.003962208,0.020908289,0.01804367,0.011146284
FFAR1,0.00073814153,0.01721514,0.0003117937,0.013398572,0.028776024
FFAR2,0.0021444794,0.023551874,0.00011014207,0.009318263,0.018214127
FFAR2,0.0021444794,0.023551874,0.00011014207,0.009318263,0.018214127
FFAR4,0.0022116895,0.010204299,0.024743184,0.01804367,0.029707476
FGA,0.00076844305,0.012640538,0.00033676927,0.0570097,0.029920349
FGB,0.0003846278,0.034751024,0.0001405443,0.04469474,0.029239185
FGD1,0.03859614,0.0047609243,0.20304918,0.041553,0.0076203304
FGD3,0.0002655296,0.011545131,0.00014895547,0.026462918,0.028860435
FGD4,0.00052319665,0.03524889,0.00014895547,0.020951219,0.06361537
FGD5,0.0032606607,0.006675906,0.002587568,0.01804367,0.01691711
FGD6,0.31055945,0.1125773,0.2792513,0.10439912,0.0859516
FGF1,0.0002778174,0.02843836,0.00053241727,0.05033658,0.0063386126
FGF10,0.0009470806,0.0136832725,0.00016766506,0.010070217,0.03379771
FGF11,0.0011380462,0.008616957,0.0014190259,0.01804367,0.017357169
FGF12,0.00090503984,0.07177127,0.00017292274,0.039594263,0.054824162
FGF13,0.0006776313,0.0046434547,0.00012756794,0.029588407,0.0060463445
FGF17,0.00050474185,0.0067048036,0.00012427288,0.018897312,0.0107420115
FGF18,0.00037036752,0.0076679457,0.00012798536,0.01970475,0.01168977
FGF19,0.0006866153,0.028690629,0.00016854488,0.011959312,0.045327403
FGF2,0.07549609,0.0312889,0.25784987,0.071005024,0.020105172
FGF20,0.00055228017,0.008958942,0.00022461351,0.008382098,0.021822331
FGF21,0.0006073534,0.023161286,0.00019906732,0.034933142,0.035508443
FGF23,0.000115735995,0.0076755947,0.00013103505,0.02837221,0.009720027
FGF3,0.00057149515,0.011729556,0.00014866261,0.03164842,0.022605324
FGF4,0.00044300596,0.014979669,0.00012373817,0.013314276,0.032703374
FGF5,0.00032819607,0.009427446,0.00016832438,0.018897312,0.011318619
FGF6,0.00074273965,0.027859703,0.00015416715,0.018897312,0.018836329
FGF7,0.0014987262,0.044131275,0.00039871546,0.015476917,0.032300223
FGF8,0.068658,0.0064417087,0.108086586,0.018897312,0.011944496
FGF9,0.00076114957,0.0066785626,0.0001781656,0.018897312,0.013676472
FGFBP1,0.0010777895,0.009054075,0.00013640017,0.015373828,0.012401088
FGFBP2,0.0011917033,0.008433317,0.00062546827,0.017034966,0.0153205255
FGFBP3,0.0036340146,0.02087204,0.00090418826,0.01804367,0.12761626
FGFR1,0.32667017,0.19215913,0.2870624,0.086400025,0.08268375
FGFR1OP2,0.00036291688,0.049627557,0.00022226945,0.09110373,0.038180254
FGFR2,0.7145858,0.36015403,0.57544434,0.07149863,0.41441154
FGFR3,0.3701834,0.08306847,0.302321,0.2631919,0.042048108
FGFR4,0.029705662,0.008283098,0.15571584,0.042196684,0.007795481
FGFRL1,0.00074812776,0.0058645294,0.00054665725,0.020270698,0.014641472
FGG,0.4395035,0.016665548,0.25851166,0.0135791795,0.020002844
FGGY,0.0038888035,0.01657052,0.001354252,0.01804367,0.024936758
FGL1,0.0005567882,0.017850762,0.00040863015,0.009077163,0.030398097
FGL2,0.0037101584,0.022267492,0.0013949282,0.01804367,0.03447635
FGR,0.0006935351,0.045506943,0.00013278858,0.035570506,0.024972597
FH,0.09002363,0.03570743,0.16749094,0.026436144,0.11164233
FHIP2A,0.066781886,0.017257983,0.0628893,0.01804367,0.040574025
FHIP2B,0.0099425195,0.014950681,0.0628893,0.01804367,0.04421557
FHIT,0.20734663,0.032511093,0.4399969,0.054186556,0.04219514
FHL1,0.0012410247,0.061349805,0.00036260736,0.04806361,0.011039617
FHL2,0.00038291764,0.061534986,5.6447363e-05,0.2102709,0.023630535
FHL3,0.26984528,0.087499835,0.13155304,0.04535214,0.019615905
FHL5,0.0004726262,0.049396917,0.00040911793,0.026453294,0.032114867
FHOD1,0.00087237917,0.067625016,0.00015605288,0.06658082,0.08705581
FHOD1,0.00087237917,0.067625016,0.00015605288,0.06658082,0.08705581
FIBCD1,0.0010582271,0.027954658,0.00010117459,0.009380428,0.04687862
FIBP,0.0007529832,0.030049631,0.0002252258,0.11522541,0.011678488
FICD,0.00038603434,0.011202639,0.00038813995,0.009077163,0.020687724
FIGLA,0.002623117,0.0038941826,0.0016580272,0.01804367,0.016299542
FIGN,0.013436204,0.015260698,0.011921199,0.008382098,0.059085514
FIGNL1,0.00031629545,0.009188023,0.00034477233,0.014542438,0.020781733
FILIP1,0.0011505296,0.10270267,0.00043716808,0.018192865,0.06787714
FILIP1L,0.0010436763,0.017046267,0.0001910493,0.03158699,0.022715392
FIP1L1,0.795493,0.6154761,0.34415027,0.12326603,0.50301135
FIRRM,0.014878089,0.029647695,0.0628893,0.01804367,0.063877754
FIS1,0.07461172,0.042586792,0.16896375,0.08017108,0.066510595
FITM1,0.0005858816,0.00480428,0.00020583246,0.017034966,0.010749833
FJX1,0.00031975214,0.016412737,0.00018993081,0.009077163,0.05012729
FKBP10,0.0011207841,0.06707189,0.0003618278,0.044621475,0.043185502
FKBP11,0.008100996,0.018399192,0.013400198,0.020860827,0.033635825
FKBP14,0.00024107206,0.008768406,4.9868948e-05,0.018600604,0.02515155
FKBP15,0.0004935681,0.01631409,0.0002691859,0.034017965,0.03870646
FKBP1A,0.000833969,0.09901316,0.00022748367,0.07545913,0.13337019
FKBP1B,0.00020404687,0.02501736,0.00047168916,0.04813071,0.015151769
FKBP2,0.00030203437,0.014495799,0.00013791161,0.042004045,0.005847615
FKBP3,0.083802864,0.06906974,0.1466343,0.10677952,0.041884534
FKBP4,0.0007863783,0.07003216,0.00012822564,0.042349454,0.028240735
FKBP5,0.0011971872,0.0521001,0.0003693998,0.11849734,0.032621663
FKBP6,0.00026231134,0.009689699,0.00021453112,0.049515102,0.019869227
FKBP8,0.00021954165,0.0100596165,0.00027550178,0.07803779,0.007947703
FKBP9,0.00084369484,0.032355864,0.000100504476,0.023442874,0.026260598
FKBPL,0.04642799,0.014705001,0.21485429,0.050619364,0.026688725
FKRP,0.0020788517,0.020416982,0.0018704187,0.01804367,0.03420737
FKTN,0.0032844532,0.016118996,0.0065425215,0.01804367,0.051248416
FLAD1,0.0011754838,0.09184347,0.0002538711,0.110016964,0.047756534
FLCN,0.10187351,0.026015488,0.2629687,0.024950339,0.048514158
FLG,0.00073308643,0.035063654,0.000113359594,0.09184084,0.026891308
FLG2,0.0014135662,0.1317837,0.00039616937,0.17478974,0.0915176
FLI1,0.27945617,0.09273625,0.240401,0.10677952,0.120655395
FLII,0.00032199785,0.044950902,0.00010289302,0.10842442,0.10783789
FLNA,0.000912939,0.07749563,0.000116495896,0.17437568,0.016471967
FLNB,0.0011931333,0.040240273,0.00012170518,0.0426997,0.018051904
FLNC,0.00022836817,0.019513076,0.000111902715,0.15384021,0.010172394
FLOT1,0.00041284846,0.0320348,0.000116443916,0.06134819,0.026324958
FLOT2,0.00039454704,0.05219268,0.00012175974,0.057138085,0.026846891
FLRT2,0.052715186,0.015610531,0.03762177,0.023498666,0.008611744
FLRT3,0.0003431351,0.008336827,0.0002238076,0.022973275,0.01471212
FLT1,0.427349,0.12830122,0.33645928,0.13070069,0.12372571
FLT3,0.0488616,0.0282379,0.24175939,0.03776636,0.070434615
FLT3LG,0.09620578,0.021127991,0.21679355,0.009690155,0.022505937
FLT4,0.00031601393,0.013525975,0.0005432084,0.06895362,0.006495454
FLVCR1,0.00022922328,0.07319499,0.00016306508,0.023442874,0.071868636
FLVCR2,0.007590736,0.0105791995,0.0008474337,0.01804367,0.02635577
FLYWCH1,0.09779148,0.0166112,0.14749667,0.05061941,0.031049775
FLYWCH2,0.00014681324,0.002731411,0.00030131245,0.020175396,0.0030575332
FMC1,0.011961701,0.010845333,0.0628893,0.01804367,0.033195782
FMN1,0.04597889,0.004814201,0.12244737,0.023442874,0.020517407
FMN2,0.0026133037,0.012940654,0.0010608404,0.01804367,0.01628891
FMNL1,0.0003757999,0.018967794,8.627442e-05,0.041252777,0.011665391
FMNL2,0.00014261791,0.009158344,6.423943e-05,0.07849346,0.00639595
FMNL3,0.0016802057,0.06308059,0.00021164972,0.04063885,0.13271643
FMO1,0.00016217736,0.0065541356,0.00097348675,0.02701375,0.0074590403
FMO3,0.002794301,0.06322314,0.00019191744,0.03158699,0.04885664
FMO5,0.005403662,0.011290283,0.0021344188,0.01804367,0.013823684
FMOD,0.0011686021,0.008933618,0.0004290753,0.027361346,0.024183929
FMR1,0.00053262996,0.1038529,0.0003555069,0.0917538,0.027527321
FN1,0.1568332,0.041307032,0.12948596,0.13696045,0.022616237
FN3KRP,0.0010039782,0.034968816,0.00015153775,0.039998848,0.056606952
FNBP1,0.0007533212,0.05260006,0.000120894474,0.068165675,0.019871522
FNBP1L,0.0006242067,0.029707847,0.00019608316,0.045055617,0.027017184
FNBP4,0.00045201046,0.029603057,0.00043157372,0.077896155,0.037365083
FNDC3A,0.00022256082,0.00436161,0.00022551396,0.017034966,0.005159819
FNDC3B,0.00034472876,0.007900236,0.00028281708,0.021026954,0.03329144
FNDC4,0.0014681547,0.02997137,0.0002543513,0.026617484,0.048777923
FNDC9,0.0041873767,0.0110313585,0.0029444962,0.01804367,0.035099655
FNIP1,0.0005804418,0.030090837,9.338294e-05,0.014952169,0.05251559
FNIP2,0.001796374,0.028546015,0.001482505,0.01804367,0.051699467
FNTA,0.18485256,0.04565293,0.32784724,0.04754783,0.055603284
FNTB,0.0010497266,0.051590327,9.338294e-05,0.06895362,0.11834583
FOCAD,0.0004526178,0.012714906,0.00024156905,0.011547842,0.02441836
FOLH1,0.00071035686,0.012577859,0.00016203916,0.013913607,0.022890251
FOLR1,0.0005413987,0.0021641592,0.00012918228,0.01133714,0.005721538
FOLR2,0.001348438,0.012441109,0.00032437555,0.012629497,0.01660089
FOS,0.11243488,0.17550848,0.5466563,0.06460228,0.010407808
FOSB,0.0014503518,0.07042086,9.3051734e-05,0.053723235,0.056149215
FOSL1,0.20166051,0.09545103,0.28712595,0.23576497,0.07311103
FOSL2,0.0005341038,0.04774776,0.00036126774,0.049541365,0.06524918
FOXA1,0.0013337084,0.07243446,0.00013667565,0.047684442,0.20579578
FOXA2,0.14170954,0.014621853,0.34782383,0.026926888,0.023484616
FOXA3,0.0030604342,0.10721629,0.00039575814,0.07545655,0.12135639
FOXC1,0.00023170254,0.011336039,0.00013896132,0.08479036,0.03914985
FOXC2,0.00030261517,0.021999666,0.00012289082,0.07801109,0.045420084
FOXE3,0.0012537875,0.011278419,0.0014562204,0.01804367,0.015139664
FOXF1,0.0015786317,0.016989753,0.015553435,0.01804367,0.09983763
FOXF2,0.00056314294,0.018407699,0.00030770112,0.023806559,0.014497317
FOXG1,0.001011738,0.110114306,0.00031434535,0.058306362,0.06600461
FOXH1,0.0012284636,0.018133957,0.00024738803,0.014107352,0.01706331
FOXI1,0.00033658423,0.005437596,0.000577155,0.008678562,0.009235041
FOXJ1,0.0008072524,0.038318083,0.00024743544,0.025208088,0.036293786
FOXJ2,0.0007773412,0.038134955,0.0005456265,0.024041327,0.038828105
FOXJ3,0.0009965161,0.033210233,0.00013515003,0.089098886,0.07050589
FOXK1,0.0002616317,0.042309083,0.0005781485,0.019763365,0.022867912
FOXK2,0.00077080826,0.031273387,0.00016717735,0.02852346,0.03552608
FOXL2,0.0008364305,0.024311967,0.00012757244,0.022454023,0.01111752
FOXM1,0.0004276141,0.044397637,0.00021663842,0.15170711,0.05329014
FOXN1,0.0055252598,0.0114002675,0.008448291,0.01804367,0.020749949
FOXN2,0.00062275236,0.035185657,0.00068389624,0.014942881,0.07759308
FOXN3,0.0012173936,0.040786445,0.00040058338,0.052114382,0.055239536
FOXN4,0.0017040311,0.012288788,0.002352135,0.01804367,0.03128166
FOXO1,0.00077719643,0.035768703,0.00014671472,0.0746194,0.02321525
FOXO3,0.000556372,0.042148132,6.927724e-05,0.15086256,0.03952575
FOXO3B,0.008771158,0.0149437785,0.0628893,0.01804367,0.022996845
FOXO4,0.14282617,0.04086827,0.3226062,0.08407556,0.032431662
FOXP1,0.0016158829,0.0580242,0.00018527095,0.03823579,0.06567542
FOXP2,0.00061195827,0.07017389,0.0001333343,0.038731944,0.04493009
FOXP3,0.00022735161,0.009070651,0.00043354943,0.08752702,0.005323235
FOXP4,0.001380755,0.046083283,0.0007008283,0.047684442,0.017040916
FOXQ1,0.0015189368,0.0058681443,0.003396296,0.01804367,0.007641194
FOXR1,0.0916982,0.020360464,0.11757978,0.02107806,0.028003268
FOXR2,0.0007993772,0.018083567,0.0002810203,0.008382098,0.037742604
FOXRED2,0.062352583,0.012565854,0.23614071,0.034933142,0.03012342
FOXS1,0.00060610083,0.00801652,0.000160542,0.044079047,0.009921185
FPGS,0.0006366531,0.021784564,0.00043126135,0.023442874,0.03958372
FPR1,0.0003248447,0.011470716,0.00046960323,0.009611286,0.015771165
FPR2,0.0006852271,0.011003178,0.0011789601,0.026840283,0.015192787
FRA10AC1,0.00047706923,0.068145275,0.00013126965,0.068165675,0.028032707
FRAS1,0.00044782524,0.00717716,0.00030967052,0.023442874,0.014143042
FRAT1,0.00078402023,0.036106315,0.0004413951,0.12326603,0.023375621
FRAT2,0.0002265389,0.0060224654,0.0007182502,0.008382098,0.020163102
FREM2,0.004091958,0.011523423,0.0010372403,0.01804367,0.018097794
FREM3,0.0027691019,0.030819302,0.0008231056,0.01804367,0.06912747
FRG1,0.052673414,0.0054046386,0.07970021,0.070112325,0.015529585
FRK,0.0006766043,0.02469672,0.000102498954,0.02504491,0.048113007
FRMD4A,0.0005345466,0.01218703,0.00017354397,0.028245648,0.03805662
FRMD4B,0.0011557979,0.0144305555,0.00034606978,0.013998775,0.011722213
FRMD5,0.00053882773,0.025112193,0.0005936632,0.020175396,0.023190204
FRMD6,0.00084627856,0.17103316,0.00014442255,0.19129814,0.051939886
FRMD7,0.0015751034,0.0057686935,0.0029866206,0.01804367,0.027678797
FRMD8,0.0017829905,0.027910948,0.0001887521,0.015704844,0.02014321
FRMPD1,0.059867922,0.011410768,0.11422133,0.010057129,0.024242174
FRRS1,0.0031144444,0.017172355,0.0008231056,0.01804367,0.044661794
FRRS1L,0.0017113653,0.010076703,0.00081582414,0.01804367,0.030965755
FRS2,0.0010817972,0.06348091,0.0002838839,0.036899887,0.10646154
FRS3,0.00035898224,0.010053171,0.00017223308,0.040255483,0.0041075917
FRY,0.00040313113,0.02093844,0.0002030402,0.026462918,0.048939332
FRYL,0.0005907006,0.07933816,0.0001443617,0.0995482,0.03180734
FSBP,0.0013116172,0.023959793,0.00032632842,0.09107199,0.039062224
FSCB,0.0020387832,0.012251139,0.0041718786,0.01804367,0.04746545
FSCN1,0.00046862484,0.026818166,0.0003503407,0.16060404,0.013112192
FSCN2,0.0039278353,0.009550085,0.008799307,0.01804367,0.01762132
FSD1,0.0005658428,0.015554692,0.0002010218,0.039998848,0.039488215
FSD2,0.00044898255,0.037462212,0.00014021112,0.15718101,0.021378946
FSHB,0.00053353567,0.017995564,0.00013956313,0.008910702,0.016290171
FSHR,0.0032086389,0.10641882,0.00016002449,0.037634082,0.10953131
FSIP1,0.0008578181,0.030559639,0.00015797114,0.052114382,0.05543077
FSIP2,0.0006842248,0.011927081,0.0002259321,0.031784013,0.038379513
FST,0.0016327183,0.053630456,0.0004684922,0.015227342,0.029903919
FSTL1,0.0005777414,0.011079958,0.00013683697,0.013602576,0.030177107
FSTL3,0.00065459585,0.018467957,9.3051734e-05,0.033862993,0.021193163
FSTL4,0.00066848856,0.0077141165,0.00017354397,0.023442874,0.0142092155
FTCD,0.0009951157,0.014234444,0.00010916993,0.010303198,0.02877883
FTH1,0.0004890148,0.18735826,0.000116606694,0.15331545,0.08182208
FTL,0.16297232,0.035945382,0.1893165,0.07533038,0.015806163
FTO,0.00062952575,0.04130992,0.00016386686,0.008678562,0.023840405
FTSJ1,0.00049021654,0.01884957,0.0006270912,0.07083438,0.007158033
FTSJ3,0.11248828,0.059478056,0.17630552,0.09737001,0.1826767
FUBP1,0.0011551463,0.036203213,0.0001426904,0.06603832,0.043913513
FUBP3,0.0010643967,0.066680744,0.00016718246,0.037634082,0.08119157
FUCA1,0.0005300276,0.07460882,0.00033014547,0.13436238,0.059207354
FUCA2,0.0016020004,0.01110119,0.00025456748,0.050619364,0.024936033
FUNDC1,0.00040499834,0.024614777,0.00010211155,0.05676482,0.03186088
FUNDC2,0.00037452488,0.03505665,0.00010875433,0.06295411,0.027756888
FURIN,0.15004052,0.12440229,0.24080406,0.061012503,0.07443184
FUS,0.0008448114,0.032712776,0.00021818088,0.09076232,0.02906869
FUT1,0.00072013837,0.009822071,0.00032137588,0.0722762,0.020066617
FUT10,0.0002668847,0.0018934988,0.00033258714,0.023442874,0.005677023
FUT11,0.00049395586,0.0075887204,0.00017445814,0.011547842,0.012187971
FUT2,0.0035813933,0.0052766814,0.0017964032,0.01804367,0.024125542
FUT4,0.00028502266,0.008711471,0.000184226,0.022974111,0.0136349555
FUT8,0.0030127517,0.007654214,0.009245714,0.01804367,0.017668953
FUZ,0.52599096,0.07925811,0.3998031,0.027361346,0.206934
FXN,0.2247497,0.3964525,0.23325263,0.03756352,0.1724362
FXR1,0.0007891566,0.0474324,0.00027550178,0.03238853,0.022020344
FXR2,0.16318434,0.0871621,0.26785573,0.07635919,0.022553591
FXYD1,0.17256816,0.06906443,0.098308295,0.03298475,0.025681825
FXYD2,0.00019550275,0.011070933,0.0006476037,0.010057129,0.012481645
FXYD3,0.0003098303,0.008747071,0.00029940106,0.050757743,0.017230403
FXYD5,0.00057441567,0.027340762,0.00011081008,0.023442874,0.039048392
FXYD6,0.00064905273,0.06675891,0.000135905,0.093775876,0.026888283
FXYD7,0.000604767,0.011014537,0.00012136191,0.04142128,0.030443601
FYCO1,0.0009580398,0.09052075,0.00026408597,0.17820352,0.026885144
FYN,0.10049629,0.0420134,0.26921168,0.32497138,0.007570736
FYTTD1,0.043212146,0.016477183,0.0839532,0.09978102,0.035369687
FZD1,0.0007329237,0.013454319,0.00018930092,0.012607735,0.017742904
FZD10,0.0017395405,0.012677453,0.0025100138,0.01804367,0.04421337
FZD2,0.3686115,0.06683587,0.32179448,0.10439912,0.26076975
FZD3,0.002497001,0.024972573,0.00012430688,0.009690155,0.10701474
FZD4,0.0007885375,0.029580642,0.00036105752,0.024379643,0.02756724
FZD5,0.00043799527,0.011918885,0.00037891755,0.0113217095,0.10868758
FZD6,0.20248264,0.017657494,0.18105714,0.018664645,0.028242357
FZD7,0.00011106639,0.009438349,0.000336411,0.042503074,0.012643955
FZD8,0.48638928,0.02828083,0.1871569,0.01481898,0.05286205
FZD9,0.0005321522,0.008751901,0.00017808714,0.011851088,0.014280868
FZR1,0.08972137,0.046845894,0.3660355,0.36710957,0.018937256
G0S2,0.0006126597,0.0116604045,9.075176e-05,0.020951219,0.020740857
G2E3,0.0027894103,0.07591448,0.0021771041,0.12706953,0.12257555
G3BP1,0.1768732,0.14939798,0.18156259,0.096548475,0.099439055
G3BP2,0.00032093283,0.027260168,0.0001400632,0.07516865,0.009331928
G6PC3,0.005915169,0.024215344,0.0005121368,0.01804367,0.05629211
G6PD,0.10461832,0.028673459,0.2824247,0.032661267,0.02459019
GAA,0.00043015933,0.015425327,0.00035501868,0.02572108,0.0051884106
GAB1,0.24341482,0.11118541,0.2676701,0.034813218,0.09990294
GAB2,0.00061624165,0.031677812,0.0001233807,0.031835202,0.048344582
GAB3,0.00032533874,0.0052031423,0.0018112237,0.045055617,0.0059041493
GABARAP,0.0006253348,0.048606083,0.00014240184,0.03984609,0.029798146
GABARAPL1,0.029142946,0.090626635,0.016412783,0.07667017,0.03171796
GABARAPL2,0.24137473,0.090943575,0.16782704,0.07572012,0.039262924
GABBR1,0.00094070093,0.09346697,0.00020438975,0.08660883,0.060048744
GABBR2,0.00042305334,0.015577694,0.0005067118,0.011966204,0.009573482
GABPA,0.0033400785,0.15198494,0.00016005532,0.07092229,0.115940094
GABPB1,0.13944146,0.060427323,0.2132745,0.11760979,0.05857087
GABPB2,0.0028717523,0.02209145,0.0006146758,0.08707112,0.00989748
GABRA1,0.0006273611,0.014111789,0.00023565226,0.011402337,0.024785213
GABRA3,0.0005252851,0.018981038,0.00015597136,0.036855448,0.02255622
GABRA4,0.0003939602,0.05019551,0.00054440653,0.026444076,0.02644109
GABRA5,0.0059561683,0.01688317,0.006481286,0.01804367,0.019386787
GABRB1,0.0009031554,0.008810418,0.00027696582,0.021824399,0.0076511255
GABRB2,0.0005500921,0.004330003,0.00023832008,0.012757062,0.006782299
GABRB3,0.00077945704,0.025259087,0.0005480084,0.01389619,0.04870006
GABRE,0.0021122925,0.004090221,0.0014015744,0.01804367,0.009666674
GABRG1,0.00079923705,0.015938833,0.0009973547,0.010057129,0.025207609
GABRG2,0.0003393801,0.006550302,0.0003372189,0.017460497,0.004978569
GABRG3,0.0002926616,0.02693036,0.00037651672,0.0057338392,0.038001627
GABRP,0.004901148,0.014191526,0.0073611555,0.01804367,0.024316916
GABRR1,0.0005247151,0.114765234,0.0003695489,0.02752817,0.032048225
GAD1,0.00061508367,0.02393588,0.000106198335,0.05949173,0.017596986
GAD2,0.0001075147,0.0058388896,0.0001561325,0.028158167,0.0051420988
GAD2,0.0001075147,0.0058388896,0.0001561325,0.028158167,0.0051420988
GADD45A,0.25888023,0.052474577,0.31019947,0.041283563,0.025060192
GADD45B,0.07080491,0.028967632,0.14096722,0.04897601,0.015474301
GADD45G,0.00028267555,0.046506673,0.0004443899,0.31004706,0.013695287
GADD45GIP1,0.001079377,0.10168518,0.000110872534,0.08243614,0.0538899
GADL1,0.001174636,0.010611542,0.00067632063,0.01804367,0.019455705
GAK,0.13363592,0.10934145,0.095302895,0.033206817,0.088827044
GAL,0.00036629557,0.010362385,0.00023598276,0.008643181,0.027994601
GAL3ST1,0.00216164,0.015120385,0.00042612964,0.024041327,0.021767866
GAL3ST2,0.0004613472,0.014670718,0.00014623831,0.008382098,0.015035184
GAL3ST3,0.0037516248,0.011549289,0.0061755762,0.01804367,0.01675731
GAL3ST4,0.0009006268,0.030540014,0.0002328546,0.023442874,0.06686858
GALC,0.007557173,0.0063839336,0.011945442,0.01804367,0.023614028
GALE,0.00046314168,0.01018624,0.00015464742,0.013998775,0.016576076
GALK1,0.040750913,0.008734279,0.14197157,0.025206596,0.006255086
GALK2,0.00033268926,0.0077554523,0.0002696115,0.023442874,0.034903497
GALNS,0.00078621414,0.03312309,8.436916e-05,0.02678978,0.13933307
GALNT1,0.0010071348,0.017890632,0.00022471313,0.02927176,0.023314975
GALNT10,0.00074502366,0.02319977,0.00013168476,0.011959312,0.050206292
GALNT11,0.00028707652,0.0033662268,0.00012559701,0.028982447,0.004710236
GALNT12,0.0010807136,0.14485277,0.00025583635,0.011245472,0.14417598
GALNT14,0.05189415,0.0076945983,0.15778059,0.009173206,0.017868694
GALNT15,0.10815085,0.0114520835,0.05711434,0.009077163,0.015567365
GALNT17,0.0047306092,0.007912568,0.0628893,0.01804367,0.019506449
GALNT18,0.0022499026,0.011335098,0.0018704187,0.01804367,0.021698331
GALNT2,0.00010907171,0.006178588,9.113707e-05,0.0123439105,0.008430028
GALNT3,0.0003463746,0.012786426,0.00019540677,0.008382098,0.04938971
GALNT4,0.0006056354,0.02005412,0.00015297139,0.012576047,0.0528138
GALNT5,0.00096988917,0.012239862,0.0002482952,0.022973275,0.040836927
GALNT6,0.0007805996,0.01430255,0.0002973163,0.01133714,0.011880491
GALNT7,0.0005393344,0.0052586216,0.00029944442,0.024041327,0.009859464
GALNT8,0.0020618592,0.02131244,0.001480893,0.01804367,0.0683203
GALNT9,0.0021455123,0.0050759343,0.0031501707,0.01804367,0.012187748
GALR1,0.0013464937,0.0037977863,0.04167276,0.028982447,0.00848733
GALR2,0.00045901723,0.008549042,0.0006197152,0.0147195235,0.022274027
GALR3,0.0028082577,0.008628542,0.008442609,0.01804367,0.010867571
GALT,0.05651493,0.010092558,0.07887687,0.04624848,0.016522923
GAMT,0.00033201466,0.022151643,0.0008972821,0.026363747,0.013048358
GAN,0.00031983355,0.029142398,0.00013368082,0.024222368,0.019485766
GANAB,0.0005140726,0.033548024,8.356805e-05,0.107880354,0.032076593
GANC,0.0011473726,0.015197404,0.00017445814,0.023442874,0.014805572
GAP43,0.0006288035,0.042401377,0.00022988362,0.02372016,0.02580136
GAPDH,0.88777834,0.65152717,0.5863957,0.12217736,0.53404635
GAPDHS,0.1204019,0.01603345,0.3271013,0.09710315,0.032075323
GAPVD1,0.00029496528,0.01580017,0.0002280857,0.055746976,0.036756948
GAR1,0.00022725215,0.040390983,0.00018914936,0.04382802,0.022860786
GAREM1,0.0074046506,0.007432262,0.0628893,0.01804367,0.017571796
GARRE1,0.015277037,0.03369229,0.0628893,0.01804367,0.07873454
GART,0.0001935087,0.012064493,0.0002863068,0.024526373,0.017154513
GAS1,0.0004830716,0.019602407,0.00018185524,0.041553,0.017837884
GAS1,0.0004830716,0.019602407,0.00018185524,0.041553,0.017837884
GAS2,0.44040263,0.10109982,0.48866028,0.06389214,0.11062215
GAS2L1,0.0012735261,0.008073455,0.005254523,0.01804367,0.029246831
GAS2L2,0.31879583,0.16466768,0.053988878,0.016529309,0.1515922
GAS2L3,0.004342955,0.006850707,0.0027607176,0.01804367,0.016671339
GAS6,0.0005578133,0.00881722,0.00029160126,0.017275047,0.006863557
GAS7,0.0010372072,0.03606102,0.00015272552,0.0401707,0.038478125
GAS8,0.00017672678,0.0038338,0.00017545138,0.00867862,0.013041832
GASK1B,0.003507958,0.01641748,0.0628893,0.01804367,0.070530616
GAST,0.0014592592,0.033033784,0.00020199189,0.04512852,0.010368852
GATA1,0.00051065424,0.04330908,0.00081828557,0.08860339,0.035367496
GATA2,0.08013673,0.076080255,0.37579957,0.08510875,0.038351227
GATA3,0.15567362,0.04099122,0.3315066,0.08816518,0.06478461
GATA4,0.0002441362,0.012087453,0.00026645526,0.12558638,0.009866659
GATA5,0.00017542747,0.011955345,0.00037116423,0.06389214,0.018816598
GATA6,0.6169358,0.2150047,0.57987803,0.07653722,0.20361814
GATAD1,0.076328374,0.02104563,0.038100913,0.02591231,0.032839578
GATAD2A,0.10752032,0.068441026,0.285894,0.12969749,0.03849663
GATAD2B,0.0007047565,0.04760288,0.00027550178,0.12005239,0.021459108
GATB,0.00078839064,0.026761562,9.70905e-05,0.023442874,0.022729045
GATM,0.00022301178,0.0037298151,0.00027749417,0.011699988,0.013659778
GBA1,0.00564641,0.0111893155,0.0628893,0.01804367,0.0068174717
GBA2,0.0007627063,0.014976186,0.00025143646,0.06389214,0.020503512
GBE1,0.0013031934,0.030854715,0.00018839429,0.025456108,0.043451592
GBF1,0.0011439839,0.019869322,0.00015561987,0.10129378,0.023988418
GBGT1,0.010976859,0.010735659,0.044063497,0.01804367,0.033879198
GBP1,0.00082592224,0.022549823,7.7057804e-05,0.09215755,0.016550716
GBP2,0.0006568143,0.021177258,0.00021234465,0.108996786,0.01872713
GBP3,0.0009818161,0.010309653,8.5426866e-05,0.017034966,0.022762071
GBP6,0.0018527551,0.0053489944,0.0009665802,0.01804367,0.016127348
GBP7,0.00046707396,0.022893274,0.00021507384,0.014695505,0.022613443
GBX2,0.0064773513,0.013806463,0.006278551,0.01804367,0.021989139
GC,0.066104524,0.016142404,0.30742145,0.029799249,0.015984302
GCA,0.0043229023,0.036734086,0.00045141348,0.02800913,0.07869069
GCAT,0.00048400543,0.008286898,0.00031230066,0.076647244,0.010547214
GCC1,0.00051478756,0.059136346,8.83875e-05,0.1730284,0.03176068
GCC2,0.00021126441,0.010743998,0.00010320492,0.010767184,0.017065693
GCDH,0.0003884042,0.019603668,0.0001265098,0.022271575,0.020976136
GCFC2,0.0003830361,0.011403101,0.00020243147,0.011245472,0.020042548
GCG,0.00035927788,0.03302452,0.00020998258,0.008154752,0.040548604
GCGR,0.0003926294,0.015180955,0.00024130734,0.018103411,0.00698679
GCH1,0.0008234602,0.07419022,0.0001233814,0.12421152,0.08051529
GCHFR,0.0021635466,0.031571724,0.00029246495,0.012629497,0.03416841
GCK,0.07846277,0.007162195,0.35840788,0.076361425,0.008392346
GCLC,0.0015149012,0.07013359,0.00014390869,0.031919457,0.11017155
GCLM,0.00084276113,0.0435132,0.00042479002,0.05033658,0.095214866
GCM1,0.001858204,0.024872115,0.00015652872,0.10690647,0.014671704
GCM2,0.075653926,0.036030676,0.018046845,0.009173206,0.0489728
GCN1,0.055761218,0.09204571,0.0628893,0.01804367,0.20396294
GCNT1,0.00087992975,0.038197104,0.00014895547,0.020951219,0.0451658
GCNT2,0.0012915449,0.0059200167,0.008352812,0.01804367,0.010010073
GCNT3,0.00052369357,0.021244362,0.00019703504,0.023416264,0.08120692
GCNT4,0.0031384903,0.017225035,0.00079388916,0.01804367,0.039324574
GCSAM,0.0008501038,0.05110223,7.26864e-05,0.05802234,0.046293277
GCSH,0.0012703327,0.027256906,0.00027077436,0.026669279,0.06406559
GDA,0.000414202,0.017360056,0.00015146524,0.025101572,0.0191691
GDAP1,0.00045764976,0.02184143,0.00016203916,0.06389214,0.023356104
GDAP1L1,0.0025927015,0.003786963,0.029035186,0.01804367,0.011838441
GDE1,0.00013055513,0.004173723,0.00017593856,0.009318263,0.008499147
GDF10,0.0008512419,0.018751105,0.0011452896,0.01804367,0.02417594
GDF11,0.000851848,0.016982507,0.00017234628,0.02701375,0.059078325
GDF15,0.060397252,0.0044589466,0.07566926,0.05061941,0.019732622
GDF3,0.0021548427,0.00771998,0.004428517,0.01804367,0.034595467
GDF5,0.00035591095,0.01568084,0.00012757244,0.103328735,0.021219902
GDF6,0.0005265205,0.032386385,0.00037116423,0.008353467,0.076189294
GDF9,0.0018533849,0.06886916,0.00014153749,0.049897034,0.017074816
GDI1,0.00037112317,0.023169518,0.0003123313,0.07543116,0.014934713
GDI2,0.0010512477,0.049993765,0.00016063923,0.07543116,0.0542105
GDPD2,0.00025161586,0.011954884,0.00015797114,0.02837221,0.026659274
GDPD3,0.00079919095,0.010868217,0.00022324601,0.008382098,0.014347459
GDPD5,0.00061184424,0.0410048,0.00014626313,0.025648652,0.062225036
GDPGP1,0.0007314772,0.01206994,0.00022628049,0.023442874,0.010093454
GEM,0.0002317507,0.02098252,9.216458e-05,0.14402995,0.012483256
GEMIN2,0.43688077,0.1149004,0.3223312,0.09456731,0.07593634
GEMIN4,0.18855724,0.07797596,0.22901262,0.30571717,0.04730097
GEMIN5,0.14791097,0.11998675,0.24918039,0.09145078,0.12843695
GEMIN6,0.0009644801,0.11362111,0.000118019656,0.060268085,0.15185
GEMIN7,0.001407418,0.17954014,9.338294e-05,0.1163222,0.10678213
GEMIN8,0.0020648197,0.08248055,0.0002030402,0.08885032,0.13869935
GEN1,0.5812052,0.19966339,0.5836812,0.023442874,0.24593343
GET1,0.011465192,0.0260538,0.0628893,0.01804367,0.08026924
GET3,0.005235004,0.029707763,0.0628893,0.01804367,0.03179977
GET4,0.00037897646,0.06668018,9.178963e-05,0.060118027,0.048996203
GFAP,0.0007434109,0.10867333,0.00031747518,0.122022234,0.040620595
GFER,0.113231644,0.04581578,0.15445703,0.014107352,0.057608083
GFI1,0.001115266,0.07241766,0.00028707433,0.052397057,0.053516775
GFI1B,0.112782426,0.08474991,0.122838415,0.07943209,0.01478074
GFM1,0.00043135753,0.054135542,0.0001199905,0.055746976,0.055881757
GFM2,0.0002657421,0.03101207,0.00018586051,0.0324777,0.019975604
GFOD1,0.00024195862,0.0040028514,0.00018382925,0.02621554,0.010915916
GFOD2,0.012154084,0.01956809,0.017806266,0.01804367,0.044242937
GFPT1,0.00052473234,0.054328937,0.00034267988,0.030235812,0.07985754
GFPT2,0.077430904,0.0071537574,0.14866485,0.021392673,0.013672915
GFRA1,0.00074233237,0.01403132,0.00035204957,0.01676523,0.07782845
GFRA2,0.00042975481,0.003938087,0.001287075,0.014806866,0.014585237
GFRA3,0.047784667,0.01259938,0.12168701,0.018257927,0.01118739
GFUS,0.0043127625,0.002800153,0.0628893,0.01804367,0.008869691
GGA1,0.19270135,0.03400915,0.2563113,0.07038656,0.018283112
GGA2,0.18237059,0.068487816,0.26107588,0.06331879,0.026021108
GGA3,0.0682169,0.0442385,0.41043875,0.06516618,0.053346373
GGCT,0.00037060116,0.005528038,0.00047064354,0.05061941,0.016694289
GGCX,0.055553306,0.012495752,0.040884122,0.027358834,0.009154839
GGH,0.0012700084,0.01573886,0.00027085334,0.011681861,0.028379098
GGN,0.0006629264,0.038254857,0.00023038917,0.023806559,0.1138743
GGNBP2,0.00074479723,0.023673005,0.00016654254,0.008678562,0.08362954
GGPS1,0.00058417005,0.17654148,0.00047956206,0.052114382,0.20833302
GGT1,0.0015047975,0.037436344,0.00092585845,0.022928532,0.02565957
GGT5,0.003490093,0.031088063,0.0008308395,0.01804367,0.03867769
GGT6,0.0020620076,0.006283435,0.00964037,0.01804367,0.012153976
GGT7,0.0006164523,0.019499455,7.984848e-05,0.01481898,0.02981777
GGTLC1,0.001299141,0.0064772596,0.00046329002,0.008382098,0.016764963
GH1,0.0007140559,0.1325026,0.00042555708,0.03984609,0.05627565
GHDC,0.001412855,0.01203319,0.005693031,0.01804367,0.013931243
GHITM,0.001085082,0.024257546,0.00021577405,0.022075247,0.042248696
GHR,0.0005595264,0.114552476,0.00015991558,0.06262673,0.024111452
GHRHR,0.00038252232,0.006531203,0.00021780758,0.01830983,0.023362061
GID4,0.00058429147,0.0075474237,0.0008231056,0.01804367,0.01988615
GID8,0.06016726,0.026834505,0.10921557,0.0297165,0.0362142
GIGYF1,0.0001910706,0.004421257,0.00031594856,0.008353467,0.004953144
GIGYF2,0.0012468309,0.085739985,0.00056323176,0.1494143,0.08422399
GIMAP4,0.00020386522,0.00892871,0.00015797114,0.013998775,0.018764898
GIMAP5,7.1403556e-05,0.004128422,0.00023622972,0.044827595,0.010011831
GIMAP6,0.0005490439,0.0034208763,0.00015797114,0.021392673,0.017825758
GIMAP8,0.00042829968,0.0063309018,0.0016493173,0.017034966,0.01018091
GIN1,0.0027922874,0.026420802,0.0003658478,0.017042585,0.05523746
GINS1,0.05490912,0.016897224,0.09617042,0.06333509,0.03382628
GINS2,0.0012163097,0.24093199,0.0001880992,0.027763048,0.17031361
GINS4,0.23567125,0.2740015,0.2612445,0.2620961,0.24150793
GIPC1,0.00047334057,0.020845378,0.00029319362,0.05672306,0.009051932
GIPC2,0.0017144507,0.014252782,0.00013951962,0.055746976,0.015184956
GIPC3,0.00071874587,0.010316495,0.0004151333,0.009380428,0.011607221
GIT1,0.00028320725,0.085952155,0.00014472721,0.113563515,0.018365309
GIT2,0.56232405,0.1336195,0.18676746,0.04508104,0.12041221
GJA1,0.0003778259,0.030413782,0.00012655045,0.093775876,0.014706846
GJA3,0.00023959937,0.009551186,0.0001773397,0.05040212,0.014151416
GJA4,0.0060641547,0.00780873,0.009465139,0.01804367,0.03201464
GJA5,0.00021963651,0.009206181,0.00019602054,0.029632905,0.02319705
GJA8,0.00039539573,0.01781475,0.0002938784,0.012576047,0.025087845
GJA9,0.00064673746,0.0072899475,0.0041244836,0.01804367,0.018464953
GJB1,0.00061608606,0.027072562,0.00013883166,0.05676482,0.024699211
GJB2,0.001053784,0.039735757,0.00012346932,0.030833114,0.07689122
GJB3,0.00086876826,0.019499427,0.00014987655,0.030808024,0.02870367
GJB4,0.0023612967,0.007961136,0.00054934644,0.01804367,0.014574749
GJB5,0.0005261665,0.016264172,0.0001417694,0.011245472,0.022517018
GJB6,0.00034078571,0.0060114716,0.0008053048,0.04029104,0.0039034125
GJB7,0.0059342077,0.0058776825,0.0008231056,0.01804367,0.015586194
GJC1,0.0005084051,0.025904236,0.00016992894,0.041553,0.028461477
GJC3,0.001973174,0.016124457,0.003075557,0.01804367,0.02344187
GJD2,0.00041795394,0.0038164223,0.002726992,0.01804367,0.0073194136
GJD3,0.00089811394,0.0052446397,0.0005158797,0.020951219,0.016272025
GK,0.00031976128,0.011111555,0.00017292274,0.022376817,0.022242662
GK5,0.0006983941,0.010545,0.00047500798,0.023442874,0.022305753
GKAP1,0.0017175667,0.07585394,0.00021330731,0.06295411,0.055580292
GLA,0.0031491464,0.02973327,0.00017537095,0.03404868,0.06636195
GLB1,0.14164123,0.020098146,0.18191104,0.06257514,0.017958548
GLB1L,0.00070628576,0.017256528,0.00048620996,0.04020631,0.028083483
GLDC,0.0007337281,0.01690186,0.00011593813,0.03404868,0.019522073
GLDN,0.0013448239,0.015788317,0.001480893,0.01804367,0.030803952
GLE1,0.00041503043,0.031739917,0.00011796115,0.04785222,0.107720435
GLG1,0.0011468694,0.1372932,0.00022472964,0.07534827,0.083937235
GLI1,0.15451033,0.04357299,0.46047482,0.06333093,0.015440985
GLI2,0.082604036,0.025579061,0.20805041,0.08011856,0.022706894
GLI3,0.16209152,0.046203203,0.29496014,0.054003723,0.015637577
GLI4,0.0020692525,0.008859363,0.0013078207,0.01804367,0.011834983
GLIPR1,0.00593728,0.01589693,0.001379222,0.01804367,0.104465835
GLIPR2,0.0011194274,0.06320773,0.00020776103,0.0698648,0.061092015
GLIS1,0.0012789499,0.0062615895,0.0016580272,0.01804367,0.0077679716
GLIS2,0.00031228634,0.011229085,0.00027559372,0.039135396,0.009700219
GLIS3,0.0010693714,0.010955701,0.0009529141,0.009077163,0.019957246
GLMN,0.0017891199,0.045649823,0.0002086122,0.08972444,0.093672335
GLMP,0.0012583085,0.0033327404,0.0055930004,0.01804367,0.0072406805
GLO1,0.00057265436,0.022006743,0.00018232732,0.032661267,0.032087307
GLOD4,0.00053121086,0.050191015,0.00017517174,0.02735076,0.11138108
GLP1R,0.00030953388,0.0039466345,0.00020727704,0.0228724,0.006873406
GLRA2,0.0017717066,0.09093741,0.00027696582,0.036096033,0.04206522
GLRX,0.0018246485,0.06636653,0.00036201152,0.038368754,0.046413332
GLRX2,0.0006094833,0.012828199,0.0005702842,0.01146169,0.035499576
GLRX3,0.0005911396,0.022773482,0.00030112665,0.062226832,0.030232042
GLRX5,0.0003253871,0.08399949,0.00020049865,0.024950339,0.11293907
GLS,0.037523918,0.009879426,0.3092734,0.023489706,0.024742633
GLS2,0.0005117811,0.01492294,0.00013338783,0.013884453,0.023880446
GLTP,0.0005047784,0.0051975697,0.00033743403,0.009380428,0.008673788
GLTPD2,0.00069848256,0.012098231,0.00010663996,0.010057129,0.075601116
GLUD1,0.3021934,0.04174194,0.41679037,0.049953785,0.02654634
GLUD2,0.0004083157,0.019865105,0.00063430105,0.03400955,0.035373088
GLUL,0.0002251122,0.03241826,0.00013498697,0.060118027,0.016019704
GLYAT,0.00084294786,0.060695905,0.00019095333,0.036598153,0.08221198
GLYCTK,0.0013423848,0.061120525,0.00022000202,0.035938375,0.08702984
GLYR1,0.00039770492,0.020046862,0.00044166006,0.051949967,0.01848253
GM2A,0.0006713098,0.010047217,0.00025309072,0.037062395,0.024817586
GMCL1,0.19746831,0.108811505,0.22425845,0.07506138,0.026480028
GMDS,0.0008326791,0.03131753,0.0005403777,0.035246737,0.051753975
GMEB1,0.0005793872,0.045470443,0.00024966753,0.057200402,0.015637754
GMEB2,0.00026328475,0.021405414,0.0006573535,0.039315768,0.01944788
GMFB,0.0040218914,0.09862277,0.00023309185,0.03178408,0.1685441
GMIP,0.0004168377,0.0077369586,0.0003147121,0.0698648,0.012316636
GML,0.003287461,0.00464539,0.0016275235,0.01804367,0.029011702
GMNC,0.0032178087,0.0154546825,0.0018524986,0.01804367,0.018985905
GMNN,0.0010716624,0.086297646,0.00014987742,0.04992053,0.06582567
GMPPA,0.00031536503,0.0034034357,7.4166855e-05,0.029057583,0.007956318
GMPPB,0.023000937,0.027485402,0.061951496,0.02844312,0.032140628
GMPR2,0.0010338096,0.014477071,0.00064580806,0.011547842,0.053336225
GMPS,0.53181285,0.27464852,0.31204727,0.08017108,0.42066723
GNA11,0.00077903416,0.036757197,0.00019140705,0.044945274,0.022972723
GNA12,0.000618551,0.01621004,0.00015199941,0.051248856,0.011549589
GNA13,0.0012541255,0.094001465,0.00015199187,0.033991743,0.07290013
GNA15,0.00073549256,0.055754505,0.00041800435,0.062491506,0.0359364
GNAI1,0.0010232135,0.06274471,0.00011370483,0.066005245,0.053232998
GNAI2,0.0014729152,0.14339453,6.9475114e-05,0.081108496,0.073688865
GNAI3,0.0003451663,0.08530156,0.00049463764,0.053786866,0.023905959
GNAL,0.00029022447,0.025399165,0.0001695376,0.025648652,0.02459798
GNAO1,0.000363618,0.02319593,0.00013896132,0.035707314,0.011031581
GNAQ,0.12316629,0.025941743,0.24383563,0.06764668,0.028108865
GNAS,0.001566366,0.10602085,6.9475114e-05,0.051248856,0.059637703
GNAT1,0.0012643624,0.009294009,0.00031569775,0.0234089,0.019515127
GNAT2,0.0018387598,0.029118333,0.00012313199,0.026073754,0.056595687
GNAZ,0.00023920128,0.019908793,0.00015346872,0.102241844,0.01978363
GNB1,0.0005619311,0.083372146,0.0004694777,0.051770087,0.046014506
GNB1L,0.08131616,0.03226863,0.20493169,0.046332557,0.042046193
GNB2,0.00025293586,0.016380437,0.0003097287,0.09907788,0.0028814236
GNB3,0.00035744585,0.005748608,0.00015346872,0.026452705,0.00531584
GNB4,0.00094125414,0.074771576,0.00021002903,0.05297425,0.039757006
GNB5,0.001436278,0.047637008,9.92285e-05,0.101039045,0.019668633
GNE,0.0003760719,0.021973366,0.00024392028,0.029531958,0.012589423
GNG10,0.00037551628,0.04152137,0.00018323514,0.042902634,0.012041918
GNG11,0.0006832015,0.11765794,0.00018525065,0.0658467,0.051584244
GNG12,0.00024043623,0.014829991,0.00014789133,0.099229746,0.006384281
GNG13,0.00039117385,0.02964098,0.00016550957,0.047577273,0.025221387
GNG2,0.0008704014,0.017816227,0.00012123596,0.033991743,0.023801707
GNG3,0.0012428062,0.15313037,0.00025506478,0.039453786,0.0816319
GNG4,0.0002381093,0.01089249,0.00014052272,0.030135944,0.004571783
GNG5,0.0007959772,0.015877234,0.0002815035,0.0766543,0.03934773
GNG7,0.00050180504,0.02766451,0.00012298155,0.04778291,0.024444714
GNG8,0.001250736,0.053200547,0.00016149113,0.013837049,0.029078828
GNGT1,0.21803647,0.038991917,0.19240564,0.058528095,0.02262311
GNGT2,0.0005096445,0.013529863,0.00042529672,0.056505565,0.0069604097
GNL1,0.00095879636,0.024625266,0.00019125233,0.010767184,0.024544034
GNL2,0.0016371306,0.15769526,0.00012716374,0.022271575,0.17706986
GNL3,0.00043562183,0.047798716,0.00020157591,0.15177786,0.05851196
GNL3L,0.7404732,0.717356,0.34809658,0.06378468,0.5359251
GNLY,0.00022844328,0.010753159,0.00017354397,0.017034966,0.026909988
GNMT,0.00047225197,0.00745555,8.571916e-05,0.10410274,0.008823695
GNPAT,0.1757995,0.04283463,0.22536612,0.060105376,0.017273283
GNPDA1,0.16027291,0.016432624,0.3052897,0.030818716,0.019033883
GNPDA2,0.0003911865,0.0123663535,0.00021476463,0.01133714,0.0220257
GNPNAT1,0.13751301,0.08884399,0.39221573,0.032661267,0.055543326
GNPTAB,0.00077717646,0.034479063,0.00019384538,0.024222368,0.091473505
GNPTG,0.00015845404,0.0045106793,0.00024372153,0.012257511,0.0059284777
GNRH1,0.0015950729,0.013507563,8.8030596e-05,0.014806866,0.037529893
GNRH2,0.00018365144,0.0028731795,0.00017354397,0.017034966,0.0044211564
GNS,0.0766678,0.023947831,0.10915775,0.0252768,0.031022029
GOLGA2,0.23673639,0.106522016,0.18745278,0.4187959,0.015076678
GOLGA3,0.000250037,0.018255735,6.853865e-05,0.035938375,0.01174605
GOLGA4,0.000705046,0.08681202,0.00014830439,0.07876725,0.03989746
GOLGA5,0.0011006697,0.008025425,0.00017670402,0.024101408,0.017689051
GOLGA7,0.0008416076,0.100377835,0.00039498135,0.023225589,0.14369555
GOLGA7B,0.00469179,0.01805662,0.0008231056,0.01804367,0.022722749
GOLGA8N,0.05030052,0.01627698,0.0628893,0.01804367,0.031872198
GOLGB1,0.35538396,0.1541965,0.25027925,0.081642725,0.06512013
GOLIM4,0.00053248124,0.007160829,0.00053690677,0.027054181,0.013775249
GOLM1,0.011983694,0.025017854,0.0076240413,0.05400348,0.0137522705
GOLM2,0.005247656,0.0037364494,0.0628893,0.01804367,0.012267191
GOLPH3,0.00023473239,0.013408181,9.190428e-05,0.042580854,0.016209517
GOLPH3L,0.00044053508,0.03529615,0.00012820303,0.0223549,0.04979165
GOLT1A,0.006431841,0.013296497,0.0044614617,0.01804367,0.031793382
GOLT1B,0.19946778,0.057511795,0.10033646,0.023442874,0.09587699
GON4L,0.06365125,0.031801444,0.054202236,0.015479423,0.03808013
GON7,0.00047184541,0.0018817345,0.0628893,0.01804367,0.008946884
GOPC,0.0010354458,0.07676977,0.00015195955,0.07915878,0.014797978
GORAB,0.0008884286,0.07488302,0.00077361014,0.08972444,0.08719847
GORASP1,0.119267255,0.034295212,0.2561113,0.04344712,0.0396555
GORASP2,0.00030398867,0.04511178,0.00020416247,0.123659715,0.008924209
GOSR1,0.54013896,0.13973257,0.67376506,0.05625399,0.1958839
GOSR2,0.002928877,0.16573603,0.00012037981,0.06155076,0.20747045
GOT1,0.00059335376,0.009256991,0.00016346299,0.021026954,0.018479213
GOT2,0.5465213,0.3739066,0.16726886,0.07130209,0.19425805
GP1BA,0.00043052793,0.016127665,0.00019187409,0.120051116,0.014437427
GP1BB,0.00033957945,0.027225493,0.00026958375,0.04687113,0.014748735
GP2,0.0012808059,0.059586972,8.1833125e-05,0.022811562,0.08105613
GP5,0.0006251206,0.007417882,0.0005145717,0.019239094,0.013000381
GP9,0.034921747,0.00671943,0.03721446,0.011851088,0.015690418
GPAA1,0.0006915814,0.016089652,0.00010028218,0.023447067,0.015142464
GPAM,0.0010258997,0.017200561,0.00014953953,0.014542438,0.030038124
GPANK1,0.00032522366,0.026074316,0.00022430129,0.038485594,0.025774516
GPAT3,0.006217623,0.005201491,0.0628893,0.01804367,0.014420589
GPATCH1,0.11931064,0.0328851,0.23801893,0.013998775,0.052031673
GPATCH2,0.06889476,0.0116455,0.09496405,0.015654534,0.030641085
GPATCH2L,0.00034433266,0.02611227,0.00023484275,0.15219018,0.004015485
GPATCH8,0.00023202908,0.01589326,0.00014796427,0.02572108,0.028868467
GPBAR1,0.009677471,0.007898199,0.0074282177,0.01804367,0.017129665
GPBP1,0.00087493943,0.06026847,0.00020362083,0.028792977,0.0705938
GPBP1L1,0.00077776617,0.018101862,0.0001327563,0.011722919,0.08072082
GPC1,0.07883731,0.008646818,0.20370564,0.024410563,0.014181437
GPC2,0.00016263712,0.0029716343,0.0008983056,0.028982447,0.009700343
GPC3,0.00020167262,0.007302477,0.00015986069,0.015639134,0.018190978
GPC6,0.0011371255,0.0024856392,0.009653723,0.01804367,0.0058558206
GPCPD1,0.0014083385,0.039131902,0.0011036841,0.008382098,0.10386598
GPD1,0.13605574,0.012381603,0.13900512,0.03404868,0.023451746
GPD1L,0.0002007881,0.010774637,0.00016799662,0.008678562,0.030856784
GPER1,0.0018754124,0.011654192,0.0026844926,0.01804367,0.02252877
GPHA2,0.0008616815,0.001957889,0.0070167705,0.018257927,0.00853915
GPHN,0.00035652696,0.034688625,0.00015234009,0.049953785,0.014538394
GPI,0.44741324,0.06993126,0.3082952,0.024526373,0.120206185
GPKOW,0.0014154466,0.10791366,0.00013126116,0.09566302,0.07873998
GPLD1,0.0008015144,0.016856235,0.00034187877,0.024707714,0.040851217
GPM6B,0.0011461148,0.01278128,0.00015600512,0.02435605,0.028730547
GPN1,0.11606813,0.03569011,0.056456022,0.07516487,0.035594787
GPN2,0.0013156157,0.08110209,0.00042461028,0.017034966,0.12965775
GPN3,0.64144987,0.6198509,0.3012289,0.08805134,0.677336
GPNMB,0.00013488442,0.0014117197,0.00021213845,0.027054181,0.008682079
GPR101,0.005975261,0.013839112,0.030980935,0.01804367,0.023753436
GPR107,0.0005766826,0.019655688,0.000836027,0.023442874,0.019970126
GPR108,0.0002862192,0.011163361,0.00021170563,0.03035653,0.011661785
GPR119,0.0008051981,0.0072246124,0.00021180334,0.023442874,0.013221255
GPR12,0.00029078784,0.0075589395,0.0005475017,0.016337538,0.0078244945
GPR132,0.0067655393,0.036088653,0.0011056472,0.01804367,0.12909871
GPR137,0.00067713164,0.0020296017,0.005436196,0.01804367,0.003944088
GPR137B,0.0016770414,0.007323909,0.001123716,0.01804367,0.0071232296
GPR137C,0.0022628824,0.01585759,0.0011028401,0.01804367,0.036044773
GPR139,0.011845817,0.0128333755,0.0074676056,0.01804367,0.02453661
GPR141,0.00076078804,0.008034754,0.00487406,0.01804367,0.015985226
GPR142,0.0010017186,0.005793623,0.0011379778,0.016529309,0.008924739
GPR143,0.00036881425,0.012758515,0.00024637915,0.009173206,0.011371933
GPR146,0.0033121502,0.0073590307,0.033608325,0.01804367,0.018417472
GPR148,0.002026849,0.007385166,0.0052615036,0.01804367,0.015190854
GPR149,0.0035081229,0.009183669,0.0014562204,0.01804367,0.01178286
GPR150,0.0017544966,0.011120812,0.007322446,0.01804367,0.028155318
GPR151,0.0018276576,0.008023952,0.008138169,0.028982447,0.024875527
GPR152,0.0019892901,0.019750753,0.008187627,0.01804367,0.017257627
GPR153,0.0015731984,0.02460633,0.0007084693,0.041682776,0.019942764
GPR155,0.0008927657,0.014661443,0.00019207325,0.023442874,0.025989972
GPR156,0.004493864,0.006112648,0.012319559,0.01804367,0.018292775
GPR158,0.0010690754,0.008414039,0.0005629795,0.013998775,0.033940386
GPR160,0.002082957,0.005787768,0.008424772,0.01804367,0.011489948
GPR161,0.00037800425,0.0119136525,0.00035845526,0.038034912,0.036754135
GPR173,0.0022759833,0.014318109,0.0062752822,0.01804367,0.021497281
GPR174,0.001277121,0.009460697,0.016235884,0.01804367,0.016772518
GPR176,0.0005397815,0.024143497,0.00087989704,0.023442874,0.046896722
GPR179,0.00021746603,0.0045831897,0.0006986777,0.023442874,0.012535744
GPR18,0.00051147287,0.016488539,0.00029820827,0.008382098,0.020251298
GPR180,0.0018398681,0.009407825,0.0059523387,0.01804367,0.016243389
GPR182,0.0010347043,0.008143163,0.00090418826,0.01804367,0.012359635
GPR183,0.00034764924,0.008505097,0.00042997918,0.008678562,0.019748308
GPR19,0.006175799,0.0025433963,0.005303276,0.01804367,0.009248402
GPR20,0.00040084467,0.0075034006,0.00052873435,0.0698648,0.017245453
GPR21,0.0012159692,0.023861881,0.00028109318,0.022973275,0.047446117
GPR22,0.0006540022,0.01716517,0.00023638294,0.02591231,0.043109406
GPR25,0.0010242971,0.087860845,0.00025141728,0.024688635,0.09035321
GPR26,0.0022153566,0.007960624,0.012758341,0.028982447,0.026056733
GPR3,0.0011730281,0.08173956,0.0013492897,0.037554912,0.07562595
GPR31,0.001657972,0.0064937556,0.0009170889,0.01804367,0.0062165274
GPR34,0.0018664978,0.011928362,0.0046327757,0.01804367,0.023944994
GPR35,0.009908354,0.0026192276,0.008511118,0.01804367,0.0063302326
GPR37,0.0005084889,0.04045495,0.00023607683,0.02504491,0.027584737
GPR37L1,0.00089623535,0.0039838892,0.0025564656,0.020951219,0.01228225
GPR39,0.00072526175,0.010841559,0.0005452517,0.008382098,0.03676689
GPR4,0.00067834853,0.0068711992,0.014741891,0.01804367,0.013559113
GPR45,0.00062920095,0.0114240935,0.00015797114,0.09107199,0.010864363
GPR50,0.00046553955,0.007617042,0.00039116075,0.031780463,0.007589622
GPR52,0.016826777,0.03121578,0.007544017,0.01804367,0.03957793
GPR55,0.0014414137,0.009724204,0.0052983356,0.01804367,0.0087246
GPR6,0.007744181,0.014515805,0.0019592918,0.01804367,0.010290321
GPR61,0.06011104,0.0063252375,0.195943,0.017034966,0.024961077
GPR62,0.0031455338,0.010140214,0.0115523925,0.01804367,0.03789242
GPR63,0.0004515583,0.03487958,0.00023257438,0.024041327,0.050888967
GPR65,0.0011425165,0.007794917,0.0058424748,0.01804367,0.009997092
GPR75,0.004258249,0.009327568,0.00050608086,0.01804367,0.030138839
GPR78,0.0013794866,0.019861564,0.0009209803,0.017034966,0.03474115
GPR82,0.005540009,0.0054615433,0.0052615036,0.01804367,0.02651457
GPR83,0.0025490895,0.0049118106,0.0101516545,0.01804367,0.017986575
GPR84,0.0026785757,0.010231132,0.0072710956,0.01804367,0.02826059
GPR85,0.0017436226,0.020064175,0.0031458251,0.01804367,0.046068165
GPR87,0.0017053091,0.0049393843,0.018885076,0.01804367,0.014369431
GPRASP1,0.00024358633,0.04520532,0.00015900012,0.057067845,0.025838545
GPRC5A,0.0007282249,0.009925167,5.6053585e-05,0.023442874,0.021659622
GPRC5B,0.5476969,0.3246992,0.6697304,0.026462918,0.36316222
GPRC5C,0.13877594,0.022030765,0.056930363,0.027808795,0.028707258
GPRC5D,0.0037539797,0.007964259,0.000515459,0.01804367,0.015870187
GPRC6A,0.003545829,0.044936933,0.011298631,0.01804367,0.06551234
GPRIN1,0.0029538737,0.010685694,0.0005518098,0.01804367,0.010636185
GPRIN2,0.00062460185,0.033307817,0.00012559701,0.008154752,0.014359716
GPRIN3,0.00545649,0.0023964015,0.010318579,0.01804367,0.002798536
GPS1,0.0008690316,0.14502573,0.0002600808,0.0604383,0.09131708
GPS2,0.0010709689,0.035280153,0.00021239891,0.24332994,0.01727329
GPSM1,0.0004962518,0.014568839,0.0003597135,0.021028263,0.0135174785
GPSM2,0.7871602,0.21523084,0.51997536,0.103328735,0.34817111
GPSM3,0.00034158296,0.020203535,0.00021306176,0.022231713,0.02482641
GPT,0.00041514635,0.022128347,0.0006056469,0.067554004,0.01445554
GPT2,0.0003203392,0.020586627,0.00012573757,0.047193654,0.011985761
GPX1,0.11449799,0.011787775,0.29602733,0.0663656,0.021212708
GPX1,0.11449799,0.011787775,0.29602733,0.0663656,0.021212708
GPX2,0.0007309424,0.008819276,0.0003220927,0.057006508,0.009055439
GPX3,0.00011896639,0.0026984506,9.290225e-05,0.020951219,0.0044994242
GPX3,0.00011896639,0.0026984506,9.290225e-05,0.020951219,0.0044994242
GPX4,0.8837545,0.85526127,0.70855594,0.037062395,0.8138172
GPX4,0.8837545,0.85526127,0.70855594,0.037062395,0.8138172
GPX7,0.0004117788,0.013938772,0.00095782307,0.013307749,0.015908698
GPX8,0.00064572156,0.025279986,0.00020918026,0.023442874,0.036210652
GRAMD1A,0.00036324863,0.008778847,0.00011038705,0.009077163,0.0100511685
GRAMD1C,0.0006573012,0.021082591,0.00026132632,0.009380428,0.033820435
GRAMD2A,0.0033891888,0.006732249,0.0628893,0.01804367,0.014795399
GRAMD2B,0.012009331,0.024174944,0.0628893,0.01804367,0.074796736
GRAMD4,0.0004573861,0.007489153,0.00022617416,0.1012721,0.0098860655
GRAP,0.00061556103,0.040690403,0.00079686515,0.053090177,0.112096414
GRAP2,0.1703689,0.025584891,0.27978846,0.07174833,0.017551484
GRB10,0.00019512359,0.016002357,0.0003862904,0.049465206,0.012924761
GRB14,0.001073721,0.091361254,0.0002621991,0.0437502,0.05349285
GRB2,0.78471226,0.7497005,0.7146151,0.54829013,0.6003212
GRB7,0.16439435,0.06178764,0.22218172,0.04394531,0.019968787
GREB1,0.013727555,0.0032113667,0.006298011,0.01804367,0.0053503057
GREM1,0.00048503978,0.015522385,0.00058313005,0.012576047,0.04436929
GREM2,0.00019840713,0.009029986,0.00040865547,0.013398572,0.017559016
GRHL2,0.31887016,0.30180237,0.29557523,0.0663656,0.28849986
GRHL3,0.00056883635,0.018487068,0.00025767897,0.009077163,0.01605245
GRHPR,0.0009891122,0.025162842,8.737051e-05,0.028792977,0.03268437
GRIA1,0.00071952643,0.044120256,0.00012135116,0.10032848,0.037834357
GRIA2,0.00062671,0.03121616,0.00030523134,0.03711263,0.048299115
GRIA3,0.00040149712,0.008489325,0.0001393064,0.02372016,0.015336489
GRIA4,0.0005620699,0.022381902,0.00013889985,0.013923384,0.027110813
GRID1,0.0015602324,0.02784463,0.00014470085,0.022974111,0.039164744
GRID2,0.0021865738,0.020213703,8.132428e-05,0.017028475,0.045640744
GRID2IP,0.00069042965,0.025295058,0.0003487392,0.03158699,0.02290421
GRIK1,0.0026550575,0.079979055,0.00018437114,0.055746976,0.10838266
GRIK2,0.00041330486,0.028233688,0.00016738632,0.0225043,0.012453224
GRIK3,0.0006483479,0.020844733,0.00039106625,0.030818716,0.02675605
GRIK4,0.000643451,0.010184467,0.00018100081,0.011959312,0.0072267125
GRIK5,0.14726414,0.012227607,0.2099987,0.008154752,0.02540531
GRIN1,0.042625327,0.014189118,0.19805081,0.10949398,0.01125856
GRIN2A,0.0016164344,0.023580931,0.00013897418,0.051123098,0.027123319
GRIN2B,0.00036242764,0.02477349,0.0004857493,0.09076232,0.021164516
GRIN2C,0.0002934014,0.0053196284,0.00019013719,0.03164842,0.0056565306
GRIN2D,0.0007356279,0.0118059525,0.00012083363,0.09070068,0.009493499
GRIN3A,0.00040381655,0.024448667,0.00030600786,0.0297165,0.020736562
GRIN3B,0.00039137414,0.00495688,0.00087493064,0.023416264,0.006152074
GRINA,0.0007117192,0.004971705,0.0075391917,0.01804367,0.0042131185
GRIP1,0.0008393616,0.07576796,0.00013910039,0.09643027,0.031610064
GRIPAP1,0.07487579,0.04038468,0.1699274,0.08031579,0.016221376
GRK2,0.012906427,0.0064575337,0.0628893,0.01804367,0.037717715
GRK2,0.012906427,0.0064575337,0.0628893,0.01804367,0.037717715
GRK3,0.017724605,0.010768377,0.0628893,0.01804367,0.019939603
GRK4,0.0006450222,0.013044575,0.0007165703,0.038368754,0.010682337
GRK5,0.082059726,0.05777561,0.26263103,0.2814532,0.009765507
GRK6,0.6515931,0.24759425,0.40326557,0.12688842,0.15757182
GRK7,0.00089870323,0.02307686,0.00014697699,0.034017965,0.03173874
GRM1,0.00056627765,0.033164147,7.683562e-05,0.06573006,0.019940872
GRM2,0.077568084,0.005468935,0.18700267,0.00962478,0.012394585
GRM3,0.0022227205,0.061973017,0.0009357513,0.014914621,0.04645424
GRM4,0.0005447904,0.01842741,0.0009823748,0.046359513,0.006202271
GRM5,0.0012484976,0.10227399,0.00024130734,0.035744585,0.038578242
GRM6,0.002401995,0.0058358037,0.00018554516,0.020931523,0.036308706
GRM7,0.00062824314,0.030444587,0.00019012125,0.069421805,0.013209047
GRN,0.00067651307,0.07174019,0.00013328268,0.042349454,0.07274068
GRPEL1,0.0007343786,0.023925694,0.00010184764,0.024526373,0.055147484
GRPEL2,0.00040216153,0.016536519,0.00023136765,0.021392673,0.039487656
GRPR,0.010202176,0.00684427,0.016208848,0.01889102,0.028649736
GRSF1,0.0012510112,0.059468154,0.00026696638,0.037789285,0.0770448
GRWD1,0.0011770283,0.043562885,0.00029319362,0.081642725,0.051002257
GRXCR2,0.005769372,0.028930292,0.0047137565,0.01804367,0.06754489
GSAP,0.00050157594,0.016624596,0.00015359344,0.017034966,0.039002568
GSC,0.19857265,0.019975306,0.22191888,0.011185222,0.026934665
GSDMA,0.0009888286,0.008422167,0.00027527622,0.023442874,0.018858418
GSDMB,0.00045539037,0.021530671,0.00045056958,0.039135396,0.019752638
GSDMD,0.00012436403,0.0074251634,0.00030440834,0.07357072,0.0054527074
GSDME,0.011635204,0.014643275,0.0628893,0.01804367,0.016369624
GSE1,0.0003790628,0.07709768,0.00017069415,0.13285291,0.04130243
GSK3A,0.12571837,0.049933624,0.38118532,0.047931377,0.03852523
GSK3B,0.51563907,0.5430463,0.43131885,0.14269736,0.08755538
GSKIP,0.00031397247,0.0058388337,0.00052873435,0.008796791,0.014380836
GSN,0.00084255997,0.05021061,0.00010089174,0.032217816,0.035092138
GSPT1,0.18688497,0.13372597,0.2877193,0.06536898,0.13985036
GSPT2,0.00021662128,0.015296842,0.00017029064,0.055746976,0.017910952
GSR,0.0007438808,0.03427064,0.00016184969,0.028792977,0.04548306
GSS,0.00048684,0.028185127,0.0003693998,0.036235023,0.031418946
GSTA1,0.00083230063,0.055822764,6.4638974e-05,0.027204618,0.05162242
GSTA3,0.20299855,0.03799449,0.0882293,0.008678562,0.081106976
GSTA4,0.00022755505,0.0075588115,7.4166855e-05,0.010313249,0.021934967
GSTK1,0.045163818,0.02163479,0.14672923,0.08475719,0.012394707
GSTM1,0.0010706481,0.044349156,0.00030523134,0.011245472,0.05544359
GSTM2,0.07424651,0.018633971,0.14449386,0.027808795,0.02091667
GSTM3,0.00052404834,0.029295813,0.00021862819,0.040572207,0.021533022
GSTM4,0.00011689371,0.014534643,0.00029940106,0.099410556,0.012561607
GSTO1,0.0016486901,0.017505636,0.00014839522,0.06069709,0.0715358
GSTO1,0.0016486901,0.017505636,0.00014839522,0.06069709,0.0715358
GSTO2,0.0012730828,0.011536939,0.00031557318,0.10439912,0.014079802
GSTO2,0.0012730828,0.011536939,0.00031557318,0.10439912,0.014079802
GSTP1,0.0005246961,0.052336365,0.0006169342,0.14624856,0.036663175
GSTT2B,0.0010471222,0.0074495464,0.0016533541,0.018257927,0.017613381
GSTZ1,0.00031708047,0.0104450565,0.00012650015,0.046951883,0.009101781
GSX1,0.0009155675,0.0076793768,0.008753279,0.01804367,0.017998274
GSX2,9.982212e-05,0.005277485,0.0020587514,0.022068124,0.015113563
GTDC1,0.00063077465,0.005492644,0.0007296563,0.017034966,0.023068998
GTF2A1,0.0004300667,0.027379353,0.00017663412,0.0819942,0.031350043
GTF2A1L,0.50766397,0.22328435,0.39368397,0.11849734,0.24507083
GTF2A2,0.25968575,0.08425215,0.30989406,0.03972294,0.19445838
GTF2B,0.29812768,0.13998441,0.11643204,0.060287282,0.107419856
GTF2E1,0.51912546,0.26308373,0.2630579,0.06032559,0.110803716
GTF2E2,0.9240442,0.7823336,0.35677192,0.15321368,0.7851091
GTF2F1,0.12463191,0.039360017,0.27627,0.13667521,0.04053562
GTF2F2,0.00082177925,0.08381401,0.00013296558,0.15242924,0.17250018
GTF2H1,0.5833939,0.43727788,0.5874768,0.18256636,0.46537605
GTF2H3,0.0024260588,0.22172536,0.0002390533,0.079806276,0.22456862
GTF2H4,0.63660926,0.46720147,0.41041702,0.18135794,0.3693044
GTF2H5,0.07030422,0.013175707,0.3835655,0.102077104,0.014811414
GTF2I,0.00046232517,0.05311073,0.00015673676,0.1192726,0.033018894
GTF2IRD1,0.0005237255,0.008237223,6.974329e-05,0.066811405,0.011955069
GTF3A,0.000273063,0.019544648,0.00023261097,0.024358278,0.025903082
GTF3C1,0.0008510359,0.06207057,0.0006766759,0.10069708,0.042632777
GTF3C2,0.00037317447,0.027244221,0.00021625354,0.08031579,0.02627601
GTF3C3,0.07343846,0.04134061,0.13966368,0.08407556,0.05056047
GTF3C4,0.10766039,0.103701256,0.14323188,0.08671985,0.10271895
GTF3C5,0.19212821,0.17443395,0.2286586,0.08179511,0.11597865
GTF3C6,0.00253725,0.118000865,0.0005781485,0.05061941,0.092202544
GTPBP1,0.00036987072,0.012639206,7.4166855e-05,0.040722523,0.024264202
GTPBP10,0.0017412581,0.04400531,0.00023264045,0.036598153,0.067106634
GTPBP3,0.00058626616,0.036688942,9.1695416e-05,0.03770934,0.021199184
GTPBP4,0.47868654,0.42989892,0.16605414,0.14218232,0.35394412
GTPBP8,0.03686449,0.05004303,0.0034294133,0.01804367,0.05168926
GTSE1,0.18441953,0.15434183,0.23517118,0.0525859,0.11537876
GTSF1,0.00087909464,0.02040586,0.00034384846,0.023442874,0.085446134
GUCA1C,0.0028889615,0.01798899,0.015553435,0.01804367,0.05350553
GUCA2A,0.000639161,0.05247935,0.00017635575,0.028982447,0.07744327
GUCD1,0.00040081068,0.019157631,0.00013951962,0.039135396,0.018142048
GUCY1A2,0.00029705677,0.019355506,0.00015827481,0.047585517,0.017859884
GUCY2C,0.00038777583,0.0049625062,0.000444886,0.019652918,0.015261444
GUCY2D,0.0005062992,0.00715986,0.00031125764,0.03691108,0.0097628
GUF1,0.0010196845,0.03672366,0.00020290937,0.041682776,0.03902468
GUK1,0.0029752757,0.08642756,0.0006989784,0.030808024,0.16977802
GULP1,0.00061663,0.022913294,9.572294e-05,0.047585517,0.021825522
GUSB,0.0009254889,0.00907788,7.929101e-05,0.047569454,0.015111108
GXYLT1,0.0004037507,0.007500213,0.00011966828,0.010767184,0.014795551
GXYLT2,0.0013055246,0.004948615,0.00090418826,0.01804367,0.009150164
GYG1,0.0012095533,0.026162384,0.000854846,0.022286717,0.036754116
GYG2,0.0002772826,0.006548307,0.0001891326,0.07801109,0.007555285
GYPA,0.00053071335,0.0064181914,0.00073421944,0.009690155,0.023457993
GYPC,0.0010175457,0.013173488,0.00016776915,0.01992266,0.035033956
GYS1,0.00060691906,0.045407973,0.00015416715,0.08194977,0.027518727
GZF1,0.0005582357,0.009176601,0.0003215803,0.01146169,0.017181097
GZMA,0.0011322006,0.15722957,0.00018675013,0.08867768,0.076027796
GZMB,0.551587,0.19396517,0.59305406,0.33269605,0.07767177
GZMK,0.0032358018,0.03524192,0.0003331952,0.027190577,0.04546977
GZMM,0.00017833931,0.009736656,0.00034429476,0.080213815,0.011426049
H10,0.00025094286,0.0002909631,0.0628893,0.01804367,0.00028143427
H110,0.00025094286,0.0002909631,0.0628893,0.01804367,0.00028143427
H12,0.00025094286,0.0002909631,0.0628893,0.01804367,0.00028143427
H13,0.00025094286,0.0002909631,0.0628893,0.01804367,0.00028143427
H13,0.00025094286,0.0002909631,0.0628893,0.01804367,0.00028143427
H14,0.00025094286,0.0002909631,0.0628893,0.01804367,0.00028143427
H18,0.00025094286,0.0002909631,0.0628893,0.01804367,0.00028143427
H2AC1,0.00843165,0.015927006,0.0628893,0.01804367,0.015541057
H2AC11,0.0039158445,0.0101868175,0.0628893,0.01804367,0.026910296
H2AC12,0.06301247,0.014128603,0.0628893,0.01804367,0.05093644
H2AC25,0.0026741363,0.004382372,0.0628893,0.01804367,0.011228185
H2AC8,0.009427273,0.004762949,0.0628893,0.01804367,0.012892741
H2AJ,0.019467022,0.010995002,0.0628893,0.01804367,0.032152493
H2AX,0.06499992,0.14405027,0.0628893,0.01804367,0.08997057
H2AZ1,0.00624599,0.024230052,0.0628893,0.01804367,0.030278709
H2AZ2,0.019621762,0.004038363,0.0628893,0.01804367,0.010945811
H2BC17,0.0035516836,0.0031651815,0.0628893,0.01804367,0.011765034
H2BC18,0.011528112,0.006401431,0.0628893,0.01804367,0.016625749
H2BC6,0.01716233,0.046728205,0.0628893,0.01804367,0.07001475
H2BC7,0.001694716,0.005419554,0.0628893,0.01804367,0.010713025
H2BC8,0.0034884135,0.0045007337,0.0628893,0.01804367,0.0045332857
H33B,0.00025094286,0.0002909631,0.0628893,0.01804367,0.00028143427
H35,0.00025094286,0.0002909631,0.0628893,0.01804367,0.00028143427
H3C10,0.0016241813,0.0049897097,0.0628893,0.01804367,0.0060235104
H3C4,0.0019003811,0.0069068205,0.0628893,0.01804367,0.03900052
H3C6,0.006276531,0.015890993,0.0628893,0.01804367,0.016469589
H3C7,0.005133361,0.0032829328,0.0628893,0.01804367,0.014136754
H3C8,0.0022886144,0.003510339,0.0628893,0.01804367,0.00832641
H4C1,0.00075887865,0.0016720368,0.0628893,0.01804367,0.0023025277
H4C16,0.013245812,0.01290291,0.0628893,0.01804367,0.011840828
H4C5,0.0018708888,0.0035938108,0.0628893,0.01804367,0.010343468
H4C6,0.032839146,0.016233684,0.0628893,0.01804367,0.031021768
H4C7,0.00975974,0.009043095,0.0628893,0.01804367,0.01774608
H4C8,0.0076199053,0.006625804,0.0628893,0.01804367,0.016375
HAAO,0.0001608854,0.006893665,0.00011070688,0.025175512,0.007644358
HABP2,0.0002268988,0.013517846,0.0009974331,0.019230777,0.011917997
HABP4,0.00063290884,0.07170785,0.00012973842,0.10160875,0.0236188
HACD1,0.001140595,0.00665679,0.018805407,0.01804367,0.0065692947
HACD2,0.00039871183,0.025989294,0.00015421405,0.0123439105,0.026504736
HACD3,0.08298683,0.030385802,0.19164161,0.04754783,0.009667719
HACE1,0.091552176,0.024147568,0.08113318,0.047569454,0.048208617
HACL1,0.00047702307,0.014467338,0.00021461377,0.022454023,0.031156115
HADH,0.0018062099,0.026302557,0.0004083953,0.034087338,0.056907993
HADHA,0.0004997575,0.026184455,0.00012710835,0.07621041,0.026992189
HADHB,0.0005365507,0.024308495,0.00012943061,0.10379852,0.030451724
HAGH,0.4575486,0.14080983,0.3015688,0.09710315,0.25758725
HAGHL,0.0011720932,0.0072163716,0.00030823873,0.023442874,0.016464207
HAL,0.10278708,0.015020081,0.08160697,0.008678562,0.0391167
HAMP,0.09035004,0.01589617,0.15325677,0.010303198,0.03974886
HAND1,0.00030746096,0.021971408,0.00018698178,0.039369363,0.0071496707
HAND2,0.00043268592,0.03131195,0.00013810124,0.055753663,0.01931827
HAO2,0.0015791504,0.013786246,0.00017445814,0.008849316,0.018447513
HAP1,0.00026612447,0.03184103,0.0003342365,0.051732752,0.02979095
HAPLN1,0.0004591273,0.01936371,6.819358e-05,0.028389448,0.028359449
HAPLN3,0.0016442905,0.011763095,0.000945098,0.01804367,0.023561545
HARBI1,0.0017704354,0.008753026,0.0041610207,0.01804367,0.016649958
HARS1,0.040397093,0.072710775,0.0628893,0.01804367,0.10939313
HARS2,0.00041979752,0.05022585,7.976135e-05,0.0123439105,0.054573365
HAS1,0.00089581835,0.017271347,0.000696224,0.06389214,0.0609383
HAS2,0.0055264207,0.012444765,0.0045433696,0.01804367,0.021643782
HAS3,0.00048564628,0.015280518,0.00013978448,0.023442874,0.023497611
HASPIN,0.0039240792,0.004779582,0.0628893,0.01804367,0.017251022
HAT1,0.001392413,0.09529198,0.00024725337,0.09361887,0.037046906
HAUS1,0.00030195172,0.025484934,0.00018970728,0.08972119,0.01958226
HAUS2,0.0006644489,0.020521032,0.00019694264,0.010767184,0.058975756
HAUS3,0.00016565388,0.021699443,0.00034220828,0.025456108,0.03217344
HAUS4,0.121780455,0.05977593,0.194542,0.010057129,0.0740663
HAUS5,0.0005355283,0.040672697,0.00035946682,0.025237117,0.060747508
HAUS6,0.0012960642,0.027277533,0.0003910202,0.09414992,0.022272808
HAUS7,0.0007105122,0.08355159,7.074322e-05,0.011245472,0.17859222
HAUS8,0.0001716581,0.037072115,6.914841e-05,0.050619364,0.05155447
HAVCR1,0.00016061272,0.0045696157,0.00047614946,0.012576047,0.009060173
HAVCR2,0.0009895609,0.0133008575,0.00016354359,0.05061941,0.020481551
HAX1,0.00047883808,0.031172194,0.00040432517,0.07803779,0.018954761
HBB,0.00048037505,0.013752121,0.0002321459,0.013933608,0.008603932
HBD,0.0006323282,0.013188645,0.0010782733,0.015639134,0.009119056
HBE1,0.00026501343,0.022739913,0.0004925616,0.04512852,0.023354223
HBEGF,0.0008911878,0.04845304,0.00012156715,0.012855509,0.049213525
HBM,0.0020701657,0.012073955,0.00090418826,0.01804367,0.014321816
HBP1,0.15557267,0.022653632,0.1675698,0.0766543,0.028210208
HBS1L,0.4706743,0.38034174,0.2222559,0.06696403,0.4182557
HBZ,0.00056413165,0.0505651,0.00018361327,0.08216916,0.02441644
HCAR1,0.06226784,0.09050889,0.08795358,0.01804367,0.19785619
HCAR2,0.0018982945,0.0104319155,0.0064627826,0.01804367,0.008391838
HCCS,0.14782888,0.050647452,0.10070381,0.023442874,0.07726246
HCFC1,0.1076879,0.09457714,0.1159087,0.09176246,0.064954795
HCFC1R1,0.0003946074,0.02256673,0.00019336173,0.06691829,0.056057714
HCFC2,0.001557376,0.013651428,0.00016036283,0.059433043,0.04617178
HCK,0.723792,0.74700356,0.41686654,0.20399636,0.46609545
HCLS1,0.00037589218,0.019648377,0.00014953953,0.041857745,0.01925595
HCN2,0.0001978806,0.0046723727,0.00038860957,0.035169657,0.0064822603
HCN3,0.030552333,0.010822527,0.039806113,0.009077163,0.026081208
HDAC1,0.74631095,0.69115007,0.43131885,0.32497138,0.277655
HDAC10,0.0033192064,0.16609527,0.00014534693,0.10872992,0.04597864
HDAC11,0.0014084848,0.035869267,0.00026098618,0.02572108,0.02706199
HDAC2,0.7144295,0.6733688,0.59479094,0.29532364,0.33765593
HDAC3,0.095495395,0.07387534,0.05166228,0.23131253,0.057905484
HDAC4,0.22836097,0.16537057,0.11497786,0.26009715,0.03344562
HDAC5,0.050916053,0.035934534,0.257979,0.4419739,0.0036618742
HDAC6,0.12395484,0.051534157,0.16576387,0.19283855,0.026693692
HDAC7,0.19622023,0.092306726,0.37680364,0.33269605,0.041854933
HDAC8,0.00027234305,0.023162207,9.959812e-05,0.2555945,0.027514938
HDAC9,0.08364369,0.04020135,0.20613687,0.17786688,0.019416714
HDC,0.0009046014,0.016794842,0.00031946693,0.03940597,0.056707397
HDDC2,0.0006600086,0.010863896,0.00015797114,0.023442874,0.019264266
HDDC3,0.0004898275,0.0059239045,0.0003239355,0.088859566,0.0058697215
HDGF,0.33209246,0.10815085,0.23982449,0.049990743,0.061179943
HDGFL1,0.002639986,0.0053843074,0.009492104,0.01804367,0.0025475125
HDGFL2,0.0029290037,0.003103899,0.0628893,0.01804367,0.009564923
HDHD2,0.0004176401,0.019996624,0.0002482952,0.070368364,0.013066468
HDHD3,0.0008352793,0.011405955,0.0003624997,0.026462918,0.024698982
HDHD5,0.018720029,0.018081633,0.0628893,0.01804367,0.066597894
HDLBP,0.0007628949,0.023621421,6.5320026e-05,0.06504623,0.035778154
HDX,0.00091658486,0.015907265,0.00021170563,0.019431824,0.019180596
HEATR1,0.08507184,0.061429758,0.11934928,0.04354087,0.041345276
HEATR3,0.0007149179,0.0424339,0.0005934609,0.025784176,0.15161626
HEATR5B,0.0006801109,0.0066328538,0.00015797114,0.023442874,0.007666405
HEATR6,0.00047616372,0.019394657,0.00019651721,0.06691829,0.04746226
HEBP1,0.00042357817,0.016010543,0.0002670695,0.023442874,0.021574369
HEBP2,0.06526557,0.004828276,0.15638489,0.032661267,0.009729284
HECA,0.0006448062,0.003547683,0.0024853603,0.01804367,0.009051774
HECTD1,0.0006402578,0.022447089,0.000118113436,0.023447067,0.05052507
HECTD2,0.0009092882,0.040835414,0.00017727562,0.023442874,0.05888095
HECTD3,0.11762894,0.018792646,0.29545352,0.04095821,0.013778766
HECW1,0.00069216825,0.04951925,0.00022087891,0.08261023,0.019829424
HECW2,0.00037435335,0.012611819,0.00018369907,0.052283734,0.012030407
HEG1,0.0011578442,0.009783492,0.00015827481,0.023442874,0.019989971
HELB,0.0005339658,0.011671895,0.0001657373,0.11202266,0.014699276
HELLS,0.00037100413,0.050076455,0.0001775451,0.18898353,0.03355599
HELQ,0.0029077467,0.023113579,0.00013710209,0.012012098,0.026607929
HELZ,0.00089176546,0.038867526,0.00016625805,0.070112325,0.058040183
HELZ2,0.00053265836,0.038449574,0.00022087891,0.09710315,0.03219495
HEMGN,0.0005295118,0.017283905,0.00022617416,0.016337538,0.05624002
HEMK1,0.08578559,0.007864341,0.06471599,0.009077163,0.015278882
HENMT1,0.00049895805,0.019042699,0.00031008828,0.026462918,0.024227628
HEPACAM,0.0050634467,0.0065256823,0.00072702114,0.01804367,0.011502564
HEPACAM2,0.0018537845,0.017258542,0.0014611335,0.01804367,0.023526972
HEPH,0.03219794,0.049419735,0.0016108267,0.01804367,0.10283934
HERC1,0.000957314,0.06335143,9.338294e-05,0.013710812,0.06344094
HERC2,0.00055347034,0.03458649,0.00012387593,0.1860398,0.0137995295
HERC3,0.00093567016,0.07684649,0.00013080808,0.13028966,0.042802077
HERC4,0.0004213726,0.03600451,6.822916e-05,0.02572108,0.04227464
HERC5,0.0863362,0.029613754,0.1343603,0.1731381,0.033224273
HERC6,0.0006754884,0.008931237,0.00015353618,0.025208088,0.008405645
HERPUD1,0.40389934,0.12774391,0.21710826,0.05726709,0.060707662
HES1,0.00023378427,0.017973388,8.351061e-05,0.18022385,0.00635154
HES4,0.0005960384,0.04830319,0.0001988355,0.09184084,0.02160303
HES5,0.15904298,0.0171123,0.10283951,0.011722919,0.022743704
HES6,0.06188328,0.0069736256,0.08623332,0.011185222,0.020413917
HES7,0.00022963235,0.0038385484,0.00021776855,0.023442874,0.0060098707
HESX1,0.0010812702,0.03310964,0.00026958375,0.022344308,0.038628776
HEXA,0.0002899457,0.012684218,9.770822e-05,0.043702487,0.016678002
HEXA,0.0002899457,0.012684218,9.770822e-05,0.043702487,0.016678002
HEXB,0.00090867234,0.09606428,0.0002815035,0.20555106,0.07577693
HEXIM1,0.0005842887,0.034078367,0.0001894889,0.1163222,0.028468458
HEXIM2,0.00020281112,0.0073524667,0.000152469,0.41074625,0.0072343284
HEY1,0.0013102376,0.04716166,0.00033551452,0.024222368,0.05486622
HEY2,0.0005461458,0.022890177,0.00025182922,0.09883005,0.018333958
HEYL,0.002079944,0.054187242,0.0001400632,0.044195537,0.03777181
HFE,0.0010674574,0.057184786,0.00014237565,0.04512852,0.16292444
HGD,0.0006014775,0.012461537,0.00029099526,0.04825741,0.023778185
HGF,0.09139971,0.026600994,0.20767775,0.040342543,0.018061262
HGFAC,0.000918446,0.013666647,0.00020583246,0.009611286,0.02134729
HGH1,0.00047010442,0.0147021,9.78091e-05,0.06442607,0.008610992
HGS,0.54753137,0.36479092,0.2639867,0.35492384,0.1649229
HGSNAT,0.0031928914,0.012245457,0.0041244836,0.01804367,0.022730416
HHAT,0.00029149372,0.0056522465,8.774732e-05,0.023442874,0.008031038
HHATL,0.565806,0.35376555,0.38794854,0.020951219,0.48395517
HHEX,0.0017522525,0.097379036,0.0002720524,0.046585087,0.103296734
HHLA2,0.0011881969,0.009036397,0.009157587,0.01804367,0.043602955
HIBADH,0.0008817322,0.11089873,0.0002359182,0.02956891,0.05697646
HIBCH,0.075696714,0.015181982,0.16165745,0.024041327,0.017705249
HIC1,0.00056849356,0.03093354,0.000572177,0.03698906,0.021519892
HIC2,0.00066810224,0.098947965,0.00046220535,0.13361792,0.044260673
HID1,0.0005505715,0.062213562,0.0007426667,0.079197906,0.027529307
HIF1A,0.000501867,0.065419294,4.6787634e-05,0.062204275,0.04529435
HIF1AN,0.0007567353,0.08883748,0.00034281253,0.04897601,0.045090124
HIF3A,0.052877422,0.010704468,0.09282136,0.07290339,0.01111699
HIGD1A,0.0006354101,0.050890323,6.598025e-05,0.031780463,0.13717598
HIGD1B,0.0015295874,0.03342289,0.00051085406,0.012576047,0.041595627
HIGD2A,0.4553278,0.11325357,0.4010893,0.017034966,0.1801047
HIKESHI,0.029188229,0.021531515,0.0628893,0.01804367,0.03735511
HILPDA,0.0008097455,0.0090249395,7.320442e-05,0.018289693,0.0205868
HINFP,0.38938925,0.1378441,0.27061343,0.14596972,0.12281577
HINT1,0.000752133,0.07990603,0.00012677957,0.050888,0.053138137
HINT2,0.00227488,0.03248834,0.00027410008,0.013998775,0.028329534
HINT3,0.0006074203,0.014828095,0.00046149633,0.013998775,0.02246075
HIP1,0.00044237848,0.01910637,8.768551e-05,0.0766543,0.006779354
HIP1R,0.0011195345,0.025643034,0.00013368082,0.029799249,0.03797874
HIPK1,0.6607148,0.2667611,0.5327265,0.04354087,0.4711913
HIPK3,0.00082328724,0.12956779,0.00016738632,0.16077095,0.061083894
HIPK4,0.0012418512,0.023647262,0.00019686716,0.02678978,0.07606189
HIRA,0.00039033158,0.052613936,0.00015601508,0.060544442,0.043094624
HIRIP3,0.0011805693,0.026200889,0.00019601457,0.047330294,0.023173053
HIVEP1,0.00047899032,0.030104501,0.00018269851,0.057545327,0.016899925
HIVEP2,0.000295506,0.021278676,0.00045782342,0.06051041,0.013151295
HIVEP3,0.00053012103,0.011502683,0.0002973163,0.039042577,0.026965478
HJURP,0.0008971094,0.10834969,0.00017480682,0.07012308,0.13403182
HK1,0.2943932,0.041654337,0.20987508,0.025810784,0.05686707
HK2,0.4730438,0.30399683,0.4090474,0.10842442,0.29565758
HK3,0.0004923168,0.019626811,0.00014327941,0.061555166,0.015243897
HKDC1,0.0012676138,0.01716426,9.0042835e-05,0.020175396,0.06288103
HLAA,4.899617e-05,0.0002909631,0.00028211394,0.01804367,0.00028143427
HLAB,0.0057051606,0.0002909631,0.26717728,0.01804367,0.00028143427
HLAC,4.5896508e-05,0.0002909631,0.0002646261,0.01804367,0.00028143427
HLADMA,3.5989087e-05,0.0002909631,0.00057363603,0.01804367,0.00028143427
HLADMB,6.251835e-05,0.0002909631,0.0002809343,0.01804367,0.00028143427
HLADOB,0.0024619636,0.0002909631,0.05032401,0.01804367,0.00028143427
HLADPA1,3.7463706e-05,0.0002909631,0.00014163996,0.01804367,0.00028143427
HLADPB1,3.4893303e-05,0.0002909631,0.00016743419,0.01804367,0.00028143427
HLADQA1,3.7463706e-05,0.0002909631,0.00013070884,0.01804367,0.00028143427
HLADQB1,3.7463706e-05,0.0002909631,0.0001233814,0.01804367,0.00028143427
HLADRA,0.0029024885,0.0002909631,0.3808967,0.01804367,0.00028143427
HLADRB1,4.8393427e-05,0.0002909631,0.0002528182,0.01804367,0.00028143427
HLADRB5,0.0046233567,0.0002909631,0.15343699,0.01804367,0.00028143427
HLAE,4.618272e-05,0.0002909631,0.00020312733,0.01804367,0.00028143427
HLAF,3.6638074e-05,0.0002909631,0.0001460109,0.01804367,0.00028143427
HLAG,3.4893303e-05,0.0002909631,0.00014153749,0.01804367,0.00028143427
HLCS,0.00074729195,0.022054112,0.00020657467,0.02844312,0.04621842
HLF,0.0012436511,0.036957618,0.00054400065,0.09414992,0.025886789
HLTF,0.0011228974,0.07267732,0.00022737397,0.07559227,0.03074877
HLX,0.0007297154,0.016294658,0.00021136798,0.027808795,0.016276253
HM13,0.039242677,0.013265564,0.16345964,0.025237117,0.025648998
HMBOX1,0.13777308,0.06013052,0.1674817,0.12216174,0.029215029
HMBS,0.0007088812,0.022810549,0.00012189252,0.011722919,0.024834765
HMCES,0.00097311207,0.01052477,0.00027527622,0.037310082,0.011239907
HMCN1,0.0005311549,0.011356895,0.00046345452,0.023442874,0.043202545
HMG20A,0.00069253705,0.048062325,0.00023465029,0.08660883,0.03699369
HMG20B,0.00060777634,0.051543515,0.00021068005,0.32929215,0.010944609
HMGA1,0.07283115,0.05123154,0.16029295,0.12005239,0.027324963
HMGA2,0.0011302092,0.053108133,0.00026722308,0.044195537,0.03311158
HMGB1,0.056465093,0.030880513,0.069216184,0.062204275,0.022955937
HMGB2,0.00035622885,0.010015953,0.00013862424,0.051209282,0.0071316287
HMGB3,0.00049460324,0.05068758,8.2326e-05,0.044235084,0.1148667
HMGB4,0.0031232776,0.03432443,0.0006037261,0.014542438,0.06663827
HMGCL,0.00036789896,0.006681521,0.00033684602,0.02735076,0.009262682
HMGCR,0.12761582,0.026050549,0.13306955,0.047108807,0.12123481
HMGCS1,0.0008386632,0.04738552,0.000105938896,0.0698648,0.06266049
HMGCS2,0.0005387664,0.00729024,0.00014932493,0.013998775,0.015785368
HMGN1,0.00034114523,0.017230095,0.00011771675,0.041557513,0.021727284
HMGN2,0.05422565,0.04395829,0.2527991,0.04366323,0.0256463
HMGN3,0.00023870323,0.029419985,0.00013782551,0.106096715,0.011805214
HMGN4,0.00048623595,0.018028812,0.00025994593,0.037358787,0.016152417
HMGN5,0.00023792638,0.0064511215,0.00029062515,0.01627669,0.010666652
HMGXB3,0.00029960863,0.011914387,8.266379e-05,0.031919457,0.022791408
HMGXB4,0.00011416734,0.0075044376,0.00019082153,0.010303198,0.0061598253
HMHB1,0.0052577564,0.012833369,0.020972684,0.01804367,0.04732312
HMMR,0.00069141074,0.033291884,0.00040894246,0.05340349,0.033405602
HMOX1,0.0016533871,0.048406098,0.0001609999,0.107956104,0.036841087
HMOX2,0.0004943221,0.038283024,0.00013252598,0.040343333,0.012109024
HMX2,0.001689857,0.005125954,0.0065974207,0.01804367,0.006543538
HMX3,0.00026578695,0.0035542988,0.00013034279,0.09978102,0.014548446
HNF1A,0.00032365334,0.053501774,0.00012123596,0.14402995,0.047967378
HNF1B,0.00067767646,0.030166237,0.00030975527,0.039594263,0.067591466
HNF4A,0.1205489,0.049750824,0.3823946,0.124224514,0.026756179
HNF4G,0.2167012,0.031620957,0.11231504,0.020485349,0.09872183
HNMT,0.0024816322,0.07488778,0.0004396549,0.014542438,0.091175996
HNRNPA0,0.0013141312,0.032438174,0.00015280899,0.067418724,0.013292449
HNRNPA1,0.0014377334,0.19410011,0.0002838839,0.04450586,0.114900276
HNRNPA2B1,0.0008633096,0.1600335,0.00010661394,0.17437568,0.06524783
HNRNPA3,0.0006777366,0.074359074,0.00012727013,0.16774316,0.02869382
HNRNPAB,0.0013438053,0.054481488,0.000118710515,0.046585087,0.07279213
HNRNPC,0.69522715,0.4988312,0.43433243,0.30571717,0.4240253
HNRNPD,0.0009012445,0.11966672,0.00014072587,0.103542745,0.09208702
HNRNPDL,0.00061601325,0.06988975,8.6497086e-05,0.047526326,0.01902665
HNRNPF,0.0004184439,0.06355064,0.000119957906,0.20987579,0.043736476
HNRNPH1,0.0010943672,0.12542155,0.00031138377,0.12210298,0.14756235
HNRNPH2,0.00070556795,0.051835764,0.000765815,0.15611528,0.019904891
HNRNPH3,0.0005852372,0.07818566,0.00012533728,0.08951132,0.088954896
HNRNPK,0.011198393,0.09005725,0.004350139,0.103542745,0.054884605
HNRNPL,0.00084668834,0.13050947,0.0005252115,0.09456731,0.111084506
HNRNPLL,0.0006069127,0.020147061,0.00020171647,0.0389452,0.0115585625
HNRNPM,0.1598101,0.07638667,0.08596763,0.10585832,0.07477151
HNRNPR,0.00034546226,0.027441317,0.0001328191,0.08510875,0.01913624
HNRNPU,0.005498341,0.03744269,0.004367283,0.15338168,0.029221682
HNRNPUL1,0.00046578547,0.05058048,0.0003041916,0.109349534,0.015936261
HNRNPUL2,0.00044327948,0.06835586,0.00021213845,0.09380842,0.034484588
HOMER1,0.25550976,0.05649067,0.25367504,0.03915485,0.037750762
HOMER2,0.0008863317,0.017404778,0.0008589137,0.06504623,0.015375134
HOMER3,0.0008627648,0.040653326,0.00017584195,0.067418724,0.020802664
HOMEZ,0.0003141048,0.057759244,8.3963525e-05,0.11811116,0.017980365
HOOK1,0.0010126767,0.0436941,0.00020849585,0.12688842,0.024519775
HOOK2,0.0006198254,0.03171322,0.00026881555,0.05577945,0.032392275
HOOK3,0.00045343416,0.013614346,0.00018017276,0.045055617,0.0323818
HOPX,0.00039965767,0.0074522337,0.00064580806,0.044827595,0.015019988
HORMAD1,0.012343684,0.012784956,0.0040555377,0.01804367,0.03246694
HORMAD2,0.024869004,0.01897391,0.002603813,0.01804367,0.032589603
HOXA1,0.0004290473,0.031321,0.00074239814,0.06099341,0.019731298
HOXA10,0.0003566917,0.012798227,0.0005265601,0.11189296,0.010762238
HOXA11,0.00031934452,0.018894749,0.00016653792,0.02572108,0.015175225
HOXA13,0.09819827,0.022257838,0.16593544,0.035169657,0.018244747
HOXA2,0.004188335,0.045605324,0.00044079695,0.04225217,0.11106297
HOXA3,0.11419575,0.040812176,0.09092182,0.036598153,0.035504475
HOXA4,0.0016797698,0.013937906,0.005105645,0.01804367,0.028076233
HOXA5,0.0010547392,0.03681832,0.0002177648,0.013710812,0.06398749
HOXA6,0.00042579995,0.005461939,0.0006966501,0.023442874,0.009973367
HOXA7,0.000520395,0.028171403,0.00012594204,0.02649773,0.034445737
HOXA9,0.00063321233,0.0134165855,0.00026437998,0.08660883,0.039263338
HOXB1,0.0011801234,0.022375397,0.00010223637,0.033245508,0.024535444
HOXB13,0.00073401723,0.031067563,0.00056258414,0.036339354,0.011864703
HOXB2,0.0002827292,0.008970338,0.00016578962,0.026517374,0.006000674
HOXB3,0.00026144544,0.020168025,0.00068124285,0.015479423,0.03651276
HOXB4,0.0008866844,0.0329696,0.0002555007,0.04142128,0.030461341
HOXB5,0.08920498,0.013169948,0.17512447,0.022454023,0.011817992
HOXB6,0.00021685542,0.012968525,0.00016792984,0.074714944,0.00982871
HOXB7,0.00032210193,0.02409821,0.00014300083,0.056320872,0.03998969
HOXB8,0.0002786894,0.012228637,0.00019686716,0.025391702,0.016214065
HOXB9,0.000563526,0.02733627,0.00013714132,0.0756093,0.01435336
HOXC10,0.0008375571,0.038250286,0.00012083363,0.05164654,0.015918152
HOXC11,0.08678829,0.01912311,0.34163162,0.113731965,0.010500728
HOXC12,0.004376382,0.007194149,0.012048192,0.01804367,0.019890783
HOXC13,0.00024837072,0.011741347,0.00015570165,0.040722523,0.017803764
HOXC4,0.00077608885,0.01915247,0.0003170732,0.04401585,0.019656098
HOXC5,0.0004988741,0.02022096,0.00013951962,0.023442874,0.015747875
HOXC6,0.00038600143,0.013913522,6.754386e-05,0.011681861,0.040975682
HOXC8,0.00057432725,0.03310715,0.0001574705,0.08017108,0.020262584
HOXC9,0.110974096,0.04324123,0.097483456,0.058897913,0.02528883
HOXD1,0.09059759,0.01406819,0.29384392,0.008382098,0.020081911
HOXD10,0.0009348067,0.02348268,9.6751675e-05,0.043185964,0.019840108
HOXD11,0.0005834359,0.0075649377,8.818225e-05,0.049843416,0.01778822
HOXD12,0.00023472078,0.00543608,0.001287075,0.023720449,0.007656627
HOXD13,0.00037238962,0.07287624,0.00023185722,0.056381885,0.05327744
HOXD3,0.00042392538,0.026617177,0.00031557318,0.065314665,0.015534923
HOXD4,0.00070838927,0.030915767,0.00015601508,0.08601437,0.014740416
HOXD8,0.0014146671,0.042806864,0.00037440707,0.020531666,0.06592084
HOXD9,0.00041214578,0.012737541,0.00045337342,0.059544567,0.012435392
HP,0.00051189645,0.04903002,0.00025711747,0.07368325,0.044737138
HP1BP3,0.00036751,0.031526297,8.641563e-05,0.15416612,0.010566993
HPCA,0.0007600823,0.015703075,0.00022431303,0.047569454,0.017654922
HPCAL1,0.00045891598,0.023979021,0.00038306403,0.08307802,0.016448345
HPCAL4,0.0002203875,0.01632123,0.00022482307,0.035091348,0.022969926
HPD,0.00022207774,0.014094226,0.00051780225,0.049156703,0.010520223
HPDL,0.0024819507,0.0128766205,0.00090418826,0.01804367,0.012898556
HPF1,0.0046472377,0.010880506,0.0628893,0.01804367,0.030477555
HPGD,0.00035965414,0.004620303,0.00038605017,0.017034966,0.008743876
HPGDS,0.0004255591,0.0027717287,0.0001003971,0.019431824,0.01026711
HPN,0.0002832151,0.0054361057,0.00020353835,0.008605173,0.014508461
HPRT1,0.00017353322,0.004356401,0.0012066811,0.06603832,0.0029943958
HPS4,0.0009348018,0.01039619,0.0005631142,0.013398572,0.037666902
HPS5,0.14176276,0.044853564,0.16030331,0.07357072,0.10225146
HPS6,0.000557138,0.032181453,0.00015601508,0.08115677,0.015407601
HPSE,0.004143146,0.014143456,0.003126107,0.01804367,0.034777217
HR,0.00016808652,0.019461775,0.00014895547,0.026436144,0.009248651
HRAS,0.58830965,0.17317605,0.44174907,0.07667017,0.14590967
HRH1,0.0010547307,0.032458022,0.00018638032,0.009380428,0.035565533
HRH3,0.00052236096,0.006004572,0.00034063534,0.022973275,0.009532071
HRH4,0.0003566742,0.008215321,0.00034777142,0.015371605,0.020321282
HRK,0.00018418068,0.0031001554,0.00024399703,0.021026954,0.002995441
HRNR,0.00065496593,0.08622497,0.00015352272,0.4779761,0.014316767
HROB,0.004171171,0.005005903,0.0628893,0.01804367,0.0050960477
HS1BP3,0.0013213847,0.017220305,0.00017711628,0.015479423,0.024504958
HS2ST1,0.023611994,0.030352544,0.032734964,0.01804367,0.04239633
HS3ST1,0.00032064045,0.007326069,0.00013896477,0.013998775,0.011624608
HS3ST3A1,0.00065861864,0.004771421,0.0044501433,0.01804367,0.012450521
HS6ST1,0.0011523196,0.015025775,0.0022626044,0.01804367,0.041406725
HS6ST2,0.0011246363,0.00879623,0.0016179311,0.01804367,0.047205247
HSBP1,0.0012723361,0.11364348,0.00011874471,0.048484948,0.034332134
HSBP1L1,0.0009297866,0.033818636,0.0023059654,0.022973275,0.1321758
HSCB,0.6350467,0.72825575,0.23225632,0.053084876,0.66233164
HSD11B2,0.00057753583,0.055921882,0.00094873516,0.07441684,0.0519215
HSD17B1,0.002108316,0.02551487,0.0013472551,0.01804367,0.04154025
HSD17B10,0.0014755966,0.03430886,0.00013005936,0.09003672,0.039280735
HSD17B11,0.0003426665,0.023769636,0.00022264742,0.023331378,0.017375194
HSD17B12,0.0008118323,0.08919592,0.0001417471,0.04817844,0.052900806
HSD17B13,0.002992977,0.00724307,0.0008231056,0.01804367,0.02713633
HSD17B14,0.00025333022,0.03247154,0.00024414924,0.08017108,0.021740975
HSD17B2,0.00024354426,0.0032913273,0.00040050608,0.020175396,0.0049000527
HSD17B3,0.0008471992,0.039982148,0.00028953384,0.023629848,0.04406885
HSD17B4,0.00058994855,0.031348586,0.00016738632,0.06601743,0.017161421
HSD17B6,0.00090269995,0.0024266231,0.0021330542,0.01804367,0.00803736
HSD17B7,0.00027156755,0.013324778,0.00039852393,0.055746976,0.030249259
HSD17B8,0.00044200502,0.0035408507,0.00032443585,0.03940597,0.0072538303
HSD3B1,0.0051662875,0.008860858,0.0010819987,0.01804367,0.014179629
HSD3B2,0.0018910439,0.012328759,0.001679502,0.01804367,0.022580512
HSD3B7,0.033051636,0.008289308,0.06298372,0.017123058,0.009119646
HSDL1,0.000478088,0.010206674,0.00015797114,0.024203353,0.025766531
HSDL2,0.14774024,0.052301195,0.047889777,0.028985407,0.038690627
HSF1,0.161104,0.06622789,0.3355106,0.07189519,0.057954796
HSF1,0.161104,0.06622789,0.3355106,0.07189519,0.057954796
HSF2,0.0005164849,0.043902826,0.00016471687,0.058897913,0.034840684
HSF4,0.00028734896,0.007977652,0.0001672598,0.05132467,0.016787859
HSF5,0.0018272949,0.0071110446,0.008255264,0.01804367,0.02610326
HSP90AA1,0.0952457,0.079917684,0.4149841,0.16620052,0.01685061
HSP90AB1,0.15275761,0.09638195,0.43131885,0.3180733,0.042084087
HSP90B1,0.0006031524,0.08431753,0.000107264634,0.07311051,0.037298225
HSPA12A,0.00048327498,0.0064944844,0.00031882463,0.042580854,0.011365003
HSPA13,0.0003576553,0.020342276,9.264058e-05,0.04401585,0.025538003
HSPA14,0.045682803,0.07684218,0.1378032,0.13361792,0.088206634
HSPA1L,0.00015313251,0.033996247,0.00041611888,0.14311165,0.02135861
HSPA2,0.0008669061,0.038075224,0.00014531505,0.26639286,0.011427541
HSPA4,0.3181184,0.1121944,0.29240182,0.16998054,0.04660934
HSPA4L,0.00056100317,0.08016327,0.00014299278,0.08017108,0.034432307
HSPA5,0.12895711,0.15976231,0.26183495,0.20987579,0.04443233
HSPA6,0.00045065721,0.042110976,0.00010969817,0.0983111,0.016859008
HSPA8,0.538843,0.069362946,0.2948219,0.4310058,0.055797372
HSPA9,0.6363841,0.54851377,0.4977885,0.13696045,0.6869061
HSPB1,0.24625137,0.050371878,0.027408395,0.18709569,0.02355387
HSPB2,0.00036107816,0.006472066,0.00022190226,0.037634082,0.005955488
HSPB3,0.0003575805,0.018391324,0.00014859217,0.08179511,0.011830294
HSPB6,0.0003178089,0.008025406,0.00013951962,0.01992266,0.013271201
HSPB7,0.0007368111,0.01786712,0.00059209677,0.06846707,0.019584129
HSPB8,0.000784475,0.057691164,0.0001393064,0.046585087,0.026664106
HSPB9,0.00043555768,0.0107536055,0.00027213542,0.01992266,0.030287916
HSPBAP1,0.0007670862,0.03476814,0.0001327563,0.030818716,0.04695121
HSPBP1,0.00023914927,0.013572091,0.00015501917,0.02372016,0.011343839
HSPD1,0.10811649,0.077824585,0.16070905,0.17738473,0.06783173
HSPE1,0.001189459,0.14326307,0.0001181772,0.063712806,0.18287857
HSPG2,0.00034291827,0.0035272997,0.00015199187,0.06900432,0.0039346335
HSPH1,0.0005427563,0.066321395,0.00033297864,0.05840855,0.026530476
HTATIP2,0.0006497747,0.04282796,0.0003416043,0.06478763,0.05329092
HTATSF1,0.0012372402,0.122210115,0.00026288093,0.07597004,0.07887787
HTN3,0.0013389699,0.008848166,0.00013951962,0.010313249,0.02028569
HTR1A,0.00033610823,0.012479358,0.0001121453,0.0076379906,0.014589542
HTR1D,0.000974294,0.00938889,0.0009357513,0.020532943,0.012536889
HTR1E,0.0010773701,0.022464288,0.00060466846,0.01020011,0.034848236
HTR2A,0.0005840988,0.012404534,0.0003749838,0.04797877,0.0316527
HTR2B,0.00067829323,0.056973897,0.00013515003,0.076361425,0.11719316
HTR2C,8.718258e-05,0.0021855088,0.00022261472,0.01972822,0.0034518354
HTR4,0.00025000863,0.027847623,0.00019513551,0.061541747,0.015243624
HTR5A,0.0004083309,0.0026679502,0.00093522185,0.01804367,0.004140894
HTR6,0.080683336,0.027679015,0.097165585,0.0123439105,0.028495824
HTR7,0.00041950872,0.005950657,0.00061772147,0.09107199,0.006908907
HTRA1,0.00014185203,0.0065508825,0.00040894246,0.10410274,0.0073748715
HTRA2,0.0007867965,0.09860642,0.00015006904,0.048646152,0.2153505
HTRA3,0.0019000616,0.013724513,0.001130171,0.01804367,0.028917475
HTT,0.11382202,0.029749744,0.20079927,0.26009715,0.03625368
HUNK,0.0008450513,0.0061235824,0.00016256937,0.050640047,0.0070036226
HUS1,0.85524666,0.7882345,0.63430923,0.4304353,0.7499041
HUS1,0.85524666,0.7882345,0.63430923,0.4304353,0.7499041
HUS1B,0.0003349306,0.014840508,0.00013064167,0.11195066,0.006027283
HUWE1,0.69671357,0.5925032,0.30797303,0.20175658,0.57213485
HYAL1,0.00052794215,0.01235524,0.00014570146,0.009380428,0.012861538
HYAL2,0.00063575816,0.013621316,0.0009727997,0.013859914,0.01179626
HYAL3,0.00039867134,0.015005061,8.0086174e-05,0.09978102,0.020703362
HYAL4,0.0016977659,0.009074389,0.0013757003,0.01804367,0.018484676
HYDIN,0.0016196042,0.03351781,0.00048989843,0.015654534,0.06211437
HYI,0.00071419514,0.026414173,0.00019787454,0.02844312,0.027043212
HYKK,0.0003244309,0.008669493,0.00022500707,0.03940597,0.015061674
HYLS1,0.00040593292,0.0055953613,0.00015797114,0.07357072,0.010801505
HYOU1,0.0004340614,0.07125353,0.00019319919,0.04683837,0.09765996
HYPK,0.0408935,0.039574325,0.053982947,0.053723235,0.03981557
IAPP,0.509645,0.064829744,0.16050297,0.0716431,0.11248008
IARS1,0.60973454,0.42914197,0.0628893,0.01804367,0.58786803
IARS2,0.5580494,0.44666338,0.3980909,0.080213815,0.37650275
IBTK,0.7300603,0.3040694,0.26285562,0.058634166,0.3265252
ICA1,0.0010117751,0.06510097,0.0001395972,0.027190577,0.030970791
ICAM1,0.34469375,0.11039105,0.13813318,0.04987143,0.058276102
ICAM2,0.00031438342,0.00801489,0.00014859217,0.017460497,0.008778001
ICAM3,0.000517937,0.01019846,0.00012292634,0.037356634,0.0115002375
ICAM4,0.0004373794,0.028721666,0.0003250504,0.0145786395,0.04799575
ICAM5,0.00018921195,0.007605027,0.00024273663,0.014566581,0.012689372
ICE2,0.0036076766,0.093787976,0.0001887521,0.023442874,0.09133373
ICMT,0.3133458,0.18547887,0.6193962,0.03756352,0.3121355
ID1,0.098641545,0.027311353,0.22090845,0.10591947,0.02705227
ID2,0.00044775504,0.018014923,0.0006967932,0.2631919,0.012749786
ID3,0.00048837124,0.05020007,0.00018388624,0.11350223,0.014223421
ID4,0.0002832094,0.020576842,0.00011762979,0.09232367,0.020329012
IDE,0.00045248144,0.019695591,0.00024304625,0.10129378,0.021978337
IDH1,0.00023596454,0.0146094635,0.00023947649,0.11821161,0.015085971
IDH2,0.0002741918,0.0092440285,0.00015835708,0.03400955,0.021251315
IDH3A,0.0012796737,0.08841035,0.00033679768,0.04004193,0.093438625
IDH3B,0.00074393715,0.04981836,0.00039879777,0.106096715,0.03310693
IDH3G,0.0003411664,0.011483609,0.0005352076,0.014542438,0.010540905
IDI1,0.00032583508,0.037422992,0.00023821986,0.01789132,0.030273592
IDI2,0.00059077656,0.009714657,0.0002482952,0.013998775,0.015915686
IDNK,0.001232506,0.009268779,0.00072702114,0.01804367,0.012322711
IDO1,0.0003938357,0.02332725,0.00022742403,0.028792977,0.028211461
IDS,0.00023198371,0.005685201,0.0001773397,0.009380428,0.01948113
IDUA,0.00023581677,0.00639093,7.509968e-05,0.022973275,0.009930177
IER2,0.00026052602,0.012034193,0.00024057359,0.056361727,0.0123411855
IER3,0.0016871851,0.06671434,0.0003311918,0.048396997,0.021787401
IER3IP1,0.00051380077,0.054872956,0.00028219193,0.050757743,0.13410392
IER5,0.0005235463,0.007044707,0.00078782137,0.01358578,0.004313287
IER5L,0.00036968212,0.015397572,0.00068569946,0.023442874,0.027854737
IFFO1,0.00017856239,0.01107859,0.000101731835,0.047108807,0.005839532
IFFO2,0.001158457,0.017474098,0.00019344028,0.023442874,0.052114844
IFI16,0.68707615,0.5895265,0.41556895,0.10847176,0.33271968
IFI27,0.00023109913,0.02216107,0.00017069415,0.038877636,0.019414324
IFI27L1,0.009415569,0.0032151788,0.0041134655,0.01804367,0.009960818
IFI30,0.0002562169,0.0023148607,8.83875e-05,0.012576047,0.015522371
IFI35,0.0004672766,0.008334415,0.000101244186,0.050640047,0.015450012
IFI44,0.0012436113,0.051717702,8.662346e-05,0.021392673,0.031230852
IFI44L,0.0011598566,0.01638096,0.0017916332,0.01804367,0.032922298
IFI6,0.2655358,0.043400608,0.17569213,0.04223064,0.066093825
IFIH1,0.00051265256,0.021865321,0.00042016103,0.038368754,0.016494215
IFIT1,0.0027644378,0.04392924,0.0001186399,0.03770934,0.11938621
IFIT2,0.08435058,0.080306984,0.16959313,0.024358278,0.047966722
IFIT3,0.00055777107,0.04396759,0.00030189735,0.05759888,0.040195066
IFIT5,0.0014634395,0.08581737,0.00018853878,0.058306362,0.07379379
IFITM1,0.00047287426,0.014481936,0.00024167319,0.01133714,0.019255089
IFITM2,0.00083819695,0.012441765,0.00028466855,0.030818716,0.039507363
IFITM3,0.00083904964,0.020223564,0.00019171298,0.02844312,0.02572924
IFNA1,0.0012142066,0.02246455,0.0002466525,0.036496475,0.023076603
IFNA10,0.0053194314,0.034926575,0.016002208,0.01804367,0.029982025
IFNA14,0.00034062317,0.02304152,8.571916e-05,0.044621475,0.01800304
IFNA16,0.0029541194,0.027583404,0.00017234628,0.017034966,0.032297518
IFNA2,0.0002852959,0.014313835,0.00012298155,0.055746976,0.029510694
IFNA5,0.0013615737,0.03172289,0.00029020788,0.008678562,0.053400595
IFNA6,0.0069219116,0.0050760233,0.00827641,0.01804367,0.015037692
IFNA7,0.0021218916,0.01622945,0.00012341811,0.024950339,0.021123694
IFNA8,0.0007667497,0.019763855,7.585129e-05,0.014542438,0.026637537
IFNAR1,0.0005408904,0.025785312,0.00041088104,0.05400348,0.014624422
IFNAR2,0.0012344269,0.08601519,0.000342441,0.1163222,0.085483275
IFNB1,0.00036263658,0.032149818,0.00036316155,0.075506784,0.010359475
IFNE,0.0012749084,0.009329746,0.004675239,0.01804367,0.023149665
IFNG,0.0017869438,0.06576696,0.00014163037,0.048793957,0.039702274
IFNGR1,0.0005720031,0.050056,0.00013038966,0.049953785,0.04875135
IFNGR2,0.067845605,0.013526815,0.21991706,0.046951883,0.023538474
IFNLR1,0.00026427035,0.016112456,0.00011038705,0.01805446,0.048465263
IFNW1,0.00062938,0.00868159,0.0001375254,0.008678562,0.02857174
IFRD1,0.0014996299,0.15071945,0.00012737418,0.024526373,0.11439713
IFRD2,0.0003367115,0.022269962,0.00025711747,0.039315768,0.011847459
IFT122,0.0015647255,0.009493275,8.571916e-05,0.023442874,0.025039054
IFT140,0.0017787055,0.011392687,0.00017810124,0.010767184,0.023298081
IFT172,0.00045251794,0.012717665,0.00023389887,0.07357072,0.01545668
IFT20,0.0016110974,0.13406117,0.00032380797,0.10995261,0.14394723
IFT22,0.0009385465,0.015447343,0.00015797114,0.026462918,0.0075078984
IFT27,0.0006787909,0.009849457,0.00043017082,0.04225217,0.018694509
IFT43,0.00019819026,0.0089787645,0.0002030402,0.024346383,0.016723175
IFT46,0.0002037092,0.0018289578,0.00018315148,0.023442874,0.0050842226
IFT52,0.0012706291,0.08354694,0.00019297328,0.06866131,0.08621522
IFT57,0.00019642223,0.011408594,0.00011177463,0.048723042,0.014840556
IFT70A,0.003161337,0.0061569097,0.0628893,0.01804367,0.0062476774
IFT74,0.07333828,0.014291859,0.08091841,0.06866131,0.013174362
IFT80,0.08424926,0.009996979,0.022762852,0.020270698,0.01983081
IFT81,0.00058238884,0.0069317548,0.000374262,0.013998775,0.025765806
IFT88,0.0012097567,0.02187004,0.00035431693,0.010767184,0.050125733
IFTAP,0.078186266,0.018746711,0.0628893,0.01804367,0.015042276
IGBP1,0.0006145454,0.082685046,0.00014182998,0.10543716,0.033522263
IGDCC3,0.0002503063,0.007282628,0.00063015457,0.01146169,0.00653815
IGF1,0.6215591,0.20038287,0.16323774,0.06477403,0.21711758
IGF1R,0.56025094,0.40277585,0.23660332,0.12925477,0.44481596
IGF2,0.024238864,0.011284227,0.22032906,0.04269049,0.0051952745
IGF2BP1,0.00029942443,0.080939665,0.00023520041,0.08424292,0.031653266
IGF2BP2,0.0020259097,0.029454714,0.00028988378,0.06271307,0.018606296
IGF2BP3,0.0015174651,0.09812757,0.000107264634,0.15611528,0.04941016
IGF2R,0.00022759323,0.034141913,0.00047571235,0.054003723,0.023603722
IGFBP1,0.00041997645,0.009405994,0.00010750897,0.014107352,0.01896684
IGFBP2,0.00033251074,0.01472831,0.00033852633,0.014914621,0.012060096
IGFBP3,0.31351185,0.051186644,0.22671272,0.076814204,0.024512623
IGFBP4,0.0006862964,0.031215312,0.0005244426,0.046521854,0.023033384
IGFBP5,0.000996106,0.027266376,0.00014176441,0.055442814,0.018955877
IGFBP6,0.000639312,0.014166777,0.0009357513,0.029588407,0.031420138
IGFBP7,0.0002807672,0.007362431,0.00034400422,0.04646929,0.010416337
IGFL2,0.0030257616,0.009709466,0.0011028401,0.018257927,0.01617717
IGFLR1,0.0018614748,0.010806647,0.0012567221,0.017161991,0.021017788
IGFN1,0.00066907937,0.01862239,0.0008079473,0.020826694,0.031860806
IGHMBP2,0.06722153,0.0037773547,0.2327171,0.009077163,0.006999552
IGIP,0.0016341452,0.007742246,0.0104948245,0.01804367,0.012669511
IGLON5,0.00033175494,0.03392991,0.00011024546,0.013923384,0.04724223
IGSF1,0.000492127,0.026417319,0.001038588,0.010135678,0.015530286
IGSF10,0.00033384195,0.010456675,0.0001590641,0.017034966,0.026970418
IGSF21,0.0004322821,0.037624456,8.3332096e-05,0.052164637,0.020004371
IGSF22,0.0018332013,0.0075673154,0.004068489,0.01804367,0.009438336
IGSF23,0.005142974,0.008143856,0.0045364955,0.01804367,0.02124895
IGSF3,0.0027103778,0.015640477,0.0025552376,0.01804367,0.033059027
IGSF5,0.00045925338,0.0118291965,0.00019319734,0.011834292,0.01729455
IGSF6,0.0004080408,0.008417716,0.00027191418,0.017034966,0.019205939
IGSF8,0.00011496802,0.003920402,0.0001569261,0.013710812,0.006216209
IGSF9,0.0008786165,0.017795203,0.00020362083,0.011699988,0.018671472
IGSF9B,0.0011097345,0.0050709113,0.0029955392,0.01804367,0.014489295
IHH,0.00016507001,0.008303436,0.00015106182,0.023863457,0.0104705235
IK,0.0011083864,0.12533423,0.00014168238,0.11143174,0.23168178
IKBIP,0.00033283487,0.012606073,0.0001675035,0.08620755,0.015227357
IKBKB,0.18740182,0.08615217,0.16232425,0.23131253,0.037044983
IKBKE,0.15804133,0.040154155,0.4614325,0.4419739,0.011779436
IKBKG,0.13631946,0.12110079,0.4614325,0.32497138,0.017790228
IKZF1,0.0004776608,0.107169025,0.00011900429,0.1944287,0.014118558
IKZF2,0.07501015,0.04975603,0.07346163,0.06997288,0.016109616
IKZF3,0.0009368633,0.18208104,0.00022348475,0.1944287,0.04175143
IKZF4,0.00028511617,0.015500382,0.00032686803,0.097503826,0.006424041
IKZF5,0.000710646,0.045254793,0.0009973547,0.07137606,0.024084909
IL10,0.00028433572,0.010316558,0.000286229,0.038462773,0.0048871515
IL10RA,0.027770385,0.003777647,0.09039308,0.010767184,0.007642734
IL10RB,0.0010886291,0.019356772,0.00014938404,0.02609439,0.010705371
IL11,0.0005131581,0.03546035,0.0002888743,0.028792977,0.06897681
IL11RA,0.00110589,0.011418861,0.00049239653,0.018664645,0.02332728
IL12A,0.123270094,0.054649744,0.17198834,0.034682877,0.07365564
IL12B,0.00037542838,0.008602204,0.00029204728,0.015513237,0.008230787
IL12RB1,0.00045857622,0.013736059,0.00024738803,0.026796749,0.014021586
IL13,0.0015820228,0.019900165,0.00032707595,0.015513237,0.041928522
IL13RA1,0.002267006,0.045683082,0.0001874945,0.027808517,0.039449196
IL13RA2,0.0010040336,0.018906433,0.00043902837,0.02516947,0.027778279
IL15,0.00049752044,0.024093004,0.00036000373,0.0297165,0.020947335
IL15RA,0.0004447251,0.010353709,0.00056560687,0.021743597,0.009766185
IL16,0.00018470107,0.022237336,0.00013143975,0.049897034,0.022337664
IL17B,0.00037511304,0.017690426,0.0008647104,0.06389214,0.007830397
IL17D,0.003916332,0.008978281,0.027599625,0.01804367,0.016927922
IL17F,0.00077032077,0.013343346,0.0007301477,0.009077163,0.017665965
IL17RA,0.0017844958,0.024395559,0.0001809387,0.02070766,0.087403506
IL17RB,0.00069940346,0.047891404,7.7510085e-05,0.06831696,0.03548041
IL17RC,0.0017818401,0.01578759,0.0018114926,0.01804367,0.032032464
IL17RD,0.0008432909,0.028588753,0.00015233066,0.02070766,0.06693477
IL17REL,0.0024734102,0.010733066,0.0064453566,0.01804367,0.014961866
IL18,0.0009652389,0.013281078,0.00012430688,0.02504491,0.026096296
IL18,0.0009652389,0.013281078,0.00012430688,0.02504491,0.026096296
IL18R1,0.0008813533,0.035317082,0.00026269603,0.028915428,0.033124734
IL18RAP,0.00095493137,0.021574298,0.0005277691,0.042580854,0.03663502
IL1A,0.00076226774,0.050719585,0.00066467846,0.04712343,0.028740847
IL1B,0.0009242284,0.07993161,4.5003722e-05,0.106032945,0.11116316
IL1F10,0.0003884146,0.005894893,0.00015797114,0.022973275,0.011633108
IL1R1,0.0007658307,0.063426934,0.00013434749,0.058634166,0.04570318
IL1R2,0.000565529,0.010660539,0.00013463052,0.020690788,0.020702636
IL1RAP,0.24069269,0.0491517,0.26929224,0.108996786,0.026997436
IL1RAPL1,0.00045702548,0.01743683,0.00013247304,0.086575486,0.041087978
IL1RL1,0.00088191027,0.01845568,0.0002238076,0.021026954,0.022851361
IL2,0.0025596872,0.19993816,0.0001264548,0.04372855,0.08476418
IL20,0.00052630174,0.016131775,0.00037575833,0.02846812,0.0386189
IL20RA,0.000795407,0.11092618,0.00019559133,0.06561634,0.071862034
IL21,0.0005049945,0.0053476114,0.00044586268,0.037062395,0.01085456
IL21R,0.00042790832,0.012884903,0.00035392278,0.039315768,0.017212924
IL22,0.00040220312,0.0027400935,0.0005700103,0.029588407,0.020414446
IL22RA1,0.0010080473,0.009514789,0.00028428395,0.011547842,0.013701992
IL23A,0.00028448377,0.0049643693,0.00025371817,0.025950173,0.0060513695
IL23R,0.000675219,0.036233373,0.000109993656,0.01133714,0.021152519
IL24,0.13989818,0.02426366,0.21880123,0.07556247,0.012515333
IL25,0.00021972405,0.0039464077,0.00020583246,0.008382098,0.01940654
IL26,0.16680177,0.028128596,0.027997896,0.018416205,0.03636565
IL27,0.00043237853,0.0073509426,0.00056560687,0.03756352,0.010855291
IL27RA,0.09786673,0.039127417,0.06212788,0.03447213,0.07983333
IL2RA,0.0011998947,0.053580064,0.00022093387,0.107956104,0.048960343
IL2RB,0.24284358,0.031678274,0.38487527,0.07533038,0.038018703
IL2RG,0.18024024,0.07466595,0.20427495,0.06536898,0.058066674
IL3,0.0006693476,0.01527021,0.00020006688,0.05040613,0.035044566
IL31RA,0.0010208173,0.016382711,0.00021679403,0.012576047,0.029052176
IL32,0.0009819514,0.0114744585,0.00044680934,0.04225217,0.025708387
IL33,0.0008246891,0.105346344,0.0005755619,0.025507925,0.053260602
IL34,0.00017103579,0.006204132,0.0017994026,0.09978102,0.0061528287
IL36B,0.0014499457,0.0047256993,0.0016108267,0.01804367,0.020871256
IL36G,0.002277296,0.011838758,0.0019509865,0.01804367,0.044875193
IL36RN,0.00026071363,0.017301846,0.00018185524,0.036976393,0.017363498
IL4,0.089526184,0.008229561,0.26925296,0.03776636,0.00724138
IL4I1,0.0016670481,0.007099674,0.0027002848,0.01804367,0.01680401
IL4R,0.0006491554,0.030604742,0.00026185205,0.11009636,0.022404047
IL5,0.0005673168,0.02942761,0.00014163996,0.04029104,0.03271816
IL5RA,0.24262121,0.036281005,0.13073924,0.03419284,0.040081102
IL6,0.27993312,0.013830889,0.27575716,0.014751521,0.027821962
IL6R,0.0010040465,0.06340888,0.00034366528,0.02475442,0.048963573
IL6ST,0.13560808,0.062900685,0.34296173,0.028402433,0.031924423
IL7R,0.0005536595,0.054533046,0.00015416715,0.033206817,0.033572987
IL9R,0.00021098783,0.013197796,0.00011038705,0.044621475,0.010162805
ILDR1,0.0023793706,0.012122059,0.0007153909,0.01804367,0.014041693
ILF2,0.1802215,0.07825312,0.14815858,0.12680207,0.035798524
ILF3,0.00044125988,0.03798191,0.00017976966,0.15177786,0.033779234
ILK,0.8265678,0.6108403,0.36632723,0.10569154,0.6822257
ILKAP,0.00018136794,0.003476276,0.00017354397,0.05061941,0.0031421012
ILRUN,0.03361455,0.020831633,0.0628893,0.01804367,0.034992937
ILVBL,0.00057389826,0.023350079,0.00012798572,0.14170903,0.012404709
IMMP1L,0.0012960051,0.022300212,0.006951362,0.01804367,0.056537528
IMMP2L,0.0041642566,0.028597014,0.003495525,0.01804367,0.09220953
IMMT,0.1055992,0.046982933,0.105546184,0.24698517,0.036202732
IMP3,0.0006769445,0.10438717,0.00015067843,0.022906292,0.09775021
IMP4,0.0019643866,0.051785268,0.00022090248,0.04825741,0.042400092
IMPA1,0.004375734,0.026210122,0.0006763303,0.023806559,0.0321743
IMPA2,0.00022237479,0.004869427,0.00014300083,0.04164072,0.004541906
IMPDH1,0.038449448,0.010684656,0.20955229,0.010767184,0.010104214
IMPDH2,0.117538646,0.09248449,0.3649239,0.058757395,0.05091495
INA,0.0006594763,0.016045935,0.00019123027,0.013710812,0.05120106
INAFM1,0.0017549093,0.005360209,0.020411866,0.01804367,0.008390822
INAVA,0.018238198,0.009672299,0.0628893,0.01804367,0.021203596
INCA1,0.0009944803,0.041381568,0.00010934142,0.065077096,0.01619389
INCENP,0.0002683334,0.037898548,9.8911165e-05,0.040292606,0.058859017
INF2,0.00020206816,0.007161873,0.0001438895,0.039998848,0.007411449
ING1,0.08478059,0.04221827,0.40413743,0.21963173,0.031274177
ING2,0.000426047,0.043534376,0.0004821679,0.15605916,0.027918953
ING3,0.0010007218,0.06545172,0.00013332056,0.15573028,0.08234976
ING4,0.18973663,0.07277871,0.30891046,0.13317768,0.027707886
ING5,0.091403626,0.015606728,0.21386977,0.08598116,0.010731872
INHA,0.00022109826,0.0075864154,0.00015561987,0.009611286,0.012149522
INHBA,0.00057433575,0.020193974,9.92285e-05,0.006867943,0.026406933
INHBB,0.00082912605,0.019695334,0.00013143975,0.027832596,0.02770583
INHBC,0.00037974332,0.009495485,0.00027077436,0.018703945,0.014161658
INHBE,0.00015903923,0.0046130563,0.00063298637,0.03158699,0.012666381
INIP,0.00048156045,0.03572055,0.00010221697,0.049735785,0.067079544
INO80,0.0014735766,0.09893864,0.00027157218,0.09003672,0.05030723
INO80B,0.00025239144,0.020417793,0.00026219257,0.056320872,0.047480565
INO80C,0.0001767979,0.0074175694,6.827088e-05,0.0698648,0.009626539
INO80D,0.00038467092,0.02627222,9.087603e-05,0.08282556,0.043505397
INO80E,0.11773617,0.05905202,0.34042597,0.12720075,0.077113844
INPP1,0.093627185,0.04352698,0.34864587,0.118521735,0.014074673
INPP4A,0.00059873925,0.06360565,0.0003170481,0.108878486,0.034752294
INPP4B,0.0009448603,0.010368612,0.00015787373,0.024041327,0.033379223
INPP5A,0.00031401048,0.012262476,0.00010551274,0.10439912,0.014678343
INPP5B,0.00024837072,0.019403055,0.00023674266,0.011722919,0.01996094
INPP5E,0.00079067214,0.017673638,8.818225e-05,0.037042066,0.0228619
INPP5F,0.000837354,0.0060837124,0.008482728,0.01804367,0.009848759
INPP5J,0.0014112017,0.05349651,0.0002252258,0.062256306,0.041655198
INPP5K,0.0004087125,0.04793856,0.00020783673,0.078548454,0.050750796
INPPL1,0.11050206,0.03558998,0.16906571,0.26913553,0.031653605
INS,0.011032674,0.010967058,0.37758765,0.081642725,0.0048453407
INSC,0.0013273269,0.019986622,0.00012949802,0.04825741,0.01425758
INSIG1,0.00046557374,0.021009395,0.00013033657,0.09492725,0.012860673
INSIG2,0.0010419422,0.022917645,9.992384e-05,0.02504491,0.018583594
INSL4,0.003737087,0.009882426,0.004004985,0.01804367,0.054620128
INSM1,0.0002704418,0.024897633,0.00016242481,0.02679841,0.041046675
INSM2,0.00014773982,0.01055266,0.0008316236,0.013978116,0.015443036
INSR,0.15050821,0.14173219,0.18352701,0.08628132,0.04196371
INSRR,0.031840038,0.006496845,0.032009613,0.041553,0.0071508554
INTS1,0.00019373617,0.0063785035,0.00022590798,0.022454023,0.023237703
INTS10,0.0004846562,0.0388434,0.0005952942,0.011681861,0.03328906
INTS12,0.0009042473,0.025679398,0.00019902652,0.044079047,0.04207944
INTS14,0.07611175,0.038886055,0.0628893,0.01804367,0.10856458
INTS3,0.54402065,0.5648999,0.64908224,0.4077801,0.62087643
INTS4,0.0004949829,0.04639616,0.00020965107,0.05137268,0.12685907
INTS6L,0.02069989,0.011652061,0.0628893,0.01804367,0.031917974
INTS7,0.00088903744,0.04216198,0.00038350414,0.012868392,0.02511828
INTS8,0.00055966666,0.069457546,0.00026554783,0.024041327,0.042900342
INTS9,0.00031083208,0.024823628,7.838809e-05,0.042580854,0.03184347
INTU,0.002878622,0.012514885,0.003011752,0.01804367,0.023887973
INVS,0.0010873885,0.026640337,0.00017654554,0.017670376,0.016662516
IP6K1,0.000781011,0.016861498,0.000342441,0.03756352,0.023047619
IP6K2,0.0008394131,0.008257572,0.00014337084,0.036356807,0.01989532
IP6K3,0.0011812223,0.00817984,0.003148542,0.01804367,0.013477034
IPCEF1,0.0014102987,0.06911717,0.00022500707,0.029844232,0.07971591
IPMK,0.42881992,0.31976643,0.386286,0.023442874,0.21565445
IPO11,0.0007866391,0.06998456,0.00018421124,0.07031294,0.047361452
IPO13,0.0006315488,0.05953264,0.00022696069,0.104104154,0.099627465
IPO4,0.00014813889,0.007514349,0.00049463764,0.060287282,0.0024112621
IPO5,0.0009242623,0.11466284,0.00028707433,0.042349454,0.06682785
IPO7,0.0014403111,0.14634496,0.00032208717,0.06113244,0.14314628
IPO8,0.00054666534,0.09893347,0.00013259234,0.23491932,0.023237871
IPO9,0.14099298,0.10452424,0.27078766,0.063156985,0.14907342
IPP,0.00031056372,0.02217276,0.00012474207,0.011681861,0.03571459
IPPK,0.00048416998,0.0506809,0.00019712732,0.023442874,0.061148234
IQCB1,0.14324026,0.21489865,0.35521215,0.12217736,0.046875775
IQCC,0.0009563285,0.009660389,0.0010358524,0.01804367,0.021893563
IQCE,0.00028187307,0.0024038637,7.641335e-05,0.01992266,0.0062381336
IQCF6,0.008635866,0.009012674,0.004681876,0.01804367,0.047759492
IQCG,0.00070866244,0.009844681,0.00023704376,0.009077163,0.027941665
IQCK,0.0018833975,0.0226659,0.0002684153,0.017034966,0.08789003
IQGAP1,0.00081683346,0.2542807,0.00065519876,0.28435743,0.122799486
IQGAP2,0.00014982441,0.050097257,0.0001392392,0.080925874,0.035352655
IQGAP3,0.00055821094,0.014205575,0.00021714695,0.030808024,0.020367421
IQSEC1,0.0005575726,0.0063628983,0.00020209668,0.008382098,0.019539485
IQSEC2,0.004737873,0.011500493,0.00429748,0.01804367,0.03263316
IQUB,0.001738453,0.08099064,0.00018826105,0.07130209,0.047404468
IRAK1,0.0002898429,0.05005671,0.00042184824,0.12069828,0.014942628
IRAK1BP1,0.0002741853,0.02756492,0.00020983166,0.052114382,0.028494762
IRAK2,0.0009883628,0.031744562,0.00024730832,0.048051927,0.04213688
IRAK3,0.34243268,0.08901436,0.23907228,0.08179511,0.072867274
IRAK4,0.0005059041,0.02583824,0.00017993053,0.03696163,0.012719695
IREB2,0.15028341,0.057027943,0.102507114,0.02572108,0.08304881
IRF1,0.0012186366,0.08660677,7.219057e-05,0.0494123,0.033983413
IRF2,0.000218439,0.009241972,0.0006336216,0.15331545,0.0070962673
IRF2BP1,0.00025803325,0.019708753,0.00040327042,0.03823579,0.018950438
IRF2BP2,0.00016555519,0.008304971,0.0001772959,0.014566581,0.01827008
IRF2BPL,0.00056499586,0.029201852,0.0004052227,0.026245177,0.05667251
IRF3,0.001500927,0.06464082,0.00018031265,0.18083519,0.020505682
IRF4,0.17125331,0.09002611,0.21531975,0.095635734,0.05923581
IRF5,0.0008009704,0.047832865,0.00041765484,0.10998552,0.02193204
IRF6,0.122916825,0.017651673,0.34434894,0.044621475,0.02626181
IRF7,0.10835808,0.035123937,0.33284903,0.05608929,0.009382622
IRF8,0.000862572,0.066392116,0.00017116907,0.03507935,0.14005768
IRF9,0.00061854126,0.03428272,0.0002940006,0.33269605,0.016423432
IRGC,0.00036274773,0.008437752,0.00012992424,0.017034966,0.028571364
IRGM,0.0030007488,0.0080892565,0.017756082,0.01804367,0.015182467
IRGQ,0.0006653972,0.008737153,0.00030523163,0.017703548,0.019765604
IRS1,0.17008907,0.06537008,0.19028072,0.1668864,0.034722686
IRS2,0.00015538989,0.017910818,0.0005039758,0.04394531,0.012577082
IRS4,0.0007701754,0.09055311,0.00032137588,0.07174833,0.11260208
IRX1,0.0005355916,0.024525033,0.00017523537,0.033006966,0.016140329
IRX2,0.00080669957,0.0047628675,0.0009678271,0.01804367,0.016619412
IRX3,0.0026254533,0.010200765,0.009565185,0.01804367,0.017321194
IRX4,0.0006638283,0.03353191,0.00013728642,0.024041327,0.029213743
IRX5,0.00055282505,0.014049466,9.994118e-05,0.025646346,0.023297794
ISCA1,0.0010643728,0.09598886,0.00043480704,0.020951219,0.12036936
ISCA2,0.0006779553,0.07056119,0.00019954621,0.008382098,0.06668938
ISCU,0.0007688221,0.047000572,0.000113310096,0.04815071,0.02982969
ISG15,0.2500771,0.10170598,0.24639522,0.43685526,0.10858609
ISG20,0.00033034763,0.011757281,0.00014539572,0.011245472,0.01005068
ISG20L2,0.107247084,0.08452793,0.096576326,0.045055617,0.06911316
ISL1,0.0033423998,0.11402245,0.00046822897,0.11332447,0.13715442
ISL2,0.15477793,0.06833887,0.0350158,0.011245472,0.103509665
ISLR,0.0013960493,0.0049075964,0.004004985,0.01804367,0.016088255
ISM1,0.0017628057,0.010554576,0.0037344496,0.01804367,0.018792262
ISOC1,0.0012114714,0.041299187,0.0004133017,0.021392673,0.06414835
ISOC2,0.00026823362,0.008378061,8.662346e-05,0.04164072,0.007957089
IST1,0.2024117,0.047486216,0.3661767,0.042381085,0.022387598
ISX,0.0010528474,0.032305304,0.00055384473,0.042580854,0.04954433
ISY1,0.00047228142,0.06125584,6.974329e-05,0.011547842,0.1422688
ISYNA1,0.0004698421,0.018227575,0.00035757298,0.03830263,0.011262855
ITCH,0.3912742,0.18108888,0.26522154,0.041283563,0.050886467
ITFG1,0.38139272,0.1780349,0.27724376,0.10444256,0.20554498
ITGA1,0.000456762,0.040265474,0.00014323364,0.08216916,0.04058533
ITGA10,0.0006243287,0.009719508,0.00052874215,0.020270698,0.036664035
ITGA11,0.00068134506,0.014111987,0.0001014897,0.03158699,0.0081407605
ITGA2,0.0007059984,0.0342728,0.0005257051,0.07368325,0.015438093
ITGA2B,0.0010011971,0.057840254,0.00017337759,0.06155076,0.021554679
ITGA3,0.0010437479,0.061620973,0.00021568911,0.08527271,0.0757831
ITGA4,0.16953377,0.1752722,0.74012274,0.16620052,0.026284171
ITGA5,0.047195315,0.01349194,0.21594255,0.07532119,0.0037315357
ITGA6,0.21303484,0.08822517,0.20733012,0.05297425,0.041115995
ITGA7,0.00050756737,0.015109624,9.338294e-05,0.045055617,0.01138661
ITGA8,0.0008344368,0.012292303,7.984848e-05,0.02883887,0.0123140775
ITGA9,0.0009546049,0.025136603,0.00028062268,0.026796749,0.05419845
ITGAE,0.0015069384,0.018285448,0.00023460263,0.011245472,0.02785346
ITGAL,0.0011710498,0.032804996,0.00015900012,0.04851953,0.028396359
ITGAM,0.00031621975,0.013455952,0.00020100495,0.04829519,0.008743479
ITGAV,0.06055776,0.03678556,0.26412246,0.026867986,0.038670477
ITGAX,0.0017768558,0.09559783,7.585129e-05,0.15936345,0.0902987
ITGB1,0.17440847,0.061361212,0.18983456,0.084955,0.07889182
ITGB1BP1,0.0020806429,0.047454327,0.00032037613,0.050912876,0.026976125
ITGB1BP2,0.0003004115,0.0196037,0.00015601508,0.0791029,0.010250571
ITGB2,0.0003814012,0.006566672,0.00031138377,0.09519967,0.009004777
ITGB3,0.00049525476,0.08194838,0.00024743355,0.18750717,0.01938487
ITGB3BP,0.0014824104,0.09025711,0.0002965938,0.12876172,0.043817576
ITGB4,0.000855442,0.024866378,0.00014861186,0.065857254,0.014149168
ITGB5,0.0020925933,0.12783547,0.00019278182,0.14311165,0.10029739
ITGB6,0.0007761835,0.028373763,0.00023018628,0.048723042,0.05544138
ITGB7,0.19650392,0.05484773,0.22939986,0.1708811,0.043765593
ITGB8,0.0010093435,0.035003357,0.00025210474,0.028915428,0.056833923
ITIH2,0.00056626357,0.019480752,0.00073421944,0.027361346,0.04474225
ITIH3,0.0006699929,0.030039882,0.00031594856,0.04225217,0.10028977
ITIH4,0.000352687,0.018188342,0.00014748886,0.0324777,0.019490467
ITK,0.000253322,0.031336226,0.00014240645,0.06926932,0.010892691
ITM2A,0.050982725,0.020333607,0.07381061,0.023099316,0.025334692
ITM2B,0.00053981034,0.021892425,0.00017878505,0.04813071,0.038256094
ITM2C,0.00056487875,0.007247083,0.0001674829,0.031371307,0.0055924887
ITPK1,0.0005259269,0.012678045,0.00018261281,0.044827595,0.038220067
ITPKA,0.0006288919,0.022906533,0.00015971504,0.016819773,0.03131005
ITPKB,0.00079608033,0.01583601,0.00015324075,0.034087338,0.017471788
ITPKC,0.121432334,0.014432265,0.13015091,0.008382098,0.03790362
ITPR1,0.00065211166,0.027081857,0.0007383747,0.040343333,0.029238455
ITPR2,0.00047978197,0.013287128,0.00033878576,0.05977457,0.017389486
ITPR3,0.00058683305,0.038380463,0.00021242141,0.04981961,0.02775887
ITPRID1,0.006102529,0.013860069,0.0628893,0.01804367,0.035712197
ITPRID2,0.009911105,0.007921174,0.0628893,0.01804367,0.020052496
ITPRIP,0.00089045113,0.012339122,0.00019457607,0.026462918,0.016997097
ITSN1,0.00053780363,0.046942845,0.0001710009,0.09643027,0.02689763
ITSN2,0.00030351637,0.018509395,0.00018798841,0.11246358,0.026618399
IVD,0.0014585236,0.022156814,0.00057650154,0.01804367,0.021796651
IVL,0.0002855683,0.0123469,7.399074e-05,0.016602034,0.0068270387
IVNS1ABP,0.0005213562,0.047083363,0.00022794266,0.073245294,0.043008227
IWS1,0.0004196163,0.019814162,0.00020734307,0.08620755,0.03138473
JADE1,0.000691668,0.013661583,0.00012907381,0.09555007,0.019934298
JADE2,0.08651787,0.021873666,0.31656983,0.0252768,0.012478501
JADE3,0.19869223,0.026810145,0.06867421,0.020826694,0.04090619
JAG1,0.0014455189,0.06009019,0.00063565274,0.017616533,0.106300525
JAG2,0.055206303,0.017449776,0.13007589,0.025208088,0.007504967
JAGN1,0.00028251336,0.007181637,0.00012653139,0.12706953,0.0051441337
JAK1,0.28912437,0.19781603,0.3713528,0.047610264,0.13644731
JAK2,0.33397517,0.28003857,0.1794441,0.26778376,0.12781581
JAK3,0.15427746,0.062140394,0.13061646,0.042349454,0.0373949
JAKMIP1,0.00038076614,0.003335672,0.00027101583,0.011245472,0.0056725726
JAKMIP2,0.00051388814,0.031642113,0.0002973163,0.07972228,0.024229128
JAM2,0.00047114026,0.022840504,0.0005631142,0.043245353,0.027121881
JAM3,0.00033128558,0.026005516,8.6527776e-05,0.021824399,0.013740467
JARID2,0.0013949183,0.07971911,0.000104824285,0.12558235,0.078293815
JAZF1,0.0005222373,0.111221544,0.000939217,0.03404868,0.11954012
JCAD,0.0018072685,0.008734111,0.0628893,0.01804367,0.010904626
JDP2,0.0003828408,0.061627418,0.00014021112,0.06340116,0.027475417
JKAMP,0.0014340284,0.00798951,0.00026197894,0.008382098,0.03552916
JMJD1C,0.0014559057,0.035729453,0.0001418834,0.09053533,0.04652812
JMJD4,0.0013477639,0.0129159,0.00121364,0.023442874,0.021895783
JMJD6,0.0013781427,0.07624805,0.00027718427,0.05293957,0.12843065
JMJD8,0.008371535,0.043762643,0.007403298,0.01804367,0.090899765
JMY,0.0002375363,0.00363866,0.00022882456,0.016740913,0.0031481648
JOSD1,0.00033603678,0.01875215,0.00015041746,0.054003723,0.009205256
JOSD2,0.00023579586,0.015761888,0.00014700992,0.05164654,0.024812695
JPH1,0.0008035808,0.025607912,0.00028243742,0.031085582,0.02945099
JPH2,0.00067785964,0.010210172,0.00031285672,0.020270698,0.041174456
JPH4,0.004168354,0.010432082,0.014140038,0.01804367,0.043502755
JPT1,0.012019688,0.007474473,0.0628893,0.01804367,0.010200838
JRKL,0.0020768999,0.015049257,0.0048316475,0.01804367,0.06720691
JSRP1,0.000538949,0.0051565007,0.00091230555,0.02272375,0.006635104
JTB,0.10364674,0.030068189,0.18994062,0.026363747,0.03387112
JUN,0.73644114,0.67660546,0.4746123,0.4310058,0.52686715
JUNB,0.0008330549,0.10396677,0.00046294832,0.30850795,0.04898061
JUND,0.0011395894,0.045660377,0.00032686803,0.14208883,0.03249782
JUP,0.12574637,0.100514464,0.13681947,0.038973276,0.022997042
KALRN,0.29385415,0.12279722,0.25636277,0.09003672,0.076754846
KANK1,0.00026734208,0.009902312,0.00012757244,0.022376817,0.00902077
KANK2,0.00025155756,0.019047033,9.1429545e-05,0.06603832,0.008030874
KANK3,0.0024404898,0.0065431935,0.0019269427,0.01804367,0.022546465
KANK4,0.0005109378,0.01015336,0.00020583246,0.023442874,0.024667218
KANSL1,0.07210556,0.116177365,0.19832161,0.12969749,0.09127105
KANSL1L,0.0017385017,0.01808453,0.00015797114,0.020951219,0.015783295
KANSL2,0.0012561902,0.0712775,0.0003331952,0.026073754,0.11627913
KANSL3,0.00032695217,0.024616413,0.0008071474,0.008457923,0.08218326
KARS1,0.632937,0.20742504,0.0628893,0.01804367,0.42051718
KAT2A,0.0008570746,0.169189,8.729955e-05,0.27410644,0.073194236
KAT2B,0.1459692,0.15740387,0.107271925,0.08337947,0.018672513
KAT5,0.19708847,0.13655421,0.28993776,0.22701168,0.12008581
KAT6A,0.35283393,0.2746293,0.6042918,0.08952341,0.142677
KAT6B,0.15378852,0.02550065,0.12879625,0.04164072,0.041329365
KAT7,0.00024606154,0.02096865,0.00015598192,0.0878909,0.023896959
KAT8,0.14645988,0.14896084,0.22528256,0.12757033,0.05632746
KATNA1,0.0005469082,0.026550552,0.00046668857,0.025724497,0.024033295
KATNAL1,0.0015958977,0.06554576,0.00016694638,0.08524845,0.0351307
KATNB1,0.000894605,0.065578856,0.00037007988,0.0229092,0.092390485
KATNBL1,0.00093856704,0.02122423,0.00045246465,0.08479036,0.015993636
KAZALD1,0.0016972665,0.017939115,0.0010927473,0.01804367,0.035735086
KAZN,0.00028732102,0.016959589,0.00018681372,0.026669279,0.008403289
KBTBD11,0.00045644058,0.015375206,0.00028219193,0.032094322,0.033262722
KBTBD12,0.0043454547,0.019819297,0.0008231056,0.01804367,0.044784024
KBTBD13,0.0067478525,0.014077067,0.004068489,0.01804367,0.029751567
KBTBD2,0.0010660702,0.018024238,0.0010636704,0.021392673,0.062078074
KBTBD3,0.10544233,0.015667804,0.123765506,0.020951219,0.04378268
KBTBD4,0.5787514,0.25488645,0.24521118,0.07545655,0.28646934
KBTBD6,0.00046701098,0.0201041,0.00017068455,0.15936345,0.008851492
KBTBD7,0.00071908947,0.07135296,0.00031747518,0.056845874,0.039101906
KBTBD8,0.00071484165,0.0076738223,0.00029820827,0.021392673,0.016383842
KCMF1,0.70829666,0.6127571,0.5434582,0.06478763,0.4787438
KCNA1,0.00038859455,0.006545392,0.00023177257,0.012307428,0.00738533
KCNA2,0.00076615444,0.039379943,0.00012912748,0.048637204,0.045670047
KCNA3,0.051279955,0.011770408,0.1666859,0.03047759,0.012464125
KCNA4,0.0010841577,0.05692651,7.487971e-05,0.04039659,0.01975611
KCNA5,0.038883824,0.009601482,0.35144386,0.06155076,0.006454234
KCNA6,0.00059768365,0.008798504,0.00020034806,0.09978102,0.009571208
KCNAB1,0.00046256787,0.031507645,0.00015900012,0.04382802,0.02215766
KCNAB2,0.00094502466,0.062407363,0.00016193614,0.02390177,0.04451961
KCNAB3,0.0006221985,0.021108393,0.00023964663,0.011547842,0.02036784
KCNB1,0.0005464517,0.017816009,0.00012298155,0.014235576,0.021156054
KCNB2,0.0008598853,0.03416035,0.0012701929,0.03807863,0.04700587
KCNC1,0.0016439438,0.019714838,0.00046277957,0.021965396,0.03214386
KCNC4,0.0032013375,0.005993571,0.008755836,0.01804367,0.014392066
KCND1,0.07187527,0.01592563,0.11534252,0.0109855905,0.020951971
KCND2,0.00033509478,0.021383977,0.00015812999,0.013757905,0.024151508
KCND3,0.00040340945,0.011853819,0.00065689726,0.023416264,0.050667275
KCNE1,0.0005747667,0.006195867,0.00023927017,0.017497912,0.01864507
KCNE3,0.00084573723,0.024203382,0.00010635613,0.022906292,0.023162767
KCNE5,0.00053586916,0.010718803,0.0001121453,0.017034966,0.033073112
KCNG1,0.00041236763,0.016048923,0.00047100394,0.013307749,0.015562484
KCNG3,0.16250499,0.015940934,0.23073383,0.023545181,0.012107085
KCNH2,0.00040790738,0.019175285,0.00022070207,0.120051116,0.01562138
KCNH4,0.001990293,0.006343236,0.0022021742,0.01804367,0.005840775
KCNH6,0.001330619,0.011344641,0.0010897062,0.01804367,0.013217006
KCNH7,0.28383067,0.022726975,0.5068042,0.027054181,0.08355906
KCNIP2,0.00055632874,0.010419105,0.0002062344,0.023863457,0.008199152
KCNIP3,0.115126565,0.039239652,0.17982754,0.049831238,0.04076178
KCNIP4,0.00055853237,0.028451756,0.000817317,0.04785222,0.016566727
KCNJ1,0.0009126667,0.022244008,0.00021136798,0.011966204,0.021556182
KCNJ10,0.00093202613,0.020880617,0.00039879777,0.045055617,0.030213112
KCNJ11,0.0009391749,0.03289562,0.00014913654,0.019015078,0.043198016
KCNJ16,0.00096663274,0.014025686,0.0006608441,0.049228363,0.04614895
KCNJ2,0.00052542205,0.016184215,0.00022061204,0.013420026,0.015468831
KCNJ3,0.19922902,0.026207743,0.14797886,0.020875413,0.031874646
KCNJ4,0.00085988856,0.008122811,9.435954e-05,0.026248103,0.015996097
KCNJ9,0.0010330151,0.027120346,0.0003098058,0.021493236,0.022699518
KCNK1,0.0005225154,0.007512874,0.00026793103,0.028792977,0.009743712
KCNK15,0.0014628265,0.043123282,0.00033889624,0.03830263,0.042676736
KCNK2,0.0016637057,0.011092808,0.0004058598,0.012661081,0.019416738
KCNK3,0.00026261664,0.021132387,0.00015570165,0.022906292,0.02095651
KCNK4,0.0005459574,0.02299834,0.0001265098,0.03158699,0.060703937
KCNK5,0.00017967712,0.010031706,0.00015296425,0.011722919,0.020266365
KCNK7,0.00082284055,0.004730867,0.010235102,0.01804367,0.0047257827
KCNK9,0.0011081906,0.024871368,0.00068124285,0.03830263,0.02084068
KCNMA1,0.08377345,0.019281207,0.13832766,0.0578791,0.01649721
KCNMB1,0.000440739,0.030310072,0.0001809387,0.068195306,0.015575419
KCNMB2,0.00035472368,0.013979642,0.00054440653,0.017034966,0.014610493
KCNMB4,0.001118249,0.006510932,0.0062131286,0.01804367,0.013359925
KCNN1,0.0004358779,0.0145572685,0.0019822,0.024041327,0.0114219785
KCNN2,0.0005868023,0.0063317837,0.00018554516,0.03447213,0.018345328
KCNN3,0.000363267,0.008889931,0.00018554516,0.06586782,0.016252628
KCNN4,0.0005813601,0.035001665,0.00018049328,0.040981706,0.015450693
KCNQ1,0.0004496741,0.034610193,0.00037409327,0.07435456,0.022209961
KCNQ2,0.0003460038,0.010668006,7.647721e-05,0.046521854,0.010249337
KCNQ3,0.000557104,0.010982467,0.0007165703,0.020798571,0.029907906
KCNQ4,0.5469706,0.17077215,0.26692602,0.05509455,0.1444509
KCNQ5,0.15530646,0.021106288,0.06928236,0.011851088,0.040612567
KCNRG,0.13872653,0.018461445,0.026877185,0.024222368,0.03721939
KCNS2,0.00023169216,0.0028237405,0.00019842642,0.028982447,0.004859294
KCNS3,0.00054444495,0.013550792,0.00054440653,0.009690155,0.00957482
KCNV1,0.09923576,0.015873084,0.12863284,0.011909331,0.02787699
KCTD1,0.0006274814,0.05586134,0.00015258127,0.05194081,0.019886944
KCTD10,0.11365569,0.059687044,0.09707744,0.05307372,0.13666363
KCTD11,0.00069863605,0.013215525,0.00016881847,0.008678562,0.0169234
KCTD12,0.066675015,0.022594167,0.19723085,0.018100467,0.014555865
KCTD13,0.00039876183,0.023513338,0.00044330716,0.044195537,0.01858425
KCTD14,0.0006387451,0.0067722397,0.00021170563,0.05061941,0.008216436
KCTD15,0.0006324608,0.04569721,0.00016717735,0.025810784,0.031827483
KCTD17,0.00035501563,0.028339656,0.00017299084,0.1338541,0.015453663
KCTD18,0.0010148059,0.035691343,0.00020918026,0.080213815,0.023622649
KCTD19,0.00023645957,0.0065422114,0.00017223308,0.013978116,0.01294498
KCTD2,0.00017453884,0.0040335064,0.00061856484,0.021392673,0.0054131197
KCTD20,0.00063353975,0.05153728,0.00018039487,0.04223064,0.05061987
KCTD21,0.0008356299,0.005323427,0.001767198,0.008382098,0.008568212
KCTD3,0.54355884,0.21087869,0.21597773,0.12302755,0.38134283
KCTD5,0.000777419,0.039458804,0.00023745613,0.057902895,0.07909211
KCTD6,0.00039265837,0.040353056,0.0001353565,0.077858046,0.028420031
KCTD7,0.0010678311,0.030903922,0.00038014285,0.05061941,0.03205956
KCTD8,0.00062485965,0.014842104,0.00025456748,0.09978102,0.012493076
KCTD9,0.00044314007,0.053739704,0.000108481916,0.060935818,0.022447545
KDELR1,0.0018126424,0.074808955,7.929101e-05,0.021028263,0.28751612
KDELR2,0.0012232396,0.021141464,0.0001233807,0.009380428,0.041004784
KDELR3,0.0007198838,0.0042381706,0.001245466,0.023442874,0.009086497
KDF1,0.0020612138,0.0037725877,0.008920827,0.01804367,0.0059316005
KDM1A,0.551927,0.20038775,0.33276895,0.17537273,0.027764661
KDM1B,0.0007038893,0.015275417,0.000107290216,0.07441684,0.008799086
KDM2A,0.63106364,0.35759097,0.43300667,0.12720075,0.327296
KDM2B,0.17746605,0.042537212,0.41305074,0.058306362,0.013309296
KDM3A,0.0005371153,0.013206692,0.000115587,0.027190577,0.014715673
KDM3B,0.43148088,0.18462121,0.24392965,0.0252768,0.1652792
KDM4A,0.001007668,0.08263434,0.00025832615,0.13285291,0.0488798
KDM4B,0.00085957564,0.023932043,0.00043254052,0.008678562,0.025296891
KDM4C,0.0015580516,0.08448117,0.00046476538,0.098995805,0.050814234
KDM4D,0.0030266177,0.027545296,0.00036758062,0.05293957,0.090919904
KDM4E,0.0019521074,0.011657937,0.0030783082,0.01804367,0.014277901
KDM5A,0.00049228955,0.044750642,6.253851e-05,0.041557513,0.04389146
KDM5B,0.5227524,0.32880035,0.15534139,0.29033577,0.24192616
KDM5C,0.11585722,0.018063381,0.122702606,0.017034966,0.050150722
KDM5D,0.000395086,0.0076435194,9.267866e-05,0.011722919,0.016255425
KDM6A,0.16244896,0.09434125,0.18227898,0.10073715,0.05312378
KDM6B,0.00048770462,0.04028137,0.00017084215,0.050888,0.021069448
KDM7A,0.003178822,0.014149227,0.0011570901,0.01804367,0.013064948
KDM8,0.13354552,0.13996667,0.07286517,0.020951219,0.14209454
KDR,0.687381,0.35514504,0.40671653,0.14304239,0.16277604
KDSR,0.00041624325,0.025510363,0.00031940115,0.07357072,0.036383837
KEAP1,0.14820787,0.09488705,0.19651975,0.14572074,0.06730868
KEL,0.00031171288,0.0085302,0.00021458082,0.027329886,0.0045509976
KGD4,0.0037084683,0.0050273836,0.0628893,0.01804367,0.016165115
KHDC1,0.003397484,0.005728079,0.0628893,0.01804367,0.010122468
KHDC3L,0.09040865,0.016134718,0.019586336,0.01804367,0.04401628
KHDC4,0.01137227,0.014901351,0.0628893,0.01804367,0.036604125
KHDRBS1,0.00038756555,0.076366,0.00061998225,0.19990277,0.051368695
KHDRBS2,0.0009796041,0.039715793,8.6497086e-05,0.06787577,0.034996375
KHDRBS3,0.032386363,0.025461834,0.28107023,0.08795878,0.0048167305
KHK,0.10107495,0.01745474,0.23008691,0.12110213,0.011115569
KHNYN,0.0006932211,0.023572262,0.00012550746,0.024041327,0.03486796
KHSRP,0.13837385,0.12294445,0.31032085,0.052206963,0.06637893
KIAA0232,0.00093629846,0.09077887,0.00011465282,0.021339241,0.06963254
KIAA0319L,0.00020769051,0.0043183607,0.00015797114,0.020826694,0.006360056
KIAA0408,0.10740149,0.021641493,0.15395483,0.061907537,0.028070392
KIAA0513,0.0006468528,0.009378116,0.00010117459,0.050619364,0.018685391
KIAA0753,0.0021988018,0.08547441,0.00016335002,0.055746976,0.06440069
KIAA0930,0.00037953217,0.014863007,5.4731005e-05,0.036976393,0.023374531
KIAA1143,0.0007196863,0.0341463,0.00040863015,0.008678562,0.05948923
KIAA1191,0.00072060863,0.0072508985,0.0002300279,0.02678978,0.010874247
KIAA1217,0.00039043094,0.027879262,0.00017099519,0.08425629,0.018400665
KIAA1328,0.00058815256,0.011314261,0.00019458555,0.01146169,0.035548925
KIAA1549,0.0002991203,0.011133142,0.00021410975,0.08282556,0.009927266
KIAA1549L,0.00021030595,0.015392021,5.286706e-05,0.018289693,0.009032679
KIAA1614,0.0033644675,0.009249865,0.0059493487,0.01804367,0.028006144
KIAA1671,0.0010384362,0.010687454,0.00017354397,0.023442874,0.020280441
KIAA1958,0.0007563763,0.02195278,0.00018586051,0.05132467,0.023026245
KIDINS220,0.00092351093,0.10960357,8.132428e-05,0.018100467,0.123184495
KIF11,0.77610016,0.50277895,0.31571743,0.08972444,0.6805387
KIF12,0.008020017,0.033725303,0.0019834314,0.01804367,0.044939645
KIF13A,0.0009970812,0.015777437,0.00014121449,0.073245294,0.030878073
KIF13B,0.0006855534,0.027168155,8.6497086e-05,0.024526373,0.030220456
KIF14,0.72371215,0.572858,0.69216794,0.07801109,0.4647554
KIF15,0.000860079,0.024088759,0.0005847427,0.03450911,0.01811513
KIF16B,0.0007855806,0.07476914,0.00022087891,0.022973275,0.068648934
KIF18A,0.07002342,0.03581674,0.046213493,0.012257511,0.06882256
KIF18B,0.0034867828,0.10670184,0.00074748317,0.01804367,0.13753451
KIF1A,9.6239055e-05,0.0061552813,0.0005000996,0.041839454,0.0033436504
KIF1B,0.00049967674,0.021429205,0.0001668089,0.063639954,0.008669476
KIF1C,0.000648368,0.014166924,9.6557116e-05,0.024358278,0.010374137
KIF20A,0.26929465,0.15840514,0.2357552,0.08935405,0.13199984
KIF20B,0.0010819136,0.026031824,6.858095e-05,0.04825741,0.1156019
KIF21B,0.00046759672,0.020781519,0.00040905477,0.020175396,0.041613795
KIF22,0.0012884033,0.07067567,6.921134e-05,0.022508346,0.055392977
KIF23,0.277698,0.14685367,0.3751809,0.045652233,0.13052893
KIF24,0.0017723105,0.055680573,6.839156e-05,0.06389214,0.021128131
KIF26A,0.00021687464,0.0035011468,0.00019010039,0.05040212,0.0024016544
KIF26B,0.0009981005,0.03391755,8.3963525e-05,0.053404175,0.017666213
KIF27,0.001681899,0.0035908103,0.0011057752,0.01804367,0.013615033
KIF2A,0.00022251923,0.03518229,0.00022861194,0.046585087,0.026110359
KIF2B,0.0016130666,0.00601822,0.00019696537,0.020951219,0.030743869
KIF2C,0.47309488,0.23060235,0.30409136,0.02932646,0.42111307
KIF3A,0.00039250325,0.03772812,0.00041195683,0.05466783,0.015508495
KIF3B,0.3610539,0.14776945,0.2361104,0.07972228,0.07986164
KIF3C,0.00036206105,0.01286379,0.00015219505,0.022075247,0.012127103
KIF4A,0.13984899,0.13416125,0.16381766,0.034257565,0.16702643
KIF5A,0.12454545,0.07308407,0.16932638,0.0738733,0.05476237
KIF5B,0.00036249572,0.024684224,0.00024164552,0.14311165,0.016744342
KIF6,0.00471577,0.01757891,0.00025872226,0.013696258,0.024379354
KIF9,0.00045913868,0.016007403,0.00024101141,0.025724497,0.010806795
KIFAP3,0.00019734586,0.032687664,8.356805e-05,0.061810248,0.023784555
KIFBP,0.016109826,0.019058065,0.0628893,0.01804367,0.038256943
KIFC1,0.00029442922,0.014690997,0.0001775451,0.011185222,0.031998444
KIFC2,0.0006538152,0.02694801,0.0002691859,0.054051317,0.046902604
KIFC3,0.00030428387,0.072261736,0.00029485676,0.1944287,0.021999935
KIN,0.72506046,0.4421337,0.42296317,0.34370163,0.5127687
KIR2DL1,0.00044842632,0.009164971,0.00013951962,0.020293722,0.012697804
KIR2DL3,0.0010292291,0.021420963,0.00027749417,0.027808517,0.03557839
KIR2DL4,0.00048545582,0.018031338,0.00013951962,0.020553498,0.024144085
KIR3DL1,0.0004935271,0.017733036,0.00017915126,0.0745454,0.013270021
KIRREL2,0.0005812421,0.008339749,0.00018586051,0.009077163,0.025255816
KIRREL3,0.00079085224,0.0044970517,0.0014701574,0.028982447,0.0097215595
KISS1,0.0009189892,0.032480627,0.0001561325,0.053853847,0.034057982
KISS1R,0.0004421489,0.007704395,0.0003942904,0.026245482,0.0102566965
KIT,0.7352888,0.5579278,0.22376992,0.25581464,0.28358212
KITLG,0.00053752173,0.03679965,0.00017528368,0.027808517,0.047700413
KLB,0.20507589,0.01380621,0.31000113,0.009077163,0.037721608
KLC1,0.0009528361,0.029562747,0.000115221424,0.03696163,0.0384218
KLC2,0.00046404317,0.023591412,0.000106222025,0.0570097,0.013857235
KLC3,0.0003809128,0.041451074,0.00018269851,0.07516865,0.018303093
KLC4,0.0009957744,0.077236444,0.00010411191,0.070349805,0.020499012
KLF1,0.00051251723,0.024660302,9.992384e-05,0.1518379,0.012670567
KLF10,0.21127395,0.058631424,0.21266103,0.04538841,0.031237064
KLF11,0.00031871008,0.01783704,0.00017223308,0.03698906,0.009621154
KLF12,0.0006545653,0.04220864,0.00021843816,0.02623154,0.04302125
KLF13,0.0010738827,0.064275004,0.0005631142,0.05381136,0.08821079
KLF14,0.0015594119,0.020274648,0.0015190389,0.023442874,0.05038432
KLF16,0.0063750534,0.030828103,0.0045584934,0.014942881,0.058177795
KLF17,0.00039618977,0.0053984267,0.00019907605,0.008382098,0.008908028
KLF2,0.10794404,0.03489968,0.18985942,0.02504491,0.036233965
KLF2,0.10794404,0.03489968,0.18985942,0.02504491,0.036233965
KLF3,0.10165712,0.03521347,0.007777121,0.02572108,0.10660559
KLF4,0.00089036964,0.12899528,0.00019078789,0.046383318,0.054436076
KLF5,0.0009413891,0.07799115,0.00022070207,0.052397057,0.081538945
KLF6,0.083106555,0.026588382,0.20193505,0.078832544,0.025828104
KLF7,0.037231762,0.015123901,0.036216035,0.008678562,0.027019948
KLF8,0.00074276474,0.013866282,0.00023713148,0.044740215,0.009705081
KLF9,0.00053475023,0.005105635,0.00016005532,0.011185222,0.007892317
KLHDC10,0.00090631703,0.027173612,0.0002004029,0.04057241,0.06335887
KLHDC2,0.0005133648,0.033202898,0.00024331034,0.037789285,0.015380774
KLHDC4,0.0002810728,0.0047346386,0.00016837093,0.02500289,0.012335218
KLHDC8B,0.0017093485,0.031007199,0.00036594446,0.023442874,0.06583666
KLHDC9,0.0007132493,0.014542713,0.0011034728,0.016589584,0.021916464
KLHL1,0.00045148708,0.022632623,0.00019002792,0.024729606,0.022751033
KLHL10,0.0003616471,0.014925358,0.000817317,0.09978102,0.028270021
KLHL11,0.00025159234,0.011825567,0.0010305169,0.0698648,0.016377095
KLHL12,0.00024083957,0.01608199,0.00017867854,0.17469093,0.007395824
KLHL13,0.004158062,0.031496085,0.00034877844,0.057200402,0.04057913
KLHL14,0.00020985586,0.009022313,0.00019082153,0.09978102,0.010251659
KLHL15,0.0003998364,0.02707034,0.00023040168,0.04813071,0.018960223
KLHL17,0.00070698076,0.013816016,0.00043264733,0.017703548,0.011300934
KLHL18,0.00029555813,0.0110080205,7.384801e-05,0.12870905,0.012559264
KLHL2,0.00053727283,0.026497472,0.0004507852,0.07761724,0.012704297
KLHL20,0.00048653522,0.02832065,0.00014028723,0.049953785,0.01581264
KLHL21,0.0006640213,0.010448685,0.00016502988,0.015676681,0.0113994125
KLHL22,0.001032713,0.05907457,0.00023120338,0.022271575,0.03194548
KLHL24,0.0008645246,0.0069593983,7.617581e-05,0.010767184,0.012175331
KLHL25,0.06396131,0.009632683,0.06298956,0.03208136,0.008006277
KLHL26,0.0003751679,0.0343177,7.26864e-05,0.025208088,0.017427912
KLHL28,0.00095432386,0.032113496,0.00025141728,0.021392673,0.045201667
KLHL29,0.00033714977,0.020071676,0.00016860789,0.01146169,0.020828215
KLHL3,0.001203239,0.057905495,0.00018332008,0.047809176,0.053872354
KLHL32,0.0006757968,0.027417548,0.00035940806,0.0766014,0.022848507
KLHL33,0.0040958426,0.014021414,0.0012634083,0.01804367,0.023348622
KLHL34,0.0008175518,0.009304121,0.00065901707,0.09978102,0.0146747315
KLHL35,0.00040046277,0.0064461357,0.00012559701,0.009077163,0.014570729
KLHL36,0.053067777,0.00455326,0.20964137,0.010767184,0.0069916947
KLHL38,0.03181417,0.016608482,0.1188654,0.06702567,0.007025457
KLHL4,0.00057737506,0.0047044856,0.00015797114,0.008382098,0.013478752
KLHL40,0.000583776,0.009740211,0.00017704099,0.025432503,0.011248575
KLHL41,0.00093385635,0.05528584,0.00017138287,0.09053533,0.07706031
KLHL42,0.0016323135,0.07433055,0.00012500057,0.06333093,0.05359097
KLHL5,0.0007647142,0.044605583,0.0005488142,0.02621554,0.027667103
KLHL6,0.00032085602,0.0067531723,0.0008452366,0.03035653,0.010110258
KLHL8,0.24084726,0.06829714,0.30599776,0.039135396,0.08284678
KLHL9,0.0007973923,0.052114125,0.00011192032,0.022461299,0.067617424
KLK1,0.00052854663,0.012089008,0.00043165535,0.014566581,0.013961631
KLK10,0.0010048078,0.020317655,0.000117107134,0.0698648,0.05208032
KLK11,0.00057556713,0.0013628126,0.0010115711,0.01804367,0.0056298487
KLK15,0.0011584862,0.034110785,0.00013951962,0.009690155,0.0904834
KLK2,0.00040286526,0.012853072,0.00015219505,0.09145389,0.018775398
KLK3,0.00014465755,0.009676497,0.00012346932,0.05394154,0.0066933455
KLK4,0.0006112194,0.029268475,7.26864e-05,0.017275047,0.07519232
KLK5,0.00076691963,0.03062173,0.00021149659,0.009077163,0.042585015
KLK6,0.00047759296,0.01778433,0.0005424607,0.02164511,0.009903154
KLK7,0.00067967025,0.012291237,0.00012992424,0.024950339,0.015521038
KLK8,0.025311552,0.0052154874,0.19929172,0.023416264,0.010092168
KLK9,0.00023307763,0.005351387,0.00015797114,0.017034966,0.028434537
KLKB1,0.00053403375,0.009094726,0.00022984351,0.013181083,0.010272213
KLLN,0.009658624,0.0070809326,0.0062682773,0.01804367,0.040237796
KLRB1,0.0035348176,0.039649315,0.00027410008,0.013398572,0.064844675
KLRC1,0.0011930487,0.016791401,0.00015827481,0.02074213,0.08501421
KLRC4,0.00021571174,0.0026329146,0.00013951962,0.009530602,0.007181321
KLRG1,0.00036257418,0.014338243,0.00019458555,0.019652918,0.03432836
KLRG2,0.0020998449,0.008861642,0.02086595,0.01804367,0.014923085
KMT2A,0.531635,0.3953191,0.44017607,0.15242924,0.2814385
KMT2B,0.00085263205,0.073967114,0.00014153749,0.0746194,0.040691882
KMT2C,0.20798422,0.06357571,0.23903663,0.07368325,0.07564335
KMT2D,0.20127502,0.08037331,0.27234066,0.05466783,0.062386956
KMT2E,0.13862473,0.014751037,0.27208045,0.035169657,0.031685725
KMT5B,0.72710925,0.29992986,0.0628893,0.01804367,0.41796732
KNCN,0.003074503,0.015945124,0.0011768793,0.01804367,0.057676267
KNDC1,0.00026605546,0.011686856,0.00046275088,0.008382098,0.025308011
KNG1,0.0010388527,0.023239966,0.0001489691,0.058081448,0.016782312
KNL1,0.04526584,0.072717786,0.0628893,0.01804367,0.06734431
KNSTRN,0.00083122356,0.055453718,0.00010941955,0.039315768,0.13000564
KNTC1,0.000828867,0.10973664,0.000675221,0.04223064,0.074221
KPNA1,0.00031435554,0.05583146,0.00019116902,0.05146591,0.01222391
KPNA2,0.16223305,0.102118894,0.31905377,0.12326365,0.03698781
KPNA3,0.00053824054,0.04716791,0.00014676299,0.041171785,0.013305289
KPNA4,0.0004579609,0.053996462,7.188103e-05,0.11760979,0.045060825
KPNA5,0.00017852799,0.028162226,0.00010750897,0.13028966,0.0132006155
KPNA6,0.0014758208,0.05163917,0.00026447148,0.056923263,0.029479606
KPNB1,0.0681805,0.10782553,0.18763967,0.124901876,0.060614035
KPRP,0.4401365,0.13589837,0.38720682,0.012257511,0.26957566
KPTN,0.0007918118,0.03622062,0.0001199905,0.0252768,0.022785187
KRAS,0.7145552,0.6814313,0.31326133,0.095635734,0.6785507
KRCC1,0.00039503575,0.0097112,0.00016260239,0.02272375,0.021583388
KREMEN1,0.0017802598,0.017868083,0.00083361147,0.028982447,0.030490682
KREMEN2,0.07376893,0.020046275,0.12512721,0.023442874,0.049522433
KRI1,0.00048143076,0.07031607,9.553655e-05,0.047994114,0.09513014
KRIT1,0.0012278196,0.029861758,9.178963e-05,0.021743597,0.044070568
KRR1,0.0007222515,0.029575061,0.00029589588,0.08429692,0.064701155
KRT1,0.28000012,0.09772385,0.32766083,0.06761431,0.023332072
KRT10,0.00030302771,0.019168291,0.00017124842,0.05840855,0.013025718
KRT12,0.00032827677,0.00299401,0.00014386782,0.026462918,0.007885576
KRT13,0.00052222156,0.08194264,0.00012892706,0.1111974,0.02981483
KRT14,0.0008269334,0.08408856,8.888237e-05,0.061907537,0.04270816
KRT15,0.0209397,0.14174396,0.005111876,0.1074359,0.07695596
KRT16,0.0002984025,0.020316008,0.00017653697,0.04897601,0.017080666
KRT18,0.0002927065,0.0732158,0.00034934818,0.04535214,0.029258018
KRT19,0.00068957935,0.031709094,0.00014740547,0.1917191,0.010645759
KRT2,0.00027889592,0.019012384,9.338294e-05,0.0851105,0.007683454
KRT20,0.00038740764,0.07511768,0.00031394072,0.14666618,0.026988938
KRT23,0.0011084868,0.017490627,0.0002152078,0.026462918,0.024684506
KRT24,0.0007031544,0.07917126,9.4394185e-05,0.02466585,0.060337167
KRT25,0.0006287843,0.010281515,0.00063585176,0.023442874,0.050627295
KRT26,0.0012451357,0.014633584,0.00036887595,0.008382098,0.034286983
KRT27,0.00029275983,0.036599293,0.00032452837,0.029588407,0.06605853
KRT28,0.00021685357,0.005882568,0.00015797114,0.026462918,0.024839547
KRT3,0.00015676054,0.008963329,0.00038605733,0.080213815,0.008461771
KRT31,0.22261794,0.34655872,0.22128958,0.07635919,0.114379175
KRT32,0.35201016,0.16836669,0.37423074,0.07687249,0.12079809
KRT33B,0.0015663041,0.124415725,0.0001594255,0.039986305,0.08567947
KRT34,0.0010651489,0.039057117,0.00016696787,0.022803755,0.10136221
KRT35,0.0005394197,0.008979219,0.00035981965,0.011245472,0.022737918
KRT36,0.0004555792,0.008797985,0.00054094923,0.030235812,0.00818008
KRT37,0.001086986,0.027073923,0.0003280897,0.009077163,0.07540093
KRT38,0.00035048035,0.1346482,0.00012973842,0.12876172,0.023710703
KRT4,0.0006819255,0.03374378,7.4166855e-05,0.09376561,0.045805108
KRT40,0.07905054,0.038989067,0.27561656,0.4310058,0.012098278
KRT5,0.00071101956,0.061084945,0.00014066618,0.1573372,0.06519714
KRT6A,0.00031565863,0.03979137,0.00017069415,0.11760979,0.03915912
KRT6B,0.0009646841,0.042111225,0.00019123027,0.08388137,0.030865032
KRT6C,0.00092164613,0.07474031,0.0001767426,0.03520028,0.051380314
KRT7,0.0005425272,0.009157314,0.00025756992,0.09184084,0.023579787
KRT71,0.0006081985,0.010442588,0.00023136765,0.10159445,0.012112191
KRT72,0.041178696,0.00454202,0.11048368,0.010767184,0.010908438
KRT73,0.00025924548,0.02846975,6.342861e-05,0.07687249,0.035811093
KRT75,0.00014502229,0.007449032,0.00025182538,0.023163307,0.01012761
KRT76,0.0010172587,0.04288471,0.0005781485,0.021026954,0.08357454
KRT77,0.0009813813,0.030656345,0.00035106906,0.049515102,0.018989338
KRT78,0.00066784315,0.016172156,0.00016109418,0.03823579,0.01816941
KRT79,0.0002947317,0.0077298307,0.0006565402,0.059433043,0.016827675
KRT8,0.0019796113,0.12449947,0.0005357997,0.29033577,0.06753474
KRT80,0.00081414514,0.013910959,0.00015797114,0.0389606,0.010403316
KRT81,0.0003170865,0.046605017,0.00014965406,0.06590312,0.032945894
KRT82,0.00087531965,0.014356248,7.416707e-05,0.017022068,0.034289457
KRT84,0.0009072821,0.028435098,0.00019730389,0.050619364,0.046089467
KRT85,0.0007913882,0.05874811,0.00017870392,0.07435456,0.023874085
KRT86,0.0003874909,0.027061468,0.00022851037,0.040436335,0.030670714
KRT9,0.00084954506,0.031044785,0.00018291849,0.050660808,0.02606676
KRTAP101,3.4893303e-05,0.0002909631,0.00016562166,0.01804367,0.00028143427
KRTAP1011,4.2790663e-05,0.0002909631,0.00022434235,0.01804367,0.00028143427
KRTAP102,0.00010399771,0.0002909631,0.00090418826,0.01804367,0.00028143427
KRTAP103,0.005090739,0.0002909631,0.20613557,0.01804367,0.00028143427
KRTAP105,4.618272e-05,0.0002909631,0.00013545761,0.01804367,0.00028143427
KRTAP108,0.0043582297,0.0002909631,0.3969504,0.01804367,0.00028143427
KRTAP109,0.0043582297,0.0002909631,0.28091556,0.01804367,0.00028143427
KRTAP121,4.2203683e-05,0.0002909631,0.00024781202,0.01804367,0.00028143427
KRTAP122,4.257331e-05,0.0002909631,0.00086000987,0.01804367,0.00028143427
KRTAP124,4.5947043e-05,0.0002909631,0.0013911646,0.01804367,0.00028143427
KRTAP131,4.2203683e-05,0.0002909631,0.00043264733,0.01804367,0.00028143427
KRTAP194,0.0001292858,0.0002909631,0.004340735,0.01804367,0.00028143427
KRTAP195,4.3740834e-05,0.0002909631,0.00044166006,0.01804367,0.00028143427
KRTAP241,0.000103326915,0.0002909631,0.000870136,0.01804367,0.00028143427
KRTAP261,4.257331e-05,0.0002909631,0.0005544305,0.01804367,0.00028143427
KRTAP271,0.00010399771,0.0002909631,0.0013980502,0.01804367,0.00028143427
KRTAP32,4.3541942e-05,0.0002909631,0.00016128231,0.01804367,0.00028143427
KRTAP33,4.3777058e-05,0.0002909631,0.00015657276,0.01804367,0.00028143427
KRTAP411,4.3962304e-05,0.0002909631,0.00041641746,0.01804367,0.00028143427
KRTAP42,3.4893303e-05,0.0002909631,0.00014240645,0.01804367,0.00028143427
KRTAP48,9.6275224e-05,0.0002909631,0.0020147965,0.01804367,0.00028143427
KRTAP55,8.67104e-05,0.0002909631,0.0012754824,0.01804367,0.00028143427
KRTAP56,4.3541942e-05,0.0002909631,0.0015354004,0.01804367,0.00028143427
KRTAP59,4.4997283e-05,0.0002909631,0.00031652834,0.01804367,0.00028143427
KRTAP93,7.12707e-05,0.0002909631,0.00030165305,0.01804367,0.00028143427
KRTCAP2,0.0009433204,0.05098577,0.00017354397,0.043872934,0.07428644
KRTCAP3,0.00044955235,0.013014609,0.00015797114,0.023442874,0.030987827
KSR1,0.042986553,0.011727306,0.13415255,0.11189296,0.007901896
KSR2,0.0006160937,0.030357746,0.00025457185,0.02679841,0.058627725
KTI12,0.0006131203,0.030533448,0.00046149633,0.028985407,0.02170851
KTN1,0.0016424427,0.081955045,0.00036357186,0.108996786,0.030714605
KXD1,0.0012645911,0.11408222,0.00014357851,0.028838238,0.16778848
KY,0.0012084639,0.059542187,0.00077361014,0.009173206,0.07322487
KYAT3,0.012081761,0.014906574,0.0628893,0.01804367,0.040789485
KYNU,0.0010759025,0.023469705,0.00018449812,0.024041327,0.032458328
L1CAM,0.0012302938,0.096931815,0.00012918228,0.04754783,0.05338204
L3MBTL1,0.00033413616,0.019791333,8.83875e-05,0.06709032,0.019903695
L3MBTL2,0.001165344,0.039163765,0.00012346932,0.14804961,0.091085754
L3MBTL3,0.0006395817,0.065386385,0.00014286276,0.08334746,0.024470432
L3MBTL4,0.00031259228,0.025375988,0.0005629795,0.080213815,0.021443425
LACC1,0.003596455,0.014112725,0.008187627,0.01804367,0.04090696
LACRT,0.0007494032,0.01235236,0.00028358202,0.17915075,0.012799306
LACTB2,0.00044162935,0.017259099,0.0004151333,0.018586725,0.025987972
LAD1,0.0006015372,0.014530313,0.00010691172,0.05061941,0.035653055
LAG3,0.00091250805,0.049315948,0.00019796041,0.017703548,0.06540798
LAGE3,0.0005215212,0.028327728,0.00018167723,0.025208088,0.06303162
LAIR1,0.00044685858,0.022463242,0.00015797114,0.01133714,0.018458778
LAIR2,0.00025567444,0.0147848865,0.00038187357,0.012576047,0.02169629
LALBA,0.0014421894,0.025069945,0.00017099519,0.048723042,0.043978825
LAMA1,0.00060930295,0.14587641,0.00024738803,0.11009636,0.03544372
LAMA2,0.4384744,0.1583858,0.3716206,0.053084876,0.2352894
LAMA3,0.0006671234,0.036280505,0.00051705114,0.011966204,0.04540598
LAMA4,0.00026211658,0.017033098,0.0001003971,0.107174814,0.017058704
LAMA5,0.00080048357,0.03608331,0.00012135116,0.04987143,0.021657364
LAMB1,0.00045721067,0.011341764,0.00015496612,0.11522541,0.015091137
LAMB2,0.00083353725,0.014906581,0.00012757244,0.02932646,0.021489449
LAMB3,0.1311034,0.016612928,0.30583665,0.040127736,0.013440755
LAMB4,0.000939025,0.0096652815,0.00042521663,0.017267942,0.013609693
LAMC1,0.00020977085,0.026533134,0.00012251992,0.034771934,0.0121512795
LAMC2,0.00068471534,0.02603802,0.000116501,0.02752817,0.012378677
LAMC3,0.001590499,0.078946635,0.00011642104,0.10113981,0.041869555
LAMP1,0.0002215754,0.006708374,0.00021239891,0.039042577,0.0026287006
LAMP2,0.00019408819,0.0071985433,0.00012037981,0.055746976,0.007995393
LAMP5,0.0019560729,0.018562043,0.00093481515,0.01804367,0.023010641
LAMTOR1,0.00050162186,0.065848336,0.00012256409,0.054822758,0.07628396
LAMTOR2,0.0009189734,0.025836414,8.2018596e-05,0.02111291,0.027907236
LAMTOR3,0.23724851,0.07329282,0.2132745,0.035619125,0.11777151
LAMTOR4,0.0005259923,0.025055222,0.00021747308,0.008382098,0.08801325
LAMTOR5,0.0009086455,0.031731088,0.0004238395,0.054003723,0.020796735
LANCL1,0.22020255,0.09038428,0.0662794,0.032661267,0.13553199
LANCL2,0.00035621645,0.027438885,0.00026615057,0.020978805,0.033164788
LANCL3,0.0020992307,0.007482734,0.004336852,0.01804367,0.010752272
LAP3,0.00035302909,0.013706459,0.000100772704,0.03823579,0.017268192
LAPTM4A,0.0006902181,0.019558527,0.00018183321,0.05977457,0.026595743
LAPTM4B,0.2155286,0.028904056,0.38266796,0.025206596,0.044811323
LAPTM5,0.08801819,0.040317688,0.15338472,0.106032945,0.012051326
LARGE2,0.0040079416,0.0026613087,0.0628893,0.01804367,0.013933097
LARP1,0.00034781982,0.09140107,8.455425e-05,0.033231027,0.028814696
LARP1B,0.0004574474,0.011889887,7.015345e-05,0.08093,0.023539925
LARP4,0.00034727645,0.06680325,0.00015797114,0.049843416,0.060432546
LARP4B,0.00035289198,0.05540622,0.00013584268,0.09232367,0.09133927
LARP6,0.0004254642,0.010692007,0.00031924012,0.022075247,0.008192202
LARP7,0.0003959251,0.13514885,0.00011346223,0.07705109,0.062066205
LARS1,0.07610302,0.03050819,0.0628893,0.01804367,0.11294333
LARS2,0.004140589,0.016365033,0.009903435,0.01804367,0.024260703
LAS1L,0.098986976,0.041278545,0.18691707,0.084955,0.050721753
LASP1,0.0009981842,0.018063296,0.00021137182,0.09124983,0.028353898
LAT,0.002113699,0.09686966,0.00013529173,0.037885536,0.035855293
LAT2,0.00052038877,0.028396834,0.00010927982,0.027329886,0.031093288
LATS1,0.1667848,0.084202915,0.12933004,0.080376625,0.035555694
LATS2,0.0001541335,0.031969655,0.00041195683,0.16877735,0.015829181
LAX1,0.0004196477,0.008003339,0.00023075126,0.045055617,0.01591907
LBH,0.001916616,0.044330467,0.00022070987,0.009077163,0.036278002
LBHD1,0.00086811784,0.024994789,0.00015927097,0.018289693,0.026885312
LBP,0.0001844939,0.032956626,0.00012918228,0.101857714,0.019380614
LBR,0.0007139562,0.044956695,0.00019483507,0.05760459,0.010583199
LBX1,0.0014103914,0.030588316,0.00034976238,0.04260967,0.09143832
LCA5,0.00035895314,0.011927013,0.0003786444,0.026073754,0.011632495
LCA5L,0.00032227024,0.02988395,0.00015797114,0.026073754,0.035789315
LCAT,0.0028249973,0.03154045,0.00023309185,0.016902445,0.07505706
LCE1B,0.0006122386,0.020679442,0.000363356,0.03002956,0.01028284
LCE1D,0.00060833304,0.009305215,0.001136136,0.01804367,0.018131752
LCE2B,0.003934738,0.055675246,0.000923621,0.01804367,0.17064539
LCE2C,0.006558105,0.0891622,0.0013061484,0.01804367,0.09796874
LCE2D,0.00076795986,0.00769485,0.00028038255,0.013034388,0.013906211
LCE3A,0.00069694594,0.0049920613,0.0017473482,0.01804367,0.011612868
LCE3C,0.00039713227,0.022880312,0.00012271927,0.023859734,0.036955368
LCE3D,0.0003523983,0.008074585,0.00028109452,0.016337538,0.024539353
LCE3E,0.0006226909,0.037794095,0.0003342005,0.046180673,0.033684667
LCE4A,0.0005275249,0.032498173,0.00015400935,0.13405663,0.020689981
LCK,0.47943905,0.36072454,0.5357707,0.20325842,0.09837005
LCMT1,0.005121389,0.07842611,0.000540182,0.032661267,0.13099295
LCMT2,0.00093410554,0.010666359,0.00033035863,0.023442874,0.02041315
LCN2,0.0011435132,0.035236392,5.899117e-05,0.04687113,0.019800836
LCN8,0.004087994,0.0065008965,0.003589243,0.01804367,0.00887695
LCOR,0.00062299334,0.040094204,0.00024781202,0.13822865,0.03038403
LCP1,0.00041424698,0.018282361,0.000101984566,0.040591124,0.017570248
LCP2,0.00043345915,0.015913649,0.00018593975,0.054924384,0.0076598376
LCT,0.0004870027,0.0060462067,0.00014895547,0.009690155,0.030359259
LDB1,0.00070806494,0.15075232,0.00045507267,0.04057575,0.11982118
LDB2,0.0031189763,0.12604032,0.00020402935,0.19947879,0.11207722
LDHA,0.13028607,0.07312558,0.192328,0.060935818,0.062237352
LDHAL6A,0.0010467147,0.017307166,0.0002829247,0.021392673,0.015228386
LDHB,0.25126326,0.029978594,0.60672736,0.10543716,0.0206812
LDHD,0.00055876136,0.015996788,0.00011089728,0.009173206,0.03202351
LDLR,0.0002943683,0.058093812,0.00012200229,0.04754783,0.056884147
LDLRAD1,0.0005329248,0.0074279928,0.00018459983,0.009387857,0.007564129
LDLRAD4,0.0999336,0.019352423,0.1010956,0.023442874,0.033992913
LDLRAP1,0.056170568,0.019276023,0.32249132,0.023720449,0.01690426
LDOC1,0.0005835582,0.2351594,0.0003130071,0.17632206,0.064303055
LEF1,0.00091565266,0.056833647,0.00011369063,0.10953869,0.027913678
LEFTY1,0.00082173536,0.0038787888,0.0009727136,0.01804367,0.00968528
LEFTY2,0.000100069345,0.004393986,0.00023588943,0.08011856,0.0027774388
LEKR1,0.0059942245,0.023134055,0.0038948893,0.01804367,0.06805321
LEMD2,0.0008185679,0.029727275,0.000103639526,0.023442874,0.050548498
LEMD3,0.00021527572,0.012655866,0.00012638283,0.03208136,0.034733213
LENG1,0.10781594,0.01641959,0.28422526,0.08706582,0.041532602
LENG8,0.0011662007,0.0858772,0.00017097009,0.08179511,0.04780424
LENG9,0.00047588922,0.012553612,7.724497e-05,0.023442874,0.024239095
LEO1,0.055914834,0.011533672,0.16337697,0.033206817,0.022762274
LEP,0.001430989,0.030472863,0.00017976966,0.024358278,0.032999497
LEPR,0.09581982,0.030573377,0.13965167,0.035619125,0.019753302
LEPROT,0.0010236182,0.07074949,0.00017836464,0.022973275,0.09138757
LETM1,0.0012044488,0.05070647,0.00031622066,0.050757743,0.105446644
LETM2,0.08221249,0.02398641,0.20068079,0.017034966,0.044975813
LETMD1,0.0009190448,0.050239723,6.959023e-05,0.015479423,0.049455132
LFNG,0.0002878173,0.010762329,8.443524e-05,0.052114382,0.005390621
LGALS1,0.0002687592,0.022471193,0.00022903825,0.102384225,0.007601584
LGALS13,0.0012214554,0.042453513,0.0005257973,0.024729606,0.059663635
LGALS14,0.0013165685,0.010415934,0.00018103137,0.045911327,0.014152227
LGALS2,0.0007254473,0.04445017,0.00028176745,0.04095821,0.025608733
LGALS3,0.0007139603,0.07593644,0.00026427966,0.09602398,0.024799647
LGALS3BP,0.0009922604,0.053112976,0.0001225183,0.06926932,0.052542727
LGALS4,0.0011551513,0.06844959,0.0003119305,0.037186008,0.077634126
LGALS7,0.00031855603,0.0153466165,0.00017591105,0.022508346,0.021961886
LGALS7B,0.0005067864,0.013585153,0.00024000679,0.055746976,0.008064154
LGALS8,0.1964066,0.038040403,0.21901195,0.043687504,0.016201694
LGALS9,0.00036174245,0.049385507,0.00033029754,0.09145389,0.020306174
LGALS9B,0.00024389097,0.0062634735,0.00015797114,0.025175512,0.01350022
LGALSL,0.064567424,0.025392732,0.3028249,0.080213815,0.021606792
LGI1,0.00044659924,0.014517824,0.0003842223,0.011959312,0.018895641
LGI3,0.0040834052,0.01674168,0.0006308552,0.01804367,0.029801378
LGI4,0.004553037,0.030315258,0.0027444214,0.01804367,0.04223179
LGMN,0.00078248116,0.015959892,0.00018946597,0.047569454,0.030291388
LGR4,0.000497,0.010683098,0.00019187409,0.023442874,0.030365417
LGR5,0.0058031287,0.0243259,0.016976617,0.018257927,0.05966062
LGR6,0.0005900102,0.01684024,0.00024490367,0.016529309,0.063268594
LGSN,0.0026907555,0.026092172,0.00067632063,0.01804367,0.040911067
LHB,0.0011222503,0.0309827,0.00018351666,0.023863457,0.03962038
LHCGR,0.00045739484,0.016772328,0.00019187409,0.012042649,0.03555169
LHFPL1,0.0030249634,0.01848627,0.0054704677,0.01804367,0.07752436
LHFPL2,0.00036717558,0.004812682,0.00050534913,0.023442874,0.0050729997
LHFPL4,0.010414337,0.018325813,0.0021005294,0.01804367,0.0672885
LHFPL5,0.12498954,0.018832056,0.088170186,0.017732777,0.04556546
LHFPL6,0.010327124,0.0103757875,0.0628893,0.01804367,0.022912353
LHPP,0.0024477947,0.023006575,0.015370522,0.01804367,0.023723943
LHX1,0.00045048434,0.019041175,0.00011739783,0.039407514,0.06140137
LHX2,0.02733163,0.00659968,0.23597948,0.036235023,0.008810893
LHX3,0.0003391005,0.005732013,0.0002263189,0.031919457,0.0044283946
LHX4,0.00072971574,0.014845032,0.00039879777,0.060669024,0.012343742
LHX5,0.0036681567,0.012368602,0.0005822315,0.01804367,0.018145662
LHX6,0.0003794419,0.0136948805,0.0003116805,0.009591285,0.0069434764
LHX8,0.0012901293,0.019807342,0.0012438762,0.039998848,0.0285751
LHX9,0.00084200216,0.037916265,0.000434812,0.030614743,0.070557
LIAS,0.10563359,0.048607152,0.1826743,0.017929783,0.10606492
LIF,0.00061327254,0.010445007,0.00012832093,0.012576047,0.037980158
LIFR,0.00081419206,0.040099654,0.00014820417,0.013933608,0.0427256
LIG1,0.6217697,0.2684179,0.5316316,0.10025346,0.44232595
LIG3,0.25900233,0.10261445,0.636343,0.12762699,0.01615479
LIG4,0.123494096,0.08410434,0.26366127,0.12769818,0.046429615
LILRB1,0.0006002763,0.012219373,0.00014472721,0.013633437,0.012988529
LILRB4,0.00028195555,0.0076072444,0.0006121487,0.02435605,0.019156031
LIMA1,0.00060768315,0.025875922,7.929101e-05,0.07876725,0.027687043
LIMCH1,0.0011323241,0.012340174,0.0019317957,0.04225217,0.01095768
LIMD1,0.00043292047,0.010238,9.338294e-05,0.032562852,0.014237014
LIMD2,0.0004888766,0.009031719,0.00015797114,0.028985407,0.018466188
LIME1,0.0014428206,0.019464914,0.00025891818,0.020437825,0.031080684
LIMK1,0.00055651943,0.018373666,0.0002523789,0.072818235,0.020549377
LIMK2,0.0006127876,0.02074599,0.00013584216,0.013710812,0.027045313
LIMS1,0.00034656716,0.06987949,0.00014819781,0.1668846,0.052476794
LIMS2,0.00049495435,0.02578293,0.00026712322,0.113731965,0.020996446
LIN28A,0.0012095257,0.0051190252,0.02957019,0.01804367,0.013998913
LIN28B,0.0014472813,0.014280021,0.00019968172,0.017703548,0.036180284
LIN37,0.0007316194,0.07304651,0.00013224069,0.09361887,0.05242079
LIN52,0.22320437,0.070426464,0.2088833,0.022454023,0.085741736
LIN54,0.0006965399,0.21417125,0.00027695418,0.08678547,0.05349092
LIN7A,0.12931804,0.025490496,0.15137963,0.09387707,0.0104287015
LIN7B,0.0008112291,0.017347932,0.0011901695,0.03263456,0.04750861
LIN7C,0.04188263,0.0352519,0.25531003,0.070368364,0.030335162
LIN9,0.0005577251,0.032486435,0.00015017096,0.08425629,0.018484443
LINGO1,0.0011004568,0.059626304,0.00015900012,0.02504491,0.057336822
LINGO2,0.0007593818,0.033449028,0.00015797114,0.017034966,0.04066692
LINGO3,0.002968943,0.008129982,0.0046252813,0.01804367,0.01806948
LIPA,0.001046649,0.02838193,0.00010361157,0.023442874,0.07519855
LIPC,0.00080684095,0.022964587,0.00016738632,0.028791072,0.043164287
LIPE,0.085076086,0.020418843,0.0967914,0.033245508,0.024255808
LIPG,0.11161395,0.009820017,0.1194819,0.01019949,0.016254297
LIPH,0.0005396653,0.006298775,0.00055384473,0.023442874,0.032883737
LIPJ,0.01112056,0.030481247,0.01699525,0.01804367,0.03591568
LIPK,0.003917781,0.036316723,0.00090418826,0.01804367,0.08709572
LIPT1,0.00031003004,0.04148889,0.00051911135,0.011547842,0.08701291
LIPT2,0.0021779009,0.007866644,0.002037983,0.01804367,0.028188288
LITAF,0.0009415945,0.02518491,0.00023309185,0.11948511,0.033722978
LIX1,0.003670102,0.0077265105,0.000780056,0.01804367,0.021803072
LIX1L,0.0054036854,0.013292124,0.001123716,0.01804367,0.037632857
LLGL1,0.10276661,0.012121243,0.17368996,0.07130209,0.010062737
LLGL2,0.0006048434,0.015604575,0.00011771675,0.026095485,0.01667413
LLPH,0.0003090992,0.0435595,0.00015797114,0.03404868,0.12588932
LMAN1,0.0005553415,0.049498256,0.00012566146,0.06684685,0.053306222
LMAN2,0.0013652665,0.026258452,0.00025182538,0.02572108,0.033987522
LMAN2L,0.0017467943,0.04054708,0.00033235102,0.023442874,0.055432476
LMBR1L,0.00061296514,0.010970209,0.00013951962,0.02435605,0.014356511
LMBRD1,0.0005542276,0.0068699857,0.00013085961,0.023442874,0.020813959
LMCD1,0.00016888625,0.008792056,0.00013244967,0.039315768,0.009402729
LMF1,0.0064321877,0.030070104,0.0016358995,0.01804367,0.04760431
LMF2,0.0008060061,0.019972049,0.00017517475,0.046359513,0.04824011
LMNA,0.00050493266,0.13308045,6.253851e-05,0.03984609,0.12981409
LMNB1,0.0012840084,0.12097725,0.00021927054,0.052206963,0.049203765
LMNB2,0.0004556172,0.015740426,0.00015455013,0.12302755,0.02056113
LMNTD1,0.1794642,0.019917686,0.29299358,0.017034966,0.04247509
LMO1,0.024048315,0.024278464,0.15811072,0.24715975,0.009022743
LMO2,0.13000442,0.10500661,0.10408375,0.18995585,0.084546015
LMO3,0.10518793,0.04786339,0.19334611,0.06426885,0.0518002
LMO4,0.0002488557,0.048380066,0.00021357494,0.28379562,0.020107517
LMO7,0.00042448746,0.010502834,0.0001868996,0.084083825,0.0087150335
LMOD1,0.00026053694,0.0073614344,0.0005843104,0.017034966,0.012382636
LMTK2,0.08065356,0.009870325,0.064701416,0.023720449,0.010453271
LMTK3,0.0008481377,0.02111007,0.00039758324,0.008382098,0.060286354
LMX1A,0.00057927397,0.019634755,0.00012655444,0.035091348,0.02214143
LMX1B,0.00036136693,0.018260116,0.00011715505,0.011681861,0.025189301
LNP1,0.0060029724,0.015135092,0.0628893,0.01804367,0.014310539
LNPEP,0.0006506909,0.028487463,0.0002206762,0.025052864,0.04156092
LNPK,0.005115605,0.006725218,0.0628893,0.01804367,0.023076113
LNX1,0.094760805,0.09228857,0.32853207,0.32319316,0.015539233
LNX2,0.0006448003,0.056975055,0.0002959746,0.14311165,0.01948628
LONP1,0.2211252,0.1858995,0.0884849,0.06113244,0.19762874
LONP2,0.081852175,0.016000466,0.14761025,0.057006508,0.02418327
LONRF1,0.00024293642,0.027470341,0.0001147331,0.09748182,0.0154404985
LONRF2,0.0008598009,0.033652935,0.0009555762,0.024041327,0.03622953
LONRF3,0.066722035,0.011471181,0.19616197,0.017497912,0.025873013
LOXHD1,0.0003079723,0.005804612,0.00035433483,0.01146169,0.008031988
LOXL1,0.0007795503,0.027381388,0.00024122221,0.053084876,0.04200441
LOXL2,0.12161531,0.0046796543,0.38048446,0.017275047,0.012905995
LOXL3,0.00061094045,0.0049690777,0.00077361014,0.014942881,0.010555747
LOXL4,0.00046736436,0.022825772,9.3041e-05,0.11994186,0.018043969
LPA,0.00042865952,0.014324953,0.00040867904,0.025571207,0.024216386
LPAR1,0.13152595,0.032050744,0.1918143,0.02837221,0.03512335
LPAR3,0.00062019855,0.011417725,0.00061732775,0.06389214,0.022378104
LPAR4,0.0002563892,0.0037317756,0.00024022313,0.012736215,0.009020292
LPAR5,0.0012237594,0.0051219817,0.0074689104,0.01804367,0.0106303925
LPAR6,0.0019274042,0.019105062,0.0040803757,0.01804367,0.032694608
LPCAT1,0.00045115236,0.025381802,0.00030268557,0.023442874,0.073543146
LPCAT3,0.0004810597,0.014255147,0.00017099519,0.023442874,0.07760706
LPCAT4,0.0050335336,0.030874984,0.00012826832,0.023442874,0.037043653
LPGAT1,0.00042486796,0.010912421,0.00019355855,0.023442874,0.018061021
LPIN1,0.00043156734,0.0069107395,0.0002321459,0.05802234,0.0097660655
LPIN3,0.004509673,0.010473464,0.0030312052,0.01804367,0.043729037
LPL,0.00020960251,0.008963249,0.00013451425,0.04897601,0.0049633496
LPP,0.000985944,0.01278235,0.00023859904,0.12870905,0.022568492
LPXN,0.0012066397,0.03386286,0.00047280194,0.0766543,0.02181133
LRATD1,0.008815495,0.016288077,0.0628893,0.01804367,0.057732906
LRATD2,0.008598779,0.003290262,0.0628893,0.01804367,0.007486903
LRBA,0.00069719605,0.026351016,0.00027028657,0.05133032,0.023811294
LRCH4,0.00054624263,0.025923114,0.00094985985,0.02475442,0.03505149
LRFN1,0.00039247723,0.02691547,0.00017477365,0.013913607,0.03965528
LRFN2,0.00050832535,0.0018861782,0.0011289507,0.01804367,0.003199874
LRFN3,0.0016126666,0.0039365008,0.0033888295,0.01804367,0.015353407
LRFN4,0.0012055776,0.009585231,0.00015797114,0.020270698,0.031506866
LRGUK,0.0025838802,0.014335918,0.011146415,0.01804367,0.020510169
LRIF1,0.29654038,0.30660918,0.045822974,0.13164356,0.030412478
LRIG1,0.0003527297,0.006132786,0.00026958375,0.032661267,0.01001741
LRIG2,0.0009329137,0.013985218,0.0013939927,0.008382098,0.03462382
LRIG3,0.00048932625,0.0078258645,0.00023257438,0.008382098,0.018891761
LRP1,0.00018605165,0.008185943,0.00046220998,0.0701422,0.010492111
LRP10,0.00020599502,0.003672645,0.00023311985,0.020175396,0.007024849
LRP12,0.0005553052,0.067014776,0.00045246465,0.036096033,0.03743795
LRP1B,0.00081387605,0.023189172,0.00013584268,0.024729606,0.011151473
LRP2,0.00043232864,0.06772257,0.00021954313,0.10520504,0.009792921
LRP2BP,0.00046329046,0.019919017,0.00013951962,0.025950173,0.020495651
LRP3,0.0006187503,0.020791525,0.00021213845,0.04029104,0.02256485
LRP4,0.0003017802,0.0041929157,0.00013760726,0.013307749,0.010336598
LRP5,0.00034616582,0.018071167,0.00013165224,0.103328735,0.018948331
LRP6,0.0012672166,0.07484653,0.0001996069,0.10543716,0.03594946
LRP8,0.0009751293,0.056472294,0.00012611065,0.04754783,0.043525964
LRPAP1,0.000516692,0.022209143,7.926357e-05,0.05346483,0.012968585
LRPPRC,0.0007594404,0.050371125,0.0001171259,0.14499688,0.019420248
LRR1,0.0021637566,0.13787995,0.0002280857,0.06051041,0.18775147
LRRC1,0.0007480069,0.007940826,0.00022349137,0.02504491,0.008694272
LRRC10B,0.0034392083,0.004979375,0.0046125376,0.01804367,0.012290918
LRRC14,0.0002141218,0.005578817,0.00013745553,0.02844312,0.005396282
LRRC15,0.00041944493,0.0054805246,9.953403e-05,0.008382098,0.021169495
LRRC18,0.001267987,0.01813019,0.0015178582,0.015541547,0.048384406
LRRC2,0.00037723762,0.0029465198,0.000113049886,0.008382098,0.009249743
LRRC20,0.0005201555,0.009955689,0.00020587957,0.012868392,0.014020234
LRRC24,0.0038541937,0.012179162,0.0070295166,0.01804367,0.022711791
LRRC25,0.0003767821,0.006902469,0.00041378406,0.008382098,0.018534312
LRRC26,0.0024846238,0.00972814,0.0011028401,0.01804367,0.009551917
LRRC27,0.0016072867,0.007716675,0.0008231056,0.01804367,0.01408445
LRRC3,0.00049871055,0.005820393,0.00044678702,0.020175396,0.010901196
LRRC32,0.0016157897,0.0076967906,0.029780252,0.01804367,0.018413214
LRRC36,0.0019290072,0.009093429,0.0027444214,0.01804367,0.030075785
LRRC4,0.0014109294,0.07070594,0.00017574373,0.026721066,0.048920892
LRRC40,0.0027846089,0.070814334,0.0007474469,0.05061941,0.056248657
LRRC41,0.0010808207,0.11588724,0.00015656992,0.031318244,0.023988118
LRRC42,0.00022013862,0.018719504,0.00021213845,0.011722919,0.032488227
LRRC43,0.0020532385,0.019919896,0.0008231056,0.01804367,0.05592348
LRRC45,0.00040548525,0.013502544,0.00019954621,0.07357072,0.02075723
LRRC47,0.00022921171,0.017502684,6.683879e-05,0.044827595,0.013156129
LRRC4C,0.0004643653,0.013275686,0.00011966828,0.033412308,0.018525425
LRRC52,0.006086034,0.0091247065,0.0011028401,0.01804367,0.029170385
LRRC58,0.00021679154,0.00524081,0.00046149633,0.023442874,0.009211624
LRRC59,0.32659975,0.09249376,0.20146969,0.084955,0.053312324
LRRC61,0.0002696092,0.0036330963,0.00046149633,0.01146169,0.004488764
LRRC66,0.00753095,0.014508215,0.0028556786,0.01804367,0.0409058
LRRC7,0.00027342956,0.01781217,0.00042612964,0.020485349,0.028631171
LRRC70,0.0007743709,0.013525328,0.00010219105,0.023442874,0.023716109
LRRC72,0.0026911537,0.012909033,0.0029569834,0.01804367,0.042894706
LRRC75A,0.0052078413,0.011401842,0.0008105148,0.01804367,0.016580507
LRRC75B,0.0055862525,0.0056365686,0.0008231056,0.01804367,0.01739669
LRRC8A,0.024518678,0.012817003,0.052210215,0.023442874,0.040045645
LRRC8B,0.01614938,0.02173415,0.0067657637,0.01804367,0.084281236
LRRC8C,0.00060485065,0.03533595,0.00013034279,0.023442874,0.08256657
LRRC8D,0.00055534625,0.0066661993,0.00038837068,0.024041327,0.013314638
LRRC8E,0.00020867844,0.010986616,0.00046860607,0.0698648,0.01535461
LRRCC1,0.00019571929,0.013707581,9.5899464e-05,0.011245472,0.012434636
LRRFIP1,0.00031257232,0.013405772,0.0002973163,0.023304028,0.025425212
LRRFIP2,0.001144584,0.019400816,0.00017354397,0.039315768,0.01841199
LRRIQ1,0.0012098018,0.014968423,0.00015797114,0.008382098,0.036937155
LRRIQ3,0.00070233335,0.0139282895,0.00030512575,0.010057129,0.022865498
LRRK1,0.0005666707,0.0068979133,0.00037937227,0.027204618,0.008412107
LRRK2,0.00084356783,0.048698153,0.00012864327,0.04806361,0.036632426
LRRN1,0.11389647,0.0075777504,0.018472996,0.023442874,0.030146623
LRRN2,0.0016032121,0.0023463224,0.0008231056,0.028982447,0.014377469
LRRN4CL,0.081534274,0.012467201,0.16750214,0.021941544,0.023163302
LRRTM1,0.0015211841,0.01009781,0.002205433,0.01804367,0.025904706
LRRTM2,0.006774594,0.020416334,0.002223824,0.01804367,0.031667724
LRSAM1,0.0007458619,0.02769499,0.0005237732,0.069496416,0.014664055
LRTM1,0.0018803298,0.017102903,0.0018627945,0.01804367,0.05275311
LRWD1,0.0005612832,0.037605252,0.0005089855,0.038573407,0.02261246
LSAMP,0.00029794537,0.0027823178,0.00018697891,0.032780126,0.012788141
LSM1,0.00042469692,0.0089392895,0.0004238395,0.038832445,0.008496732
LSM12,0.62319434,0.52400726,0.6940348,0.10444256,0.47744176
LSM14A,0.000984045,0.044713378,0.0001868996,0.07357072,0.06154619
LSM14B,0.00020592492,0.010410927,0.00017354397,0.04225217,0.008633237
LSM2,0.21250449,0.25070515,0.2150825,0.04394531,0.16049635
LSM3,0.24530326,0.1624614,0.3069096,0.14984524,0.19479111
LSM4,0.0037743463,0.04575082,0.00043409885,0.078601345,0.058408175
LSM5,0.1394804,0.079534575,0.16330862,0.064583525,0.10392647
LSM6,0.0021831205,0.39824086,0.00036238652,0.08828944,0.23153056
LSM7,0.001048795,0.08592283,9.647897e-05,0.07533038,0.15157364
LSM8,0.0006892521,0.08584096,0.00048270545,0.10540215,0.096841834
LSMEM1,0.0008591367,0.022474907,0.0003304462,0.052114382,0.060398255
LSMEM2,0.0019788428,0.023147298,0.00048348622,0.05802234,0.029031133
LSP1,0.0006124732,0.026102746,0.00042478598,0.03039046,0.035238225
LSR,6.447546e-05,0.007135242,0.00017069415,0.04057241,0.006943483
LSS,0.08533868,0.030826036,0.04738114,0.04882528,0.050428864
LTA,0.00064483937,0.027458847,0.00041882062,0.06590312,0.025654897
LTA4H,0.0009710857,0.020683669,0.0004941231,0.013933608,0.028116059
LTB,0.00032105923,0.007366509,0.00035845526,0.009173206,0.0073469705
LTB4R,0.06572486,0.022835523,0.034285523,0.009690155,0.026865786
LTB4R2,0.0022913793,0.016086873,0.0010283828,0.01804367,0.0522901
LTBP1,0.0008157511,0.0085623935,0.00016042723,0.014751521,0.028416857
LTBP2,0.06807128,0.009219718,0.12166724,0.04142128,0.008848049
LTBP3,0.0002712883,0.008066737,0.00015516365,0.025065692,0.015830116
LTBR,0.00038082965,0.016096491,0.00022900528,0.08951132,0.009910394
LTC4S,0.060416877,0.0068456964,0.2603655,0.01020011,0.01333943
LTF,0.00065203366,0.015540423,0.00012156715,0.08307802,0.0100447275
LTK,0.36627442,0.11527133,0.2345167,0.031371307,0.18786131
LTN1,0.0005211264,0.022689845,0.00013545554,0.054745983,0.033644956
LUC7L,0.001195983,0.016086746,0.00017447546,0.026436144,0.026664348
LUC7L2,0.0002699868,0.048743896,0.00034638483,0.054073315,0.022957543
LUC7L3,0.07043346,0.11603754,0.13639738,0.111131415,0.05840859
LUM,0.0007687097,0.03423748,0.00017816883,0.05040212,0.03259959
LURAP1,0.00025877258,0.015723148,0.00026886477,0.058897913,0.011073445
LURAP1L,0.001048786,0.014143468,0.00047030186,0.008678562,0.019507863
LUZP1,0.00028159557,0.008805036,0.00020657467,0.06389214,0.010833926
LUZP4,0.00048156548,0.025316902,0.00014844417,0.05132467,0.05749952
LVRN,0.0005587587,0.00741791,0.00041217013,0.008382098,0.012733117
LXN,0.00016449337,0.016335025,0.00016472001,0.084083825,0.015931305
LY6D,0.00010901505,0.0016711997,0.0002030402,0.022075247,0.0015074722
LY6E,0.00023999947,0.005644782,0.00017029064,0.02516947,0.0047191284
LY6G5B,0.0004086177,0.014509503,0.00022250906,0.028985407,0.026021512
LY75,0.0038490158,0.018572347,0.001041195,0.01804367,0.02203772
LY86,0.0010076353,0.011060084,0.00028138733,0.05802234,0.018098844
LY9,0.0009262088,0.023293458,0.00040867904,0.02070766,0.07406818
LYAR,0.046446826,0.029975718,0.29005027,0.15177786,0.0035250995
LYL1,0.37235972,0.33952245,0.19553463,0.2953473,0.06262009
LYN,0.14005436,0.035101604,0.12449446,0.13696045,0.029478837
LYPD2,0.0009753542,0.0021729409,0.0011028401,0.01804367,0.002211862
LYPD3,0.00054757117,0.01367287,0.00018369907,0.009690155,0.04295302
LYPD4,0.004659659,0.014411789,0.005980353,0.01804367,0.02086582
LYPD5,0.0022699675,0.0030062231,0.0044614617,0.01804367,0.009229245
LYPD6,0.0026119545,0.023097891,0.0008231056,0.01804367,0.036371868
LYPD6B,0.0036898404,0.0061102416,0.023285985,0.01804367,0.019829156
LYPLA1,0.0005960569,0.012927207,0.00027695418,0.036598153,0.019658165
LYPLA2,0.0004045519,0.012410768,9.492793e-05,0.055746976,0.014178337
LYRM1,0.0007466054,0.027372457,9.79279e-05,0.008382098,0.09294022
LYRM2,0.0005312167,0.01742917,0.00022270983,0.017042585,0.03273877
LYRM4,0.0013410054,0.14966536,0.00017711628,0.009380428,0.23245311
LYRM7,0.00076096825,0.019604584,0.00017354397,0.015479423,0.023047967
LYRM9,0.0038347123,0.009488061,0.0034052508,0.01804367,0.0066181542
LYSMD1,0.0005459701,0.014391653,0.00015797114,0.0698648,0.021702854
LYSMD4,0.0038848731,0.024475286,0.0045364955,0.01804367,0.03846918
LYST,0.29844862,0.045523528,0.15195987,0.104104154,0.081552945
LYZ,0.0007366707,0.054133613,0.000215056,0.041857745,0.030095056
LZIC,0.0015700558,0.0153763695,0.0005518708,0.008678562,0.037935022
LZTFL1,0.00048849673,0.017684827,0.00026197894,0.06586782,0.0175867
LZTR1,0.012278531,0.08328591,0.018215572,0.11967105,0.046948947
LZTS1,0.00033393555,0.026472865,0.00010551274,0.057706587,0.018936114
LZTS2,0.29060504,0.20175564,0.21433401,0.07894913,0.038037885
LZTS3,0.003455738,0.0066620517,0.00504909,0.01804367,0.020378593
M1AP,0.001037433,0.015954016,0.0002407948,0.0698648,0.053475488
M6PR,0.000728065,0.035086617,0.00056727324,0.028124522,0.061148845
MAB21L1,0.0005177608,0.01776857,0.00042898327,0.038034912,0.029240923
MAB21L2,0.00035298555,0.0052440003,0.0001819723,0.04164072,0.011871727
MAB21L3,0.00032445937,0.01399871,0.0004255599,0.036976393,0.012880222
MACF1,0.0016465338,0.046224464,0.00040325912,0.038832445,0.057789136
MACIR,0.0021817726,0.0073745428,0.0628893,0.01804367,0.0059732106
MACO1,0.011605749,0.020588137,0.0628893,0.01804367,0.043521214
MACROD1,0.0011504825,0.010081632,0.0005952942,0.009380428,0.028572123
MACROD2,0.0018670408,0.0044276444,0.0008231056,0.01804367,0.023106394
MACROH2A2,0.0037374722,0.0059941164,0.0628893,0.01804367,0.015763907
MAD1L1,0.0005678518,0.040307775,0.00014983068,0.072315216,0.021988451
MAD2L1,0.23654261,0.09162,0.34922048,0.2555945,0.058815625
MAD2L1BP,0.00035078704,0.031399712,0.00017467319,0.07705338,0.061198447
MAD2L2,0.002622017,0.3392376,0.00012244798,0.17239588,0.5329797
MADCAM1,0.00054504076,0.0035893263,0.00030083797,0.009690155,0.006779852
MADD,0.48211023,0.31402448,0.299366,0.024128672,0.21188542
MAEA,0.0008175304,0.043561216,0.00016967216,0.026061665,0.0928043
MAEL,0.00232427,0.009479466,0.0026606317,0.01804367,0.025866736
MAF,0.0004982781,0.046005506,0.00021564757,0.06800528,0.14896916
MAF1,0.00046189086,0.01578248,0.00045911726,0.06831696,0.033316538
MAFA,0.09784002,0.029784935,0.2346355,0.047684442,0.022810096
MAFB,0.0002449686,0.014610384,0.00058353983,0.067783765,0.008962152
MAFF,0.00055604277,0.016961832,8.0086174e-05,0.07483766,0.01709038
MAFG,0.00015629233,0.015240354,0.00017230323,0.054999076,0.010512542
MAFK,0.0006498654,0.060276497,0.00024101141,0.07534804,0.07778929
MAG,0.00067416934,0.034568,0.00017839442,0.035744585,0.012122905
MAGEA1,0.00034751373,0.020796753,0.00011356181,0.04897601,0.009310536
MAGEA10,0.0007623383,0.005748965,0.00030812,0.023442874,0.013381405
MAGEA11,0.09448694,0.026011689,0.09418718,0.06713583,0.021224884
MAGEA12,0.0002164361,0.016764067,0.00010289302,0.05231598,0.008575682
MAGEA4,0.00028214918,0.00963504,0.00011038705,0.09737001,0.0053107766
MAGEA6,0.0888588,0.04425825,0.22641166,0.1731381,0.064048395
MAGEB1,0.00028453505,0.009670413,0.00021170563,0.011681861,0.01531483
MAGEB18,0.0011727868,0.062347285,0.00068786036,0.09697932,0.047892973
MAGEB2,0.00017931122,0.009498719,0.00012313199,0.030482452,0.012158419
MAGEB4,0.0001613249,0.012959665,0.00011733314,0.09555007,0.007996682
MAGEB6,0.0005215351,0.021284873,0.00047320456,0.018657554,0.014042387
MAGED1,0.00032508356,0.10546371,0.00012087281,0.32459107,0.020382516
MAGED2,0.12089394,0.027992746,0.05504325,0.052888636,0.033291023
MAGEE2,0.002843648,0.011335884,0.0020584154,0.01804367,0.022474002
MAGEF1,0.000466675,0.037719816,0.00017960896,0.037042066,0.029112697
MAGEH1,0.09377418,0.014212348,0.22979148,0.033207905,0.026365498
MAGI1,0.0009678418,0.064774476,0.00023417779,0.04947743,0.02587385
MAGI2,0.0020781544,0.069158666,0.00018593975,0.09003672,0.08524764
MAGI3,0.1773794,0.055891316,0.20514433,0.06445435,0.03262136
MAGIX,0.0013943319,0.006818844,0.0045080655,0.01804367,0.012765598
MAGOH,0.20554931,0.18320757,0.3603507,0.07635919,0.07025641
MAGOHB,0.0006384727,0.032826222,8.818225e-05,0.12823616,0.03365245
MAGT1,0.0003439201,0.004233822,0.00015505745,0.023442874,0.013561122
MAIP1,0.007135198,0.008491175,0.0628893,0.01804367,0.04027291
MAK,0.0005107231,0.03389053,0.0001356511,0.036976393,0.04362759
MAK16,0.00052066165,0.036742177,0.00016227698,0.03227226,0.086714886
MAL,0.0018387713,0.027093444,6.1785555e-05,0.02258897,0.06705591
MALL,0.0004934352,0.0126691535,0.0002691859,0.013685139,0.013253374
MALSU1,0.0011568669,0.04425313,0.0005706789,0.011245472,0.045701765
MALT1,0.00033150072,0.0117418,0.000401262,0.08179511,0.010908808
MAMDC2,0.009980898,0.017986998,0.01776718,0.01804367,0.07506833
MAML1,0.10413269,0.015336503,0.20242143,0.026436144,0.019711545
MAML2,0.4812173,0.12818,0.10950576,0.040981706,0.12937343
MAML3,0.0002798311,0.022478469,0.00020834562,0.09492725,0.014004917
MAMLD1,0.0024084249,0.012584836,0.00031730544,0.01804367,0.055913597
MAMSTR,0.0019065802,0.0074180155,0.0005191586,0.008382098,0.03822834
MAN1A1,0.0025476557,0.0133693125,0.0011892291,0.01804367,0.025021758
MAN1A2,0.00021051822,0.022350704,8.250377e-05,0.080213815,0.018920373
MAN1B1,0.00056793384,0.027205603,0.00010138156,0.042580854,0.08652634
MAN1C1,0.0011286638,0.005432936,0.0002617959,0.017267942,0.018902574
MAN2A2,0.00023050299,0.01005318,0.00049007265,0.043996323,0.0049169105
MAN2B1,0.00050616165,0.0073618344,0.00012607109,0.020432413,0.016936637
MAN2B2,0.00036091692,0.005496928,0.0002480685,0.023442874,0.017960591
MAN2C1,0.0009286074,0.029260347,7.655054e-05,0.02956891,0.02838923
MANBA,0.0024146584,0.017349249,0.00395714,0.01804367,0.025249347
MANEAL,0.0013840536,0.00312429,0.02086595,0.01804367,0.008618599
MANF,0.00025677864,0.01879729,0.00019246794,0.028985407,0.033851247
MANSC1,0.0009739144,0.008804156,0.0015278393,0.01804367,0.028988127
MANSC4,0.004727799,0.012437225,0.0011100639,0.01804367,0.01525521
MAOA,0.00026134052,0.009605019,0.00010892734,0.021392673,0.022702644
MAOB,0.00028162994,0.009565193,0.00028744762,0.018586725,0.00935719
MAP10,0.0015374187,0.002280247,0.0005428073,0.01804367,0.006558204
MAP1A,0.000556025,0.04233649,0.00047713064,0.07543116,0.019212848
MAP1B,0.00033217235,0.062265918,0.00027690007,0.18083519,0.014282726
MAP1LC3A,0.08310306,0.024756761,0.12377246,0.07927051,0.013255158
MAP1LC3B,0.1385595,0.038215615,0.1464663,0.10260472,0.0595544
MAP1LC3C,0.0004777457,0.025471907,0.00031064395,0.09907788,0.013922796
MAP1S,0.0007305294,0.07760607,0.00012638283,0.09145389,0.027767338
MAP2,0.074522026,0.048059057,0.2085024,0.062388398,0.0369578
MAP2K1,0.39578456,0.31565773,0.33014533,0.11502292,0.24828869
MAP2K2,0.028176181,0.02353366,0.2967654,0.043209042,0.015882844
MAP2K3,0.191657,0.05198879,0.366641,0.058909547,0.05686379
MAP2K4,0.18070732,0.14886631,0.23772463,0.09361887,0.02579017
MAP2K5,0.7674907,0.30333862,0.4526467,0.11456573,0.1852479
MAP2K6,0.000829392,0.028649257,0.00048449263,0.05346483,0.029301317
MAP2K7,0.679068,0.28211245,0.12595814,0.058270473,0.33432898
MAP3K1,0.45277148,0.35745618,0.38985687,0.35492384,0.063661024
MAP3K10,0.619058,0.23726982,0.33838525,0.0719042,0.24443209
MAP3K11,0.12505384,0.032949638,0.24447311,0.05276394,0.020171532
MAP3K12,0.00042261742,0.01948988,0.00014345412,0.097713724,0.020641023
MAP3K13,0.0022777845,0.03746724,0.00094873516,0.021026954,0.08365802
MAP3K19,0.0026830328,0.015589119,0.00037866173,0.01804367,0.037427407
MAP3K2,0.00044599574,0.024283802,0.00015758285,0.107880354,0.02980922
MAP3K20,0.02580439,0.007474901,0.0628893,0.01804367,0.043830536
MAP3K3,0.24373993,0.098145,0.2953575,0.17738473,0.031186497
MAP3K4,0.06665905,0.019486213,0.17903233,0.15814899,0.011757474
MAP3K5,0.77881783,0.56162995,0.37965837,0.0494123,0.26972222
MAP3K6,0.00046463805,0.014357442,0.00013507222,0.107956104,0.007635967
MAP3K7,0.66394997,0.5707767,0.39462274,0.09456731,0.4597615
MAP3K7CL,0.00063671166,0.054951116,0.00012151095,0.03630853,0.057938304
MAP3K8,0.4248104,0.2519308,0.31100434,0.1092924,0.07369518
MAP3K9,0.00041344733,0.008218162,0.00012992424,0.01992266,0.017957512
MAP4,0.76246595,0.53031623,0.45604947,0.06778434,0.3547496
MAP4K1,0.1341699,0.06449207,0.218859,0.04947743,0.04678743
MAP4K2,0.00091086497,0.03364071,0.0002261925,0.11189296,0.034016952
MAP4K3,0.00024361323,0.031202188,8.470193e-05,0.08179511,0.010152704
MAP4K4,0.00038360798,0.11476717,0.0002490577,0.12253358,0.033126168
MAP6D1,0.00081490894,0.002301346,0.0035537228,0.01804367,0.009182871
MAP7,0.0007671933,0.008300504,0.00042583505,0.0578791,0.009383296
MAP7D1,0.00035103995,0.013229194,0.00024158333,0.038368754,0.016663555
MAP7D3,0.00046063904,0.006028137,0.000222668,0.010057129,0.02128607
MAP9,0.0005305548,0.0056932257,5.3770058e-05,0.022068124,0.041474964
MAPDA,0.007529532,0.016525581,0.0628893,0.01804367,0.056204982
MAPK1,0.7923542,0.6962557,0.75238997,0.4187959,0.4586918
MAPK10,0.2979422,0.13513547,0.1906394,0.080376625,0.13947006
MAPK11,0.14864247,0.018496692,0.16977683,0.16077095,0.009588713
MAPK12,0.32226786,0.08593675,0.23203522,0.074387535,0.076102145
MAPK13,0.23253283,0.11614665,0.16360283,0.10260472,0.06503939
MAPK14,0.17513926,0.16358559,0.28497383,0.049990743,0.09697481
MAPK15,0.00086749234,0.021582387,0.00032208717,0.02504491,0.019134281
MAPK1IP1L,0.0003431279,0.027267711,0.00018243495,0.09540412,0.013953841
MAPK3,0.6704671,0.50035036,0.46097726,0.2814532,0.15220231
MAPK4,0.00075948925,0.007309228,0.0005897347,0.016602034,0.006559518
MAPK6,0.07219228,0.08987505,0.31731564,0.17048424,0.012755327
MAPK7,0.10715864,0.06961571,0.25229013,0.054308936,0.023199517
MAPK8,0.7388333,0.61676544,0.26717728,0.43685526,0.34848073
MAPK8IP1,0.48509812,0.2509496,0.3046088,0.076814204,0.2030261
MAPK8IP3,0.10321527,0.018355288,0.27426547,0.07543116,0.013914655
MAPK9,0.25602072,0.106634595,0.34547907,0.06713583,0.028349418
MAPKAP1,0.5766239,0.24957244,0.1978835,0.110016964,0.31035167
MAPKAPK2,0.5195838,0.19864365,0.29279864,0.091265805,0.24887578
MAPKAPK3,0.49860486,0.20234725,0.14151901,0.058897913,0.20193624
MAPKAPK5,0.28876784,0.18775505,0.3431275,0.10746389,0.11209113
MAPKBP1,0.10449071,0.029207548,0.11549997,0.062388398,0.01654468
MAPRE1,0.00088765565,0.03532087,0.00019325133,0.048646152,0.031436708
MAPRE2,0.00075464766,0.077613495,0.0007224276,0.04877954,0.07322793
MAPRE3,0.0002832402,0.022150775,0.0004585443,0.054802448,0.009671153
MAPT,0.19453676,0.07202094,0.10965004,0.1468886,0.029776629
MARCHF2,0.017585184,0.01949317,0.0628893,0.01804367,0.020750633
MARCHF3,0.0026677002,0.005666127,0.0628893,0.01804367,0.011307504
MARCHF5,0.022864742,0.008517522,0.0628893,0.01804367,0.075982995
MARCHF6,0.58046395,0.16071178,0.0628893,0.01804367,0.1580035
MARCHF7,0.15120076,0.060631845,0.0628893,0.01804367,0.0616142
MARCHF9,0.0036351164,0.008279949,0.0628893,0.01804367,0.0578392
MARCKS,0.16387491,0.053655673,0.13235672,0.09711622,0.033902865
MARCKSL1,0.00018762953,0.017531028,0.00022527581,0.030818716,0.008067855
MARK1,0.224572,0.037125748,0.16546775,0.046836674,0.027609736
MARK2,0.14213967,0.0586004,0.14630195,0.101070926,0.07365883
MARK3,0.00097148033,0.12468964,0.0004160072,0.06761431,0.12764186
MARK4,0.0005061892,0.15014926,0.00013278858,0.14304239,0.028294073
MARS1,0.06552673,0.110232666,0.0628893,0.01804367,0.11300246
MARS2,0.058628205,0.027496856,0.15734036,0.017034966,0.048103247
MARVELD2,0.006385643,0.022021735,0.0020858531,0.01804367,0.028604269
MARVELD3,0.0016878148,0.018942572,0.0014940333,0.01804367,0.020913253
MAS1,0.0005070541,0.005858994,0.00046384108,0.012576047,0.011069665
MAS1L,0.002241638,0.004554931,0.0006270148,0.01804367,0.010057533
MASP1,0.0008971423,0.044635892,0.00018295617,0.12110945,0.074926734
MASP2,0.07648028,0.02410425,0.12093972,0.014914621,0.015183807
MAST1,0.00085650437,0.07114714,8.6527776e-05,0.062390726,0.05532086
MAST2,0.00058269146,0.03249608,0.0003377398,0.036238354,0.024593515
MAST3,0.00029780593,0.008928111,0.0017994026,0.029632905,0.01703487
MAST4,0.0005051984,0.006866577,0.00097442215,0.008382098,0.0059917383
MASTL,0.6507585,0.5421041,0.43073797,0.01627669,0.5777965
MAT1A,0.0012335965,0.021920245,0.00050358754,0.023442874,0.0281806
MAT2A,0.40941018,0.42372897,0.22947745,0.06271307,0.45973632
MAT2B,0.0014376341,0.023654185,0.0001764996,0.028792977,0.025007546
MATK,0.13663949,0.03176523,0.12990886,0.02113287,0.045281984
MATN1,0.00015190826,0.004086548,0.00016256937,0.019631451,0.008396807
MATN2,0.04401573,0.013220258,0.23749746,0.040052105,0.015030045
MATN3,0.0007230251,0.004725614,0.001009952,0.008216739,0.010272184
MATN4,0.00063427986,0.022103593,0.00029135312,0.010070217,0.030475914
MATR3,0.0006433434,0.06867451,0.00029566156,0.09444399,0.044951353
MAU2,0.0014154514,0.02382763,4.6353653e-05,0.024041327,0.026038826
MAVS,0.00040871196,0.013166386,0.0002775807,0.11979547,0.0077306614
MAX,0.7324061,0.5554882,0.4376161,0.10260472,0.45622057
MAZ,0.0013679477,0.040279325,0.00048989843,0.035169657,0.017283054
MB,0.0011954352,0.009990444,0.00024738873,0.013998775,0.027974524
MBD1,0.00072968204,0.065790355,0.00031107667,0.10160875,0.010851934
MBD2,0.0007943723,0.050053027,0.00012757244,0.052951206,0.07423578
MBD3,0.0013064818,0.18221998,0.00036521378,0.0801205,0.15112993
MBD3L1,0.0027466686,0.07922295,0.00018266942,0.09364394,0.072385654
MBD4,0.15162788,0.03301958,0.30077285,0.050634935,0.014364003
MBD5,0.00028870028,0.010791742,0.00044936084,0.01992266,0.021044305
MBD6,0.001062285,0.017353501,0.0006037261,0.009077163,0.0810549
MBIP,0.0005243569,0.0712921,0.00031026424,0.11967105,0.014912827
MBL2,0.00038921612,0.022253528,7.8752826e-05,0.036769863,0.04075724
MBLAC2,0.0005861226,0.024756687,0.00015797114,0.023442874,0.023327276
MBNL1,0.0012297127,0.02549251,0.00037655424,0.046986938,0.04546478
MBNL2,0.00029158374,0.0077395984,0.00022000202,0.023442874,0.017340349
MBNL3,0.00016280748,0.0061603943,0.00019082153,0.018586725,0.007917446
MBOAT1,0.003693525,0.00992969,0.0008051524,0.01804367,0.017922917
MBOAT2,0.001981317,0.008443052,0.001383516,0.01804367,0.021649696
MBOAT7,0.00048964494,0.022670325,0.00026965342,0.032661267,0.03865797
MBP,0.105725884,0.045127302,0.13441658,0.1184814,0.021211684
MBTPS1,0.00042809782,0.03171703,0.00044928546,0.026436144,0.04957528
MBTPS2,0.10274348,0.049326357,0.11120335,0.05802234,0.104808055
MC1R,0.19338602,0.043248978,0.29425037,0.034844186,0.03218046
MC4R,0.0014599882,0.04413657,0.00014337084,0.010073858,0.03066874
MCAM,0.00030437062,0.004718508,0.00045582574,0.06586782,0.010155143
MCAT,0.23400992,0.06190838,0.21069653,0.10439912,0.035050724
MCC,0.05879161,0.034581058,0.30594173,0.045120396,0.0036636705
MCCC1,0.00077012327,0.015095907,0.00016782196,0.024203353,0.038703114
MCCC2,0.00051888084,0.0057485974,0.0016339895,0.011185222,0.012180867
MCEE,0.0003477396,0.06187236,0.0005544305,0.042580854,0.06112839
MCF2,0.0009588855,0.01715195,0.00018254145,0.0228724,0.015690278
MCF2L,0.00029539276,0.009771891,0.00021242141,0.084955,0.0044359397
MCFD2,0.00094228773,0.06476509,0.00041079937,0.011245472,0.03918416
MCHR1,0.0008186334,0.038311996,0.00030638385,0.019239094,0.08697524
MCHR2,0.00090046984,0.0046808072,0.0012521102,0.028982447,0.007963102
MCIDAS,0.0007619043,0.012553843,0.00024038467,0.008382098,0.027137496
MCL1,0.8044173,0.52437925,0.5082263,0.24192555,0.53836197
MCM10,0.0009769817,0.053341147,0.00016819667,0.12334042,0.10006312
MCM2,0.077436164,0.055414032,0.44956762,0.10595162,0.06383738
MCM3,0.10875272,0.042979866,0.4877996,0.06351521,0.034473177
MCM3AP,0.13754249,0.081985384,0.30343318,0.05466783,0.12598927
MCM4,0.18300445,0.086860076,0.44635677,0.14034888,0.08537809
MCM5,0.39553365,0.061093353,0.5544776,0.16998054,0.08974442
MCM6,0.22468668,0.10352931,0.37263617,0.28759825,0.069687486
MCM7,0.00076752936,0.25907287,9.2306014e-05,0.20091082,0.19855827
MCM8,0.0024455762,0.04893628,0.00026164544,0.019905075,0.0972273
MCM9,0.0059633777,0.018204797,0.00038736055,0.01804367,0.053202577
MCMBP,0.0015068667,0.14729272,0.00019446034,0.12472661,0.11780572
MCOLN1,0.09271174,0.0067451014,0.119993575,0.09978102,0.010378265
MCOLN2,0.009601084,0.013213965,0.00072702114,0.01804367,0.022473179
MCOLN3,0.00095834164,0.018543141,0.0016870799,0.008678562,0.04120599
MCPH1,0.19089696,0.06717483,0.49485555,0.12229906,0.044992413
MCRIP2,0.0033583464,0.009949764,0.0628893,0.01804367,0.037492346
MCRS1,0.0007200412,0.06513842,0.0002611851,0.36710957,0.06568509
MCTP2,0.0014899316,0.011240405,0.0044614617,0.01804367,0.028085493
MCTS1,0.0005888624,0.04983756,8.6497086e-05,0.043185964,0.102763966
MCU,0.0009823682,0.024837732,0.0002285849,0.05061941,0.033938922
MCUR1,0.002778436,0.0059917187,0.019445674,0.01804367,0.013858401
MDC1,0.11007398,0.051045146,0.1722359,0.3675081,0.01888941
MDFI,0.09862925,0.038544133,0.22963785,0.045120396,0.011400821
MDFIC,0.0003019693,0.013877945,0.00015827481,0.037310082,0.010481877
MDGA1,0.00073980587,0.011442596,0.00024781202,0.010057129,0.015933061
MDGA2,0.0012677719,0.026309446,0.00015657276,0.023442874,0.02563849
MDH1,0.06145393,0.025782492,0.1712321,0.07653722,0.030656908
MDH1,0.06145393,0.025782492,0.1712321,0.07653722,0.030656908
MDH2,0.6221336,0.53901255,0.4235431,0.10903678,0.44714794
MDK,0.00015698386,0.005451865,0.00012611065,0.120051116,0.002708338
MDM1,0.01700933,0.044916533,0.0043569924,0.01804367,0.042749725
MDM2,0.91271394,0.8926292,0.5119634,0.38199276,0.78578925
MDM4,0.2157606,0.2638023,0.23006122,0.3446033,0.39324012
MDN1,0.0010964538,0.05204967,6.807085e-05,0.070112325,0.118327856
ME1,0.7276309,0.1481087,0.26059714,0.023442874,0.17809235
ME2,0.0006633979,0.023084322,0.00070338865,0.055746976,0.0216392
ME3,0.00067711005,0.02455262,0.000191316,0.036695506,0.025896627
MEA1,0.00041980113,0.032953396,0.0001988355,0.02998972,0.02184761
MEAF6,0.00046711403,0.04586693,0.000156056,0.025507925,0.051901482
MEAK7,0.008044929,0.013220433,0.0628893,0.01804367,0.013609284
MECOM,0.00032919945,0.08413545,0.00017208273,0.056320872,0.06118842
MECP2,0.0007275877,0.04428522,0.0005489641,0.078601345,0.014606506
MECR,0.00074769725,0.030212952,0.00018315148,0.020531666,0.051589258
MED1,0.24561572,0.16095509,0.16908537,0.08218477,0.18405183
MED1,0.24561572,0.16095509,0.16908537,0.08218477,0.18405183
MED10,0.17779404,0.09241437,0.11494759,0.093894556,0.039630353
MED11,0.00021067544,0.05506432,0.00036613358,0.10358363,0.053539675
MED12,0.0003111342,0.062380467,0.00013901021,0.14289773,0.06430624
MED12L,0.0015407754,0.012970611,0.0008097737,0.017034966,0.045360673
MED13,0.00082581874,0.038728375,0.00015348189,0.11003085,0.096764825
MED13L,0.058450706,0.0287346,0.2769168,0.10358363,0.03515749
MED14,0.32467353,0.10421018,0.17843068,0.15384021,0.21760277
MED15,0.00048226948,0.08599995,0.00015959919,0.11967105,0.090351865
MED16,0.0011879456,0.09367499,0.00014327941,0.07331041,0.096371286
MED17,0.55764353,0.25146574,0.29688746,0.23979926,0.14396454
MED18,0.000771616,0.027336124,0.00022975368,0.080925874,0.019699583
MED19,0.1476393,0.09110638,0.2896968,0.3678306,0.0949064
MED20,0.00020258788,0.12559296,0.0002466525,0.080925874,0.07492569
MED21,0.0016952334,0.06686787,0.0003123313,0.054073315,0.082418144
MED22,0.68494415,0.6137433,0.30644912,0.1588309,0.55222505
MED23,0.76393414,0.67155623,0.3081725,0.19185401,0.63381714
MED24,0.100687906,0.0796239,0.22517297,0.14208883,0.027176043
MED25,0.0012918944,0.040109787,0.0001854882,0.05200882,0.05391552
MED26,0.0009990747,0.13326554,0.00031652834,0.081087425,0.17572418
MED27,0.0009844983,0.14326455,8.739168e-05,0.14098792,0.20688213
MED28,0.5943529,0.5397598,0.29374108,0.10577711,0.43489072
MED29,0.001739077,0.047684483,0.00012011459,0.06713583,0.06179994
MED30,0.00032384068,0.08903534,0.00015579582,0.0746194,0.11523137
MED31,0.000588503,0.058945656,0.00022348475,0.041283563,0.026718147
MED4,0.0011641296,0.20790645,0.00022848076,0.07703127,0.12450181
MED6,0.00048451137,0.15053944,0.00015724033,0.106358275,0.10636933
MED7,0.0025149398,0.08903215,0.00019317174,0.11967105,0.07560582
MED8,0.0018754372,0.103369765,0.00022754072,0.11292586,0.18772808
MED9,0.09790702,0.19470927,0.191782,0.08150064,0.13057692
MEF2A,0.0003489183,0.01806962,0.00021050898,0.091265805,0.0058296104
MEF2B,0.0003440039,0.0056875893,0.00019125233,0.06691829,0.030094365
MEF2C,0.00047219367,0.038283244,6.915579e-05,0.10013232,0.057814844
MEF2D,0.000393688,0.015020552,0.00024297742,0.14304239,0.024926221
MEFV,0.000780066,0.056417823,9.338294e-05,0.08524845,0.023165774
MEGF10,0.0005394614,0.009944604,0.00018328668,0.06702567,0.00927347
MEGF6,0.00024247846,0.016538784,0.00025456748,0.028124522,0.035984512
MEGF8,0.0004686516,0.005296076,0.00012751418,0.011245472,0.006255922
MEGF9,0.004960691,0.019590328,0.030980935,0.01804367,0.03393561
MEIOB,0.0019781326,0.005226902,0.0007812187,0.01804367,0.019691836
MEIS1,0.00090071565,0.07515227,0.00016248242,0.16077095,0.034316488
MEIS2,0.0003753736,0.02080791,0.0007871775,0.04675126,0.015438586
MELK,0.000993982,0.090648994,0.0003452851,0.09184084,0.07639848
MELTF,0.002140027,0.0014768583,0.0628893,0.01804367,0.0018308939
MEMO1,0.0943917,0.056399755,0.037029557,0.051119443,0.046620052
MEN1,0.07471177,0.031420067,0.28356677,0.13601965,0.058166444
MEOX1,0.0005398435,0.026678948,0.00017679065,0.094144106,0.031581163
MEOX2,0.5017955,0.34904945,0.16454056,0.17135076,0.03345651
MEP1B,0.0009798631,0.015307189,0.00019191744,0.009387857,0.02878364
MEPCE,0.23189914,0.16326019,0.21207717,0.2506826,0.14314044
MEPE,0.00043840735,0.030556874,0.00011576657,0.08524845,0.020186635
MERTK,0.001252214,0.13575624,0.00034546063,0.021743597,0.18526419
MESD,0.010418574,0.029246744,0.0628893,0.01804367,0.08041847
MESP1,0.0047026956,0.009690632,0.030077176,0.01804367,0.090318486
MEST,0.00055026327,0.056467332,0.00020058508,0.08179511,0.034618407
MET,0.85238415,0.65513265,0.46616927,0.15384021,0.5250455
METAP1,0.0014036942,0.12374707,0.00014091466,0.014542438,0.120861195
METAP2,0.7087195,0.61864084,0.5399325,0.09540412,0.5855388
METRN,0.0012787173,0.006300396,0.0011857948,0.01804367,0.019760797
METRNL,0.0020252948,0.009511873,0.0035170405,0.01804367,0.019637132
METTL1,0.00061824126,0.03336968,0.00045210033,0.024950339,0.027088737
METTL13,0.0003639426,0.021217758,0.0002349861,0.024950339,0.032925382
METTL14,0.13975614,0.15264016,0.050925046,0.017042585,0.13780473
METTL15,0.0009733847,0.008057059,0.00028029302,0.01146169,0.054152466
METTL16,0.00075324305,0.091233365,0.00036594446,0.008678562,0.10719356
METTL17,0.19630884,0.20529877,0.19330464,0.029799249,0.1576915
METTL18,0.00051385927,0.022632744,0.00010663996,0.053084876,0.011921171
METTL21A,0.0007014524,0.028713534,0.00014033499,0.049807753,0.04120894
METTL25,0.00041351237,0.003867427,0.0014406334,0.017034966,0.011238067
METTL25B,0.009958787,0.0042670327,0.0628893,0.01804367,0.008157896
METTL2A,0.082161985,0.01881027,0.10314022,0.022075247,0.01446205
METTL2B,0.0005320137,0.015422205,0.00044181122,0.039998848,0.054058168
METTL3,0.001922956,0.10732507,9.338294e-05,0.06866131,0.11927955
METTL4,0.00019854962,0.0034249753,0.00064755406,0.023442874,0.0054386226
METTL5,0.00057973684,0.008886063,0.00032814505,0.023442874,0.017996881
METTL8,0.0006088487,0.014664537,0.0003595114,0.017034966,0.030763973
METTL9,0.0010428474,0.01855282,0.00022178529,0.009380428,0.05555354
MEX3A,0.00044081503,0.009642091,0.00018697891,0.013307749,0.025983261
MEX3B,0.00069995294,0.017762952,0.00033703152,0.022286717,0.029398996
MEX3D,0.00022065472,0.006580538,0.0012366588,0.008678562,0.01304667
MFAP1,0.22610438,0.15959218,0.21973659,0.11255429,0.1493662
MFAP2,0.0006458933,0.03222615,0.00015144704,0.013127775,0.028608521
MFAP3,0.00059809076,0.0122219585,0.00095421204,0.023442874,0.02609389
MFAP5,0.00037914014,0.0027338567,0.00018315148,0.01805446,0.0068589034
MFF,0.21098034,0.021516131,0.08508371,0.023442874,0.03526932
MFGE8,0.00066876545,0.023803348,0.00017632348,0.026245482,0.023338452
MFHAS1,0.008800209,0.008941673,0.018885076,0.01804367,0.03595334
MFN1,0.17724554,0.052522704,0.12381975,0.043185964,0.08059916
MFN2,0.000648925,0.055189814,0.000348333,0.01133714,0.05615695
MFNG,0.00020497055,0.008303621,0.00017129627,0.013314276,0.009089357
MFSD1,0.00040759682,0.008867541,0.00047287944,0.020951219,0.02936651
MFSD10,0.00036089905,0.0056124735,0.0004127676,0.023442874,0.007046038
MFSD12,0.0010741513,0.007600645,0.013919889,0.01804367,0.01753167
MFSD14B,0.021377675,0.007152142,0.0628893,0.01804367,0.02033273
MFSD3,0.00026537446,0.0060330536,0.0003250504,0.010767184,0.009152664
MFSD5,0.0006850094,0.011532498,7.935228e-05,0.028915428,0.05834322
MFSD6,0.0021767572,0.015625244,0.020916129,0.01804367,0.02221676
MGA,0.0007341257,0.06335962,0.00012256409,0.09232367,0.07353868
MGAM,0.00051751017,0.0135930795,0.0001199905,0.028985407,0.027721053
MGARP,0.0003710344,0.008761375,0.0003428704,0.009380428,0.0089641
MGAT1,0.027880399,0.011388601,0.0913493,0.014542438,0.022442287
MGAT2,0.003234658,0.009732468,0.0025830693,0.01804367,0.023523698
MGAT3,0.00030328784,0.007168718,0.0003282815,0.010057129,0.012124002
MGAT4A,0.004428622,0.022637611,0.0044267555,0.01804367,0.047619157
MGAT4B,0.00030113585,0.005158759,0.00012079596,0.024041327,0.0048600226
MGAT4C,0.001910536,0.014266208,0.0115810195,0.01804367,0.033734206
MGAT5B,0.00091240765,0.063745596,0.0003445164,0.036242,0.05451593
MGLL,0.0017419783,0.012389139,0.00057006895,0.008382098,0.038968872
MGME1,0.0006408133,0.015613669,0.00023178011,0.024041327,0.011377381
MGMT,0.00031088365,0.033982914,0.00027931025,0.06006565,0.0077905916
MGP,0.000594869,0.018175183,6.185217e-05,0.028982447,0.025689831
MGRN1,0.00041144367,0.045256875,0.00015500985,0.07012308,0.049812414
MGST1,0.0011177751,0.0059897797,0.0003552755,0.0506293,0.008161435
MGST2,0.0023119135,0.021044075,0.0008713212,0.049843416,0.043636017
MGST3,0.0008526065,0.010308019,0.0002885737,0.044235084,0.012258186
MIA,0.15395328,0.015409273,0.063820995,0.012576047,0.030526873
MIA2,0.00122786,0.011017966,0.00023332065,0.022973275,0.07159381
MIA3,8.809443e-05,0.0052704783,8.6497086e-05,0.081291564,0.006706169
MIB1,0.0006817517,0.067416474,0.00016771526,0.057902895,0.048542034
MIB2,0.00050558307,0.016693944,0.00019010039,0.048723042,0.009813764
MICA,0.0007047736,0.014792723,9.178963e-05,0.013127775,0.018187406
MICAL1,0.24599268,0.04326215,0.19546509,0.07077563,0.061594367
MICAL2,0.00038976155,0.013881312,0.00013080808,0.009380428,0.048053052
MICAL3,0.036243614,0.028392665,0.04436858,0.118521735,0.01955004
MICALL1,0.0002048664,0.0059544323,0.00013550115,0.024729606,0.013997176
MICALL2,0.0010039576,0.006145427,0.00014026836,0.09978102,0.012003301
MICB,0.0011167917,0.009287417,0.00019010039,0.017809518,0.012577704
MICOS10,0.012661367,0.010575881,0.0628893,0.01804367,0.018072369
MICOS13,0.018944517,0.018542645,0.0628893,0.01804367,0.04007205
MICU1,0.00031880275,0.008645526,0.00016718246,0.017548721,0.019519133
MID1,0.059621517,0.038544983,0.39390802,0.11456573,0.015074477
MID1IP1,0.0001873737,0.00843287,0.00012550746,0.036598153,0.0049172696
MID2,0.0017740796,0.117209196,0.0002838839,0.27842665,0.027983958
MIDN,0.00014085569,0.014443181,9.591126e-05,0.030808024,0.025636716
MIEF1,0.0007635684,0.039280646,0.00019670167,0.04785222,0.039366253
MIEF2,0.00049565546,0.019804792,0.00015947856,0.02475442,0.016420953
MIEN1,0.00028247864,0.0073289406,0.00029246495,0.049843416,0.023421893
MIER1,0.0014781569,0.039198816,0.00022070987,0.041839454,0.035977527
MIER2,0.00047203165,0.003661751,0.00015797114,0.008605173,0.0027847334
MIF,0.00075924397,0.054953765,0.0001116746,0.132032,0.024426542
MIF4GD,0.00052390876,0.019935485,0.00024273663,0.022231713,0.01726553
MIGA1,0.004268666,0.019636119,0.0628893,0.01804367,0.037550084
MIGA2,0.014112246,0.0047725877,0.0628893,0.01804367,0.014100217
MIIP,0.0010019052,0.01083964,0.00022430129,0.011245472,0.020617109
MINAR1,0.004486806,0.012722379,0.0628893,0.01804367,0.025580162
MINDY1,0.014826118,0.01035196,0.0628893,0.01804367,0.016308842
MINDY2,0.002014456,0.0026331113,0.0628893,0.01804367,0.012930177
MINDY4,0.0043141698,0.025024153,0.0628893,0.01804367,0.026905606
MINK1,0.0007546128,0.022187876,0.00017016064,0.09387707,0.017905341
MINPP1,0.0010041719,0.013181828,0.00019730389,0.009077163,0.04116609
MIOS,0.00055087515,0.056460876,0.0001417471,0.024041327,0.12128636
MIOX,0.0011555221,0.0068979296,0.0071223024,0.01804367,0.014531884
MIP,0.00080328144,0.015697652,0.00026169582,0.010135678,0.027435439
MIPEP,0.0075810356,0.1950151,0.0001476566,0.034724426,0.24941836
MIPOL1,0.0003975285,0.06048418,0.000135905,0.08846617,0.022968534
MIS12,0.0012142533,0.086886995,0.00023374305,0.055472553,0.10450833
MIS18A,0.14829789,0.03944604,0.40415347,0.044827595,0.089630954
MIS18BP1,0.0007390372,0.04607467,0.0010005173,0.011777043,0.061253015
MISP,0.00071952643,0.017561961,6.5312306e-05,0.023442874,0.039342556
MITD1,0.0008098428,0.039021105,0.00012242941,0.010343921,0.060520835
MITF,0.19816883,0.08526649,0.30827934,0.23375347,0.12978873
MIXL1,0.006758846,0.022717535,0.01661378,0.01804367,0.032028034
MKI67,0.15821442,0.055992074,0.35962522,0.1163222,0.03798197
MKKS,0.0023966818,0.040833097,0.00013896132,0.036235023,0.08033472
MKLN1,0.0008016824,0.037643928,0.00016907009,0.055746976,0.026798336
MKNK1,0.0005915592,0.036311615,0.00019584288,0.05608929,0.012219425
MKNK2,0.0008808475,0.05221862,0.00044595453,0.033206817,0.07922083
MKRN1,0.0003834941,0.006306853,0.00016695974,0.036976393,0.017227149
MKRN2,0.0012462314,0.02976119,0.00012684125,0.034087338,0.033279464
MKRN3,0.00028908893,0.018406287,0.00031491678,0.08255741,0.0124010295
MKX,0.00074551516,0.027424995,0.00081748905,0.02572108,0.026377454
MLANA,0.0004629885,0.011790548,0.0007917627,0.023225589,0.010957831
MLC1,0.0011247065,0.026590893,0.00024816787,0.03404868,0.082315624
MLEC,0.0006135327,0.021148905,0.0001321813,0.032661267,0.03695115
MLF1,0.0021613128,0.023435721,0.00029885862,0.03770934,0.0241878
MLF2,0.06113772,0.03423299,0.3026823,0.07554605,0.026969975
MLH1,0.8357616,0.69802535,0.7980948,0.6017741,0.52757955
MLH1,0.8357616,0.69802535,0.7980948,0.6017741,0.52757955
MLH3,0.67558134,0.4000641,0.607528,0.52364695,0.16751117
MLKL,0.045097083,0.013766364,0.088574566,0.059046563,0.010726062
MLLT1,0.0010822708,0.039449006,0.00019906732,0.1518379,0.039989058
MLLT10,0.00079525803,0.04266121,0.0004900115,0.03450911,0.028791925
MLLT11,0.0011237587,0.029484462,0.00013265645,0.05061941,0.050256416
MLLT3,0.0008088779,0.027822584,0.00022328006,0.08031579,0.024556126
MLLT6,0.00040657815,0.019840475,0.0002669875,0.15484862,0.021183634
MLNR,0.00082833046,0.008441894,0.0009293774,0.016864162,0.01930323
MLPH,0.00031229618,0.013090404,6.6495806e-05,0.02701375,0.014651961
MLST8,0.00031526134,0.0064265896,0.00029204728,0.07935451,0.036481846
MLX,0.00044905298,0.03266918,0.00015858584,0.054802448,0.034179956
MLXIPL,0.00036385586,0.005399136,0.00023588943,0.03404868,0.010862011
MLYCD,0.000121728284,0.004020605,0.00015605288,0.008849316,0.011026652
MMACHC,0.00043725997,0.012958147,0.00021410975,0.009380428,0.024253637
MMADHC,0.15536568,0.023554238,0.11302867,0.022973275,0.025140896
MMD,0.0020723734,0.010040086,0.0026641667,0.01804367,0.025288228
MME,0.29739824,0.1258561,0.22972402,0.11206399,0.048251364
MMEL1,0.0012506114,0.008529358,0.0041521527,0.01804367,0.020497069
MMGT1,0.00024753195,0.028731273,0.00010177958,0.013998775,0.024926072
MMP1,0.00052980764,0.034010712,0.00025178673,0.07904412,0.04010973
MMP13,0.0042282976,0.026927931,0.00015955507,0.018329281,0.023680652
MMP14,0.42313418,0.089590326,0.21735646,0.03914628,0.049963664
MMP15,0.001628038,0.037048854,0.00019191744,0.028915428,0.02280279
MMP16,0.00038705656,0.008315739,0.00040867904,0.01805446,0.025026958
MMP17,0.00027251136,0.0028948134,7.5572745e-05,0.009690155,0.008648568
MMP19,0.0006007568,0.0026394024,0.002454354,0.028982447,0.0070099463
MMP2,0.0007979335,0.044490606,0.0003328774,0.03996354,0.022391835
MMP21,0.0016664102,0.011112378,0.0029743523,0.01804367,0.02609279
MMP23B,0.00017990307,0.0026566223,0.00023704376,0.028985407,0.006284525
MMP24,0.00030677288,0.012083252,0.00029099526,0.020931523,0.021505442
MMP25,0.057061765,0.014950308,0.37808824,0.037554912,0.008228145
MMP28,0.0046691853,0.017577995,0.0009781297,0.01804367,0.03189056
MMP3,0.00046837475,0.011182439,0.0001701853,0.04829519,0.013550206
MMP7,0.00071676396,0.06742293,0.00015877785,0.04754783,0.025915634
MMP8,0.00054468185,0.015956718,0.0003414887,0.027486868,0.018005023
MMP9,0.0005122013,0.036877748,0.00031138377,0.06800848,0.01934728
MMRN1,0.0010767176,0.013477332,0.00045837474,0.02591231,0.01316029
MMS19,0.25580597,0.069780454,0.49517113,0.2441433,0.058306362
MMS22L,0.0024494182,0.094820455,9.152637e-05,0.029057583,0.18099263
MMUT,0.010809588,0.014766548,0.0628893,0.01804367,0.020460745
MN1,0.011115528,0.007585561,0.006329666,0.023442874,0.025094753
MNAT1,0.0013152969,0.09588014,5.503876e-05,0.17537273,0.056560438
MND1,0.00041214225,0.031920116,8.662346e-05,0.013998775,0.08773258
MNDA,0.10458692,0.016618852,0.046335395,0.026619604,0.03881073
MNS1,0.0012037107,0.02287244,0.00029650927,0.018289693,0.015248822
MNT,0.000746656,0.031875327,0.00017632348,0.025391702,0.055181246
MOAP1,0.000687341,0.12405076,0.0001305951,0.08179511,0.05163698
MOB1A,0.0009645269,0.030078245,0.000135905,0.058081448,0.017916942
MOB1B,0.0013105908,0.051113706,0.00020199189,0.050667737,0.023770638
MOB3A,0.04053662,0.005982122,0.14615372,0.11435461,0.0019384477
MOB3B,0.0006567411,0.03984545,0.000247662,0.07491064,0.030825533
MOB3C,0.059700172,0.032874994,0.034289382,0.045459934,0.0141837355
MOB4,0.0028440226,0.2235265,0.00040432517,0.0878909,0.13064624
MOBP,0.00053559337,0.022122052,0.00036606885,0.05977457,0.030294955
MOCOS,0.001195002,0.0111022955,0.0002493024,0.015479423,0.02873862
MOCS1,0.000350303,0.0096505545,0.00034384846,0.013978116,0.018853405
MOCS2,0.00047767762,0.012687114,0.000541409,0.037062395,0.018390635
MOG,0.0003146935,0.0076210294,0.00021779866,0.02516947,0.041013543
MOGAT3,0.0009517224,0.025191426,0.00024094821,0.017034966,0.032800306
MOGS,0.0006959971,0.013746826,0.00024993785,0.036598153,0.026728863
MOK,0.1281199,0.014438561,0.33095023,0.050640047,0.06618535
MON1A,0.00032877698,0.0034742083,0.0002829247,0.03830263,0.0062869703
MON1B,0.00065690756,0.01657439,0.000303041,0.021026954,0.020718439
MON2,0.0005130339,0.03096487,0.00038430418,0.018814605,0.026577003
MORC2,0.4806359,0.25384447,0.39208293,0.050619364,0.21637018
MORC3,0.14389749,0.028176848,0.15900397,0.089098886,0.030182287
MORC4,0.00013385365,0.0038324397,0.00012385278,0.030818716,0.0050667482
MORF4L1,0.00036681327,0.08274711,0.00012822564,0.43415233,0.026830545
MORF4L2,0.12587957,0.19276538,0.10119757,0.5117655,0.05507319
MORN1,0.00040787473,0.00801715,0.0007013712,0.023442874,0.015867766
MORN2,0.00059931306,0.033257175,0.00063846447,0.020432413,0.023341045
MORN3,0.00026254277,0.02819538,0.00016717735,0.061541747,0.016164077
MORN4,0.0004185233,0.027875341,0.00020024742,0.057902895,0.032875072
MOS,0.20789316,0.053624958,0.18844944,0.06426885,0.033809736
MOSMO,0.0070128078,0.012311074,0.0628893,0.01804367,0.028512573
MOSPD2,0.00039237682,0.007985112,0.00042521663,0.023442874,0.00806177
MOSPD3,0.0029698857,0.009189012,0.0068275044,0.01804367,0.033620633
MOV10,0.0012803022,0.04295641,0.0002850387,0.069316894,0.018199012
MOXD1,0.00024129213,0.007863035,0.00017354397,0.047193654,0.010984917
MPC1,0.00019005963,0.0175973,9.6557116e-05,0.044079047,0.027832055
MPC2,0.0025520385,0.04499586,0.00049673335,0.042580854,0.16093858
MPDU1,0.0006204528,0.038460635,0.00023170609,0.049743246,0.032839645
MPDZ,0.516612,0.18174416,0.2890491,0.12474416,0.13459535
MPG,0.00029240194,0.012563257,0.00021029875,0.050707523,0.0031842766
MPHOSPH10,0.095817246,0.0831425,0.15869373,0.0324777,0.12866709
MPHOSPH6,0.6204443,0.38245782,0.42628446,0.11577961,0.40235814
MPHOSPH8,0.0015029545,0.023941189,0.00021410975,0.050757743,0.02606362
MPHOSPH9,0.0005751898,0.010593934,0.00027770485,0.0223549,0.01681211
MPI,0.0002254716,0.013079153,0.00033827825,0.013998775,0.030290505
MPL,0.4338673,0.04089293,0.17292285,0.033245508,0.044029295
MPLKIP,0.0019263616,0.00910046,0.0004256086,0.01804367,0.012490464
MPND,0.00016944742,0.004322609,0.0004151333,0.009077163,0.009689484
MPO,0.10134708,0.014167318,0.20662683,0.02591231,0.02892987
MPP1,0.0010210872,0.042413946,0.00016805464,0.09540412,0.022696037
MPP2,0.0006131334,0.031639777,0.0002319689,0.023806559,0.051528003
MPP3,0.09047373,0.01901741,0.10182541,0.042976715,0.021953916
MPP4,0.00021089311,0.0050937347,0.0005284242,0.03158699,0.013378913
MPP7,0.00034995016,0.028163373,0.00061865355,0.008678562,0.02181595
MPPE1,0.000935012,0.015373792,0.0002973163,0.06691829,0.03019657
MPPED1,0.00066083565,0.03716462,0.00079180504,0.034953285,0.0379984
MPPED2,0.00037103228,0.023914896,8.874339e-05,0.036136404,0.042100273
MPRIP,0.0003180814,0.02274091,0.00022179374,0.15203975,0.01227468
MPST,0.00020541408,0.0038833087,0.000115192095,0.05802234,0.004520179
MPV17,0.0003000274,0.0045565334,0.0003002921,0.008849316,0.0073551782
MPV17L,0.0005451509,0.026055474,0.00012559701,0.017034966,0.07644268
MPV17L2,0.00050571,0.011064508,0.00020199189,0.023442874,0.03369694
MPZ,0.0003118077,0.01683166,0.00016383718,0.053084876,0.024110354
MPZL1,0.00020191235,0.008160859,0.00014091466,0.05040212,0.008784559
MPZL2,0.00032852695,0.009220114,0.00020979685,0.0123439105,0.010685689
MRAP,0.000523472,0.01594927,0.00016256937,0.012041929,0.01590522
MRAP2,0.0010765453,0.04302342,0.00017463788,0.039114576,0.027171968
MRAS,0.00029449293,0.020136487,0.00022029085,0.022835549,0.028773226
MRC1,0.0012476132,0.0845129,0.00014844417,0.01210416,0.022167973
MRE11,0.81613845,0.7937615,0.0628893,0.01804367,0.8695591
MRE11,0.81613845,0.7937615,0.0628893,0.01804367,0.8695591
MREG,0.0010523244,0.008255693,0.00027749417,0.023442874,0.031053519
MRFAP1,0.00029877428,0.012477356,0.0001767426,0.26120552,0.0067972518
MRFAP1L1,0.0008175323,0.061844524,0.0001417471,0.30723402,0.010838137
MRGBP,0.00072435307,0.058693938,0.00010934142,0.23517206,0.03128664
MRGPRD,0.0012130522,0.009492638,0.0029790604,0.01804367,0.040406063
MRGPRE,0.0047891107,0.0067412495,0.0015212101,0.01804367,0.0061250273
MRGPRF,0.0059896344,0.016684515,0.005453667,0.01804367,0.05243222
MRGPRG,0.003246627,0.0054078694,0.02993818,0.01804367,0.013823814
MRGPRX1,0.00059384905,0.010160048,0.00019860794,0.023079565,0.010142674
MRGPRX2,0.0030098427,0.001925719,0.008061965,0.028982447,0.0038270445
MRGPRX3,0.0013229639,0.004700203,0.024480991,0.01804367,0.010030759
MRGPRX4,0.0051537766,0.01075766,0.009630141,0.01804367,0.062950976
MRI1,0.00092757016,0.030093808,0.00014859217,0.008678562,0.06404541
MRM1,0.0005781711,0.014008731,0.0005024952,0.009690155,0.029588163
MRM2,0.018974526,0.037618846,0.0628893,0.01804367,0.04223075
MRM3,0.115987316,0.04251397,0.0628893,0.01804367,0.09057279
MRNIP,0.001759266,0.007021058,0.0628893,0.01804367,0.009990454
MROH1,0.00024451566,0.0011373168,0.0040134774,0.01804367,0.00086077227
MROH2B,0.009414274,0.006935271,0.0017473482,0.01804367,0.039400555
MROH6,0.0012843527,0.0112181995,0.00026132632,0.023442874,0.013159237
MROH9,0.008783783,0.032804657,0.0029610388,0.01804367,0.03175802
MRPL1,0.00016909493,0.008704691,0.00038229302,0.076361425,0.017383978
MRPL10,0.09485036,0.03933773,0.09330385,0.024222368,0.029656839
MRPL11,0.19244185,0.043248497,0.1779058,0.06847451,0.05189158
MRPL12,0.0008795086,0.0392117,0.00030784344,0.12110213,0.06539942
MRPL13,0.16276444,0.078042515,0.18092798,0.02111291,0.08484736
MRPL14,0.00069653726,0.0410261,0.00023040168,0.03830263,0.042987753
MRPL15,0.0906218,0.06126075,0.21730952,0.02679841,0.15635732
MRPL16,0.22707179,0.12469149,0.1637752,0.0698648,0.31312174
MRPL17,0.0005425021,0.05434484,0.00010904998,0.043872934,0.09140901
MRPL18,0.16543141,0.1036725,0.15892257,0.04225217,0.10697997
MRPL19,0.17961368,0.04627547,0.29718214,0.014107352,0.03342399
MRPL2,0.0012553702,0.04381672,0.00013368082,0.07545655,0.047510635
MRPL20,0.00037571212,0.031334378,0.00016761757,0.05676482,0.049191225
MRPL21,0.0012630179,0.03442972,0.00017950076,0.021392673,0.033632874
MRPL22,0.1881789,0.048751757,0.115222715,0.04225217,0.07552954
MRPL23,0.10667799,0.0451755,0.2559675,0.027329886,0.067117736
MRPL24,0.057522755,0.028478919,0.10789862,0.080213815,0.09878316
MRPL27,0.16075374,0.09527062,0.123421036,0.043872934,0.093943976
MRPL28,0.0007557448,0.18899639,0.00016135414,0.04897601,0.1092324
MRPL3,0.58815724,0.5552261,0.19960988,0.027808795,0.5714684
MRPL32,0.16436036,0.2017731,0.09035077,0.020951219,0.20799644
MRPL33,0.00999176,0.036855355,0.047972552,0.012736215,0.031775452
MRPL34,0.00024041766,0.015461253,0.00015690364,0.017034966,0.016510064
MRPL35,0.36551943,0.06296137,0.1569192,0.017034966,0.172457
MRPL36,0.04988275,0.051048286,0.13436866,0.058781914,0.023546536
MRPL36,0.04988275,0.051048286,0.13436866,0.058781914,0.023546536
MRPL37,0.07789972,0.11055738,0.06973638,0.07545655,0.06365352
MRPL38,0.0007609001,0.060564168,0.00019431466,0.07364515,0.04116197
MRPL39,0.65477026,0.60939515,0.36285484,0.15958205,0.58919656
MRPL4,0.00060809014,0.021916684,0.00014442255,0.018621562,0.01926075
MRPL40,0.0004626336,0.14490698,9.3145485e-05,0.06601743,0.06585077
MRPL41,0.0002360919,0.018094437,0.00013368082,0.036598153,0.055489108
MRPL42,0.15158637,0.024486842,0.16567805,0.018586725,0.04295266
MRPL43,0.057468865,0.009515634,0.10190654,0.03400955,0.01932111
MRPL44,0.0013606177,0.15093683,7.874223e-05,0.0604383,0.059867367
MRPL45,0.0007745528,0.044308625,0.0001199905,0.039315768,0.06375839
MRPL46,0.27661845,0.19654377,0.24815892,0.04225217,0.07989963
MRPL48,0.0005853304,0.029813714,0.00019008554,0.037062395,0.051739138
MRPL49,0.30374092,0.06462298,0.088918395,0.033245508,0.10338496
MRPL50,0.154962,0.06329044,0.12536985,0.052114382,0.12943944
MRPL51,0.00082307076,0.03290731,0.00016964563,0.026245482,0.058307722
MRPL51,0.00082307076,0.03290731,0.00016964563,0.026245482,0.058307722
MRPL52,0.0008633865,0.020952651,0.00016695974,0.017034966,0.054886635
MRPL53,0.00088103255,0.05239821,8.6400476e-05,0.04372855,0.024135947
MRPL58,0.08007672,0.08528106,0.0628893,0.01804367,0.08068201
MRPL9,0.00078632205,0.042331345,0.00012550746,0.031780463,0.06339981
MRPS10,0.58340895,0.6232671,0.41724056,0.042580854,0.49944296
MRPS11,0.18237646,0.0801801,0.089641124,0.03298475,0.093694076
MRPS12,0.00043325426,0.022366293,0.00019670167,0.050757743,0.019469844
MRPS14,0.18045722,0.05299867,0.04734019,0.009891949,0.04443447
MRPS15,0.0006211444,0.10138632,0.00027690007,0.04952112,0.057441622
MRPS16,0.09392842,0.03893146,0.21705158,0.057365164,0.026477566
MRPS17,0.0017582704,0.027479285,0.0003239355,0.03404868,0.03156057
MRPS18B,0.09049075,0.033975605,0.06727049,0.02572108,0.07503511
MRPS2,0.0014238008,0.09780008,0.000110063535,0.04952112,0.047602247
MRPS21,0.020047873,0.018119574,0.23758781,0.06586782,0.020746874
MRPS22,0.0008707544,0.16337831,0.00037695435,0.12260193,0.14747
MRPS23,0.110937566,0.043308992,0.25797397,0.030694539,0.036354575
MRPS24,0.0006648705,0.0601337,0.00016203916,0.09680679,0.13867609
MRPS25,0.049861666,0.014764765,0.06520562,0.07545655,0.013019221
MRPS26,0.00036658536,0.03948365,0.00012490276,0.036648333,0.05778681
MRPS27,0.12781394,0.04772445,0.11760737,0.05755989,0.049497817
MRPS28,0.5519351,0.55974764,0.30172172,0.052114382,0.40732518
MRPS30,0.4842114,0.22961985,0.3507796,0.04225217,0.30438232
MRPS31,0.001015505,0.13673374,0.00012599069,0.039135396,0.20501755
MRPS33,0.00067601615,0.05228701,0.00010875433,0.080213815,0.06057938
MRPS34,0.00040905358,0.017505981,0.00022521247,0.025208088,0.026335977
MRPS35,0.11245664,0.03527148,0.05209242,0.009077163,0.05119463
MRPS5,0.19007881,0.12501237,0.21864027,0.11040817,0.039366454
MRPS6,0.0006368558,0.04952378,0.0002602182,0.07427682,0.04775595
MRPS7,0.0009976926,0.053641237,0.0006636531,0.011245472,0.09234484
MRPS9,0.25674203,0.038598534,0.08279821,0.06051041,0.10041787
MRRF,0.0002539677,0.018378131,0.00021507384,0.0297165,0.017986298
MRS2,0.00024161238,0.008253121,0.00027410008,0.023442874,0.016547868
MRTO4,0.0001412332,0.00881815,7.36567e-05,0.048723042,0.026858672
MS4A1,0.00066896336,0.024976859,0.00057344633,0.02113287,0.021835607
MS4A10,0.0012559025,0.010110258,0.0013508738,0.01804367,0.011389696
MS4A12,0.0010543907,0.018197894,0.00015797114,0.023079565,0.022287104
MS4A2,0.00043376375,0.009797791,0.00014895547,0.013710812,0.019891439
MS4A7,0.0010619153,0.01200377,0.00029889878,0.028635155,0.03713138
MSANTD1,0.014653172,0.011674394,0.0038948893,0.01804367,0.021769004
MSANTD2,0.0014580687,0.024285192,0.0005295577,0.015353948,0.014895389
MSANTD3,0.0008330045,0.009837967,0.00068569946,0.023442874,0.041337565
MSANTD4,0.0021183426,0.069387704,0.00023329728,0.015654534,0.14395635
MSC,0.0002184492,0.0054875514,0.00012151095,0.076361425,0.0076545333
MSH2,0.7970807,0.6798106,0.7312729,0.47590253,0.24847972
MSH3,0.44104895,0.19713393,0.68562406,0.15045919,0.12959538
MSH4,0.0009348259,0.10913766,0.00016648998,0.12358559,0.035390515
MSH5,0.5331264,0.21422277,0.46141142,0.49058074,0.2929112
MSH6,0.52592087,0.40807307,0.57313234,0.82832617,0.06517281
MSI1,0.00025832615,0.012090329,0.00015657276,0.015479423,0.026223276
MSI2,0.11527542,0.04050594,0.07342319,0.044621475,0.034759518
MSL1,0.00040281398,0.050727163,8.846255e-05,0.11893981,0.07760315
MSL1,0.00040281398,0.050727163,8.846255e-05,0.11893981,0.07760315
MSL2,0.095395744,0.04695193,0.31534916,0.09425585,0.020427413
MSL3,0.0009361356,0.03568532,0.00015199941,0.2151294,0.037443396
MSLN,0.084642425,0.013131784,0.12475034,0.011959312,0.028875317
MSMB,0.001214561,0.011517222,0.0013676065,0.028985407,0.019262947
MSMO1,0.0002998924,0.015691375,0.00014345412,0.052114382,0.030786306
MSN,0.0008602922,0.08736874,0.00026722308,0.09907788,0.029864212
MSRA,0.0019434782,0.006924419,0.01639854,0.01804367,0.020701718
MSRB1,0.00023894258,0.023528343,0.00015482138,0.041557513,0.016907468
MSRB2,0.11403613,0.015731955,0.088620745,0.013978116,0.03486486
MSRB3,0.00027073355,0.014395496,0.00085165486,0.07290339,0.020664943
MST1,0.10495642,0.010235927,0.104889445,0.052348983,0.013323812
MST1R,0.76413196,0.21696487,0.7651483,0.04754783,0.2429542
MSTN,0.0005016049,0.03628808,0.00040894246,0.05451494,0.047192495
MSTO1,0.00060355,0.085720845,0.0001540327,0.047193654,0.04644289
MSX1,0.00045766262,0.04558305,0.00024947335,0.04383616,0.025485117
MSX2,0.0008210364,0.038178064,0.0002548426,0.08734049,0.054569688
MT1A,0.0010481012,0.02583261,0.0002937367,0.04223064,0.0634723
MT1E,0.0022730422,0.04809341,7.5637996e-05,0.023442874,0.15445003
MT1F,0.00094762084,0.02446585,0.00039158404,0.05802234,0.019333474
MT1G,0.00044207767,0.02537403,0.000111759924,0.052114382,0.068121396
MT1H,0.00076602265,0.04675435,0.00014426591,0.026245482,0.09692073
MT1HL1,0.0022948605,0.0072312504,0.011460978,0.01804367,0.009006884
MT1M,0.00052606675,0.011448153,7.669785e-05,0.008382098,0.046218947
MT1X,0.16832952,0.060574103,0.18395863,0.011681861,0.05037173
MT2A,0.0015360358,0.045688488,0.0003549554,0.09476636,0.031663775
MTA1,0.00017676249,0.015411659,0.00011466124,0.06019851,0.004677467
MTA2,0.22621574,0.13360575,0.12517574,0.23104855,0.07970494
MTA3,0.0007934331,0.10022843,0.0009714674,0.025104752,0.09773095
MTAP,0.00043879513,0.020148713,0.00032366998,0.0252768,0.019364337
MTARC2,0.007672595,0.0073667457,0.0628893,0.01804367,0.023850922
MTBP,0.49792713,0.47981402,0.19559374,0.057006508,0.4778715
MTCH1,0.0014445935,0.01420683,0.00015947856,0.046332557,0.024148772
MTCH2,0.0005509991,0.046543263,7.1822724e-05,0.07507115,0.057328433
MTCL1,0.00083936716,0.041565135,0.00021386593,0.011722919,0.044598643
MTCP1,0.0007727602,0.010411547,0.00015657276,0.039998848,0.024891518
MTDH,0.00063638133,0.031105187,0.00058989716,0.013710812,0.033228744
MTERF1,0.0007831749,0.06246344,8.356805e-05,0.0113217095,0.041182835
MTERF3,0.0014896322,0.04327145,0.0003462117,0.040981706,0.08068353
MTERF4,0.00097434135,0.027950324,0.00017616653,0.07801109,0.026512489
MTF1,0.0016951776,0.062100206,0.00021507384,0.008678562,0.09925534
MTF1,0.0016951776,0.062100206,0.00021507384,0.008678562,0.09925534
MTF2,0.0007249342,0.09017486,0.00051097973,0.07965066,0.059331752
MTFMT,0.00047148077,0.007059646,0.00038813995,0.017034966,0.008887293
MTFP1,0.00035225265,0.012357993,0.00026783958,0.012257511,0.010716023
MTFR1,0.0017232437,0.023553899,8.128195e-05,0.05061941,0.06313092
MTFR1L,0.0010408692,0.028795732,0.00053528155,0.042580854,0.02289048
MTFR2,0.0006020551,0.03797757,9.410936e-05,0.03447213,0.036956087
MTG1,0.00056320895,0.018695747,8.266379e-05,0.010767184,0.014280047
MTG2,0.51678705,0.308883,0.4750829,0.10439912,0.2843215
MTHFD1,0.00018382593,0.061555326,0.00030028008,0.07007879,0.03441713
MTHFD1L,0.0012011474,0.03292842,8.261462e-05,0.027963148,0.07326632
MTHFD2,0.06591123,0.013342625,0.13026743,0.09710315,0.012815802
MTHFS,0.0017714369,0.038309973,0.00013715622,0.021392673,0.020557344
MTHFSD,0.0014033474,0.026736889,0.00017825872,0.044937905,0.026024546
MTIF2,0.0005319435,0.04742973,0.0001427556,0.053263072,0.029933028
MTIF3,0.0010576925,0.021859799,0.0005781485,0.04882528,0.017541077
MTM1,0.00090860267,0.039848126,0.00016063923,0.011681861,0.03577041
MTMR1,0.00047420766,0.013410818,0.00045911726,0.06866131,0.020614324
MTMR10,0.000607576,0.015988512,0.00015797114,0.06691829,0.012214057
MTMR11,0.00027952684,0.003950625,0.0005588924,0.017267942,0.0041435296
MTMR12,0.00039797893,0.017594373,0.00015797114,0.06389214,0.048607454
MTMR14,0.00032322935,0.037657846,0.00010171458,0.024101408,0.02810419
MTMR2,0.19552393,0.021995276,0.31332445,0.010767184,0.021619523
MTMR3,0.0011971366,0.035338704,0.00011771675,0.011245472,0.047461137
MTMR6,0.1630585,0.114168026,0.17205288,0.04486482,0.110594735
MTMR7,0.0002620631,0.01006155,0.00081499777,0.017267942,0.022004433
MTMR9,0.00039867783,0.047835104,0.00018642687,0.06504623,0.045075282
MTNR1A,0.00031654042,0.010867802,0.0001900821,0.034041427,0.017332429
MTNR1B,0.0006030992,0.03720949,0.0001640199,0.13865769,0.018228104
MTO1,0.006665495,0.012298018,0.0050367704,0.01804367,0.013335106
MTOR,0.58438784,0.57111096,0.22560906,0.19858047,0.4871963
MTPAP,0.08253998,0.021379959,0.12652843,0.03035653,0.02377154
MTPN,0.00025436367,0.021761816,8.6527776e-05,0.07433077,0.013660573
MTR,0.03948279,0.006281738,0.18136498,0.062256306,0.015074547
MTRES1,0.05461982,0.031328894,0.0628893,0.01804367,0.06616219
MTREX,0.057712667,0.06378704,0.0628893,0.01804367,0.11093491
MTRF1,0.0019637332,0.012881744,0.001354412,0.01804367,0.01792154
MTRF1L,0.004131619,0.029497609,0.0026676622,0.01804367,0.088173635
MTRFR,0.014888603,0.019692622,0.0628893,0.01804367,0.021805054
MTRR,0.0008162273,0.012450556,0.0003693998,0.017703548,0.02296946
MTSS1,0.000707464,0.036248416,0.00015206971,0.042405244,0.038225386
MTTP,0.000488328,0.021958683,0.0007084693,0.017275047,0.025440102
MTURN,0.0008699279,0.005587103,0.00015797114,0.013998775,0.017730476
MTUS1,0.0014906249,0.046293378,0.00019866248,0.086575486,0.053853616
MTUS2,0.07564472,0.040893696,0.21379378,0.07635919,0.008816958
MTX1,0.00051517115,0.042695705,0.00020171647,0.021824399,0.07849196
MTX2,0.066165134,0.048365142,0.15960856,0.02475442,0.05476221
MUC1,0.00045181363,0.04099252,0.00020416247,0.036238354,0.012123607
MUC12,0.00022125557,0.00407833,7.26864e-05,0.049843416,0.010721225
MUC16,0.00039411624,0.008611008,0.00020208686,0.020293722,0.019051211
MUC20,0.00037009927,0.020714307,0.00012655444,0.021659115,0.024784517
MUC21,0.0051991674,0.016332343,0.0060649193,0.01804367,0.04194022
MUC4,0.0003016019,0.0059754765,0.00014895547,0.02837221,0.005265301
MUC5B,0.00013642851,0.0049113915,0.00040745462,0.055504415,0.010402859
MUC6,0.002745527,0.004180729,0.004453658,0.028982447,0.009727479
MUC7,0.0007233353,0.07581216,0.00016761775,0.039453786,0.046181127
MUL1,0.00061600097,0.086543724,0.00031908645,0.08986671,0.01896712
MUL1,0.00061600097,0.086543724,0.00031908645,0.08986671,0.01896712
MUS81,0.122114845,0.07137265,0.20338666,0.05539817,0.040444493
MUSK,0.0009885558,0.020714115,0.0006777556,0.022811562,0.015125606
MUTYH,0.0016037739,0.035197873,7.311952e-05,0.10643822,0.04468875
MVB12A,0.0008071228,0.013952181,0.00014203474,0.030808024,0.02706981
MVB12B,0.06108975,0.013092282,0.117526904,0.0100469375,0.018202871
MVD,0.0004472749,0.07765221,0.00014700992,0.032536555,0.08190989
MVK,0.0008043044,0.028869636,0.00042620298,0.026073754,0.050221547
MVP,0.24962808,0.022330351,0.5223899,0.06333093,0.023999445
MX1,0.33293945,0.123118974,0.224725,0.37951067,0.0386629
MX2,0.0018528275,0.043810997,0.00014999307,0.07849346,0.08616623
MXD1,0.19782236,0.08525692,0.2375679,0.06603832,0.04665911
MXD3,0.0006689564,0.017115805,0.0002836042,0.07237485,0.017074192
MXD4,0.00019542708,0.012446219,0.00018189546,0.028792977,0.010164629
MXI1,0.17885901,0.04875955,0.16980612,0.084083825,0.03763626
MXRA7,0.00062879483,0.009088545,0.00030254823,0.018289693,0.011150842
MXRA8,0.00016395657,0.0053337812,0.0001199905,0.028985407,0.012459149
MYADM,0.00025814964,0.0028681306,8.783388e-05,0.04624848,0.0103879515
MYADML2,0.002051418,0.013829231,0.02086595,0.01804367,0.021259235
MYB,0.016080791,0.112938926,0.0035554997,0.110423185,0.03907012
MYBBP1A,0.0021323985,0.16861098,9.452543e-05,0.09444399,0.29614025
MYBL2,0.06379305,0.06413817,0.29342997,0.12969749,0.041752595
MYBPC1,0.0008457973,0.028688084,0.00026956934,0.120051116,0.016864091
MYBPC2,0.00035312082,0.020370994,7.8752826e-05,0.055619203,0.026845021
MYBPC3,0.17480107,0.022756822,0.15555389,0.05160776,0.014891345
MYBPH,0.00018801923,0.021626132,0.00023411127,0.046359513,0.015424363
MYBPHL,0.00047019,0.00351802,0.0003558616,0.01146169,0.011385729
MYC,0.7994644,0.78196293,0.73462665,0.32497138,0.7807961
MYCBP,0.00068725296,0.026108796,0.00033859478,0.07711649,0.06119643
MYCBPAP,0.00065811665,0.01546886,0.00024273663,0.01133714,0.019195644
MYCL,0.00080403534,0.031136153,0.0013582936,0.017703548,0.07641245
MYCN,0.13341261,0.059791774,0.066118315,0.05831347,0.10186214
MYCT1,0.006468713,0.009344574,0.005693031,0.01804367,0.020105105
MYD88,0.11389454,0.056349643,0.14233023,0.057067845,0.06176938
MYDGF,0.0006199477,0.01359513,0.00026698902,0.039135396,0.013226462
MYEF2,0.0008436956,0.020588797,0.00027153647,0.077896155,0.03488848
MYF5,0.00076386676,0.01722858,0.00017294285,0.022508346,0.019647043
MYF6,0.00038457668,0.03471506,0.00042746862,0.036769863,0.05092238
MYH1,0.0001927243,0.0035204946,0.00029921584,0.024358278,0.0034577814
MYH10,0.0004884411,0.060428258,0.00016830271,0.050794527,0.016878026
MYH11,0.00088105357,0.056588612,0.00014948862,0.027190577,0.04979984
MYH13,0.00071218563,0.017911749,0.00030512575,0.01146169,0.045225896
MYH14,0.0005464418,0.027222216,0.000118113436,0.024358278,0.014526198
MYH2,0.000852949,0.024221605,0.00017810124,0.02475442,0.024636561
MYH3,0.00030861658,0.014173865,0.00012791228,0.017057737,0.026969636
MYH4,0.0011375118,0.044658996,9.9438395e-05,0.020531666,0.038009364
MYH7,0.00045633095,0.022239178,0.0001748345,0.029799249,0.024894243
MYH9,0.20093794,0.11440072,0.11032378,0.075484134,0.077904664
MYL1,0.00021963754,0.008153364,0.00012151095,0.03830263,0.007924281
MYL10,0.0008186826,0.012812708,0.00015982732,0.017034966,0.022360377
MYL12A,0.00027597285,0.01604842,0.00016135414,0.11849734,0.01677516
MYL12B,0.10934176,0.064243905,0.16346571,0.10129378,0.036208566
MYL2,0.0016245047,0.04354457,8.455425e-05,0.026795182,0.031072572
MYL3,0.000281046,0.009200103,0.00010750897,0.035246737,0.012916101
MYL5,0.00030105663,0.0112510035,0.00010412055,0.008678562,0.013868936
MYL6,0.0002617415,0.04928752,0.0001919632,0.080596074,0.018318564
MYL6B,0.0006689395,0.034761965,0.000921219,0.027358834,0.04176907
MYL7,0.0008886813,0.02002419,0.00017354397,0.028635155,0.024738964
MYL9,0.0013004217,0.025550554,0.00043247375,0.0223549,0.047730736
MYLIP,0.23344818,0.09216627,0.0919694,0.046585087,0.04129005
MYLK,0.00032187352,0.018298207,0.00020724286,0.032904983,0.018004786
MYLK2,9.377853e-05,0.0111137405,0.00018332008,0.013710812,0.009544809
MYLK3,0.1907489,0.026708074,0.24922526,0.07303544,0.011729572
MYLK4,0.00062291825,0.013831982,0.0005199693,0.02678978,0.03182545
MYNN,0.0019803133,0.056759205,0.00034997953,0.06389214,0.082743764
MYO10,0.00048220027,0.009398954,0.000136988,0.06847451,0.010174074
MYO15A,0.00033323336,0.0076318453,0.00024781202,0.020532943,0.017023496
MYO16,0.00043312582,0.010674574,0.00013085961,0.011547842,0.010923682
MYO18A,0.00061119325,0.020105388,0.00017038047,0.113731965,0.022962537
MYO18B,0.00037043693,0.045925573,0.00027153647,0.05164654,0.025860032
MYO1A,0.00075973466,0.039485086,0.00022891731,0.029799249,0.034594495
MYO1B,0.00044281196,0.041083112,0.00023849736,0.09414992,0.024291994
MYO1C,0.00046262654,0.040642966,0.00012943061,0.06761598,0.016852567
MYO1D,0.0006023349,0.038538743,9.532516e-05,0.046836674,0.013291143
MYO1F,0.00093577674,0.022170242,0.00012992424,0.014542438,0.02361246
MYO1G,0.0011337234,0.012171867,0.00019235951,0.09710315,0.025938664
MYO3A,0.00025317253,0.012235949,0.00086291565,0.009077163,0.016213387
MYO3B,0.0005072523,0.010720037,0.0003098058,0.032661267,0.020699253
MYO5A,0.0003572045,0.014408863,0.00034187877,0.04469474,0.006956709
MYO5B,0.00038486198,0.027137835,0.00016975161,0.059493147,0.011364772
MYO5C,0.0006441112,0.01873089,0.00019149028,0.0229092,0.023893721
MYO6,0.0012064138,0.077027015,0.00032686803,0.06262673,0.0431412
MYO6,0.0012064138,0.077027015,0.00032686803,0.06262673,0.0431412
MYO7A,0.000960902,0.05798142,0.0001900821,0.03731059,0.10007542
MYO9A,0.14527951,0.049455207,0.09854967,0.02927176,0.12899785
MYO9B,0.09010507,0.03604583,0.1537491,0.09698627,0.057067446
MYOC,0.00070434686,0.056063913,0.00029922696,0.048878655,0.030026935
MYOCD,0.00028980366,0.012777682,0.000251547,0.08243614,0.01046713
MYOD1,0.0014990438,0.12022329,0.0007182502,0.062204275,0.06815664
MYOF,0.0009895618,0.023284018,0.00017207631,0.027054181,0.05177125
MYOG,0.00049059145,0.04979782,0.00015423552,0.07516865,0.019426364
MYOM1,0.0008676614,0.032523204,0.0002321541,0.046521854,0.03787462
MYOM2,0.00048572264,0.022444641,0.00032605662,0.069421805,0.009398213
MYOM3,0.00032958383,0.014216217,0.00014895547,0.012868392,0.009291993
MYOT,0.0007610317,0.055967387,0.00017654554,0.0273377,0.04269932
MYOZ1,0.0017253837,0.07954339,0.0005858492,0.10842442,0.04574046
MYOZ2,0.0005669216,0.09709184,0.00013034279,0.10039487,0.029515842
MYOZ3,0.0008656275,0.018135382,0.00028428395,0.07276666,0.021311298
MYPOP,0.00053321157,0.0084554395,0.00077361014,0.008382098,0.024910152
MYRF,0.00042678253,0.008633335,0.00046345452,0.023442874,0.027137816
MYRIP,0.0003724967,0.019166086,0.00094873516,0.07080484,0.013151635
MYSM1,0.0007453617,0.028579403,0.00014218665,0.069472045,0.024037478
MYT1,0.00033272195,0.011368593,0.00020834562,0.037310082,0.005640876
MYT1L,0.00078006904,0.025661578,0.00028845487,0.09710315,0.024328815
MYZAP,0.00039230293,0.025454944,0.00011496143,0.062467445,0.0059465854
MZB1,0.0024191767,0.034241572,0.00020171647,0.06691829,0.061951928
MZF1,0.000649453,0.012616677,7.8123325e-05,0.077896155,0.014307788
MZT2A,0.0012752557,0.025718756,0.0006832969,0.008678562,0.051880885
MZT2B,0.00046086527,0.017102247,7.851939e-05,0.035091348,0.018978117
N4BP1,0.0006941027,0.030427331,0.00010320492,0.050757743,0.02577718
N4BP2,0.0010216302,0.025048055,0.00062404876,0.059433043,0.01851892
N4BP2L1,0.038890447,0.027149396,0.005313659,0.01804367,0.053858735
N4BP2L2,0.0009986098,0.06471651,0.00015947856,0.017057737,0.10701438
NAA10,0.6584768,0.6216689,0.3232899,0.0756093,0.7422271
NAA15,0.7244711,0.5320791,0.16296797,0.11522541,0.6231248
NAA16,0.00056868047,0.04335519,0.0006056469,0.03756352,0.066919826
NAA25,0.06364917,0.051619418,0.11258345,0.02500289,0.0393638
NAA35,0.0017401088,0.054568492,0.0002176637,0.023442874,0.08210303
NAA38,0.00050698424,0.062186968,0.00026748178,0.15829414,0.044413596
NAA40,0.00053320144,0.007124093,0.00026870822,0.023442874,0.014961674
NAA50,0.74145037,0.49031907,0.649816,0.035091348,0.5735058
NAA60,0.0017281832,0.00826252,0.0025091437,0.01804367,0.014536926
NAAA,0.0010935772,0.02317505,0.00030848302,0.017034966,0.034692116
NAALADL2,0.00034632543,0.01821795,0.00013951962,0.02679841,0.04753768
NAB1,0.00041014553,0.01518564,0.0009068901,0.037358787,0.0132733695
NAB2,0.0001414769,0.026408117,0.00011697912,0.078229286,0.0030937674
NABP1,0.0015995931,0.019112064,0.0002696313,0.04057241,0.03253383
NABP2,0.00042215397,0.102688685,0.0001365165,0.0539454,0.022228308
NACA,0.5857231,0.4563243,0.34075758,0.06346636,0.32437983
NACA2,0.00046082766,0.005029089,0.0005588924,0.026073754,0.014216283
NACAD,0.039005186,0.0055635315,0.1881282,0.027927298,0.010039451
NACC1,0.00052245636,0.04127613,0.00024781202,0.1275298,0.035745006
NACC2,0.00016670093,0.0034651551,0.00014218665,0.04225217,0.0069190045
NADK,0.083202675,0.0076501593,0.27201903,0.051949967,0.0058775237
NADSYN1,0.0004087899,0.0057318225,0.0003145681,0.025206596,0.0051981066
NAE1,0.7577941,0.54185855,0.2512003,0.21278778,0.47772515
NAF1,0.0003325193,0.03188483,0.00021937156,0.0995482,0.042540736
NAGA,0.00043836012,0.014919926,0.00030963952,0.022075247,0.014832388
NAGK,0.1521383,0.032038778,0.13512976,0.05020412,0.027296012
NAGLU,0.00020867368,0.004809508,0.00017068455,0.020175396,0.012352477
NAGPA,0.00044658282,0.021214366,0.00015842277,0.039407514,0.010174641
NAGS,0.048242807,0.0075347545,0.08010331,0.020270698,0.030647084
NAIF1,0.00023531367,0.014905355,0.00017021532,0.011777043,0.012237327
NAMPT,0.5054493,0.24660571,0.22087197,0.09414992,0.33047897
NANOG,0.0006239771,0.009187645,0.00030770112,0.024950339,0.027350467
NANOS1,0.00064615434,0.01896393,0.0014777016,0.009690155,0.042786166
NANOS2,0.0010252871,0.016965091,0.00029062515,0.03158699,0.034578003
NANOS3,0.0019619481,0.0018638578,0.001130171,0.01804367,0.0088815745
NANP,0.005263311,0.01907845,0.00069016614,0.01804367,0.041023254
NANS,0.00030340324,0.027016407,7.342402e-05,0.03035653,0.033935804
NAP1L1,0.0013986848,0.27859858,0.00029211634,0.18083519,0.062860966
NAP1L2,0.0004704924,0.023407018,0.00015947856,0.02111291,0.036215995
NAP1L3,0.000992155,0.071088575,0.00022270983,0.026073754,0.10136125
NAP1L4,0.00061633094,0.027920285,0.00018988247,0.073242895,0.024433987
NAP1L5,0.00020548067,0.030653162,0.0003676144,0.1096986,0.01955045
NAPA,0.21423604,0.11903649,0.24119112,0.032539014,0.12692161
NAPB,0.0017103407,0.09654007,0.00032437555,0.06445435,0.024943851
NAPG,0.084752716,0.075246766,0.06962155,0.010767184,0.12852748
NAPSA,0.0004626069,0.00846598,0.00010650684,0.03035653,0.010497439
NARF,0.0009064146,0.03730306,0.0002681633,0.03227226,0.030219603
NARS1,0.063993804,0.031587634,0.0628893,0.01804367,0.057282563
NARS2,0.008082036,0.063890144,0.0016549487,0.01804367,0.04515254
NASP,0.0006468771,0.052208133,0.00036645343,0.16162531,0.03286127
NAT1,0.00030134953,0.0044643856,0.00089497375,0.026245482,0.017545933
NAT10,0.042822674,0.026994325,0.14161122,0.14218232,0.070977725
NAT14,0.0019419222,0.057920106,0.00016928514,0.02844312,0.07414761
NAT2,0.08295814,0.0058391714,0.06378936,0.024041327,0.012425646
NAT8,0.106629916,0.015904123,0.057340413,0.020437825,0.0448012
NAT8L,0.0010330732,0.0028236264,0.00090418826,0.01804367,0.006953917
NAT9,0.00042331478,0.010726816,0.00038976342,0.03698906,0.013111457
NAV1,0.00062863185,0.00820847,0.00024273663,0.010703422,0.017466102
NAV2,0.0013268169,0.042187624,0.00016052759,0.0487305,0.03003575
NAV3,0.0554019,0.017119039,0.08018411,0.026462918,0.023299605
NBAS,0.00026728524,0.053093396,0.00036749878,0.008678562,0.054314513
NBEA,0.00027778774,0.014921783,0.00013368082,0.044827595,0.021119889
NBEAL1,0.071077496,0.0068278727,0.320484,0.023442874,0.014069381
NBEAL2,0.00060172466,0.010990275,0.00010551274,0.023442874,0.041302234
NBL1,0.00012461902,0.0067100953,0.00017629859,0.009891949,0.01015861
NBN,0.80200183,0.87263054,0.7273626,0.5405098,0.69300604
NBPF3,0.0001736885,0.009938347,0.00048989843,0.026311548,0.031193923
NBR1,0.00041110086,0.015320958,0.0002598463,0.0955337,0.01175809
NCALD,0.0008038032,0.031515043,0.00014700992,0.08972444,0.040029224
NCAM2,0.00030819818,0.012392507,8.501769e-05,0.010767184,0.021093844
NCAN,0.0005255813,0.017807316,9.8212666e-05,0.05509455,0.05175754
NCAPD2,0.8380645,0.61978245,0.55924016,0.07554605,0.56241935
NCAPD3,0.0006595747,0.05254726,0.00012688202,0.024526373,0.05311553
NCAPG,0.16331808,0.15685014,0.26531687,0.1275298,0.12699601
NCAPG2,0.0030518875,0.1382042,0.00014202634,0.055746976,0.14612451
NCAPH,0.00088506495,0.31426388,0.00010570278,0.033313055,0.38072532
NCAPH2,0.0013304809,0.054600373,0.00073176867,0.07483766,0.10665136
NCBP1,0.12935378,0.05868501,0.15110126,0.053720966,0.034406684
NCBP2,0.00021501008,0.050237473,0.00045507267,0.03241387,0.04864227
NCDN,0.0002739274,0.018813064,8.455425e-05,0.027963148,0.0095646065
NCF1,0.00059839955,0.06540377,0.00029171308,0.06262673,0.07719421
NCF2,0.0008659616,0.1043781,0.0001751228,0.07534827,0.03002023
NCF4,0.0008033962,0.031973045,0.00013893045,0.033313055,0.015429442
NCK1,0.23169094,0.0643546,0.15154862,0.13383648,0.0107085025
NCK2,0.0025781658,0.16528031,0.00011511644,0.03984609,0.050496675
NCKAP1,0.15077451,0.105273716,0.15796803,0.08179511,0.147881
NCKAP5,0.0010394388,0.03181272,0.0001772959,0.050640047,0.03668786
NCKAP5L,0.0005765862,0.022517096,0.00032879267,0.026462918,0.06799255
NCKIPSD,0.14285128,0.027844701,0.2774927,0.108996786,0.028387457
NCL,0.18278871,0.105528824,0.30120587,0.14269736,0.055282902
NCLN,0.0002549109,0.012282579,0.00022349137,0.021026954,0.017519478
NCOA1,0.0009775958,0.14236914,0.00011507692,0.062204275,0.028828084
NCOA2,0.00039945182,0.06755998,0.00018807338,0.05146591,0.040032916
NCOA3,0.051006053,0.077925324,0.19079909,0.13593683,0.011933117
NCOA4,0.000576214,0.029451454,0.00036739407,0.089929104,0.027417293
NCOA5,0.000866378,0.112353005,0.0001301591,0.026436144,0.21903725
NCOA6,0.23083197,0.0668888,0.20475645,0.1468886,0.06750688
NCOA7,0.00016146619,0.008547369,0.00024050112,0.022376817,0.020675484
NCOR1,0.7058625,0.6227548,0.54910237,0.43685526,0.4155211
NCOR2,0.0012314739,0.09084489,0.00067916774,0.25043225,0.05095702
NCR1,0.00043130494,0.01864524,0.00077361014,0.027361346,0.011256214
NCR3LG1,0.0012557918,0.006003971,0.004449596,0.01804367,0.026656479
NCS1,0.0003288566,0.015975043,0.0002086122,0.022906292,0.011567076
NCSTN,0.0007260155,0.05629358,0.00012943061,0.0824687,0.032500427
NDC1,0.411328,0.111579835,0.38482714,0.028985407,0.15640981
NDC80,0.0010893657,0.060503975,0.00027249294,0.12931818,0.06842057
NDC80,0.0010893657,0.060503975,0.00027249294,0.12931818,0.06842057
NDEL1,0.00063788967,0.07828358,9.342159e-05,0.19289987,0.034913745
NDFIP1,0.00095271535,0.082553945,0.00015877785,0.038877636,0.12511574
NDFIP2,0.0006820669,0.019102193,0.000115192095,0.0779676,0.021721076
NDN,0.086013824,0.06979442,0.13791505,0.050660808,0.025603741
NDNF,0.0042900876,0.006077119,0.006484812,0.01804367,0.012556296
NDOR1,0.00014427114,0.039737158,0.00010289302,0.039042577,0.07667094
NDP,0.0009470586,0.04202922,0.00030413189,0.019577004,0.03122371
NDRG1,0.12213567,0.15624028,0.24794517,0.10233982,0.050185855
NDRG2,0.0004760424,0.015553041,0.0001916004,0.026517374,0.010150486
NDRG3,0.005162402,0.011039133,0.0008231056,0.01804367,0.03241085
NDRG4,0.0005954635,0.014517946,0.00017294301,0.021767354,0.007810714
NDST1,0.012746928,0.025979688,0.0017439862,0.01804367,0.101213306
NDST2,0.00035194372,0.0015002312,0.000102498954,0.027054181,0.0042437306
NDUFA1,0.0006756693,0.046069555,0.00049244234,0.032661267,0.06402537
NDUFA10,0.0016993281,0.103016034,8.199021e-05,0.06066188,0.096151665
NDUFA12,0.051392723,0.018840339,0.033913206,0.04868629,0.020070959
NDUFA13,0.14879347,0.054189794,0.13098444,0.079073355,0.050683886
NDUFA2,0.18754384,0.059500925,0.23527564,0.008678562,0.048172943
NDUFA3,0.001040327,0.030563394,0.00018548325,0.023442874,0.02479168
NDUFA4,0.17086361,0.086614296,0.12702017,0.07691463,0.061825227
NDUFA4L2,0.037257187,0.01580424,0.042040367,0.12326603,0.007915027
NDUFA5,0.0008998189,0.020645604,0.00031171943,0.06069709,0.050617427
NDUFA6,0.00049865874,0.069901004,0.00041048837,0.022874387,0.10140637
NDUFA7,0.00015794208,0.0067648795,0.00014534693,0.011245472,0.011856455
NDUFA8,0.09611928,0.06646198,0.23350574,0.05061941,0.04956959
NDUFA9,0.7035892,0.2576506,0.3679752,0.0722007,0.2983766
NDUFAB1,0.00035683878,0.044832237,0.00031833746,0.015513237,0.043598868
NDUFAF1,0.0003583379,0.0314993,0.00018798841,0.097713724,0.020063912
NDUFAF2,0.0002533027,0.007267895,0.0003201078,0.04225217,0.03153765
NDUFAF3,0.00030791067,0.03250697,0.00029944442,0.050944403,0.033421196
NDUFAF4,0.00093495904,0.042423584,0.00046824684,0.018289693,0.063864395
NDUFAF6,0.0045769177,0.07325576,0.00072702114,0.01804367,0.05076366
NDUFAF7,0.0015214115,0.043183137,0.00044181122,0.013998775,0.13490286
NDUFB1,0.04039977,0.05516658,0.21047775,0.011722919,0.055563964
NDUFB11,0.00048215088,0.073597796,7.2006165e-05,0.011245472,0.06814369
NDUFB2,0.07965022,0.024227126,0.16629422,0.010057129,0.017325632
NDUFB3,0.00028797978,0.05001766,0.00040127078,0.014542438,0.06528872
NDUFB4,0.0848039,0.048681904,0.1390748,0.04225217,0.07009182
NDUFB5,0.00049337494,0.02277186,0.00013807228,0.023442874,0.043161154
NDUFB6,0.00037973773,0.04648246,0.0005853625,0.020332135,0.0578143
NDUFB7,0.06916182,0.09302821,0.106508926,0.05469815,0.08234989
NDUFB8,0.0009173152,0.043035496,0.0001550724,0.05509455,0.05729705
NDUFB9,0.0010444446,0.055120308,0.000106222025,0.027190577,0.07288967
NDUFC1,0.0074808183,0.042384453,0.005104945,0.01804367,0.040603634
NDUFC2,0.0007508111,0.046294667,0.00023754581,0.023442874,0.09698421
NDUFS1,0.5891381,0.2895868,0.28780705,0.09184084,0.26612806
NDUFS2,0.0014267232,0.11611544,0.00014534693,0.041557513,0.040988915
NDUFS3,0.00094337156,0.037939817,0.00015083239,0.04754783,0.042459637
NDUFS4,0.11879894,0.0066412445,0.2439532,0.015479423,0.056393165
NDUFS5,0.0008078315,0.05970241,0.00024130734,0.02323641,0.07641908
NDUFS6,0.00033039297,0.0344062,0.0001604,0.04785222,0.04113309
NDUFS7,0.3027838,0.023084447,0.20839806,0.047585517,0.048231825
NDUFS8,0.0006352766,0.039107535,0.00037748838,0.10122185,0.054072313
NDUFV1,0.00041651315,0.038250815,0.00015900012,0.02844312,0.04633413
NDUFV2,0.413527,0.2011711,0.3561988,0.055746976,0.30717826
NDUFV3,0.00078319805,0.014450778,0.00031946693,0.046332557,0.038601216
NEB,0.0006562546,0.051114284,8.132428e-05,0.034944646,0.025053453
NEBL,0.00022221796,0.020787235,9.178963e-05,0.07534827,0.012514661
NECAB1,0.000858027,0.012844966,0.0019212608,0.017034966,0.02301478
NECAB2,0.2657307,0.19363023,0.17619413,0.16162531,0.09840878
NECAB3,0.0011508069,0.016551392,0.00015652872,0.050619364,0.040576775
NECAP1,0.108909436,0.023287395,0.09796661,0.03823579,0.031517643
NECAP2,0.000887164,0.034020048,0.00043043724,0.070112325,0.03234816
NECTIN1,0.0052535185,0.006218136,0.0628893,0.01804367,0.014635131
NECTIN2,0.013703746,0.015154016,0.0628893,0.01804367,0.032331098
NECTIN3,0.0035022201,0.004356432,0.0628893,0.01804367,0.021250442
NECTIN4,0.0029572828,0.0048152427,0.0628893,0.01804367,0.0072953845
NEDD1,0.00013327264,0.01952058,7.928156e-05,0.06691829,0.022522796
NEDD4,0.42234018,0.099895224,0.46948758,0.16949627,0.044073723
NEDD4L,0.09894171,0.08586695,0.26727843,0.20755693,0.011712074
NEDD8,0.2600171,0.2762279,0.23017785,0.14269736,0.10614325
NEDD9,0.26113302,0.05135163,0.30980897,0.20334041,0.04784958
NEFH,0.00058101024,0.025293682,0.00017223308,0.021743597,0.036009632
NEFM,0.00061964965,0.03229181,0.00017069415,0.12720075,0.02734295
NEIL1,0.22969137,0.11468247,0.21868552,0.03227226,0.13642855
NEIL2,0.18536793,0.014445213,0.21144277,0.04142128,0.022141011
NEIL3,0.0005218188,0.016320389,0.00026508645,0.023442874,0.02681297
NEK1,0.39023855,0.26758716,0.3506395,0.2826524,0.16304061
NEK10,0.001188999,0.04240716,0.00011344459,0.016212763,0.053396292
NEK11,0.0016829418,0.005945985,0.00026183084,0.043872934,0.01747612
NEK2,0.00079070305,0.020773191,0.00015986101,0.0738733,0.03550975
NEK3,0.00043631002,0.0524354,0.0002691623,0.036096033,0.054478414
NEK4,0.0042721555,0.03454083,0.0015164526,0.01804367,0.03577928
NEK6,0.085679814,0.04744955,0.28588757,0.060287282,0.017699635
NEK7,0.0009996598,0.032791637,0.0003382573,0.014542438,0.036830347
NEK8,0.00075731205,0.020283382,0.00014232608,0.09184084,0.027267165
NEK9,0.00046879658,0.019208321,0.00051327405,0.05346483,0.009584249
NELFA,0.00059362384,0.029338164,8.8296685e-05,0.039066352,0.07955605
NELFB,0.0012750984,0.14391181,0.00011686628,0.1008316,0.28022182
NELFCD,0.0016178672,0.24292344,0.0002951985,0.07133293,0.13115282
NELFE,0.0006662466,0.07308883,0.0001233807,0.060544442,0.06582787
NELL1,0.00041375367,0.024983132,8.6497086e-05,0.04851953,0.010133104
NEMF,0.15027177,0.03236645,0.098771505,0.023442874,0.04424314
NEMP1,0.00042400154,0.0043924325,0.0005380538,0.023442874,0.020757478
NEMP2,0.001543412,0.03295185,0.0004489592,0.023442874,0.0402359
NENF,0.0009148023,0.017145287,0.00030772813,0.023442874,0.06265289
NEO1,0.0006835379,0.011158836,8.6400476e-05,0.04095821,0.01070511
NES,0.00040748183,0.009377916,0.000109369685,0.022454023,0.024192527
NET1,0.13639039,0.027159654,0.24096377,0.037381027,0.039604425
NETO2,0.003161418,0.026446842,0.0016257355,0.01804367,0.020056507
NEU1,0.29346627,0.05941772,0.24101642,0.048723042,0.119748086
NEU3,0.00049207214,0.016681926,0.0004900115,0.05061941,0.026089894
NEU4,0.00063000683,0.014273572,0.00018690797,0.09414992,0.01870882
NEURL1,0.0015947495,0.016502433,0.0001900821,0.011777043,0.024216166
NEURL1B,0.0026751272,0.005406156,0.003370416,0.01804367,0.012496053
NEURL2,0.0005553426,0.013555714,0.00054094923,0.008796791,0.0155429775
NEURL4,0.00046614613,0.039199334,0.0001887521,0.07801109,0.02326293
NEUROD1,0.00039844986,0.06433854,0.00011893623,0.09145389,0.053927913
NEUROD2,0.00046424646,0.0062296325,0.00015482138,0.049843416,0.013459808
NEUROD4,0.0014290457,0.019454692,0.0001900821,0.011909331,0.02432311
NEUROD6,0.00041531556,0.035735983,0.00017632348,0.024041327,0.027940286
NEUROG1,0.00073483156,0.030714959,9.338294e-05,0.028792977,0.010871232
NEUROG3,0.0003740997,0.005584814,0.0014237412,0.009077163,0.019881725
NEXN,0.0002974073,0.009864781,0.00019002792,0.020293722,0.015095588
NF1,0.2317508,0.10013,0.15140732,0.07023127,0.068796925
NF2,0.16542113,0.12455684,0.26655233,0.08255779,0.085629724
NFAM1,0.0003975099,0.006763944,0.00012151095,0.009690155,0.014308663
NFASC,0.00028468075,0.042217337,0.000114558505,0.09110373,0.02451421
NFAT5,0.00023421197,0.021319414,0.00031104524,0.08972444,0.015450289
NFATC1,0.50963914,0.50225484,0.44408303,0.14098792,0.24831155
NFATC2,0.12113757,0.03507093,0.3359166,0.067418724,0.033906356
NFATC3,0.0003845638,0.014674386,0.00021122435,0.016992278,0.01666526
NFATC4,0.0003661629,0.057602413,0.0002965938,0.04792855,0.04603697
NFE2,0.00037978042,0.011296294,0.00011734567,0.063566156,0.009745133
NFE2L1,0.08558538,0.021424523,0.18723926,0.06800528,0.012797017
NFE2L2,0.7790532,0.52980334,0.5396897,0.115161866,0.50633335
NFE2L3,0.00048100602,0.011132375,0.0004054153,0.050619364,0.017064566
NFIA,0.0006549927,0.014110807,0.00021247975,0.023442874,0.07137372
NFIB,0.23266459,0.04551824,0.1565374,0.024101408,0.055740375
NFIC,0.0002315941,0.023115108,9.2385e-05,0.07130209,0.009381522
NFIL3,0.0006596979,0.059710346,0.00042016103,0.060544442,0.04246965
NFIX,0.06701276,0.013367004,0.2074731,0.113731965,0.012094977
NFKB1,0.08824318,0.06925446,0.16262352,0.4187959,0.024851918
NFKB2,0.14945687,0.14228617,0.37715,0.07635919,0.08611214
NFKBIA,0.1621162,0.16394413,0.18267235,0.1834762,0.03807765
NFKBIB,0.0009800101,0.14132887,9.243664e-05,0.10569154,0.12889737
NFKBID,0.0011291617,0.0464706,0.00017234628,0.024708822,0.06354165
NFKBIE,0.0008726194,0.09731447,0.00032891837,0.11502292,0.09094474
NFKBIL1,0.0006439663,0.049802773,0.00013451553,0.035619125,0.0245531
NFRKB,0.0004924315,0.038790073,9.178963e-05,0.02927176,0.07435422
NFS1,0.00087532256,0.046237912,0.00020271618,0.03208136,0.09673766
NFU1,0.0005086256,0.08169287,8.1833125e-05,0.014208768,0.041155875
NFX1,0.00040172203,0.011809871,0.00041195683,0.027190577,0.0156018725
NFXL1,0.00047977603,0.005020271,7.656164e-05,0.023442874,0.010855364
NFYA,0.11417323,0.1049576,0.18142836,0.11187147,0.07984559
NFYB,0.69792044,0.47020197,0.29862747,0.16774316,0.48001173
NFYC,0.7529763,0.3937552,0.35482025,0.15829414,0.35284367
NGB,0.00021204946,0.017058056,0.0004460491,0.073245294,0.006934493
NGDN,0.00036289683,0.012579784,5.286706e-05,0.02796235,0.015364966
NGEF,0.0005066567,0.01350497,0.00020727704,0.014695505,0.0126453005
NGF,0.0004753715,0.033994913,0.00028885805,0.012414546,0.03125618
NGFR,0.0019124773,0.13790482,0.00040597803,0.13249134,0.02212204
NGLY1,0.019597216,0.036670055,0.03909227,0.027963148,0.030595891
NGRN,0.0002886576,0.01340772,0.00022048606,0.01942002,0.027696993
NHEJ1,0.088808596,0.012796035,0.0791331,0.037186008,0.02465236
NHERF2,0.012113897,0.010223592,0.0628893,0.01804367,0.02286575
NHLH1,0.0006302876,0.01581491,0.0003367773,0.03972294,0.021508152
NHLH2,0.00047736903,0.01238848,0.00024781202,0.008605173,0.020564238
NHLRC1,0.0026229161,0.03897173,0.00017881334,0.023163307,0.020745981
NHLRC2,0.0038816435,0.09097947,0.00016645362,0.008678562,0.10003227
NHLRC3,0.0004680971,0.013705537,0.00068569946,0.023442874,0.025033748
NHLRC4,0.00085590756,0.0061997557,0.0054018814,0.01804367,0.015068014
NHP2,0.44114515,0.24396768,0.47992164,0.0775511,0.26826105
NHS,0.00039559236,0.023425419,0.00029246495,0.04029104,0.03510153
NIBAN2,0.0018434655,0.0036857352,0.0628893,0.01804367,0.01877622
NICN1,0.003441942,0.0047547757,0.004530156,0.01804367,0.030166442
NICOL1,0.041168537,0.012415673,0.0628893,0.01804367,0.017530331
NID1,0.00054592825,0.018257564,0.00011449965,0.15643749,0.011498785
NID2,0.0007498147,0.031232597,0.00012573757,0.047585517,0.023733536
NIF3L1,0.11823469,0.082816675,0.17509237,0.2226922,0.021432705
NIFK,0.021026822,0.022484185,0.076779574,0.032562852,0.05342849
NIM1K,0.00030193245,0.007933936,0.0006392697,0.017034966,0.008854943
NIN,0.00092469703,0.04107433,0.00011872841,0.04004193,0.02832902
NINJ1,0.0006598004,0.014987355,0.0002649634,0.008678562,0.029621815
NINJ2,0.00017691273,0.008212341,0.0002696115,0.0109855905,0.006051235
NINL,0.0001936959,0.01667241,0.00019923176,0.08678547,0.0095025515
NIPA2,0.0010729771,0.048386905,0.00017354397,0.023442874,0.09522657
NIPAL1,0.0061340034,0.058188222,0.0015328731,0.01804367,0.044566542
NIPBL,0.0004826123,0.08155321,0.00010387828,0.09698627,0.055945855
NIPSNAP1,0.0017944658,0.046361614,8.937089e-05,0.013933608,0.07089258
NIPSNAP3A,0.00055040646,0.05944997,0.00036749878,0.05132467,0.041515414
NIPSNAP3B,0.0004932828,0.029571176,0.00015797114,0.017267942,0.061645985
NISCH,0.0022477242,0.02923683,0.00016656746,0.024526373,0.093295395
NIT1,0.0005146548,0.019752407,0.00015128366,0.027808795,0.023614649
NIT1,0.0005146548,0.019752407,0.00015128366,0.027808795,0.023614649
NIT2,0.001191331,0.024724381,7.9114805e-05,0.023442874,0.041497935
NKAIN1,0.0020991925,0.011739582,0.00072702114,0.01804367,0.022928154
NKAP,0.0997835,0.10096091,0.18046017,0.12720075,0.040306512
NKAPD1,0.12537731,0.07306573,0.0628893,0.01804367,0.040022645
NKAPL,0.0019788023,0.010884135,0.0013939927,0.008382098,0.04736156
NKD1,0.00059322175,0.010780998,0.00062350923,0.020690788,0.009422505
NKD2,0.0009009865,0.036319796,0.00015226341,0.07011553,0.051891748
NKG7,0.00032644917,0.008386637,0.0002829247,0.018897312,0.011500015
NKIRAS1,0.0012822577,0.13061588,0.000619206,0.120428346,0.043033253
NKIRAS2,0.00031938413,0.015879119,0.00010635613,0.050757743,0.009474089
NKTR,0.00086964166,0.024667293,0.00016203916,0.043185964,0.06000681
NKX12,0.0001042855,0.0002909631,0.002440246,0.01804367,0.00028143427
NKX21,4.899617e-05,0.0002909631,0.000397393,0.01804367,0.00028143427
NKX22,3.4893303e-05,0.0002909631,0.00024327992,0.01804367,0.00028143427
NKX23,5.211363e-05,0.0002909631,0.00025744003,0.01804367,0.00028143427
NKX25,4.899617e-05,0.0002909631,0.0001616176,0.01804367,0.00028143427
NKX28,4.2203683e-05,0.0002909631,0.00024094821,0.01804367,0.00028143427
NKX31,4.5896508e-05,0.0002909631,0.00023846599,0.01804367,0.00028143427
NKX32,4.618272e-05,0.0002909631,0.00020998258,0.01804367,0.00028143427
NKX61,9.995243e-05,0.0002909631,0.007769655,0.01804367,0.00028143427
NKX62,0.00010495,0.0002909631,0.004009402,0.01804367,0.00028143427
NLE1,0.00053184415,0.028909435,7.179472e-05,0.036235023,0.064907596
NLGN1,0.00019328945,0.009417455,0.00012430688,0.0078024184,0.011565239
NLGN2,0.07194076,0.0077193445,0.34846264,0.022350326,0.005798523
NLGN3,0.00038369923,0.0066303783,0.00024173358,0.0078024184,0.010736976
NLGN4X,0.00052399863,0.013555243,0.00027462954,0.011959312,0.032461114
NLK,0.0004682598,0.02725556,0.00021159303,0.06778434,0.024764413
NLN,0.0006156326,0.017005354,0.00027077436,0.06691829,0.024001691
NLRC4,0.026895368,0.009593142,0.35405588,0.073245294,0.009596319
NLRC5,0.0003512117,0.0083372565,0.00090291066,0.05061941,0.012537875
NLRP1,0.0004976478,0.13739364,0.000123866,0.08261023,0.06271891
NLRP10,0.00023334779,0.009408189,0.00037879913,0.05164654,0.008367035
NLRP12,0.0011227401,0.024516644,0.00017600517,0.034087338,0.0670501
NLRP14,0.0020472296,0.0072292206,0.0065065348,0.01804367,0.0330124
NLRP2,0.11582431,0.0971071,0.40217933,0.2654366,0.024090474
NLRP3,0.0003677941,0.04212471,0.00011557443,0.02654885,0.04576943
NLRP4,0.00025831137,0.0075078765,0.00015713587,0.010703422,0.009620763
NLRX1,0.0004334585,0.009983221,0.00038026428,0.03830263,0.009368375
NMB,0.00083404686,0.008539004,0.00017796578,0.009690155,0.016263898
NMD3,0.00073890266,0.09649995,0.00012532854,0.02572108,0.15312286
NME1,0.3185807,0.03483143,0.26930466,0.038127046,0.018150272
NME2,0.00011625964,0.014955907,0.00016784565,0.16742851,0.008535973
NME3,0.39870206,0.08426943,0.17886558,0.02352963,0.09729357
NME4,0.0010017119,0.04338473,0.00015199941,0.08972444,0.053751115
NME5,0.00074691855,0.018400602,0.00023849736,0.021664867,0.039135765
NME6,0.34670952,0.24238081,0.21951157,0.061838645,0.45155963
NME7,0.5462999,0.1814199,0.3220871,0.1535793,0.074425675
NME8,0.0008385977,0.0037842204,0.00022975368,0.017034966,0.024719855
NME9,0.002753365,0.016338902,0.016002875,0.01804367,0.022323253
NMI,0.21967223,0.15806511,0.13779835,0.13380872,0.0666433
NMNAT1,0.09415543,0.059047174,0.11770518,0.079073355,0.044106632
NMNAT2,0.0008569717,0.011676396,0.0002056159,0.017034966,0.027459528
NMNAT3,0.0013005418,0.017064134,0.0009590481,0.01804367,0.01934709
NMRAL1,0.0004758516,0.024932712,0.0010110292,0.04882528,0.040697888
NMRK1,0.0012759422,0.026112566,0.00022304834,0.008678562,0.040478233
NMRK2,0.0008793858,0.037972588,0.0014057704,0.02621554,0.058896534
NMT1,0.00024178221,0.038782645,0.00069088675,0.038731944,0.037277143
NMT2,0.10652541,0.05469038,0.10481966,0.050888,0.027083088
NMUR1,0.0027384548,0.008770105,0.013422229,0.013481416,0.0071686916
NMUR2,0.0011999083,0.016713338,0.000159329,0.009611286,0.043895032
NNAT,0.0011303977,0.033050895,0.0005566595,0.024041327,0.053105276
NNMT,0.00028566143,0.0066005276,0.00031443377,0.039998848,0.011942331
NNT,0.10419786,0.0030190456,0.28614914,0.037062395,0.014576584
NOA1,0.0006527419,0.18596894,0.00011391201,0.08951132,0.073794246
NOB1,0.00034698506,0.021864612,0.00039745515,0.027808795,0.03108692
NOC2L,0.47330093,0.12662724,0.1724004,0.111390494,0.22646853
NOC3L,0.0003759244,0.017533798,0.00015765966,0.027808795,0.035796724
NOC4L,0.00054685475,0.054704506,9.01406e-05,0.07988978,0.043200586
NOCT,0.022564515,0.02897714,0.0628893,0.01804367,0.07318802
NOD1,0.0016792135,0.05416239,0.0003878738,0.06761598,0.079140045
NOD2,0.00028163826,0.088327624,0.0007024913,0.05840855,0.013250362
NODAL,0.004566714,0.006216477,0.014065928,0.01804367,0.0148835825
NOL10,0.6429415,0.40077022,0.56498694,0.05802234,0.49732998
NOL11,0.0017637005,0.023088096,0.00046454393,0.062256306,0.048366975
NOL12,0.00033819425,0.07485185,0.00033385053,0.05307372,0.106462866
NOL3,0.11368243,0.044107355,0.24757057,0.08415961,0.014623282
NOL4,0.52657706,0.25946456,0.5847758,0.07427682,0.24990256
NOL4L,0.001121709,0.04997098,0.00015797114,0.018600604,0.03655391
NOL6,0.09965103,0.037238464,0.104149714,0.020978805,0.03769747
NOL7,0.0022071179,0.061084185,0.00019533747,0.02572108,0.13902047
NOL8,0.7351925,0.5122755,0.15642181,0.010303198,0.6090394
NOL9,0.09716494,0.030207736,0.21698584,0.13436238,0.051720463
NOLC1,0.80054456,0.49755192,0.30159074,0.1032363,0.5943413
NOM1,0.0006472946,0.097201206,0.00017531209,0.13436238,0.15686855
NOMO1,0.0007478854,0.036331654,0.00030440834,0.113731965,0.04681954
NOMO2,0.000982958,0.028082946,0.0002030402,0.026061665,0.023106001
NONO,0.08748814,0.056081194,0.14625248,0.09176246,0.035950642
NOP10,0.7350876,0.70449966,0.35754365,0.037310082,0.5670557
NOP14,0.07435966,0.047098055,0.10999777,0.04817844,0.10782753
NOP16,0.252951,0.2658291,0.047297906,0.050640047,0.31058457
NOP2,0.0014637155,0.13833617,0.00015345642,0.047443043,0.15082991
NOP53,0.02082591,0.029330144,0.0628893,0.01804367,0.060074273
NOP56,0.7327337,0.6865282,0.30641347,0.05231598,0.68202114
NOP58,0.03777007,0.06128794,0.10531075,0.058489792,0.035601508
NOS1,0.00046689948,0.01848644,0.00045107023,0.038934913,0.022535691
NOS1AP,0.0004940119,0.012250342,0.00020727704,0.024128672,0.025960287
NOS2,0.6491719,0.5978665,0.43320376,0.35492384,0.20408665
NOS3,0.0005365006,0.02213455,7.430284e-05,0.18750717,0.018919524
NOSIP,0.000668839,0.01433377,0.0003663225,0.02504491,0.019342968
NOSTRIN,0.00092754315,0.01783779,0.0003436859,0.02591231,0.03470681
NOTCH1,0.06673771,0.02216008,0.12037577,0.0694395,0.01321876
NOTCH2,0.08972444,0.08535846,0.2537402,0.037973963,0.059369437
NOTCH3,0.00071119,0.05853826,0.00014831287,0.12720075,0.040623814
NOTCH4,0.00019710683,0.016513696,0.00020519111,0.034278546,0.008554023
NOTO,0.008708985,0.009858887,0.001675262,0.01804367,0.021187782
NOTUM,0.00071188,0.0051448606,0.0014667977,0.01804367,0.010004211
NOVA1,0.0011879501,0.017386088,0.00036594446,0.016212763,0.017659107
NOVA2,0.0009542597,0.016017772,0.0016798114,0.01804367,0.014011911
NOX1,0.0007422072,0.025563385,0.00032514214,0.03158699,0.0652994
NOX5,0.00035966875,0.0055395155,0.00028620093,0.016212763,0.01260335
NOXA1,0.0004975878,0.012315278,0.0001957962,0.05470066,0.007052082
NOXO1,0.00021958897,0.010692779,0.00024781202,0.02678978,0.016009847
NOXRED1,0.004220563,0.048427552,0.0013757003,0.01804367,0.06525349
NPAS1,0.0012368513,0.00742138,0.0018438332,0.01804367,0.017876051
NPAS2,0.13599674,0.06268224,0.1873738,0.09376561,0.026067471
NPAS3,0.0030544433,0.0134956725,0.0030591807,0.01804367,0.042199265
NPAT,0.0008387099,0.015660437,0.00013198848,0.069472045,0.058787648
NPB,0.02287551,0.07899011,0.008203709,0.011909331,0.1282977
NPBWR1,0.0043336703,0.015935557,0.019574558,0.014806866,0.025285602
NPBWR2,0.00051317055,0.024551414,0.00034531494,0.02676463,0.010275588
NPC1,0.25513607,0.030867307,0.17950542,0.0209954,0.03304319
NPC2,0.0006182371,0.051443297,0.00010138156,0.061390426,0.05488934
NPDC1,0.0010620484,0.061488423,0.0004916588,0.054003723,0.03346219
NPEPL1,0.00025212878,0.009542001,0.00019151383,0.008382098,0.019000858
NPEPPS,0.13779536,0.06056639,0.15471396,0.04538841,0.0262238
NPFF,0.0026829536,0.049630214,0.0003289864,0.01830983,0.06779404
NPFFR1,0.0019293167,0.009339764,0.0010971214,0.01889102,0.028422011
NPFFR2,0.001054361,0.018872874,0.00025300364,0.016811235,0.019371152
NPHP1,0.0010168029,0.04429305,9.338294e-05,0.08179511,0.030260526
NPHP3,0.0005334571,0.010797155,0.00022472964,0.02107806,0.020140966
NPHP4,0.0006246414,0.026314154,0.00014859217,0.043702487,0.01779351
NPHS1,0.0007450634,0.037588958,0.00014623831,0.058897913,0.0102836555
NPHS2,0.0006657137,0.02249805,0.00030826635,0.017130291,0.03642811
NPL,0.00023320389,0.0042961678,0.00030826635,0.017042585,0.0070586666
NPLOC4,0.0006040628,0.084919386,0.00032208717,0.058306362,0.19536884
NPM1,0.1365734,0.13101801,0.111257285,0.4310058,0.055172622
NPM2,0.0015333755,0.07219262,9.1695416e-05,0.019864498,0.08454859
NPM3,0.00091375003,0.076483145,9.267866e-05,0.047994114,0.058636308
NPNT,0.28655738,0.01956944,0.19309106,0.020931523,0.03877064
NPPB,0.00034788117,0.008036524,0.00012370996,0.06295411,0.0056398623
NPR1,0.31923753,0.048926193,0.27723157,0.02621554,0.06033349
NPR2,0.43506923,0.059643656,0.3687985,0.17915075,0.064362966
NPR3,0.00042911107,0.005522949,0.00012256409,0.013307749,0.022894949
NPR3,0.00042911107,0.005522949,0.00012256409,0.013307749,0.022894949
NPRL2,0.082962856,0.016772503,0.24940531,0.028792977,0.028354838
NPSR1,0.004368241,0.0065038386,0.013175291,0.01804367,0.016752375
NPTN,0.0015768163,0.014248355,0.00025846928,0.020951219,0.05007732
NPTX1,0.0011346337,0.019786624,6.184197e-05,0.05040212,0.01236792
NPTX2,0.0021127549,0.016560646,5.7245757e-05,0.022974111,0.028969808
NPTXR,0.00042206506,0.01142123,0.00012155174,0.0109855905,0.03573122
NPY,0.0009654197,0.022657191,0.00023849736,0.011844355,0.021055449
NPY1R,0.0010830532,0.007272387,0.00026257106,0.019282114,0.015258635
NPY5R,0.0003206579,0.008556793,0.00015579582,0.02883887,0.012750181
NQO1,0.00069729245,0.011743222,0.0003817247,0.06069709,0.011250134
NQO2,0.05342814,0.0067286463,0.1348499,0.024526373,0.008038863
NR0B1,0.0006729907,0.035010252,0.00019234979,0.09883005,0.0194891
NR0B2,0.0009960149,0.09130576,0.00026637627,0.18083519,0.027430799
NR1D1,0.17918344,0.012720666,0.1516076,0.03972294,0.023207499
NR1D2,0.00118015,0.071786806,0.00022688584,0.07007879,0.08446163
NR1H2,0.13063046,0.030926373,0.20437835,0.14289773,0.040361963
NR1H3,0.0011449591,0.07587391,0.00015106182,0.0664483,0.038621146
NR1H4,0.0015905686,0.07402088,0.0003382573,0.11335768,0.03659366
NR1I2,0.69198936,0.49356785,0.44818994,0.08179511,0.41020843
NR1I3,0.00069876754,0.029299513,0.00010602631,0.034771934,0.028673584
NR2C1,0.00032203528,0.028476134,0.00024966753,0.066811405,0.0251069
NR2C2,0.0003858743,0.055154826,0.00014149201,0.11009636,0.02834829
NR2C2AP,0.0017661569,0.017692573,0.00077361014,0.009173206,0.026698966
NR2E1,0.00045167925,0.011740649,0.00024738803,0.039315768,0.0144891925
NR2F1,0.00044023574,0.05026366,0.00016743419,0.05549403,0.030515805
NR2F2,0.00082719425,0.08337572,0.00035995085,0.06847451,0.055468142
NR2F6,0.10413282,0.03297768,0.3473733,0.037068617,0.022583637
NR3C1,0.42266843,0.31012192,0.14292009,0.049990743,0.062218208
NR3C2,0.00047901907,0.027249092,9.770553e-05,0.039986305,0.016297601
NR4A1,0.20429672,0.07518746,0.3408082,0.12800464,0.07998419
NR4A2,0.0015684823,0.1523381,0.00025041203,0.0851105,0.07348748
NR4A3,0.00030528373,0.013163467,0.00025162662,0.054051317,0.01373582
NR5A1,0.4865949,0.21149482,0.31310126,0.06683131,0.07464407
NR5A2,0.0013720747,0.097274646,0.00025506478,0.051209282,0.16143624
NR6A1,0.0003788179,0.016323704,0.00025202785,0.037554912,0.015242237
NRAP,0.00032319914,0.0126717305,0.00026735943,0.046359513,0.0044524423
NRARP,0.0007528939,0.008986656,0.00017234628,0.026462918,0.017674077
NRAS,0.548662,0.42265138,0.29635572,0.09193732,0.40114734
NRBF2,0.001098607,0.030544491,9.2385e-05,0.05307372,0.04330176
NRBP1,0.0005821888,0.02833764,0.00040127078,0.033206817,0.059562046
NRBP2,0.0005693297,0.007795017,0.00067423517,0.008382098,0.0104463035
NRCAM,0.00035165428,0.023113573,8.0726866e-05,0.027927298,0.03923272
NRDC,0.72769636,0.32590833,0.0628893,0.01804367,0.32622385
NREP,0.00054839405,0.036757443,5.970124e-05,0.026517374,0.06109458
NRF1,0.000410716,0.041974854,0.00011420349,0.058489792,0.12138279
NRG1,0.00061203906,0.08070909,0.0007383747,0.09902337,0.013277773
NRG2,0.15287709,0.026505714,0.20725334,0.012576047,0.024557715
NRGN,0.0008859555,0.03342611,0.00063298875,0.025637686,0.03409946
NRIP1,0.00028853325,0.049647238,0.0003328774,0.27199018,0.014249976
NRIP2,0.001387051,0.041797936,0.00035326395,0.026075752,0.04656404
NRIP3,0.0011193351,0.016009446,0.00025300364,0.012576047,0.022147687
NRM,0.13423187,0.029442787,0.05366724,0.020437825,0.025201915
NRN1,0.0027767862,0.0124330735,0.004075658,0.01804367,0.02260446
NRN1L,0.0045335786,0.011845158,0.0008231056,0.01804367,0.039507873
NRP1,0.00024891144,0.031431574,0.00073309726,0.03260153,0.012896401
NRP2,0.00075874774,0.016102346,0.00023677721,0.022350326,0.04143272
NRROS,0.00021878416,0.0074913157,0.00015797114,0.023442874,0.010834356
NRSN2,0.00034568284,0.010551429,0.00015797114,0.06691829,0.01797854
NRTN,0.060776953,0.007494259,0.28258118,0.010070217,0.016570738
NRXN1,0.20290941,0.021428151,0.3179724,0.040440597,0.03856995
NRXN2,0.0009938854,0.040673114,0.00018332008,0.016248327,0.02274329
NRXN3,0.0006931458,0.01790535,0.00054440653,0.048026852,0.022333557
NSA2,0.09851629,0.033710573,0.080776915,0.05802234,0.12178382
NSD1,0.00045815017,0.010916565,0.0001965215,0.014107352,0.05518127
NSD2,0.02339482,0.010246435,0.0628893,0.01804367,0.038766116
NSDHL,0.0011370747,0.015905064,0.00020457381,0.024041327,0.02917174
NSF,0.00055106,0.31208816,0.00036497257,0.086400025,0.254561
NSFL1C,0.00033270608,0.023066273,0.0003929261,0.04538841,0.017049568
NSG1,0.0009322247,0.022820264,0.00025182538,0.022974111,0.023402175
NSL1,0.0007487165,0.08068609,0.00015095469,0.09184084,0.13483593
NSMAF,0.00073600793,0.040633246,0.000100345795,0.11189296,0.023131572
NSMCE1,0.71745497,0.34214464,0.48948672,0.050640047,0.3874712
NSMCE2,0.0015927623,0.07208938,0.00025069513,0.024222368,0.1185425
NSMCE4A,0.14948513,0.040964425,0.46610472,0.047193654,0.06615303
NSMF,0.00040797214,0.014058179,0.00011024546,0.10439912,0.018663676
NSRP1,0.00047312607,0.04408837,0.0003355633,0.04697542,0.06748155
NSUN2,0.0008150021,0.050655685,0.0002766159,0.07554605,0.051242482
NSUN3,0.00063303066,0.009364777,0.0002498166,0.023442874,0.04534353
NSUN5,0.000422024,0.009717769,0.00023487658,0.038202953,0.009567746
NT5C,0.038043056,0.005003635,0.13606293,0.023442874,0.0130485855
NT5C2,0.0011872856,0.0623341,0.0005532103,0.05231598,0.05447961
NT5C3A,0.00085234933,0.03364632,0.00023906538,0.027361346,0.059294242
NT5C3B,0.000349167,0.0156917,0.00015960087,0.023629848,0.026016768
NT5DC1,0.0006972894,0.01727105,0.00019082153,0.023442874,0.030719932
NT5DC2,0.00057979213,0.026100544,0.00016630704,0.028792977,0.029188128
NT5DC3,0.00038675667,0.0069112503,0.00016771829,0.022973275,0.01631129
NT5E,0.001483921,0.016062528,0.0003052648,0.011245472,0.038898505
NT5M,0.00413158,0.01822211,0.011026033,0.01804367,0.07876678
NTAN1,0.0013100454,0.0035154147,0.0028482256,0.01804367,0.010235459
NTF3,0.00026370934,0.0036260483,0.00016738632,0.018103411,0.0052669994
NTF4,0.0004341117,0.0088177165,0.00014623831,0.013859914,0.01213125
NTHL1,0.00070129836,0.013299631,0.00015390351,0.08080008,0.015479567
NTM,0.00036364986,0.006828235,0.00020583246,0.025612053,0.009452764
NTMT1,0.0004936998,0.018062953,6.403026e-05,0.023720449,0.02053594
NTN1,0.00078858255,0.022149056,0.0001282671,0.031085582,0.016813584
NTN3,0.0004458323,0.005324823,0.00014381213,0.008382098,0.0124429315
NTNG1,0.0033099551,0.010778069,0.0013508738,0.028982447,0.028675372
NTPCR,0.000270572,0.010810185,0.00016109418,0.036598153,0.018602327
NTRK1,0.48690185,0.3228761,0.4899027,0.14311165,0.08400702
NTRK2,0.0004786957,0.01933491,0.0003515356,0.06331879,0.012627564
NTRK3,0.0007773512,0.033679336,0.00017153294,0.08527271,0.053608447
NTS,0.00025701625,0.02461473,0.00010635613,0.014751521,0.017595386
NTSR1,0.00040663822,0.006538401,0.0001369948,0.042580854,0.020095345
NTSR2,0.0011387288,0.0033528414,0.00052292715,0.028074764,0.005703868
NUAK1,0.00048265254,0.02135957,0.00015346872,0.11563591,0.012065938
NUAK2,0.027058855,0.009481614,0.07967644,0.018621562,0.017365051
NUB1,0.05464728,0.030628948,0.0933868,0.024893265,0.04001224
NUBP1,0.032545574,0.04887123,0.115767695,0.052114382,0.05205567
NUBP2,0.0007455102,0.027948983,6.807085e-05,0.040591124,0.04451123
NUBPL,0.012667055,0.024285845,0.0014798787,0.01804367,0.068238296
NUCB1,0.00061547774,0.016087757,0.00011341106,0.04683837,0.019501347
NUCB2,0.0007588002,0.03724001,0.00025799632,0.02932646,0.031180907
NUCKS1,0.0012032368,0.020354258,0.00035647737,0.026311548,0.027924743
NUDC,0.27649593,0.07883404,0.5619969,0.055119287,0.11133836
NUDCD2,0.00035687655,0.009727654,0.00011496143,0.04142128,0.024070987
NUDCD3,0.0007955135,0.06606715,0.0001436908,0.023447067,0.06718204
NUDT1,0.10371919,0.018146874,0.40258974,0.018100467,0.016894404
NUDT10,0.00039913473,0.0100198975,0.00024637915,0.00867862,0.013986866
NUDT11,0.00033823907,0.014408661,0.0010098442,0.07357072,0.01984636
NUDT13,0.000578902,0.013202449,0.00028087618,0.041682776,0.027715841
NUDT14,0.00043393357,0.019562144,0.0005376455,0.03780019,0.006680085
NUDT15,0.0001526421,0.0032716403,6.839156e-05,0.028982447,0.006916888
NUDT16,0.0039975415,0.010580268,0.005848563,0.01804367,0.03368691
NUDT16L1,0.00092570105,0.014965366,0.00079844537,0.02591231,0.030775849
NUDT17,0.0016505466,0.0070668124,0.0058090305,0.01804367,0.010855353
NUDT19,0.0007187082,0.04405193,0.0005238573,0.09543048,0.053921625
NUDT21,0.000669488,0.09388192,0.0004513614,0.12222014,0.025165398
NUDT22,0.0003496517,0.0045220177,0.00015797114,0.008678562,0.011318182
NUDT3,0.3324988,0.16454977,0.15136033,0.095635734,0.09048216
NUDT5,0.00046326153,0.054982834,0.0003097485,0.05676482,0.048790306
NUDT6,0.0005605569,0.0051128366,0.00058853446,0.052114382,0.0108747445
NUDT9,0.0009931552,0.021640254,0.00031952542,0.011185222,0.02925046
NUF2,0.0020012627,0.11416613,0.00011990586,0.08425629,0.09502619
NUFIP1,0.0014892614,0.051054116,6.853865e-05,0.061390426,0.098826125
NUFIP2,0.00027134546,0.01636431,0.00014723495,0.038832445,0.015948657
NUGGC,0.0063485517,0.016106963,0.004902127,0.01804367,0.0468881
NUMA1,0.001627137,0.20498055,0.00013626159,0.10948658,0.18800566
NUMB,0.56619704,0.34095255,0.30792826,0.05840855,0.11644249
NUMBL,0.0003395516,0.03533405,0.00018269851,0.09566302,0.013620028
NUP107,0.00054171,0.058190744,0.00010189126,0.0989896,0.017466184
NUP133,0.0020401361,0.40186027,0.0002988378,0.15416612,0.24097614
NUP153,0.0010433745,0.0771862,0.00012214266,0.08514598,0.10082075
NUP155,0.0009980839,0.065470375,0.00031719686,0.060118027,0.07730842
NUP160,0.057981227,0.038674083,0.27654254,0.080660105,0.044912167
NUP188,0.00062865013,0.09302588,0.0005058506,0.039893705,0.07407312
NUP205,0.045416776,0.027951583,0.5466302,0.08867768,0.037683595
NUP210,0.0024309799,0.044675864,0.000497231,0.042708002,0.04660323
NUP214,0.21091416,0.13507019,0.31431773,0.10540215,0.10292618
NUP35,0.0016484726,0.059240054,0.0003180893,0.044397026,0.073670626
NUP37,0.00048572963,0.016356008,0.00023598119,0.09697932,0.018065926
NUP43,0.7205876,0.64193124,0.5049232,0.06145906,0.6067414
NUP50,0.0006212258,0.024660997,0.00030142395,0.05394154,0.034925282
NUP54,0.82829386,0.5604966,0.55165803,0.060669024,0.48855463
NUP58,0.80858606,0.4435097,0.0628893,0.01804367,0.45572823
NUP62,0.079465054,0.082516246,0.2258739,0.041283563,0.06920543
NUP62CL,0.0009951764,0.009050524,0.00021209294,0.034017965,0.01894825
NUP85,0.1669585,0.07530469,0.39406958,0.03770934,0.13030472
NUP88,0.00033618818,0.026542343,0.00032891837,0.03770934,0.05326575
NUP93,0.32804555,0.054268964,0.31469336,0.10379852,0.061142955
NUP98,0.0009090923,0.24206772,0.000110169065,0.06992287,0.19863963
NUPR1,0.00041177898,0.028618874,0.00049678143,0.02679841,0.02287486
NUSAP1,0.0008543126,0.013987609,6.818012e-05,0.021941544,0.049042348
NUTF2,0.0010979876,0.034530066,0.00013605255,0.027963148,0.07987098
NUTM1,0.00030185128,0.025969427,0.00012533728,0.07007879,0.018145677
NUTM2F,0.00057988527,0.032625016,0.0002259321,0.0698648,0.033644103
NVL,0.2230071,0.05942269,0.14333136,0.03823579,0.15146379
NWD1,0.001406142,0.0094252555,0.0011028401,0.01804367,0.008805797
NWD2,0.00489065,0.011420707,0.0063951225,0.01804367,0.016849013
NXF1,0.29165655,0.30664933,0.4035218,0.17478316,0.15413058
NXF3,0.0003251626,0.012910467,0.00020171647,0.023720449,0.022585267
NXN,0.0006381448,0.027660508,0.00035106906,0.013307749,0.038841214
NXNL1,0.0012936033,0.04913492,0.00025238853,0.019577004,0.05370129
NXNL2,0.0004439908,0.027251936,0.00015797114,0.01146169,0.03795092
NXPE3,0.0009436228,0.031718925,0.00015797114,0.017034966,0.02446225
NXPE4,0.0069577936,0.026435573,0.0038948893,0.01804367,0.027475365
NXPH1,0.00036665561,0.0149479415,0.0002261832,0.028982447,0.035684958
NXPH3,0.0016364838,0.054187447,0.0002829247,0.055746976,0.04855742
NXT1,0.00060360756,0.06404592,0.00010138156,0.089929104,0.03879396
NXT2,0.00055463397,0.031271614,0.0002996932,0.049831238,0.019758651
NYAP1,0.00059935445,0.0055043283,8.443524e-05,0.008382098,0.025897669
NYAP2,0.0004901752,0.007307422,0.00015797114,0.009077163,0.013921192
NYNRIN,0.0008445216,0.013772398,8.681159e-05,0.04624848,0.03265662
OARD1,0.00058731344,0.03268031,0.00021546074,0.013998775,0.04235894
OAS1,0.0008375994,0.03208742,7.984848e-05,0.0229092,0.04454556
OAS2,0.00045149823,0.026760694,0.00011290779,0.015479423,0.024311798
OAS3,0.0006776494,0.026285563,0.000183119,0.06586782,0.027950695
OASL,0.00064061274,0.028253868,0.00022038665,0.03400955,0.022576144
OAT,0.000496218,0.051182207,0.0001225183,0.12688842,0.0141224
OAZ1,0.00047638165,0.009491122,0.00020677272,0.03823579,0.019963697
OAZ2,0.0010347723,0.03148429,0.0006460349,0.040680893,0.064812325
OAZ3,0.00029854677,0.021273741,0.00019010039,0.039836485,0.01071812
OBI1,0.03377952,0.024390476,0.0628893,0.01804367,0.046202525
OBSCN,0.00035144496,0.006109532,0.00016524765,0.071963504,0.0052347477
OBSL1,0.00051058875,0.036189724,0.000116606694,0.05466326,0.046020754
OCA2,0.00056000415,0.04216424,0.00034777142,0.022973275,0.0689004
OCEL1,0.001098661,0.062157594,0.0005932138,0.04882528,0.046232153
OCIAD1,0.0006365633,0.02045421,0.00015657276,0.03940597,0.04323221
OCIAD2,0.00051215076,0.009090903,0.0008316236,0.013998775,0.018585002
OCLN,0.00029449913,0.02115779,0.00046668857,0.04683837,0.016450189
OCM,0.00229515,0.020052684,0.00020362083,0.008382098,0.04269204
OCM2,0.0008937619,0.035076983,0.0002053618,0.038573407,0.014270271
OCRL,0.000343483,0.013224452,0.00018081332,0.0228724,0.0102019925
ODAM,0.0005633544,0.008478001,0.00016717735,0.011722919,0.010539006
ODC1,0.23106277,0.16148086,0.31740308,0.18898353,0.17299497
ODF1,0.0014388011,0.02696615,0.00042553231,0.040722523,0.014648203
ODF2,0.00065045594,0.012343905,0.00015664323,0.043872934,0.036774214
ODF2L,0.0006301275,0.0792445,0.0002004029,0.031085582,0.061447382
ODF4,0.00094217015,0.011810143,0.00015797114,0.017034966,0.043261956
OFD1,0.0007885488,0.03172923,0.00015063863,0.027745098,0.048319742
OGA,0.0077604004,0.011425349,0.0628893,0.01804367,0.015013104
OGDH,0.00043684483,0.034404606,0.0002915657,0.018100467,0.052252345
OGDHL,0.0005330454,0.016445722,0.00018254145,0.008678562,0.019688822
OGFOD1,0.04196287,0.005359596,0.16197084,0.047193654,0.009126927
OGFOD2,0.00032937966,0.010014327,0.00019703504,0.023225589,0.013743452
OGFOD3,0.00036457356,0.005140089,0.00015605199,0.023442874,0.006294601
OGFR,0.00069469924,0.013163541,0.00022500707,0.050640047,0.023055995
OGFRL1,0.0031395645,0.010150734,0.004068489,0.01804367,0.038810287
OGG1,0.00041011325,0.019296397,0.00014446965,0.04817844,0.020447675
OGN,0.00025893794,0.0046060313,0.0008053048,0.011185222,0.0043641804
OGT,0.00019551803,0.03123319,0.0004083953,0.025999188,0.06035484
OIP5,0.22221318,0.026813034,0.41296753,0.13220634,0.0525366
OIT3,0.0004497641,0.012946223,0.0003346922,0.012629497,0.02024247
OLA1,0.00096958986,0.061690826,0.00012928247,0.031780463,0.09023887
OLFM1,0.00020523298,0.002861772,0.00021458082,0.027808795,0.0018321082
OLFM2,0.0008302408,0.054365147,0.00017099519,0.07011553,0.0493283
OLFM3,0.000900291,0.02515307,0.00020478634,0.011245472,0.051684085
OLFM4,0.05150843,0.012010275,0.078623205,0.05509455,0.017140387
OLFML1,0.0077991704,0.024769815,0.00307649,0.01804367,0.05289769
OLFML2A,0.00034439142,0.008899267,0.0001910493,0.013998775,0.02055803
OLFML3,0.0011647126,0.018380927,0.00094873516,0.030818716,0.026925063
OLIG1,0.0007285963,0.04008589,0.00029944442,0.022075247,0.04149801
OLIG2,0.06199299,0.018270966,0.2762442,0.047569454,0.0140681835
OLIG3,0.00020688039,0.004926941,0.00047591576,0.011245472,0.0042528356
OLR1,0.00027585344,0.0068284906,0.00013150356,0.0698648,0.011265033
OMG,0.0007725644,0.016470445,0.00015280899,0.01665233,0.044934466
ONECUT1,0.001245498,0.071705855,0.00015233066,0.020978805,0.03374984
ONECUT2,0.00064603763,0.0052454434,0.00029388178,0.008382098,0.02083787
OOEP,0.0019477514,0.0065375026,0.0111776255,0.01804367,0.028847044
OPA1,0.5098649,0.25411117,0.31086448,0.06051041,0.21358337
OPA3,0.00059507263,0.01379541,0.00015797114,0.017034966,0.049732294
OPALIN,0.00055358955,0.032956604,0.00019906732,0.009690155,0.052458525
OPCML,0.00058987073,0.009832678,0.000339668,0.013307749,0.007668421
OPHN1,0.00047311417,0.0084460145,0.000135905,0.017275047,0.019148422
OPN1LW,0.0002313361,0.009542335,0.00014375796,0.037062395,0.010680786
OPN3,0.0026701472,0.022004161,0.00056092086,0.01804367,0.0523296
OPN4,0.06992508,0.006582281,0.038663916,0.014942881,0.015739385
OPN5,0.003661596,0.05190472,0.0028666528,0.01804367,0.084753215
OPRD1,0.00022947455,0.010675467,0.00014612457,0.042318378,0.00640333
OPRK1,0.00066687196,0.014676875,0.00016738632,0.032791637,0.017254256
OPRM1,0.0010232184,0.09248509,0.00017590384,0.058634166,0.044335216
OPTC,0.0006399555,0.014183803,0.00010398968,0.012576047,0.02529781
OPTN,0.00058188115,0.041178696,0.000114586146,0.10013232,0.025526227
OR10A3,0.005681148,0.009862588,0.0061716326,0.01804367,0.015973125
OR10A5,0.00113814,0.0043219742,0.003418073,0.01804367,0.02300782
OR10AD1,0.0013902831,0.006652141,0.0016108267,0.01804367,0.017681215
OR10G7,0.0017479056,0.010792399,0.00447303,0.01804367,0.045086715
OR10G9,0.0020863446,0.0074443975,0.0037925455,0.01804367,0.017671354
OR10J5,0.0054264697,0.008761446,0.00095855346,0.01804367,0.03173227
OR10K2,0.0011260428,0.008477853,0.0021894532,0.01804367,0.015113543
OR10P1,0.0044062315,0.009510427,0.00095855346,0.01804367,0.047159962
OR10Q1,0.0017335444,0.009149435,0.00095855346,0.01804367,0.03848535
OR10W1,0.0023952264,0.018415894,0.0077979453,0.01804367,0.048039485
OR10Z1,0.0019179217,0.005657421,0.015271916,0.01804367,0.021693584
OR11A1,0.0016685535,0.017197667,0.0015865746,0.01804367,0.028517006
OR11H4,0.0021462578,0.0053250277,0.00095855346,0.01804367,0.021023264
OR12D3,0.004113696,0.007838949,0.0064055235,0.01804367,0.028249914
OR13A1,0.0060985014,0.013766144,0.0007153909,0.01804367,0.042544164
OR13C2,0.003224801,0.004016118,0.003498343,0.01804367,0.019923234
OR13C4,0.0021309655,0.0017861496,0.0031347584,0.01804367,0.006728755
OR13C8,0.003469032,0.007881463,0.010309478,0.01804367,0.03628698
OR13C9,0.005961371,0.006455894,0.0048010144,0.01804367,0.010717423
OR13J1,0.004699465,0.02289697,0.0007153909,0.01804367,0.03771203
OR14A16,0.00083590666,0.005270873,0.0014149845,0.01804367,0.0157311
OR14C36,0.0014857498,0.006153138,0.00067632063,0.01804367,0.014445774
OR1A1,0.0005245504,0.0023457767,0.0032145632,0.01804367,0.004483472
OR1A2,0.004301734,0.030159712,0.0017473482,0.01804367,0.057726804
OR1C1,0.0031480708,0.008802738,0.002037983,0.01804367,0.012407204
OR1D5,0.0027380395,0.01917925,0.008007724,0.01804367,0.018153986
OR1E1,0.0028103788,0.011709773,0.0011767515,0.01804367,0.040811814
OR1E2,0.000537132,0.0049462914,0.00043264733,0.013978116,0.011656186
OR1J1,0.0048524346,0.035822816,0.004500003,0.01804367,0.15705647
OR1J4,0.0088907005,0.012766993,0.0014121211,0.01804367,0.10380308
OR1K1,0.006482303,0.018444348,0.0007153909,0.01804367,0.04221243
OR1L1,0.0037331388,0.0028067986,0.0033669148,0.01804367,0.019146264
OR1L3,0.0010284558,0.0072892806,0.003431857,0.01804367,0.017806875
OR1L6,0.0037383246,0.014881073,0.007888136,0.01804367,0.03546757
OR1L8,0.0055628167,0.004789838,0.0013757003,0.01804367,0.0114554735
OR2A2,0.0026571127,0.009624367,0.009434253,0.01804367,0.027888304
OR2A25,0.0023812877,0.010635172,0.0007153909,0.01804367,0.028478574
OR2AT4,0.0026685873,0.010321579,0.0017107136,0.01804367,0.02200885
OR2B11,0.007293285,0.0065932,0.00471152,0.01804367,0.019503664
OR2B2,0.0017218736,0.018934753,0.0012222573,0.01804367,0.04635869
OR2C3,0.0020377804,0.004332086,0.0045848214,0.01804367,0.018046398
OR2D2,0.0063756728,0.0053631538,0.00471152,0.01804367,0.0203311
OR2G2,0.0016444831,0.009323348,0.010309478,0.01804367,0.013628128
OR2G3,0.001771205,0.0152307665,0.003669124,0.01804367,0.03206389
OR2G6,0.0025986987,0.010133362,0.0007153909,0.01804367,0.016840255
OR2H2,0.36102632,0.4468559,0.014569586,0.01804367,0.3748882
OR2L13,0.00050074095,0.008921497,0.0029866206,0.01804367,0.027944217
OR2M4,0.0048132874,0.017283184,0.0061755762,0.01804367,0.019297741
OR2T2,0.0009793278,0.0031944565,0.0016774837,0.01804367,0.006186915
OR2T27,0.0029017737,0.0029944114,0.0011795773,0.01804367,0.00560351
OR2T35,0.0004281476,0.01003686,0.00046699695,0.008382098,0.010893163
OR2T8,0.00048826722,0.0035777348,0.0012754824,0.01804367,0.004433359
OR2V2,0.00063581724,0.0031493802,0.00568041,0.01804367,0.0037729696
OR2W1,0.0018405163,0.013737772,0.00022434235,0.017034966,0.041812558
OR2W3,0.0038094653,0.003833019,0.0007153909,0.01804367,0.027840422
OR3A1,0.00042824945,0.007924637,0.0003116805,0.020270698,0.02027397
OR4C11,0.007918824,0.012495583,0.0036208234,0.01804367,0.027254025
OR4C12,0.0019042704,0.011844332,0.00046699695,0.008382098,0.015340299
OR4C6,0.0022280705,0.00795307,0.0023358604,0.01804367,0.01562974
OR4D1,0.0032252746,0.006629333,0.00090621517,0.01804367,0.012380986
OR4D10,0.0015994277,0.012661325,0.0007153909,0.01804367,0.02701877
OR4D5,0.00087752927,0.0016914746,0.006811327,0.01804367,0.0068339286
OR4D6,0.00050564716,0.016711684,0.0005700103,0.017034966,0.035908192
OR4K15,0.0038939423,0.003209499,0.00092319516,0.01804367,0.01916324
OR4K2,0.015097445,0.064802065,0.0007402989,0.01804367,0.025870407
OR4L1,0.0050587407,0.010860572,0.006662068,0.01804367,0.029552216
OR4M1,0.0019614208,0.0056274678,0.0007153909,0.01804367,0.0105166
OR4N2,0.0033149233,0.07478761,0.010235102,0.01804367,0.12499577
OR4N5,0.004394589,0.01843508,0.0051107174,0.01804367,0.009711071
OR51A2,0.0022939872,0.0072510396,0.0016108267,0.01804367,0.026416859
OR51A4,0.0010447577,0.01162125,0.0066180318,0.01804367,0.010265821
OR51B6,0.004416623,0.014189698,0.00447303,0.01804367,0.03597806
OR51E2,0.00056101417,0.0035042362,0.015553435,0.01804367,0.0076331496
OR51F2,0.0018032909,0.009086402,0.00447303,0.01804367,0.012880513
OR51G2,0.0038210372,0.00824255,0.0017540241,0.01804367,0.029501455
OR51I1,0.00047734694,0.0043181987,0.006309935,0.01804367,0.029900897
OR51M1,0.0021064498,0.010993178,0.0008459375,0.01804367,0.016295582
OR51S1,0.009403751,0.0062356666,0.0023884885,0.01804367,0.012511732
OR51T1,0.010844939,0.011499956,0.003669124,0.01804367,0.055880897
OR52A1,0.0017920937,0.0052017844,0.006309935,0.01804367,0.01414402
OR52A5,0.0010506165,0.007003706,0.0007468869,0.01804367,0.012190336
OR52B2,0.002352642,0.0027497709,0.0071069524,0.01804367,0.0056374534
OR52B6,0.00070893456,0.0026967868,0.0011700207,0.01804367,0.0036664354
OR52D1,0.0031800081,0.017713659,0.0007153909,0.01804367,0.045713704
OR52E6,0.0036767009,0.011550547,0.0017416816,0.01804367,0.04295358
OR52E8,0.0016707351,0.007357066,0.0010344253,0.01804367,0.027942948
OR52H1,0.002576391,0.013186536,0.005509948,0.01804367,0.0182846
OR52M1,0.0070277234,0.023981793,0.0018466595,0.01804367,0.03608945
OR52N4,0.0015243697,0.0044771405,0.0012606322,0.01804367,0.018719947
OR52W1,0.000781254,0.0019742628,0.0012396767,0.01804367,0.0043828776
OR56A1,0.0016459266,0.0028660886,0.0013579496,0.01804367,0.011407288
OR56B1,0.0015685749,0.0028959352,0.00090621517,0.01804367,0.009004207
OR5A1,0.00026336158,0.001503696,0.00018398621,0.021941544,0.003032831
OR5AN1,0.005788572,0.012732062,0.00095855346,0.01804367,0.035172142
OR5AS1,0.0023408227,0.010903474,0.0038238405,0.01804367,0.02431272
OR5AU1,0.0032730477,0.009477235,0.00090621517,0.01804367,0.014792683
OR5B2,0.005292664,0.006280958,0.0007153909,0.01804367,0.009519298
OR5B3,0.004330525,0.010026323,0.0039805095,0.01804367,0.01638603
OR5D18,0.008674739,0.011957464,0.00483303,0.01804367,0.018837122
OR5I1,0.0038657957,0.023536883,0.001675262,0.01804367,0.0332564
OR5K1,0.0013112619,0.0060173296,0.0010344253,0.01804367,0.02253577
OR5M1,0.0019095752,0.019603906,0.010614481,0.01804367,0.059085835
OR5M8,0.0033795934,0.013415778,0.008915019,0.01804367,0.012270263
OR5M9,0.0048829676,0.0039080963,0.007961811,0.01804367,0.014726876
OR5T3,0.006270452,0.033613794,0.0005817852,0.01804367,0.13839252
OR5V1,0.0034564442,0.008565843,0.0074376105,0.01804367,0.026415344
OR5W2,0.006372662,0.024464741,0.0131288925,0.01804367,0.044729367
OR6A2,0.0011202925,0.005896799,0.0010344253,0.01804367,0.019075442
OR6B1,0.001929066,0.004672204,0.0010344253,0.01804367,0.017594965
OR6B2,0.0007157367,0.00586292,0.011146415,0.01804367,0.0097264405
OR6B3,0.0009430755,0.010486321,0.00013728642,0.02272375,0.030147484
OR6C1,0.022295808,0.0125305215,0.001988619,0.01804367,0.036090255
OR6C3,0.002030734,0.0068229693,0.005004977,0.01804367,0.015879514
OR6C4,0.0013841235,0.0045311837,0.005557981,0.01804367,0.013625706
OR6C6,0.0023063933,0.0038003991,0.00072702114,0.01804367,0.012079513
OR6F1,0.002074307,0.004849281,0.0009996797,0.01804367,0.009608681
OR6K2,0.0029381544,0.02144401,0.0018015072,0.01804367,0.07237131
OR6M1,0.0039001245,0.0130384695,0.001942976,0.01804367,0.012356312
OR6P1,0.0021091136,0.004321515,0.0016137932,0.01804367,0.014109619
OR6S1,0.0022000293,0.009796251,0.015524397,0.01804367,0.017807033
OR6V1,0.002478143,0.0063425,0.0017832095,0.01804367,0.026186006
OR6X1,0.00065783196,0.006260818,0.0010344253,0.01804367,0.0069980435
OR6Y1,0.0045336667,0.012787281,0.001675262,0.01804367,0.031975728
OR7A17,0.004260884,0.00486361,0.0037925455,0.01804367,0.034954745
OR7A5,0.0010388967,0.01896466,0.00018697891,0.017034966,0.021346841
OR8B12,0.00178729,0.004789284,0.0026415887,0.01804367,0.010667199
OR8B8,0.0037467906,0.023095734,0.0007153909,0.01804367,0.040587373
OR8D1,0.0015103661,0.011861054,0.00090621517,0.01804367,0.02338267
OR8D4,0.0022252125,0.012771687,0.0047137565,0.01804367,0.04450639
OR8H1,0.0023581402,0.007450351,0.0007153909,0.01804367,0.014546258
OR8I2,0.0048636794,0.022839013,0.0008051524,0.01804367,0.025893927
OR8K5,0.003022593,0.023742834,0.0040872837,0.01804367,0.05716437
OR9A4,0.012857791,0.023587361,0.002223824,0.01804367,0.082109645
OR9G4,0.0029951988,0.0034898624,0.0009741329,0.01804367,0.019522976
ORAI2,0.00056330906,0.02936286,0.000102498954,0.024729606,0.05289517
ORAI3,0.0029106778,0.03550047,0.00027505716,0.020437825,0.08379062
ORC1,0.0030816684,0.1419711,8.892781e-05,0.1649124,0.0664522
ORC2,0.0005638758,0.04272912,0.00014889214,0.11865411,0.0116655445
ORC3,0.004169741,0.26529258,9.458403e-05,0.20922014,0.14730592
ORC4,0.0029449358,0.13847987,0.0002272281,0.22857355,0.16426088
ORC5,0.2853223,0.10348505,0.4461778,0.20456758,0.06717565
ORC6,0.0013559446,0.098122016,6.9061156e-05,0.12762699,0.079785936
ORM1,0.084022805,0.03253177,0.021490296,0.044740215,0.024142316
ORM2,0.001822267,0.016795676,0.00073282665,0.01992266,0.031706024
ORMDL1,0.0003273124,0.014322638,0.00025456748,0.02844312,0.020965654
ORMDL2,0.0003957817,0.015357632,7.799752e-05,0.023442874,0.026052473
ORMDL3,0.00029157766,0.010226478,0.00013889985,0.037310082,0.011597717
OS9,0.0008819729,0.08022572,0.00014078882,0.064063706,0.044663057
OSBP,0.00075737556,0.02009165,0.00041233798,0.03400955,0.024336297
OSBP2,0.1419245,0.041595303,0.37545756,0.01942002,0.030751819
OSBPL10,0.0007845893,0.18939148,0.00016329162,0.04897601,0.24183455
OSBPL11,0.00041965768,0.023531405,0.00021476463,0.022454023,0.04189932
OSBPL1A,0.0003745354,0.004127589,0.00020171647,0.013998775,0.0057033864
OSBPL2,0.00045066277,0.0057831244,0.00021792662,0.009380428,0.011520833
OSBPL3,0.0006211767,0.0160788,0.00018183321,0.015111009,0.021488646
OSBPL5,0.00086026394,0.013016317,0.00019191744,0.037310082,0.021666363
OSBPL7,0.0012857481,0.0046990165,0.0025994133,0.01804367,0.004797698
OSBPL8,0.0012254204,0.08317058,0.00012189252,0.019763365,0.08368366
OSBPL9,0.17188694,0.13790826,0.09093088,0.03241387,0.024025027
OSCAR,0.00040085538,0.029529756,0.0004151333,0.028982447,0.06862439
OSER1,0.0011349245,0.041575585,0.00019057226,0.023442874,0.08939262
OSGEP,0.00097457157,0.12782757,0.00020727704,0.0547222,0.082157426
OSGEPL1,0.0019713815,0.026422085,0.0014959723,0.01804367,0.05383508
OSGIN1,0.00037408096,0.065129824,0.00020657467,0.06277605,0.052449256
OSM,0.0005431395,0.025180236,8.479325e-05,0.017123058,0.042149503
OSMR,0.00046822874,0.032557882,0.00075661816,0.027358834,0.027326362
OSR1,0.0002794253,0.005348951,0.00018329351,0.027808795,0.00708386
OSR2,0.0003259575,0.007960353,0.00050445687,0.014498026,0.01376037
OST4,0.003311135,0.053839017,0.0011028401,0.01804367,0.044555295
OSTC,0.00051031436,0.046124775,0.00020199189,0.013913607,0.026720861
OSTF1,0.00030757737,0.025698278,0.00015501917,0.08828944,0.020121692
OSTM1,0.0004144188,0.012582674,7.2931216e-05,0.028792977,0.013554935
OTOF,0.015766658,0.003427989,0.027360573,0.013978116,0.008853609
OTOG,0.00074519654,0.0207319,0.00013378984,0.023442874,0.092757575
OTOL1,0.0009773313,0.0073792604,0.0022107342,0.01804367,0.018105065
OTOP2,0.00037153735,0.032354772,7.7328914e-05,0.026721066,0.01010377
OTOP3,0.0017510335,0.00857693,0.007940233,0.01804367,0.038637303
OTUB1,0.0002827923,0.031445485,0.00011022696,0.07703127,0.0072497595
OTUB2,0.00035684745,0.0459194,0.00014021112,0.15049773,0.026201872
OTUD1,0.00037588176,0.02250698,0.00022990575,0.036719054,0.024429737
OTUD3,0.0011893853,0.024588745,0.00037899488,0.023442874,0.036432568
OTUD4,0.00078610255,0.074848674,8.164894e-05,0.06331879,0.052388925
OTUD5,0.0010734331,0.057591736,8.6497086e-05,0.09376561,0.048429333
OTUD6A,0.0017667303,0.06803296,0.00029246495,0.05164654,0.043891065
OTUD6B,0.0012736183,0.07672794,0.00031073284,0.04164072,0.09051807
OTUD7A,0.0009957735,0.015710277,0.000606078,0.008678562,0.034829963
OTUD7B,0.00056646415,0.046815287,0.00012346932,0.07130209,0.017095346
OTULIN,0.0008530034,0.020541444,0.00030196065,0.011245472,0.040465623
OTX1,0.000416372,0.017065238,0.00011697912,0.027392732,0.00996914
OTX2,0.00023705709,0.0084606465,0.00016706836,0.046464518,0.01951641
OVCA2,0.008130997,0.017564595,0.0078391675,0.01804367,0.022718357
OVGP1,0.0004913269,0.013825525,0.00015736888,0.019543022,0.039705694
OVOL1,0.00053428503,0.016179606,0.0002602182,0.011185222,0.021203147
OVOL2,0.00034498094,0.004581167,0.0005071773,0.021941544,0.013030764
OXA1L,0.20135765,0.13186426,0.2946173,0.069424696,0.1207773
OXCT1,0.00032628645,0.0077840374,0.00025577805,0.02591231,0.010989647
OXER1,0.0027083945,0.009386052,0.008559245,0.01804367,0.026935872
OXGR1,0.003073239,0.006250375,0.018982122,0.01804367,0.014877304
OXLD1,0.0019574696,0.0067967786,0.0032465516,0.01804367,0.021227203
OXNAD1,0.0005970687,0.0035478093,0.00081582414,0.01804367,0.0067836773
OXR1,0.0008975574,0.038526308,0.00019042386,0.09680679,0.03795761
OXSM,0.00064309785,0.05255946,0.0003481657,0.017034966,0.04964337
OXSR1,0.00050907227,0.056739155,0.00052717683,0.088981114,0.061200224
OXT,0.08680615,0.019317383,0.19537678,0.07545655,0.017368054
OXTR,0.048790593,0.007966501,0.1529305,0.055504415,0.0056581483
P2RX4,0.0008759429,0.025328951,0.00013064852,0.05164654,0.024735397
P2RX5,0.00074078335,0.0032279845,0.0012303449,0.01804367,0.012369026
P2RX6,0.0005375948,0.028291447,0.000102498954,0.018586725,0.047172602
P2RX7,0.0010872781,0.045155276,0.00010458625,0.021631798,0.046473198
P2RY1,0.000819768,0.015397572,0.00015797853,0.028791072,0.02896574
P2RY12,0.0013271796,0.030684449,0.0005305462,0.020270698,0.048218668
P2RY2,0.0008840654,0.019999886,0.00036993859,0.040591124,0.021886896
P2RY4,0.00028547112,0.011400816,0.00086913834,0.017005345,0.014800607
P2RY6,0.055701934,0.009424321,0.12270377,0.013307749,0.021479413
P3H1,0.0017090337,0.041810896,0.00022988362,0.03589022,0.09927186
P3H2,0.0007213452,0.01259683,0.0006879826,0.023442874,0.016486056
P3H3,0.0003137986,0.0070842193,0.00026615057,0.023442874,0.010417802
P3H4,0.0010717574,0.04803158,0.00019208991,0.044235084,0.06422437
P4HA1,0.0014598366,0.03601362,0.00030965873,0.076361425,0.043543298
P4HA2,0.0003829288,0.010276092,0.00019836286,0.06586782,0.009518214
P4HA3,0.00023016654,0.016344061,0.00017129627,0.013230234,0.0076661212
P4HB,0.0010555304,0.10225291,0.00038458986,0.09907788,0.043661345
P4HTM,0.0023996332,0.0036898612,0.010166135,0.028982447,0.013480706
PA2G4,0.10425268,0.042970117,0.07484912,0.10577711,0.07183457
PAAF1,0.0013051336,0.07883847,0.00023470959,0.050660808,0.04684203
PABPC1,0.1045284,0.045983955,0.15565369,0.13383648,0.04212808
PABPC3,0.00048760048,0.06769881,0.00014384997,0.084955,0.035276867
PABPC4,0.0009734074,0.07834078,0.00014345412,0.095635734,0.024730727
PABPN1,0.00051134004,0.040997732,0.00018081332,0.081642725,0.05370806
PABPN1L,0.00026358792,0.008971127,0.00040863015,0.023442874,0.024474252
PACC1,0.026697192,0.027750546,0.0628893,0.01804367,0.03338067
PACRG,0.0014154946,0.024141323,0.00036798787,0.011722919,0.08369507
PACRGL,0.001813458,0.041127928,0.0005588924,0.03809618,0.036470316
PACS1,0.00079575647,0.038594004,0.00013714132,0.05033658,0.02477409
PACS2,0.0008811216,0.030824283,0.00010171458,0.03404868,0.026902149
PACSIN1,0.00018980283,0.026062064,0.00027550178,0.100710854,0.009716502
PACSIN2,0.0002596316,0.029061249,9.211187e-05,0.07543116,0.029288523
PACSIN3,0.17807521,0.05308059,0.22485407,0.03914628,0.029958084
PADI2,0.0039903712,0.030474111,0.0001393064,0.023442874,0.10518128
PADI3,0.005186432,0.013825492,0.00050343055,0.01804367,0.018906455
PADI4,0.00018287035,0.017563071,0.00022351202,0.070808105,0.013816445
PAEP,0.0003863355,0.0153655065,0.00016810864,0.022461299,0.006985113
PAF1,0.15245637,0.04862774,0.42520097,0.058081448,0.04182949
PAFAH1B1,0.7257979,0.6257434,0.36292833,0.06551194,0.62502444
PAFAH1B2,0.17073949,0.057016075,0.19077985,0.18497667,0.023131603
PAFAH1B3,0.00051823555,0.03272313,0.00016919976,0.030482452,0.019751668
PAG1,0.0013858224,0.10285589,0.00011734567,0.0850119,0.0401608
PAGE4,0.0038292662,0.01417843,0.00040166077,0.01804367,0.045987397
PAGR1,0.00029319807,0.04272447,6.4638974e-05,0.09376561,0.05095464
PAH,0.00078713853,0.016706396,0.00049007265,0.017275047,0.03530496
PAICS,0.00081228185,0.115611404,0.0003503407,0.093642,0.034840353
PAIP1,0.00071486307,0.020344818,0.00023309185,0.08429866,0.016395787
PAIP2,0.00080948515,0.040231988,0.0003984656,0.046035986,0.055348184
PAIP2B,0.0075203837,0.0084465975,0.00072702114,0.015121828,0.04673747
PAK1,0.4801646,0.27275163,0.39854246,0.103542745,0.09839931
PAK1IP1,0.00047885402,0.032277912,0.0003437852,0.084955,0.022062665
PAK2,0.019271558,0.059493445,0.0028311035,0.15061387,0.056275167
PAK3,0.17601436,0.02563051,0.15555225,0.09883005,0.018497229
PAK4,0.00042007494,0.06493399,0.00020722984,0.034771934,0.05212524
PAK6,0.00037630592,0.014635936,0.0001922046,0.054802448,0.011329873
PALB2,0.6092039,0.80195814,0.3612559,0.5028854,0.671676
PALLD,0.0012971683,0.06424873,0.00017029064,0.024358278,0.08390503
PALM,0.0003034206,0.0036512637,7.683562e-05,0.023442874,0.0065274634
PALM2AKAP2,0.0010147208,0.011415502,0.00020583246,0.01804367,0.019735357
PALM2AKAP2,0.0010147208,0.011415502,0.00020583246,0.01804367,0.019735357
PALM3,0.0017511401,0.021734623,0.0032768082,0.01804367,0.041795045
PALMD,0.4964443,0.12095785,0.4473016,0.046332557,0.15205577
PALS1,0.027129225,0.013815659,0.0628893,0.01804367,0.04491093
PAM,0.10526617,0.03616649,0.1713347,0.10039487,0.011576751
PAM16,0.20875666,0.25383052,0.15461698,0.060900383,0.10470746
PAN2,0.0004659449,0.028533826,0.00025488294,0.027963148,0.016036468
PAN3,0.0010048758,0.08659772,0.00017161998,0.03419284,0.13548143
PANK1,0.0014469897,0.062264685,0.002485976,0.027054181,0.0924672
PANK2,0.61879,0.1302517,0.24348761,0.040981706,0.16861942
PANK3,0.00020261646,0.006133599,0.00039684257,0.023442874,0.012933786
PANK4,0.00038322128,0.007514215,0.00030600786,0.0698648,0.012910053
PANX1,0.001070277,0.015625047,0.000117385855,0.016740913,0.07008744
PANX2,0.0009812766,0.020939548,0.00030413189,0.027054181,0.03711384
PANX3,0.00065424753,0.006740356,0.00020583246,0.012736215,0.03337697
PAOX,0.00083239947,0.007220971,0.0012606322,0.01804367,0.011949022
PAPLN,0.0023966122,0.012006778,0.002455134,0.01804367,0.013782506
PAPOLA,0.00018693738,0.006597752,0.00052905874,0.051021855,0.007890036
PAPPA,0.0009473406,0.01887974,0.00022080795,0.022508346,0.01741065
PAPPA2,0.0006985299,0.016586885,0.0010074356,0.010767184,0.017954662
PAPSS1,0.000453284,0.009523835,0.00036473625,0.03400955,0.008567657
PAPSS2,0.0005252113,0.015012541,0.00028214758,0.018586725,0.024568625
PAQR3,0.00076285854,0.01818547,0.00016173831,0.024041327,0.05631139
PAQR4,0.00040586968,0.008873146,0.011459588,0.01804367,0.008186113
PAQR5,0.0006822558,0.009728839,0.00025456748,0.022973275,0.026205847
PAQR6,0.0005184804,0.004977693,0.0008231056,0.01804367,0.027453097
PAQR7,0.0005170908,0.016476527,0.0006857753,0.023442874,0.0393524
PAQR8,0.0006304534,0.006389271,0.024865847,0.01804367,0.020207012
PAQR9,0.006166221,0.0066310884,0.0034031314,0.01804367,0.026769716
PARD3,0.0005025592,0.06258654,0.0002009716,0.17469093,0.070795275
PARD3B,0.0009088693,0.035358403,7.155195e-05,0.077896155,0.04990678
PARD6A,0.17592752,0.03174156,0.17304225,0.038934913,0.05584492
PARD6B,0.0005153106,0.05848664,0.00022471313,0.068165675,0.1079485
PARD6G,0.0005426844,0.03845688,0.0002451733,0.05470066,0.0127647575
PARK7,0.00033107307,0.029565312,0.00012218449,0.032217816,0.008095396
PARL,0.0007255148,0.037616145,0.0008446114,0.046332557,0.063200444
PARN,0.191561,0.081632145,0.17226748,0.12131272,0.05125513
PARP1,0.80441433,0.3873928,0.55453247,0.11600601,0.2661982
PARP10,0.0001954789,0.0038416917,0.00014237565,0.07340755,0.005478882
PARP11,0.0015528959,0.04983259,0.00024273663,0.017670376,0.08430527
PARP12,0.07863138,0.019221202,0.2620063,0.06419186,0.014570825
PARP14,0.0005323825,0.021090964,8.874339e-05,0.039315768,0.015684571
PARP15,0.0008399944,0.01513195,0.00029189387,0.017034966,0.023833299
PARP16,0.00032333628,0.009733558,0.00029062515,0.089098886,0.015880385
PARP2,0.6971997,0.45578995,0.26799276,0.09232367,0.28331447
PARP3,0.0006020227,0.031183904,0.00013610978,0.0401349,0.010151266
PARP4,0.0008687459,0.009157988,0.00027250618,0.028792977,0.014194789
PARP6,0.0023363214,0.010283763,0.013928152,0.01804367,0.0132927
PARP9,0.0003062069,0.01000961,0.00039046243,0.008678562,0.02016233
PARPBP,0.0016542483,0.014770182,9.27141e-05,0.023442874,0.0155160995
PARS2,0.0009420459,0.050808817,0.00019191744,0.052114382,0.021357175
PARVA,0.000426704,0.018766439,0.00016986641,0.03178408,0.022362823
PARVB,0.0006575167,0.01270315,0.00018826105,0.05802234,0.028625397
PARVG,0.0009725541,0.017635424,0.0003665988,0.04205333,0.014672827
PASD1,0.0005671127,0.0073295725,0.000520204,0.017042585,0.0092253825
PASK,0.00029003748,0.060224306,0.00015900012,0.060935818,0.016339753
PATJ,0.7582196,0.35823438,0.0628893,0.01804367,0.36878017
PATL1,0.0006765427,0.026260972,0.00013368082,0.09710315,0.0506235
PATZ1,0.18754226,0.10079137,0.18350774,0.3361822,0.024930898
PAWR,0.00023597603,0.0146644125,0.0003494944,0.19129814,0.010748682
PAX2,0.0009011097,0.011254198,0.00055253,0.024358278,0.010894992
PAX3,0.0005872034,0.05704147,0.00016471687,0.08055776,0.07257491
PAX4,0.00024176859,0.005431936,0.00012271927,0.013978116,0.007711394
PAX5,0.0020553852,0.15642773,0.00030246342,0.034270212,0.36448413
PAX6,0.00082209136,0.062690735,0.0002850387,0.032217816,0.04721744
PAX7,0.00016368853,0.009330597,7.585129e-05,0.10444256,0.007833032
PAX8,0.00021781237,0.036936555,0.00033232596,0.06333093,0.10276155
PAX9,0.00072528765,0.053325344,0.00025706377,0.015970763,0.06819201
PAXBP1,0.005186366,0.040952995,0.009762386,0.016589584,0.02096844
PAXIP1,0.2986496,0.32104957,0.36682057,0.30572766,0.08740172
PAXX,0.009674994,0.00762104,0.0628893,0.01804367,0.029981527
PBDC1,0.0004897738,0.02063052,0.00022628049,0.024526373,0.021555424
PBK,0.00028025426,0.024239631,0.0007548483,0.12369019,0.024714936
PBLD,0.00086706097,0.023676196,9.591126e-05,0.07849346,0.021320747
PBRM1,0.2321395,0.096580796,0.13720408,0.11027528,0.120257415
PBRM1,0.2321395,0.096580796,0.13720408,0.11027528,0.120257415
PBX1,0.18076703,0.05483837,0.2635531,0.063566156,0.058455158
PBX2,0.00059956673,0.03623594,0.00020519111,0.05549403,0.03288214
PBX3,0.07026655,0.023485065,0.13670415,0.07031294,0.011470938
PBX4,0.002799521,0.037270393,0.0010636704,0.009077163,0.079355456
PBXIP1,0.000490029,0.024871739,0.00049326516,0.07551511,0.012035746
PC,0.0007967042,0.01069352,0.00030650364,0.03400955,0.036197525
PCBD1,0.001726787,0.22740977,0.00012758351,0.03984609,0.13826425
PCBD1,0.001726787,0.22740977,0.00012758351,0.03984609,0.13826425
PCBD2,0.00065645104,0.031793434,0.00011200701,0.08445466,0.034648683
PCBP1,0.0023036343,0.28014976,0.0002009716,0.075484134,0.19980621
PCBP2,0.0003952565,0.058635212,0.00034276416,0.10069708,0.04847924
PCBP3,0.0015443396,0.009846964,0.00036749878,0.022811562,0.020171009
PCBP4,0.00018287035,0.011520909,0.00048257664,0.026061665,0.016750766
PCCA,0.00018385012,0.004877271,0.00012336881,0.023099316,0.010057575
PCCB,0.0015610224,0.02680242,0.00015115042,0.023806559,0.027917275
PCDH1,0.0003127768,0.011707494,0.0002727193,0.02847272,0.012388685
PCDH10,0.0002520675,0.008632956,0.00015797114,0.008382098,0.0054413676
PCDH11X,0.0026546372,0.047113948,0.0005257973,0.015654534,0.0353984
PCDH15,0.0024972206,0.012388556,0.04113054,0.01804367,0.047656775
PCDH17,0.001558275,0.028335597,0.00015827481,0.024101408,0.05005145
PCDH18,0.00031261283,0.0073402724,0.00015185786,0.008382098,0.009356045
PCDH19,0.0026078147,0.00636773,0.005921465,0.01804367,0.026676336
PCDH8,0.0004531455,0.023405612,0.00024781202,0.009077163,0.029102713
PCDH9,0.00027440756,0.0045184284,0.00017554846,0.012736215,0.015051773
PCDHA10,0.0013779806,0.012069888,0.0011034728,0.020951219,0.02534979
PCDHA4,0.0013906618,0.02459856,0.00016203916,0.07077563,0.011587473
PCDHA6,0.0004797781,0.027317202,0.00015797114,0.0123439105,0.035169173
PCDHA7,0.0002593446,0.007929786,0.00015797114,0.089098886,0.019924073
PCDHAC2,0.0003348722,0.007774461,0.0005936632,0.023442874,0.05759883
PCDHB1,0.0057095117,0.026063565,0.0016179311,0.01804367,0.038964693
PCDHB10,0.0008993924,0.016034797,0.00052874215,0.018289693,0.025272084
PCDHB13,0.0017770071,0.0042874548,0.001988619,0.01804367,0.010157579
PCDHB14,0.00026276114,0.016956838,0.00071734685,0.047569454,0.01793935
PCDHB15,0.0005370567,0.013535988,0.00011043496,0.023442874,0.013558252
PCDHB16,0.007332636,0.015678773,0.001383516,0.01804367,0.018890351
PCDHB3,0.0012644996,0.021654671,0.00022317492,0.023442874,0.03937571
PCDHB4,0.00057154935,0.015065332,0.00048620996,0.023442874,0.046775237
PCDHB5,0.0004651448,0.0071064075,0.00015301544,0.018289693,0.035876423
PCDHB6,0.005744369,0.02480678,0.0007153909,0.01804367,0.018095836
PCDHGC3,0.00095187745,0.023742288,0.00013951962,0.026517374,0.032012857
PCDHGC5,0.0006948002,0.012006581,0.00015797114,0.017034966,0.022834284
PCED1A,0.00042042308,0.0079574315,0.0008389469,0.032863103,0.017083276
PCF11,0.0023041395,0.029636305,0.00043265827,0.04065353,0.10024185
PCGF1,0.0010593452,0.29112566,0.00026428272,0.12688842,0.2709745
PCGF2,0.19790944,0.15747045,0.15376854,0.08846617,0.084702164
PCGF3,0.00093845394,0.049307276,0.00018369907,0.033206817,0.04169114
PCGF5,0.18851566,0.02419899,0.025411779,0.0389452,0.015889278
PCGF6,0.0009264192,0.05065572,0.000234409,0.10339934,0.018278511
PCID2,0.3584991,0.17188336,0.23325504,0.11915452,0.2893219
PCIF1,0.000493383,0.02422538,0.00020478634,0.03208136,0.020018736
PCK1,0.58491856,0.1809989,0.2995196,0.06803508,0.16256592
PCK2,0.0013147108,0.010924769,0.00015206971,0.022454023,0.030160896
PCLAF,0.020710126,0.01319299,0.0628893,0.01804367,0.018922402
PCLO,0.0026129645,0.042871032,0.00054440653,0.024950339,0.09457219
PCM1,0.0008044557,0.04779356,0.00021787488,0.10073715,0.024601895
PCMT1,0.0005825576,0.06220804,0.00033859478,0.06333093,0.06724431
PCMTD1,0.0002849178,0.013110883,0.000280428,0.03035653,0.025178619
PCMTD2,0.00066097954,0.018954216,0.00011892306,0.009690155,0.020055836
PCNA,0.100144416,0.21834435,0.5122392,0.38199276,0.07404618
PCNP,0.00041072362,0.0052695707,0.00018417822,0.026669279,0.009386336
PCNT,0.40103218,0.21081866,0.46605724,0.1518379,0.08989254
PCNX2,0.011548037,0.024053799,0.0628893,0.01804367,0.015700776
PCNX3,0.03680903,0.051699277,0.0628893,0.01804367,0.17942688
PCOLCE,0.0007371855,0.022749476,0.0002280857,0.052348983,0.045921803
PCOLCE2,0.0021894868,0.009737046,0.0041388962,0.01804367,0.019112492
PCP2,0.0048679602,0.013777737,0.011120282,0.01804367,0.04263842
PCP2,0.0048679602,0.013777737,0.011120282,0.01804367,0.04263842
PCSK1,0.00041352832,0.01365363,0.00038779763,0.01676523,0.011228218
PCSK1N,0.00015098779,0.0024551982,0.00027333936,0.028982447,0.0066718506
PCSK4,0.00060081866,0.015693078,0.00039158404,0.025206596,0.028507646
PCSK5,0.0008041166,0.046796292,0.00017223308,0.053242143,0.028716255
PCSK7,0.000101582846,0.0036690526,0.00018369907,0.05040212,0.0064663966
PCSK9,0.20637916,0.027753536,0.13280162,0.018289693,0.033531904
PCYOX1,0.0008895195,0.016300574,0.00021485802,0.023442874,0.040198587
PCYOX1L,0.0021639925,0.009452885,0.0032082698,0.01804367,0.017757671
PCYT1A,0.0011433962,0.068903066,0.00014844417,0.13436238,0.06786965
PCYT1B,0.0018969146,0.0305366,0.00013363596,0.0324777,0.042573594
PCYT2,0.00076392246,0.03383455,0.00033349998,0.021026954,0.09023963
PDAP1,0.0007285296,0.04177032,0.00024466563,0.038368754,0.041314386
PDC,0.08591249,0.05754238,0.039596803,0.028124522,0.05837501
PDCD1,0.0012713923,0.025032269,0.00017839442,0.10312261,0.023015445
PDCD10,0.0004858215,0.059649926,0.0004810528,0.0983111,0.09699426
PDCD11,0.20847797,0.14470133,0.3319103,0.027190577,0.0970463
PDCD1LG2,0.0016308377,0.005529275,0.0034573246,0.020270698,0.0073201796
PDCD2,0.0007274737,0.09031493,0.00022606528,0.1588309,0.103875265
PDCD2L,0.0005191264,0.050257202,0.00020700155,0.014542438,0.12374225
PDCD4,0.00036436092,0.04362198,0.00013889985,0.110016964,0.0100605525
PDCD5,0.16292123,0.07092096,0.23134913,0.058897913,0.07654049
PDCD6,0.00030206374,0.005211061,0.00012943061,0.044038497,0.009392031
PDCD6IP,0.001249488,0.12046779,0.00025313924,0.05789283,0.11013505
PDCD7,0.6241376,0.44866922,0.4035541,0.08179511,0.56092757
PDCL,0.00043706206,0.023848651,0.0003170481,0.045055617,0.027073208
PDE11A,0.0026243897,0.014282571,0.003874699,0.01804367,0.04249183
PDE12,0.00042506895,0.07259323,0.00012684125,0.03404868,0.121136926
PDE1A,0.00022812095,0.012847723,0.00021058587,0.03447213,0.018304233
PDE3B,0.0004695146,0.011111194,0.00011961546,0.040591124,0.010450242
PDE4A,0.07444964,0.015760992,0.12073689,0.029588407,0.010595788
PDE4B,0.0007165942,0.023018194,0.00014789133,0.037965376,0.027560076
PDE4C,0.0005080984,0.01208673,0.00012444291,0.046332557,0.026285544
PDE4D,0.0006732563,0.10266234,0.0003677443,0.065857254,0.100703165
PDE4DIP,0.29949737,0.30042404,0.28457764,0.12541975,0.28084219
PDE6D,0.0010388107,0.024353888,8.261462e-05,0.06536898,0.014448226
PDE6G,0.0009434004,0.017702563,0.00010919554,0.022906292,0.037228815
PDE6H,0.11567201,0.01391228,0.11890437,0.0123439105,0.02312711
PDE7B,0.00043271127,0.019840166,0.00014748886,0.021941544,0.020719271
PDE8A,0.0026197883,0.0040363288,0.00074517314,0.01804367,0.014319904
PDE9A,0.03512653,0.019327724,0.1346618,0.09711622,0.012471623
PDF,0.0020303135,0.008551491,0.0008231056,0.01804367,0.02175804
PDGFA,0.054896444,0.020619458,0.2524605,0.023692759,0.010611871
PDGFB,0.13317506,0.049386293,0.16535713,0.06895362,0.034790896
PDGFC,0.00053390657,0.01037122,0.00014723495,0.041553,0.008306213
PDGFRA,0.7304453,0.5371785,0.24344869,0.07077033,0.6487746
PDGFRB,0.094830535,0.018700656,0.16208349,0.08628132,0.020027606
PDGFRL,0.00025194543,0.0024400395,0.0032145632,0.01804367,0.0051891934
PDHA1,0.06746728,0.03046158,0.19756486,0.09003672,0.052431554
PDHA2,0.0010357457,0.05980223,0.00015736888,0.009173206,0.026297601
PDHB,0.6325095,0.42931187,0.34455198,0.1257214,0.3612526
PDHX,0.25006613,0.035397947,0.23524925,0.038368754,0.40157947
PDIA2,0.00043402272,0.03865448,0.00023389887,0.04683837,0.046866007
PDIA3,0.00081347284,0.06321304,0.00012066908,0.23491932,0.06242285
PDIA4,0.0005313615,0.032643463,0.00017945815,0.08828944,0.02243273
PDIA5,0.00037842517,0.009466584,0.00030802045,0.011851088,0.021277519
PDIA6,0.00031332657,0.06794131,0.00023417779,0.09033701,0.015295699
PDIK1L,0.0008721763,0.05574918,0.00014522114,0.076361425,0.073158965
PDK1,0.005246673,0.17137156,0.00025862854,0.08017108,0.13158247
PDK2,0.07420848,0.021271423,0.23991854,0.050667737,0.019335397
PDK3,0.00025403986,0.0062168688,0.0002146408,0.026061665,0.005856525
PDK4,0.23988506,0.02844521,0.20242074,0.03404868,0.035698935
PDLIM1,0.00055928325,0.021953376,0.00011771675,0.041557513,0.010801398
PDLIM2,0.0014016965,0.0036012598,0.0017062334,0.01804367,0.014021302
PDLIM3,0.0007374556,0.021833371,0.00047058568,0.02661516,0.020909006
PDLIM4,0.00082141365,0.03348924,0.00021058948,0.12706953,0.038486708
PDLIM5,0.03471441,0.021400517,0.17829755,0.07876725,0.004326292
PDLIM7,0.0004837499,0.034988984,0.00015280899,0.107880354,0.04943756
PDP1,0.0007244218,0.041210975,0.00014820417,0.1096986,0.049405545
PDP2,0.0009057938,0.03238221,0.00029246495,0.026462918,0.048924167
PDPK1,0.08392574,0.027194506,0.12399497,0.14572074,0.014888253
PDPN,0.00024607257,0.005146057,0.00013179543,0.020951219,0.019104421
PDPR,0.00022624253,0.0052696182,8.795701e-05,0.021392673,0.006805997
PDS5A,0.0010413632,0.08625615,0.00013286648,0.05340349,0.09581902
PDS5B,0.0008369061,0.05728926,7.9526435e-05,0.074714944,0.0647124
PDSS1,0.0004608213,0.02192681,0.00054442155,0.021392673,0.03635744
PDSS2,0.5663365,0.3525968,0.30809325,0.017034966,0.38287973
PDX1,0.2270927,0.04980389,0.16278432,0.08202462,0.030201625
PDXDC1,0.00027823992,0.017632153,0.00016907009,0.06051041,0.009997856
PDXK,0.0014122576,0.049031533,0.00019010039,0.042884216,0.024452953
PDXP,0.0011483496,0.020157017,0.00019761868,0.023442874,0.048871987
PDYN,0.0005361118,0.009456908,0.0003239355,0.008678562,0.016096635
PDZD11,0.0011154042,0.029524934,0.000120905665,0.028124522,0.026422834
PDZD2,0.00026354217,0.009031104,0.00022567376,0.052348983,0.015677683
PDZD4,0.0011000433,0.017615551,0.00024927148,0.018586725,0.025655748
PDZD7,0.0027662183,0.008338534,0.0007476556,0.01804367,0.014348397
PDZD8,0.07289336,0.03520328,0.239552,0.01789132,0.021129956
PDZD9,0.0025914847,0.024617376,0.0004533158,0.017034966,0.04935762
PDZK1,0.06467561,0.034193907,0.100875944,0.038832445,0.023335284
PDZK1IP1,0.059681684,0.0074530523,0.21309723,0.02591231,0.019942699
PEA15,0.0008178896,0.048341412,0.00056323176,0.05697458,0.045076557
PEAK1,0.1265756,0.04239418,0.16755171,0.028985407,0.018415317
PEAR1,0.0002593021,0.012551768,0.00022471506,0.012576047,0.032400552
PEBP1,0.0003187116,0.01867911,0.00029319362,0.1289567,0.008188003
PEBP4,0.0007059486,0.012163826,0.00056425267,0.05061941,0.042223874
PECR,0.00053536677,0.016756468,0.00041338798,0.011834292,0.016778432
PEF1,0.00024939227,0.009863581,0.0001574705,0.049953785,0.0059698625
PEG10,0.00064262823,0.056022402,0.00017172343,0.058489792,0.038336877
PEG3,0.0014562467,0.124590665,0.00015359344,0.036551695,0.052187406
PELI1,0.00067607476,0.027365202,0.00010563435,0.04792855,0.038629584
PELI2,0.0007370144,0.03938916,0.00014357851,0.04981961,0.018296078
PELI3,0.18340714,0.021671731,0.4553058,0.021026954,0.047353663
PELO,0.08459286,0.046889827,0.30365857,0.049831238,0.041718908
PELP1,0.0014273103,0.27959055,0.00018700655,0.20987579,0.27497262
PEMT,0.0012858491,0.010797639,0.0074230414,0.01804367,0.018906733
PENK,0.00021160653,0.028428374,0.00012175974,0.023442874,0.03660378
PEPD,0.00013749681,0.009651438,0.0010775062,0.05164654,0.0073797423
PER1,0.030965205,0.019215189,0.2836433,0.0719865,0.007413881
PER2,0.0004744159,0.010225319,0.000136988,0.11694804,0.010076836
PER3,0.00034443557,0.020691555,0.00017846927,0.05093418,0.00864028
PERP,0.0012629691,0.003391759,0.002707645,0.01804367,0.014131014
PES1,0.0005220825,0.06373064,0.00011096815,0.07427682,0.06462622
PET117,0.007791377,0.04813179,0.020766834,0.01804367,0.12647843
PEX1,0.13538323,0.017348323,0.12466121,0.044235084,0.048375558
PEX10,0.0004019739,0.03546058,0.00012307717,0.041557513,0.03335903
PEX11A,0.00078450894,0.0164683,0.00017069415,0.01992266,0.01983469
PEX11B,0.00038819673,0.022080857,0.00021110092,0.010767184,0.04219884
PEX12,0.001146248,0.05226876,0.00017810124,0.057006508,0.0821443
PEX13,0.00041643533,0.017186154,0.00013392809,0.020978805,0.022495963
PEX14,0.0003496332,0.01711255,9.992384e-05,0.070368364,0.018201504
PEX16,0.16394164,0.016721755,0.101743475,0.03158699,0.019567423
PEX19,0.0002794309,0.03221592,0.00012280872,0.14984524,0.016728397
PEX2,0.00094746286,0.052191887,8.290852e-05,0.03972294,0.049134657
PEX26,0.00055870385,0.07172359,0.0002973163,0.04785222,0.11928439
PEX3,0.29469606,0.031729992,0.2843896,0.0123439105,0.13883752
PEX5,0.0007058682,0.08495802,0.0001342321,0.20402586,0.025267722
PEX5L,0.000479263,0.035377033,0.00027077436,0.017267942,0.08705926
PEX6,0.00075503753,0.024366047,0.00011496143,0.066811405,0.08665365
PEX7,0.00043795392,0.018862128,0.0001980412,0.031085582,0.03156207
PF4,0.0005047688,0.015953612,0.00016738632,0.011643864,0.017496454
PFAS,0.09773539,0.07171036,0.15957195,0.1438222,0.08812908
PFDN1,0.06160138,0.11759766,0.21111485,0.058015797,0.03763205
PFDN2,0.0005576414,0.07593985,0.00026622773,0.10543716,0.04666263
PFDN4,0.00092106895,0.12051955,0.00012550746,0.099410556,0.14042498
PFDN5,0.69604844,0.5440352,0.27362362,0.0989896,0.4872626
PFDN6,0.16304229,0.09621944,0.1289671,0.08972444,0.10220342
PFKFB1,0.45125145,0.04184001,0.11989248,0.036598153,0.048939247
PFKFB2,0.16232227,0.013440693,0.19747211,0.024358278,0.02401509
PFKFB3,0.00042304126,0.015854286,0.0027030895,0.036598153,0.015641512
PFKFB4,0.10720792,0.012813233,0.16203858,0.011547842,0.013901483
PFKL,0.074986435,0.026174504,0.25174308,0.0738733,0.013818439
PFKM,0.06762864,0.014272419,0.16325638,0.039986305,0.011639239
PFKP,0.21924876,0.05265713,0.1659146,0.03696163,0.029023163
PFN1,0.00012706508,0.043217115,0.00011847711,0.4735118,0.015630607
PFN2,0.00040909593,0.08001702,0.00023297987,0.080376625,0.01458837
PGAM2,0.14136894,0.044385932,0.18154486,0.039998848,0.056561038
PGAM5,0.00043244302,0.022962896,0.00021755377,0.065117456,0.008876606
PGAP1,0.0013502699,0.034405176,0.00019010039,0.012868392,0.057139657
PGAP2,0.04890434,0.006208084,0.41349584,0.023079565,0.0049108807
PGAP3,0.0010550759,0.014324086,0.00029246495,0.020270698,0.015856527
PGAP6,0.0027414854,0.00989086,0.0628893,0.01804367,0.046020053
PGBD1,0.0006639906,0.007547505,0.00045594742,0.02572108,0.011613481
PGBD2,0.0021516157,0.004746513,0.0013757003,0.01804367,0.009443374
PGC,0.0005642846,0.013504024,0.0002729443,0.027054181,0.024401875
PGD,0.047938664,0.01604754,0.2187708,0.09883005,0.03214675
PGF,0.0011381822,0.021930855,0.0005919763,0.02837221,0.03258716
PGGT1B,0.00030943475,0.0868879,0.0004005643,0.047569454,0.053674333
PGK1,0.12932813,0.088742,0.34414715,0.054308936,0.10868195
PGLS,0.07875808,0.022007737,0.17326656,0.07876725,0.015658526
PGLYRP2,0.0029625485,0.0057839085,0.010400159,0.01804367,0.007577488
PGM1,0.0017164096,0.040844962,0.000120421486,0.060900383,0.049202166
PGM3,0.00018526461,0.015256886,0.0002602182,0.011722919,0.028777996
PGP,0.05786903,0.04332141,0.10455605,0.0663656,0.09696617
PGPEP1,0.007628603,0.011882769,0.0015066657,0.01804367,0.04091698
PGR,0.15762474,0.10114644,0.09161031,0.07506138,0.02924881
PGRMC1,0.0009278556,0.080792114,0.00018063102,0.081420094,0.019059876
PGRMC2,0.00067301636,0.025717406,0.00019112273,0.028985407,0.024791727
PGS1,0.0002740486,0.030247873,0.00059031113,0.06389214,0.08435662
PHACTR2,0.0014539252,0.045614302,0.00032452837,0.05040212,0.05973831
PHACTR3,0.00044823185,0.010797603,0.00024372153,0.011245472,0.015292304
PHACTR4,0.00020118614,0.021005925,0.00012402877,0.07653722,0.01449227
PHAF1,0.020340795,0.017738385,0.0628893,0.01804367,0.03549153
PHAX,0.00093669683,0.048609488,0.000107254615,0.0570097,0.06618757
PHB2,0.16990775,0.20128581,0.1733004,0.20325842,0.08797831
PHC1,0.00047494503,0.019840749,8.455425e-05,0.07092229,0.0091383485
PHC2,0.0011099232,0.06931104,0.0003503337,0.088157624,0.023736117
PHC3,0.08090355,0.024150467,0.07409278,0.019905075,0.05669249
PHF1,0.20153184,0.027429987,0.1599462,0.07507997,0.012266254
PHF10,0.0007451462,0.061551336,0.00016578962,0.024222368,0.03877962
PHF11,0.0008278298,0.0130618755,0.0011260911,0.11706309,0.014457409
PHF12,0.00042954268,0.070209086,0.000156605,0.108878486,0.056310583
PHF13,0.0006508513,0.009827642,0.00011455862,0.01146169,0.02004829
PHF19,0.00059251086,0.015266267,0.00028229342,0.030453103,0.026686372
PHF2,0.0020366577,0.010005684,0.0005679062,0.023442874,0.07600938
PHF20,0.28259277,0.07598917,0.13916045,0.117734,0.06866058
PHF20L1,0.33263046,0.31368262,0.36258334,0.10288326,0.06721957
PHF21A,0.0005128285,0.06160205,0.00012256409,0.1518379,0.03189619
PHF21B,0.0037917455,0.006241209,0.030980935,0.01804367,0.035718784
PHF23,0.0004149491,0.0147820255,0.0009686508,0.024950339,0.03354266
PHF3,0.0013604162,0.040659193,0.00010021785,0.06586782,0.046606217
PHF5A,0.0699068,0.039563484,0.16264597,0.10126017,0.027819969
PHF6,0.0005292721,0.010360801,0.0001712894,0.06586782,0.046620276
PHF7,0.14031093,0.04251608,0.21474716,0.053263072,0.0257031
PHF8,0.001040609,0.028374813,0.00027878294,0.08479036,0.034768064
PHGDH,0.00078442786,0.021436656,0.00011385044,0.0604383,0.015619604
PHGR1,0.0017060717,0.0112538375,0.0043214043,0.01804367,0.02123937
PHIP,0.0012946294,0.04517916,8.6400476e-05,0.027190577,0.022083515
PHKA1,0.0006910092,0.008951626,0.00029006044,0.026462918,0.03239078
PHKA2,0.0005693001,0.0138021,0.0004906681,0.022928532,0.014558588
PHKB,0.00074743154,0.036364723,0.00013251549,0.02927176,0.054807313
PHKG1,0.0009790699,0.004277112,0.00030492304,0.0101206815,0.0054744594
PHKG2,0.1445343,0.010886409,0.23985472,0.028982447,0.028322142
PHLDA1,0.0004660433,0.021985132,0.00015947856,0.06728354,0.019760482
PHLDA2,0.0018941675,0.0077125067,5.699943e-05,0.023442874,0.021162964
PHLDA3,0.208789,0.06080392,0.3124809,0.07083438,0.047319483
PHLDB1,0.00061082485,0.0030534517,0.0032405115,0.01804367,0.0075580105
PHLDB2,0.0009892748,0.01430569,8.6497086e-05,0.044827595,0.025790254
PHLPP1,0.0002453449,0.012336047,0.00015670972,0.11628905,0.0041651404
PHLPP2,0.000684335,0.025169762,0.00020373327,0.09876075,0.019865584
PHOSPHO1,0.0033490781,0.013951899,0.003343795,0.01804367,0.024767632
PHOSPHO2,0.00084501994,0.013747155,0.00015797114,0.014942881,0.01507568
PHOX2A,0.00048295726,0.02109573,8.110287e-05,0.04164072,0.04503668
PHPT1,0.0014849281,0.04487853,0.00015280899,0.021026954,0.04518851
PHRF1,0.002321523,0.02395984,0.00042704016,0.026363747,0.061856262
PHTF1,0.14614226,0.028391626,0.08105595,0.010057129,0.04512804
PHTF2,0.00095529173,0.018874852,0.000604091,0.023442874,0.035819277
PHYH,0.0002757659,0.009473642,0.00072029966,0.08951132,0.004681638
PHYHD1,0.00052100496,0.018752106,0.0014406334,0.017034966,0.034586724
PHYHIP,0.0008051497,0.0591822,0.00017069415,0.041857745,0.029608171
PHYKPL,0.000161308,0.00409452,0.00027077436,0.02678978,0.005663476
PI16,0.00060455094,0.012065154,0.0022021742,0.01804367,0.023151891
PI3,0.06275856,0.008814079,0.091741875,0.051605172,0.042270806
PI4K2A,0.5050611,0.16672765,0.47945133,0.070112325,0.28212246
PI4K2B,0.00065505673,0.024719004,0.00064355123,0.06586782,0.02726439
PI4KA,0.00066632434,0.034219984,0.00061320356,0.018100467,0.09743662
PI4KB,0.0009109123,0.014274417,0.0002602182,0.06586782,0.02495788
PIANP,0.004901427,0.013762817,0.0005883853,0.01804367,0.034758
PIAS1,0.28335193,0.18131702,0.43433243,0.16658272,0.061228298
PIAS2,0.0011128051,0.20851031,0.00013256844,0.26009715,0.044332974
PIAS3,0.00026199143,0.0343384,0.00012156715,0.11967105,0.010727275
PIAS4,0.0006313313,0.13671823,0.00016014677,0.18241817,0.023531368
PIBF1,0.0006342098,0.024030946,0.000151621,0.011722919,0.060681216
PICALM,0.0009756432,0.058503453,0.00017223308,0.013710812,0.069936365
PICK1,0.00055987237,0.045000333,0.0002208311,0.06995667,0.042503104
PID1,0.00090784114,0.025133243,0.00014831287,0.10114647,0.01843623
PIDD1,0.00095819647,0.01584502,0.00012478954,0.10842442,0.004551447
PIERCE1,0.0038927733,0.008474747,0.0628893,0.01804367,0.0092734005
PIF1,0.0011864128,0.0058672824,0.004711126,0.01804367,0.023666786
PIGA,0.00051502336,0.018814776,0.00059603475,0.014236137,0.025292696
PIGB,0.05846253,0.006457561,0.3629493,0.023442874,0.013999605
PIGC,0.001517328,0.02767217,0.00039740952,0.042764682,0.046319667
PIGF,0.11840301,0.045054384,0.05163594,0.011959312,0.0943096
PIGG,0.0002632323,0.008172802,0.00033349998,0.028982447,0.014990733
PIGH,0.00055777084,0.016931977,0.00015764206,0.033338144,0.012702748
PIGK,0.0004944314,0.03284815,0.00031569775,0.032863103,0.030330364
PIGL,0.0022014964,0.01471306,0.001480893,0.01804367,0.043954235
PIGM,0.00023212002,0.017546576,0.00017517475,0.041494265,0.014934069
PIGN,0.058095615,0.019284526,0.053072307,0.018289693,0.007282511
PIGO,0.00064019614,0.01258486,0.00026886477,0.05802234,0.01902844
PIGP,0.0013719139,0.019961603,7.8123325e-05,0.025605187,0.059880454
PIGQ,0.0003370047,0.010763203,0.00015107088,0.13210304,0.009080192
PIGR,0.00035948397,0.009252657,0.0002617959,0.03405934,0.013496961
PIGS,0.0006566403,0.07617411,7.893123e-05,0.15936345,0.024856092
PIGT,0.0006606442,0.03094766,0.0001426904,0.06051041,0.028826099
PIGU,0.0003331809,0.004035775,0.0011155449,0.047569454,0.014086125
PIGV,0.09894538,0.017962491,0.056381825,0.023442874,0.018792184
PIGW,0.00033575177,0.02306268,0.00020657467,0.023442874,0.0493703
PIGZ,0.0006149638,0.003828059,0.0020849472,0.01804367,0.0043590944
PIH1D1,0.0011107144,0.019327879,0.00013635958,0.04157456,0.024855074
PIK3AP1,0.0003199067,0.009369221,0.00080450205,0.024729606,0.008788849
PIK3C2A,0.0007480158,0.0466874,0.0002450202,0.0850119,0.030871015
PIK3C2B,0.177673,0.02409634,0.30073026,0.02372016,0.018911086
PIK3C2G,0.0013978246,0.00727531,0.004238503,0.01804367,0.018405437
PIK3C3,0.3622657,0.17341208,0.3195644,0.054802448,0.14282152
PIK3CA,0.77832735,0.48546332,0.4511386,0.18075153,0.5659925
PIK3CB,0.13728422,0.03412537,0.2683116,0.03178408,0.055585735
PIK3CD,0.20613107,0.014884904,0.109041,0.06573006,0.013186083
PIK3CG,0.20283112,0.02500034,0.19955148,0.06900432,0.012145105
PIK3IP1,0.00031548835,0.009021005,6.184197e-05,0.020951219,0.029553398
PIK3R1,0.6993058,0.79452413,0.75238997,0.46165025,0.59233475
PIK3R2,0.6443999,0.27820748,0.3891847,0.28435743,0.20128077
PIK3R3,0.0020158545,0.0919516,0.00029414723,0.031645898,0.041217364
PIK3R4,0.00039770643,0.014992719,0.00045944427,0.039042577,0.02778824
PIK3R5,0.0002586512,0.013159875,0.00015579582,0.027358834,0.014597284
PIKFYVE,0.0015225708,0.013271484,0.0002698813,0.022075247,0.025858542
PILRA,0.0006738645,0.024495622,0.00030045334,0.020111026,0.033620067
PILRB,0.00073557004,0.020930775,0.0003957432,0.01940727,0.017160006
PIM1,0.39810327,0.0792679,0.15666308,0.05760459,0.08082283
PIM2,0.43731648,0.21477601,0.3758277,0.10842442,0.52461386
PIM3,0.00093822106,0.03134344,0.0009829974,0.039315768,0.048960634
PIN1,0.5028189,0.36513314,0.39854738,0.15469457,0.07342433
PIN4,0.00048088725,0.009286364,9.113707e-05,0.039986305,0.0066609504
PINK1,0.7376791,0.527938,0.39992514,0.108996786,0.63631463
PINK1,0.7376791,0.527938,0.39992514,0.108996786,0.63631463
PINX1,0.01777621,0.03556728,0.006331915,0.080596074,0.03497868
PIP,0.0006254522,0.0049387845,0.00020921417,0.02679841,0.013120949
PIP4K2A,0.31513572,0.07025641,0.2126012,0.12706953,0.027289258
PIP4K2B,0.00044183037,0.03009291,9.3051734e-05,0.030235812,0.027836138
PIP4K2C,0.0006665175,0.009553965,0.00014218109,0.014542438,0.014461057
PIP4P1,0.0053958106,0.010874622,0.0628893,0.01804367,0.033599205
PIP5K1A,0.00075310917,0.06053198,0.00016355731,0.0389452,0.09070297
PIP5K1B,0.00022716592,0.01510514,0.00014624053,0.043872934,0.024468783
PIP5K1C,0.00038239727,0.01154887,0.00015416715,0.02504491,0.013320867
PIP5KL1,0.0004017705,0.00989719,0.00029921584,0.01992266,0.011033928
PIPOX,0.0014687832,0.010200206,0.00018369907,0.011834292,0.032376263
PIR,0.00053388544,0.01357699,0.00015563841,0.011185222,0.03407768
PISD,0.001341091,0.05273256,0.0005106085,0.018664645,0.11565055
PITHD1,0.00048457694,0.006895464,0.0002508015,0.06389214,0.008846109
PITPNA,0.0006825858,0.05892891,0.00012019389,0.08450367,0.016999591
PITPNB,0.0003829943,0.018462572,0.00042559885,0.02623154,0.040014625
PITPNM1,0.00040566333,0.010795347,0.0009856974,0.03208136,0.011596892
PITPNM3,0.00028700536,0.0031242233,0.00035392278,0.03158699,0.0066601112
PITRM1,0.10437825,0.06925584,0.2022073,0.09107199,0.1460796
PITX1,0.00047210616,0.011093943,0.00013956313,0.024526373,0.008209786
PITX2,0.16977039,0.070426136,0.26876047,0.11604311,0.031568
PITX3,0.00030799344,0.01037097,0.00022445638,0.033196855,0.037878696
PIWIL4,0.08621586,0.011494737,0.13842583,0.02516947,0.043811206
PJA1,0.09544658,0.03034676,0.16121362,0.10540215,0.013850766
PJA2,0.0011937984,0.052026313,0.00075513934,0.07031294,0.07000131
PJVK,0.035343364,0.018638771,0.0628893,0.01804367,0.027944883
PKD1,0.0007100428,0.05033887,0.00058055826,0.0766543,0.04018
PKD2,0.46284953,0.15023641,0.34726906,0.102241844,0.1504345
PKDCC,0.0036712843,0.010984005,0.0057235234,0.01804367,0.0082327565
PKHD1,0.00047900606,0.005195686,0.000107362364,0.010057129,0.013271165
PKHD1L1,0.0058609108,0.012682934,0.004557877,0.01804367,0.017594382
PKIA,0.3549708,0.032025397,0.36398286,0.030235812,0.035343297
PKIB,0.00094806287,0.052264526,0.00013179543,0.026857775,0.03169567
PKIG,0.00023579497,0.014234062,0.0003437852,0.056097914,0.00844175
PKLR,0.49723318,0.19324324,0.38469893,0.13028966,0.110984184
PKM,0.22171924,0.08152651,0.22144395,0.10585832,0.13462196
PKMYT1,0.07355125,0.05804894,0.23443562,0.106096715,0.051449034
PKN1,0.20183851,0.06255916,0.32249632,0.11789834,0.026279729
PKN2,0.4431797,0.33087128,0.256867,0.1163222,0.29434323
PKNOX1,0.0014744322,0.019767107,0.00015233066,0.08867768,0.021151634
PKNOX2,0.00037682895,0.0033185678,0.00013951962,0.009077163,0.014548153
PKP1,0.00088356173,0.041460473,0.001018304,0.06601743,0.018244985
PKP2,0.0016057816,0.04957829,0.00028707433,0.058909547,0.052872207
PKP3,0.00081978174,0.021015821,0.00010646013,0.02390177,0.029425288
PKP4,0.0008534018,0.03218313,0.00019633948,0.07368325,0.02629252
PLA1A,0.0006104547,0.012905533,0.00025479597,0.05061941,0.024476267
PLA2G12A,0.0003988369,0.010138142,0.00021298582,0.033245508,0.0036332377
PLA2G12B,0.0020802845,0.0052374275,0.0044718157,0.01804367,0.012739676
PLA2G15,0.0007326084,0.00999259,6.820197e-05,0.018289693,0.020772956
PLA2G1B,0.08747011,0.007553022,0.16776223,0.021179933,0.013480547
PLA2G2A,0.11135948,0.017483393,0.22992016,0.0824687,0.011120597
PLA2G3,0.0009177961,0.019759046,0.00010143165,0.012576047,0.036647044
PLA2G4A,0.0005870602,0.078751616,0.000123241,0.07012308,0.04742106
PLA2G4C,0.06267162,0.011666291,0.079474,0.024041327,0.024083622
PLA2G4D,0.0005767527,0.017577097,0.00042015786,0.017034966,0.028155793
PLA2G6,0.005981212,0.012099896,0.005312636,0.01804367,0.04015613
PLA2R1,0.0006634896,0.00616335,0.00022029085,0.011959312,0.013755117
PLAA,0.10623583,0.06808892,0.079698205,0.05132467,0.045490935
PLAAT1,0.01502329,0.00595167,0.0628893,0.01804367,0.015326181
PLAC1,0.0004327525,0.0062994612,0.0001772959,0.023442874,0.016398333
PLAC8,0.0015092202,0.008160582,6.720802e-05,0.032661267,0.0066647152
PLAG1,0.00026485277,0.029120874,0.000116656855,0.15292297,0.026194556
PLAGL1,0.00041739552,0.021100387,0.00035873917,0.013574262,0.019038191
PLAGL2,0.0002992475,0.009429909,0.00016477186,0.12900911,0.011144986
PLAT,0.000585974,0.074171655,0.00023848873,0.03208513,0.055253137
PLAU,0.003033787,0.17119762,0.00025444225,0.03995124,0.08350622
PLAUR,0.08007611,0.016557578,0.23098221,0.034844186,0.0077285906
PLBD1,0.00045422628,0.011928553,0.000102218146,0.013998775,0.026533725
PLBD2,0.00045656084,0.012273628,0.00015797114,0.021392673,0.02631181
PLCB1,0.121611565,0.06111476,0.27045852,0.10790328,0.023078883
PLCB2,0.00051511324,0.026516998,0.00011981123,0.017616533,0.02493943
PLCB3,0.00048620996,0.019631537,0.0001507904,0.040255483,0.015164005
PLCB4,0.00065559725,0.01086507,0.0009829974,0.02844312,0.016327716
PLCD1,0.0007589405,0.014439274,7.615402e-05,0.024358278,0.018976336
PLCD4,0.000844871,0.020093625,0.000115192095,0.011547842,0.016927725
PLCE1,0.0004760587,0.037173145,0.00022975368,0.044401042,0.053246707
PLCG1,0.17989403,0.06447025,0.3396558,0.24698517,0.04858879
PLCG2,0.115916565,0.024704374,0.17799124,0.05729042,0.018595412
PLCH1,0.00037039188,0.012783904,0.0005476191,0.04225217,0.019125808
PLCH2,0.0006996988,0.007380815,9.338294e-05,0.023442874,0.032277107
PLD1,0.0013722864,0.037151016,0.000277299,0.06536898,0.015323197
PLD2,0.0009165586,0.037820417,0.00012298155,0.07006743,0.01860873
PLD3,0.00055270304,0.011247196,0.00014026836,0.055746976,0.0108745545
PLD4,0.048202872,0.0077007175,0.04735408,0.023442874,0.014106297
PLD5,0.0004915335,0.010889639,0.00015657276,0.023442874,0.02311437
PLD6,0.00075657596,0.006595746,0.00017584195,0.023442874,0.031885915
PLEC,0.00063189026,0.039570164,0.00050760846,0.031645898,0.009163988
PLEK2,0.08656536,0.015377163,0.07771827,0.023442874,0.020912765
PLEKHA3,0.0022631977,0.0029357807,0.004557877,0.01804367,0.0064201527
PLEKHA4,0.0005169873,0.024629686,0.00028018293,0.034087338,0.020277793
PLEKHA5,0.0100570675,0.012068996,0.011690288,0.10456388,0.005042327
PLEKHA6,0.00066226115,0.0064637163,0.0005936632,0.021659115,0.060818702
PLEKHA7,0.00013168463,0.008241615,0.00036749878,0.02852346,0.004046353
PLEKHA8,0.00029841444,0.023029797,0.00020171647,0.015479423,0.039180752
PLEKHB1,0.09472365,0.02149548,0.189406,0.025950173,0.015744291
PLEKHB2,0.0016489296,0.029341483,0.00017114884,0.025507925,0.01523707
PLEKHF1,0.0007786156,0.021797668,0.00046304785,0.011681861,0.029856108
PLEKHF2,0.0007921276,0.08991089,0.00030971304,0.13666254,0.033348765
PLEKHG2,0.12917398,0.04974397,0.090552956,0.027358834,0.060980044
PLEKHG4,0.6168024,0.09762923,0.34714505,0.05061941,0.20554131
PLEKHG5,0.0015748979,0.0068279826,0.0070309546,0.01804367,0.01972913
PLEKHH2,0.0012296219,0.039175134,0.00025456748,0.01146169,0.06540454
PLEKHJ1,0.0004298632,0.023606064,0.0002958488,0.048723042,0.01863136
PLEKHM1,0.02305593,0.00963839,0.28065175,0.08972444,0.013819123
PLEKHM2,0.001098086,0.026126303,0.00018695467,0.017275047,0.031988963
PLEKHM3,0.0013631553,0.024481334,0.00020937918,0.023442874,0.09666785
PLEKHN1,0.00027956069,0.01163414,0.00020937918,0.03972294,0.013663883
PLEKHO1,0.00042754356,0.036325436,0.00023585297,0.054802448,0.006596618
PLEKHO2,0.00068773347,0.011544974,0.00013951962,0.013998775,0.02473913
PLG,0.027703434,0.010633837,0.15126589,0.07711649,0.0038714113
PLGRKT,0.0005940464,0.010875262,0.00013818001,0.03404868,0.012108836
PLIN1,0.0001927618,0.0054553435,0.0009264643,0.03158699,0.007508253
PLIN2,0.19769974,0.050054878,0.30602634,0.010767184,0.03673422
PLIN3,0.00050995254,0.0039229295,0.00014470085,0.024358278,0.007810569
PLIN4,0.00018653019,0.0066818786,0.00015657276,0.020175396,0.020942783
PLIN5,0.002668209,0.012975784,0.0021254395,0.01804367,0.028887495
PLK1,0.09063854,0.12247977,0.45400354,0.08337947,0.076056644
PLK2,0.15278076,0.025724066,0.15030976,0.070808105,0.018422326
PLK3,0.22514531,0.06982182,0.21062861,0.11239969,0.054489717
PLK4,0.14431506,0.11371956,0.1685194,0.09555007,0.15418352
PLK5,0.0012929812,0.011181383,0.0020548473,0.01804367,0.020361895
PLLP,0.002498202,0.018273873,0.0002649634,0.017732777,0.022349158
PLN,0.00035082485,0.015586712,0.00019602054,0.017028475,0.016868543
PLOD1,0.14734489,0.029035825,0.17383239,0.09711622,0.013365928
PLOD2,0.09699797,0.017032284,0.17549653,0.054051317,0.018372854
PLOD3,0.00016422915,0.01771332,0.00012931046,0.037634082,0.01409577
PLP1,0.06563556,0.017874695,0.08304112,0.026801215,0.019657867
PLP2,0.00053518644,0.02661785,0.00033240425,0.02372016,0.009739465
PLPBP,0.001977154,0.009025882,0.0628893,0.01804367,0.01152859
PLPP1,0.060039338,0.025041465,0.0628893,0.01804367,0.057903897
PLPP2,0.0034938548,0.0037608123,0.0628893,0.01804367,0.004798912
PLPP5,0.006264319,0.016867459,0.0628893,0.01804367,0.08145093
PLPP6,0.009207504,0.0060347407,0.0628893,0.01804367,0.017450618
PLPPR2,0.033210423,0.015214861,0.0628893,0.01804367,0.019893432
PLRG1,0.0017854526,0.19175498,0.00032208717,0.10410274,0.37988722
PLS1,0.00076058006,0.035291083,0.00017516506,0.06389214,0.035409663
PLS3,0.00019062131,0.039922517,0.00010556478,0.037634082,0.021671467
PLSCR1,0.651338,0.43833315,0.40173224,0.14791091,0.24742015
PLSCR2,0.0006823123,0.012162674,0.00015797114,0.023442874,0.028332027
PLSCR3,0.11514012,0.014740375,0.2187708,0.03770934,0.0086926855
PLSCR4,0.00018965069,0.012470495,0.00013392809,0.15504573,0.009204929
PLTP,0.000787693,0.015449613,0.00015337084,0.015111009,0.016897755
PLVAP,0.0019632129,0.010767107,0.0017473482,0.01804367,0.022892399
PLXDC1,0.48323712,0.108117245,0.45807567,0.04624848,0.2131015
PLXDC2,0.0016521126,0.030450415,0.0014963804,0.04624848,0.06097711
PLXNA1,0.00019152918,0.006916649,0.00021137182,0.043245353,0.025368812
PLXNA2,0.0010231833,0.04623764,0.00049002265,0.028389448,0.03376827
PLXNA3,0.00042184946,0.011255211,0.00015955507,0.050757743,0.007372324
PLXNA4,0.0004429264,0.0101578515,0.00015511204,0.022973275,0.012290211
PLXNB1,0.00048050264,0.032061268,0.0001751228,0.04876288,0.019746015
PLXNB2,0.00031442445,0.021087814,0.00013222593,0.022286717,0.01781827
PLXNB3,0.001157729,0.03896015,0.00018219628,0.0113217095,0.019478211
PLXNC1,0.0004087437,0.0029660508,0.00012307717,0.013978116,0.0075942315
PLXND1,0.00027247836,0.005755407,0.00031569775,0.05379708,0.007807533
PMAIP1,0.00030744894,0.016352288,0.00019249126,0.024893265,0.01464492
PMCH,0.0010130623,0.044222735,0.00032740444,0.017500447,0.07402831
PMEL,0.003793284,0.015701123,0.00095159636,0.01804367,0.016221238
PMEPA1,0.00030276985,0.01891264,0.00012774895,0.023806559,0.01039959
PMF1,0.6556624,0.5066782,0.34183434,0.04792855,0.5648304
PMFBP1,0.0039647967,0.023531225,0.0021414745,0.01804367,0.024793422
PML,0.06386933,0.06040617,0.3883,0.08468494,0.025802981
PMM2,0.00034060515,0.019384403,0.0005666372,0.011722919,0.031649414
PMP2,0.0010438582,0.029100658,0.00020290937,0.022973275,0.035605665
PMP22,0.0005375002,0.0077085407,0.00041343374,0.011851088,0.012053183
PMPCA,0.0025290512,0.19633159,0.00012532854,0.046359513,0.25434008
PMPCB,0.041068435,0.07235037,0.16773309,0.02927176,0.12700358
PMS1,0.6573587,0.4231303,0.5843672,0.10122562,0.13069662
PMS2,0.5828931,0.48791152,0.56399053,0.26108727,0.18676761
PMVK,0.14150831,0.031371888,0.12233238,0.070112325,0.045305885
PNCK,0.003994581,0.009007127,0.0057298797,0.01804367,0.026650485
PNISR,0.06508298,0.029695258,0.037829615,0.011722919,0.09468837
PNKD,0.00066502,0.0078703705,0.00018912628,0.07801109,0.011469176
PNKP,0.06641982,0.044448685,0.11343536,0.08956298,0.035623156
PNLDC1,0.0028432815,0.012592891,0.005885539,0.01804367,0.02179084
PNLIP,0.0013392129,0.067581326,0.00070713775,0.013913607,0.078726344
PNLIPRP1,0.00069051544,0.010176759,0.00013951962,0.0109855905,0.01994015
PNMA1,0.026540361,0.092262186,0.0073879207,0.12210298,0.031054854
PNMA2,0.0001577273,0.042488415,0.00011771675,0.06339584,0.018793428
PNMA5,0.00039092128,0.019570712,0.00013463052,0.09044832,0.014396984
PNMA6A,0.0016408204,0.022471586,0.00062546827,0.010057129,0.026374191
PNMA8A,0.009196678,0.0116019,0.0628893,0.01804367,0.052941177
PNN,0.5034281,0.3645956,0.2242622,0.0664483,0.28166172
PNO1,0.00072068593,0.07787194,0.00027077436,0.058489792,0.1553131
PNP,0.00043263848,0.0394919,8.503601e-05,0.07092229,0.030801559
PNPLA2,0.00097363937,0.025079211,0.00015652872,0.046359513,0.034074835
PNPLA3,0.0008002452,0.0050895656,0.0002898114,0.009077163,0.014389759
PNPLA4,0.0026632966,0.011583116,0.0052782134,0.01804367,0.031248942
PNPLA6,0.00033258557,0.018414063,0.00013584268,0.032661267,0.018934049
PNPLA7,0.0022582836,0.010137759,0.0027128276,0.01804367,0.062077507
PNPO,0.0001734075,0.003912288,0.00016764922,0.013998775,0.0055328268
PNPT1,0.00071984704,0.09963175,0.00010934142,0.043872934,0.12840614
PNRC1,0.000464096,0.02245911,7.893123e-05,0.09492725,0.022747058
PNRC2,0.0007234442,0.03798965,0.00013176564,0.054003723,0.031852033
POC1A,0.0036927462,0.10458,0.002128344,0.01804367,0.23323616
POC1B,0.0034402576,0.07834857,0.0013508738,0.020951219,0.08373484
POC5,0.0011707576,0.04283667,0.00030047251,0.011245472,0.13956593
PODN,0.0019239958,0.01684951,0.0010847434,0.01804367,0.021897152
PODXL,0.00037135978,0.010275466,0.00022472964,0.019543022,0.012135538
POF1B,0.000761393,0.009837791,0.00023163541,0.037062395,0.04926021
POFUT1,0.13279419,0.022111459,0.101069406,0.041553,0.023547899
POFUT2,0.0004169104,0.008520559,0.00020243147,0.008382098,0.01398262
POGK,0.000599611,0.05154885,0.00023549254,0.0229092,0.051096722
POGLUT1,0.003968719,0.0044030803,0.0025659683,0.01804367,0.011617373
POGLUT2,0.016287383,0.020923723,0.0628893,0.01804367,0.029332874
POGZ,0.0007664677,0.113490306,0.0003951525,0.09588809,0.071188174
POLA1,0.8730186,0.68397266,0.5077292,0.3284678,0.6944468
POLA2,0.0019517611,0.16528523,0.00026619728,0.12969749,0.19125079
POLB,0.6374772,0.25614718,0.4978764,0.15001431,0.15670514
POLD1,0.36873242,0.26854974,0.68023854,0.24461347,0.36669973
POLD2,0.00039197004,0.031028364,0.000192028,0.21896498,0.05702405
POLD3,0.23257768,0.40183142,0.11695714,0.19345498,0.42243788
POLD4,0.123598814,0.018484991,0.119799964,0.046464518,0.04425958
POLDIP3,0.09956578,0.038612835,0.1491197,0.0437502,0.023797702
POLE,0.8066055,0.724476,0.54990715,0.4118715,0.59457916
POLE2,0.10568599,0.046499465,0.26291108,0.048992272,0.06877442
POLE3,0.0011996952,0.043178488,9.928093e-05,0.033313055,0.09310117
POLE4,0.0002953508,0.024253603,0.00033193114,0.07730796,0.04649067
POLG,0.791571,0.5035927,0.45963994,0.0698648,0.41150558
POLG2,0.00081542274,0.08347287,0.00026483004,0.024041327,0.053469636
POLH,0.2317447,0.10501065,0.1887376,0.05205395,0.07472448
POLI,0.00057449203,0.044165745,0.000110205314,0.07012308,0.062169682
POLK,0.13480906,0.015561024,0.133873,0.06419186,0.016009793
POLL,0.00042377668,0.024834244,0.00011992027,0.1073017,0.012155035
POLM,0.7504853,0.4501492,0.5549458,0.088859566,0.4477275
POLN,0.5004644,0.2837568,0.30615774,0.47111386,0.08706957
POLQ,0.00045775142,0.015107035,0.00012507319,0.010057129,0.074462265
POLR1A,0.0006069012,0.118983984,0.0002913856,0.17620422,0.058638256
POLR1B,0.00042014604,0.20751561,0.00016291976,0.106358275,0.080870315
POLR1C,0.17786556,0.2161249,0.19402935,0.11206399,0.21958515
POLR1D,0.00085637864,0.046448693,0.00030276578,0.052630316,0.02573621
POLR1E,0.0006377435,0.07187224,0.0003693297,0.0853248,0.06879819
POLR2B,0.2821588,0.28286114,0.29560927,0.20126033,0.13801506
POLR2C,0.0013840648,0.20302445,0.00028869175,0.15151422,0.12360546
POLR2D,0.00077409757,0.13808015,0.00021708154,0.05440505,0.17895834
POLR2E,0.001329926,0.12899609,8.351061e-05,0.15810028,0.08589124
POLR2F,0.004788409,0.13679503,9.0083806e-05,0.13015172,0.12284917
POLR2G,0.0012253894,0.09376852,0.00023694569,0.14738159,0.02902653
POLR2H,0.12682474,0.08253398,0.17478174,0.24410444,0.06700289
POLR2I,0.11879382,0.06315182,0.15867443,0.13456954,0.09406055
POLR2K,0.61710715,0.6331851,0.3226062,0.2566703,0.5922199
POLR2L,0.1177109,0.1241975,0.43371066,0.49531785,0.1943363
POLR2M,0.0008338534,0.07794071,0.00011734567,0.13865769,0.03606806
POLR3A,0.34001872,0.07709215,0.19408356,0.02504491,0.17421883
POLR3B,0.3922632,0.29996458,0.38706443,0.07357072,0.4536037
POLR3C,0.0010489123,0.12466488,0.00013553965,0.04538841,0.15729891
POLR3D,0.02001431,0.02778317,0.11684524,0.04992053,0.04141546
POLR3E,0.00025295466,0.025297359,0.00017234628,0.043185964,0.018155282
POLR3F,0.30320156,0.038644515,0.60035384,0.037634082,0.083283246
POLR3G,0.00048775133,0.023257464,0.00019519505,0.03404868,0.043522414
POLR3GL,0.0004384809,0.014951292,0.00011356181,0.011245472,0.04590619
POLR3H,0.0004942241,0.040614918,0.00027411262,0.032661267,0.098286435
POLR3K,0.1161314,0.06014774,0.4605013,0.008382098,0.03974715
POLRMT,0.0009683232,0.059014365,0.00024130734,0.06684685,0.09394104
POM121,0.00069207756,0.03857675,0.00060750416,0.08415961,0.030133946
POM121C,0.0005111541,0.0315127,0.00013651128,0.019864498,0.029874716
POM121L2,0.008448934,0.010603915,0.0048728064,0.01804367,0.028174503
POMC,0.32588214,0.09655178,0.20765197,0.026285442,0.12015446
POMGNT1,0.00039459253,0.011186816,0.00012996599,0.016529309,0.03804277
POMGNT2,0.0004435813,0.0059167985,0.0018112237,0.026462918,0.019721078
POMK,0.0007241246,0.045413893,0.0002996932,0.03940597,0.058567885
POMP,0.00075164397,0.14904827,0.00010969817,0.048051927,0.07349938
POMT1,0.0008319803,0.027173303,7.4166855e-05,0.009380428,0.07354198
POMT2,0.00018799557,0.008988278,7.074322e-05,0.022973275,0.009094852
PON1,0.00091514457,0.015810836,0.00018145997,0.045023136,0.031969965
PON2,0.03701525,0.0076207956,0.043657612,0.07290339,0.007059773
PON3,0.010004636,0.04004446,0.011362126,0.01804367,0.06867037
POP1,0.00042110917,0.04548926,0.00013893045,0.049953785,0.082906045
POP4,0.0021343902,0.15926081,0.00015866722,0.03561833,0.09747883
POP5,0.0023638122,0.08261335,0.00025772443,0.018621562,0.18531175
POP7,0.0003054159,0.028259035,0.00014490935,0.1275298,0.040590316
POPDC2,0.00026951075,0.014460037,0.000983247,0.008382098,0.067010894
POR,0.114130124,0.045137472,0.3075545,0.07534827,0.020890042
PORCN,0.06727362,0.016118316,0.05695798,0.008837881,0.020162797
POT1,0.66217816,0.5760485,0.4756479,0.06536898,0.34969765
POTEE,0.119550265,0.030500544,0.03209661,0.016212763,0.026378004
POU1F1,0.000656128,0.04286413,0.00010826718,0.13028966,0.021272628
POU2AF1,0.0004861226,0.013612989,0.0001727222,0.049831238,0.030785007
POU2F1,0.3410238,0.28360972,0.33315352,0.25730586,0.38340938
POU2F2,0.103279755,0.028880402,0.1736315,0.033207905,0.020875784
POU2F3,0.00028439457,0.011116293,0.00014895547,0.013998775,0.015608603
POU3F2,0.00030830633,0.00832393,8.455425e-05,0.02504491,0.008790514
POU3F3,0.108958334,0.012882307,0.14534183,0.011851088,0.017542925
POU3F4,0.0004053722,0.016570186,0.00017017913,0.019543022,0.016362078
POU4F1,0.110667035,0.008352413,0.16320913,0.04624848,0.022364495
POU4F2,0.0005541861,0.0030090914,0.000203331,0.027054181,0.007617706
POU5F1,0.00045221302,0.019818906,0.000118089105,0.014107352,0.010724953
POU5F2,0.0006433934,0.0043267645,0.010363651,0.01804367,0.0069160922
PP2D1,0.00089155865,0.022273336,0.00015797114,0.017034966,0.041414466
PPA1,0.0004128203,0.048005294,0.00012463066,0.13822865,0.10654936
PPA2,0.00032087287,0.055193543,0.00020272507,0.046332557,0.034292843
PPAN,0.00034344764,0.04453522,0.0005706789,0.024222368,0.043846436
PPARA,0.19886921,0.026398495,0.27950838,0.047931377,0.014540587
PPARD,0.00080601795,0.08104741,5.6849334e-05,0.107880354,0.042081576
PPARG,0.0006379608,0.06170013,6.764803e-05,0.096548475,0.027023517
PPARGC1A,0.0012921029,0.11435833,0.00010512118,0.14289773,0.051555507
PPARGC1B,0.0005198754,0.034900997,0.00014570146,0.06257514,0.037838843
PPAT,0.16402899,0.014907981,0.19666263,0.026245177,0.05130627
PPBP,0.00096591143,0.117476046,0.00028081806,0.05400348,0.044280447
PPCDC,0.00019274636,0.020753456,0.000113049886,0.038723007,0.031826008
PPCS,0.22413827,0.029048564,0.18893312,0.023442874,0.095781
PPDPF,0.0005779793,0.009522427,0.00017711628,0.023442874,0.020295937
PPDPFL,0.03170522,0.014446596,0.0628893,0.01804367,0.013643629
PPEF2,0.0005102083,0.01023874,0.00026311763,0.009690155,0.01599266
PPFIA1,0.28681856,0.06346748,0.32112116,0.10160875,0.09577206
PPFIA2,0.00034582656,0.020471098,0.00022886034,0.07130209,0.02543716
PPFIA3,0.0004238581,0.0154865105,7.4249154e-05,0.069421805,0.008600439
PPFIA4,0.00049125665,0.008829176,0.00023484275,0.03823579,0.01576253
PPFIBP1,0.0006751881,0.032695204,0.0006335673,0.013933608,0.024563102
PPFIBP2,0.0005718199,0.04138785,0.00027783858,0.022286717,0.06610745
PPHLN1,0.00073024025,0.0589964,0.00011872841,0.054003723,0.055829912
PPIA,0.00029303206,0.055417564,0.00060176593,0.06761431,0.044950966
PPIB,0.0008406034,0.011543559,0.0003715882,0.06778434,0.0081854435
PPIC,0.0017651216,0.053424787,0.0001392392,0.025065692,0.048268065
PPID,0.00073890405,0.06927862,0.00022210611,0.06460221,0.08318227
PPIE,0.28504318,0.14943314,0.12867974,0.031919457,0.11627734
PPIF,0.0010014533,0.057047278,0.00013621156,0.113731965,0.056385275
PPIG,0.0006478103,0.06584671,0.00011981123,0.063566156,0.024042021
PPIH,0.0005437339,0.05266528,0.00014878016,0.034771934,0.045190535
PPIL1,0.063597426,0.05782762,0.10080147,0.037634082,0.053379435
PPIL2,0.000895442,0.030118976,0.00023849736,0.02390177,0.12367024
PPIL3,0.00045995458,0.017463516,0.00023411127,0.02998972,0.025640002
PPIL4,0.0003211578,0.0236251,0.000280428,0.04825741,0.04020696
PPIP5K1,0.00050083664,0.026135247,6.1073464e-05,0.10439912,0.047650456
PPIP5K2,0.00018956263,0.009677892,0.00020199189,0.0698648,0.014240929
PPL,0.21210362,0.04698494,0.11126884,0.053263072,0.040960394
PPM1A,0.2634957,0.06298226,0.21300824,0.064063706,0.031181138
PPM1B,0.00030408837,0.014914327,0.00013910039,0.058757395,0.0056665675
PPM1D,0.65651447,0.6932423,0.25444597,0.12558235,0.84187925
PPM1F,0.25761917,0.049932662,0.36276966,0.02504491,0.10523379
PPM1G,0.0022660615,0.12718962,0.00016647711,0.099254586,0.19528113
PPM1H,0.00205955,0.011071309,0.004068489,0.01804367,0.035045248
PPM1J,0.0006543198,0.0077362517,0.00029362887,0.02500289,0.012437085
PPM1L,0.00062746875,0.0072570657,0.00063298637,0.020951219,0.020184824
PPM1M,0.0015202733,0.00663571,0.012705595,0.01804367,0.010134142
PPM1N,0.0014152795,0.010820439,0.0008231056,0.01804367,0.016225697
PPME1,0.07758192,0.027461145,0.07732918,0.04142128,0.055282418
PPOX,0.0007053763,0.0121807065,0.00065558945,0.024950339,0.025110729
PPP1CA,0.13221155,0.13456447,0.24334934,0.4187959,0.027707962
PPP1CB,0.00096092623,0.13444385,0.000101219855,0.06898343,0.08081981
PPP1CC,0.3520857,0.21091977,0.3142948,0.17910118,0.016929636
PPP1R10,0.0013702183,0.1116493,0.00022841411,0.082221754,0.13975942
PPP1R11,0.0007134084,0.121666424,4.6372974e-05,0.023225589,0.2838006
PPP1R12A,0.00036780952,0.09076313,0.00020306188,0.0851105,0.10176783
PPP1R12B,0.0010750736,0.065468244,0.00012122486,0.0229092,0.02181481
PPP1R12C,0.00073745777,0.053332955,0.00016717735,0.05132467,0.031416707
PPP1R13B,0.0002717623,0.030319018,0.00018570357,0.07012308,0.018426796
PPP1R13L,0.09967731,0.018279089,0.13934691,0.056604307,0.015595414
PPP1R14A,0.00042305217,0.009565795,0.00022645984,0.040572207,0.00607599
PPP1R14B,0.0001658712,0.010845614,0.0003923222,0.034017965,0.024348777
PPP1R14D,0.004617758,0.022111619,0.0008231056,0.01804367,0.014777464
PPP1R15A,0.00029715337,0.04437965,0.0001315545,0.06603832,0.018807651
PPP1R16A,0.0016354292,0.07399215,0.0002864712,0.07007879,0.028961273
PPP1R16B,0.00048826536,0.031889413,0.00016510511,0.04157456,0.028284289
PPP1R17,0.00036717294,0.018900601,0.00047880018,0.07357072,0.026839884
PPP1R18,0.0004949008,0.060089022,0.0001248362,0.04819068,0.019934386
PPP1R1A,0.0003052232,0.008565714,0.00013150356,0.008382098,0.009100126
PPP1R1B,0.00064463937,0.01259288,0.00021458082,0.024222368,0.012355095
PPP1R2,0.11569043,0.039560344,0.18235429,0.034278546,0.08121667
PPP1R26,0.00034367118,0.010176169,0.00022704835,0.05802234,0.016437512
PPP1R27,0.0005377036,0.008850617,0.00012175974,0.016212763,0.016060125
PPP1R35,0.0004333536,0.014592587,0.00032452837,0.029750155,0.04119658
PPP1R37,0.00047041685,0.017076872,0.00036594446,0.018586725,0.02927697
PPP1R3B,0.0001437895,0.0053683426,0.00015858584,0.036235023,0.0078611495
PPP1R3C,0.0004942648,0.05034659,0.0002436509,0.0252768,0.037077468
PPP1R3D,0.00033165942,0.01911343,0.00021366536,0.028792977,0.016110182
PPP1R3F,0.0076079792,0.021067865,0.00536012,0.01804367,0.01614969
PPP1R7,0.11591616,0.097203314,0.11528025,0.10842442,0.04981039
PPP1R8,0.63329136,0.5693208,0.22620673,0.06134819,0.60326916
PPP1R9A,0.00029684784,0.009844919,0.00015900012,0.066811405,0.011704288
PPP2CA,0.046045903,0.042540204,0.21126091,0.217425,0.049184516
PPP2CB,0.4844577,0.054296356,0.40514365,0.19858047,0.053750284
PPP2R1A,0.23009777,0.081861675,0.36891288,0.25043225,0.0309267
PPP2R1B,0.6465295,0.44263244,0.6776239,0.39268488,0.27765748
PPP2R2A,0.10475924,0.03430622,0.39332318,0.23822911,0.05217666
PPP2R2B,0.03182712,0.06624347,0.007816077,0.14847688,0.013820695
PPP2R2C,0.00081051054,0.024081117,0.00037667202,0.046585087,0.028289946
PPP2R3A,0.001749309,0.048509315,0.00015259713,0.07554605,0.04501084
PPP2R3C,0.0007348536,0.062469997,0.0003948509,0.04785222,0.08732855
PPP2R5A,0.7225301,0.5435514,0.6157296,0.30596855,0.1524358
PPP2R5B,0.00039313556,0.1299491,0.00015111441,0.05539817,0.0150036095
PPP2R5C,0.000193025,0.06281097,0.00012519573,0.17422187,0.0286874
PPP2R5D,0.0006934346,0.17579372,0.00029860542,0.19981565,0.052803967
PPP2R5E,0.3432332,0.13396198,0.48416138,0.08394887,0.086199276
PPP3CA,0.067472085,0.033804797,0.31517696,0.095635734,0.013759846
PPP3CB,0.1499064,0.026421962,0.14173268,0.07433077,0.023927344
PPP3CC,0.083734885,0.017944224,0.19144085,0.05132467,0.012584949
PPP3R1,0.3200297,0.091269426,0.30165792,0.04538841,0.07811016
PPP3R2,0.00064890523,0.011719672,0.00059267017,0.02678978,0.015060337
PPP4C,0.087965,0.038723316,0.12271524,0.10427306,0.062215615
PPP4R1,0.0012405838,0.050738253,0.0004670907,0.07290339,0.057070497
PPP4R2,0.0007809444,0.036148388,0.00033613289,0.02679841,0.04516095
PPP4R3A,0.025557231,0.027249282,0.0628893,0.01804367,0.043581296
PPP4R3B,0.0068740207,0.005745807,0.0628893,0.01804367,0.023813337
PPP4R4,0.000111598376,0.0062015248,0.00025206583,0.008382098,0.0057095685
PPP5C,0.0005558779,0.086395524,0.00015114942,0.1414921,0.08861751
PPP6C,0.00039933642,0.035299674,7.268107e-05,0.0766543,0.039941054
PPP6R1,0.00054581376,0.021169377,0.00012310922,0.05200154,0.020720432
PPP6R2,0.000371751,0.013826649,0.00014924351,0.04401585,0.024180928
PPP6R3,0.13150962,0.090634726,0.21358423,0.033206817,0.09552814
PPRC1,0.00023420302,0.045937195,9.264058e-05,0.022454023,0.045707807
PPT1,0.0007047179,0.019039657,0.00013803029,0.032661267,0.041551158
PPT2,0.0006918395,0.0025179859,0.00036213855,0.023442874,0.013979194
PPTC7,0.00036606152,0.016916705,0.00027662353,0.023442874,0.03920062
PQBP1,0.00018802102,0.011709867,0.0002465829,0.05394154,0.0068708514
PRADC1,0.00038517657,0.0058937976,0.00015797114,0.02516947,0.0046539744
PRAF2,0.00064076536,0.04356928,0.00018930092,0.026095485,0.066037335
PRAM1,0.16359656,0.046278063,0.05614047,0.06847451,0.05385828
PRAME,0.0013028708,0.031496964,0.0002155633,0.011245472,0.035549995
PRAP1,0.001293331,0.009774078,0.0006311863,0.019239094,0.0067504733
PRC1,0.0006492717,0.06917523,6.0089293e-05,0.20543312,0.12682645
PRCC,0.00021990662,0.0060643903,0.00027677047,0.06051041,0.011954276
PRCP,0.0020660767,0.018126221,0.00026251926,0.01133714,0.041530192
PRDM1,0.00049050077,0.03457387,0.00040646904,0.033206817,0.02837283
PRDM11,0.004978005,0.016094595,0.0041718786,0.01804367,0.028767575
PRDM12,0.0012763785,0.010884581,0.0022312975,0.01804367,0.008848965
PRDM13,0.00048167518,0.008215663,0.00030131245,0.008382098,0.013562507
PRDM14,0.00014555441,0.022308983,0.00020332169,0.07330655,0.007344092
PRDM15,0.0034034809,0.013469936,0.0021692056,0.01804367,0.07057299
PRDM16,0.00024841973,0.0069797602,0.00046507805,0.011185222,0.007913006
PRDM2,0.00097563857,0.025675537,0.00010320492,0.13136064,0.0076248823
PRDM4,0.038984805,0.009249292,0.09085913,0.02572108,0.014030033
PRDM5,0.00034431624,0.004382994,0.00029062515,0.011722919,0.009880224
PRDM7,0.0003804969,0.0058531757,0.0009491208,0.012661081,0.016898848
PRDX1,0.09193755,0.12750499,0.13277729,0.26639286,0.049276505
PRDX2,0.15803821,0.026016153,0.19238164,0.10379852,0.023082934
PRDX2,0.15803821,0.026016153,0.19238164,0.10379852,0.023082934
PRDX3,0.0013422066,0.111198165,0.00030276578,0.042276483,0.06495602
PRDX4,0.000987456,0.042458706,0.00039936783,0.07019744,0.020655043
PRDX5,0.00039293678,0.04100887,0.00023185107,0.1096986,0.015856905
PRDX6,0.0002918872,0.0163591,0.00015601508,0.0570097,0.018101726
PREB,0.0003653747,0.020619446,0.0003250814,0.011245472,0.038035598
PRELP,0.0013295568,0.030031249,0.00068124285,0.033862993,0.03662436
PREP,0.0009353315,0.04865239,0.00037116423,0.027190577,0.042555984
PREPL,0.00043994837,0.0083537875,0.00022916995,0.04825741,0.026224203
PREX1,0.1232197,0.030311236,0.16414091,0.031919457,0.03963472
PREX2,0.00081189343,0.04512724,0.00018280062,0.011681861,0.04420716
PRF1,0.0002382885,0.012123299,0.00015748086,0.036648333,0.023826033
PRG2,0.00096997473,0.046889935,0.0003534081,0.02735076,0.041607846
PRG4,0.0006802402,0.0252403,0.00017445814,0.027054181,0.088601775
PRICKLE1,0.0009300631,0.020492831,0.0002086122,0.02621554,0.01808739
PRICKLE2,0.00040121665,0.014153159,0.00026735943,0.011722919,0.024975976
PRICKLE3,0.00073773856,0.019470535,0.00049849215,0.04095821,0.018056603
PRIM1,0.0006236593,0.032501727,0.00019882774,0.19420275,0.04484949
PRIMPOL,0.0010406773,0.004397459,0.0016652033,0.01804367,0.006951267
PRKAA1,0.5224524,0.14438441,0.32097584,0.19858047,0.18030864
PRKAA2,0.26726094,0.14718425,0.32438627,0.16742851,0.046975475
PRKAB1,0.6328421,0.61362433,0.4597213,0.2814532,0.17889188
PRKAB2,0.0016505318,0.0807219,0.0006169342,0.1468886,0.03408988
PRKACA,0.12553927,0.20706363,0.16126087,0.12217736,0.020115076
PRKACB,0.0010425895,0.13253906,0.0001361978,0.081642725,0.052069977
PRKACG,0.0020871747,0.01299498,0.00013278858,0.07545655,0.03581744
PRKAG1,0.000490375,0.056458924,0.0003459667,0.060489394,0.047379214
PRKAG2,0.0010511902,0.033716112,0.00015464742,0.10384995,0.02942185
PRKAG3,0.06332109,0.008314474,0.16330387,0.07226672,0.020674635
PRKAR1A,0.47513622,0.49868762,0.21434198,0.32741076,0.28401768
PRKAR1B,0.07777746,0.034563288,0.13728303,0.044564847,0.016031705
PRKAR2A,0.00040756786,0.036512088,0.00021242141,0.03996354,0.03191452
PRKAR2B,0.4559833,0.22042689,0.47329143,0.0850119,0.12017005
PRKCA,0.7581597,0.4880572,0.34012687,0.045120396,0.3335902
PRKCB,0.023120541,0.0780398,0.0026216093,0.04450586,0.051559262
PRKCD,0.4900743,0.51691383,0.1794441,0.16998054,0.14782166
PRKCE,0.12327507,0.058459938,0.14371854,0.11275657,0.049973883
PRKCG,0.0011342576,0.03807399,0.00055248156,0.10949398,0.033611808
PRKCH,0.00028837044,0.015555831,0.0002960449,0.065857254,0.014767074
PRKCI,0.0027731208,0.059696637,0.00054730347,0.10013232,0.17337058
PRKCQ,0.22621842,0.02968247,0.22784644,0.03912968,0.04059614
PRKCSH,0.08578388,0.03312531,0.11886627,0.08216916,0.016459968
PRKCZ,0.526942,0.42260534,0.3959992,0.16998054,0.1226111
PRKD1,0.00040609395,0.010812031,0.0003494944,0.03912968,0.0051131765
PRKD2,0.2211241,0.062393393,0.2912134,0.06113244,0.03507553
PRKD3,0.06704732,0.056345887,0.13680762,0.15273304,0.037108626
PRKG1,0.0006782693,0.09624104,0.00030971304,0.15814899,0.051263385
PRKG2,0.001616727,0.041537195,0.00013558812,0.046464518,0.026890853
PRKRA,0.2124828,0.033492297,0.3508049,0.05020412,0.05403133
PRKRIP1,0.0006411209,0.04060943,0.00040356445,0.03400955,0.041842926
PRKX,0.0005971609,0.018151531,0.00023570238,0.06831696,0.011357018
PRL,0.0008322389,0.009559999,0.00020395311,0.009690155,0.01615463
PRLHR,0.001317902,0.05274004,0.0007084693,0.020111026,0.05564326
PRLR,0.037586674,0.013886829,0.12246619,0.04718422,0.006248767
PRM1,0.0016256936,0.014648443,0.00016054229,0.012868392,0.026873775
PRMT1,0.11642846,0.036896348,0.20540486,0.15061387,0.036937978
PRMT2,0.0010896714,0.10079905,0.0001900821,0.05394154,0.1297562
PRMT3,0.0006684784,0.011121667,0.0003416043,0.09978102,0.022471724
PRMT5,0.024762012,0.023019433,0.31872013,0.06460228,0.012502975
PRMT5,0.024762012,0.023019433,0.31872013,0.06460228,0.012502975
PRMT6,0.00053067796,0.035063792,0.00020807146,0.05138601,0.021392064
PRMT7,0.00029955464,0.005468639,0.00033630678,0.020270698,0.0081089195
PRMT8,0.079582974,0.033670645,0.19208595,0.12755391,0.038307935
PRND,0.0005606849,0.0076667634,0.00027499686,0.010057129,0.008899957
PRNP,0.00035982736,0.027509267,0.0006320532,0.03984609,0.00816484
PROB1,0.0008605492,0.0034281781,0.0045080655,0.01804367,0.008313058
PROC,0.0031021042,0.057204667,0.000489362,0.023454601,0.035950154
PROCA1,0.0007592733,0.014510028,0.00027662353,0.016589584,0.02761659
PROCR,0.0011499894,0.029440608,0.0004737642,0.17915075,0.03976224
PROKR1,0.010372273,0.0070665246,0.049140237,0.01804367,0.018655743
PROKR2,0.0041019567,0.030747462,0.016208848,0.01804367,0.07143093
PROM1,0.14253165,0.018276839,0.27259213,0.042580854,0.025703514
PROP1,9.303213e-05,0.004792126,0.00046960323,0.016723575,0.006190895
PRORP,0.087535724,0.10948589,0.0628893,0.01804367,0.1305528
PROS1,0.00045258304,0.0071257423,0.00021787488,0.0145786395,0.005815445
PROSER1,0.0009528184,0.013677509,0.0004865417,0.015654534,0.034091458
PROSER2,0.0015684263,0.018752387,0.00021170563,0.039998848,0.021670997
PROX1,0.0010480604,0.024773514,0.00051853945,0.058897913,0.034291428
PRPF18,0.042426303,0.036491737,0.20548137,0.014542438,0.024676591
PRPF19,0.12930866,0.08711713,0.18567666,0.03507935,0.07457325
PRPF3,0.001627147,0.09137969,0.000114135124,0.19990277,0.08498449
PRPF31,0.0014580888,0.16430272,0.00029876374,0.10233982,0.17783192
PRPF38A,0.08428057,0.031900402,0.072066434,0.044195537,0.031787053
PRPF38B,0.0016853291,0.11054022,0.00015797114,0.024101408,0.11864692
PRPF39,0.00053456164,0.0770188,0.00035579968,0.02679841,0.09651543
PRPF4,0.0022452127,0.11733708,0.0002965938,0.052206963,0.14311375
PRPF40A,0.14082003,0.06359814,0.26055032,0.14351547,0.086193755
PRPF40B,0.0014615322,0.02717269,0.00031594856,0.022344308,0.064923175
PRPF6,0.0006144992,0.13771884,0.0002815035,0.14098792,0.1319253
PRPF8,0.74572337,0.6810635,0.33380377,0.31004706,0.67011255
PRPH,0.13002563,0.027389975,0.13904715,0.056604307,0.017453987
PRPH2,0.0001801434,0.0048729475,0.00035326395,0.009173206,0.0066062077
PRPS1,0.0005920796,0.011108936,0.0001854882,0.0297165,0.025907613
PRPS1L1,0.0008055803,0.10929027,0.00021461377,0.04223064,0.06400991
PRPS2,0.00051168696,0.016744193,0.00022472964,0.043872934,0.048329875
PRPSAP1,0.47010773,0.26288515,0.4125172,0.05394154,0.23949501
PRPSAP2,0.0031127143,0.045070026,0.00038892255,0.07801109,0.053011984
PRR11,0.00023778985,0.00907815,0.00032879107,0.023442874,0.02913096
PRR12,0.0020512238,0.030068954,0.00021170563,0.04624848,0.037845753
PRR13,0.0006305294,0.023042992,0.00021240297,0.07007879,0.019646842
PRR14,0.0005206845,0.02727616,0.00018069113,0.0229092,0.03161066
PRR14L,0.00020869495,0.008772215,0.00020290937,0.008678562,0.033786003
PRR15,0.00079730985,0.014836081,0.0004151333,0.017034966,0.04662922
PRR15L,0.0020016704,0.011915757,0.009152672,0.01804367,0.025524514
PRR16,0.0016970056,0.028705403,0.0002829247,0.025456108,0.06090366
PRR19,0.001554473,0.01834684,0.000519519,0.008605173,0.033955805
PRR22,0.0008154018,0.017641174,0.00056425267,0.07357072,0.03151585
PRR23A,0.0012633229,0.011814584,0.00079238205,0.01804367,0.02351831
PRR23B,0.002403731,0.025315734,0.0005588924,0.023442874,0.027112154
PRR3,0.00133564,0.037363973,0.0002041321,0.070112325,0.06391426
PRR32,0.0018102799,0.010636151,0.006156495,0.01804367,0.014962231
PRR5,0.00097999,0.038835116,0.00025680754,0.07545655,0.02790633
PRR5L,0.0010998977,0.034799017,0.00018284158,0.009173206,0.03605556
PRR7,0.0062638894,0.009402445,0.008080908,0.028074764,0.01387822
PRRC1,0.00035637355,0.042755626,0.00026796627,0.04142128,0.015477577
PRRC2A,0.0019076847,0.1100816,0.00015345642,0.13846682,0.053235758
PRRC2B,0.0006924305,0.06059054,0.00035981965,0.040722523,0.039882373
PRRC2C,0.00094480853,0.025328526,0.00013608577,0.0252768,0.019114316
PRRG1,0.0012277061,0.0064488268,0.0024663985,0.01804367,0.01340765
PRRG4,0.0006372171,0.018048923,0.0005518395,0.14359365,0.012071162
PRRT1,0.0013907182,0.008326713,0.00090418826,0.01804367,0.030998953
PRRT2,0.08526328,0.029716872,0.17993535,0.020270698,0.019901644
PRRT4,0.0026431582,0.005617796,0.0011028401,0.01804367,0.011066126
PRRX1,0.001161805,0.057193756,0.00017816883,0.080213815,0.029857716
PRRX2,0.0006174233,0.012758034,0.0002151842,0.008382098,0.0060152397
PRSS1,0.0003176087,0.019075215,0.0005631142,0.025507925,0.014523508
PRSS16,0.0016534445,0.0067865984,0.0014149845,0.01804367,0.04266982
PRSS21,0.0003208065,0.008926857,0.00019082153,0.020175396,0.010587539
PRSS22,0.00068370043,0.011847353,0.0049644965,0.01804367,0.013492011
PRSS23,0.0007935223,0.05279643,8.232592e-05,0.117734,0.0569345
PRSS27,0.0024960071,0.00849046,0.00090418826,0.01804367,0.014473819
PRSS3,0.0009949029,0.014568347,0.00042018486,0.07303544,0.031366535
PRSS33,0.07630854,0.011360428,0.017217472,0.017034966,0.02566522
PRSS36,0.0051241447,0.009365047,0.002310139,0.01804367,0.011503479
PRSS50,0.00057799753,0.0034513958,0.00025109627,0.015654534,0.002846888
PRSS58,0.0042851674,0.011389202,0.0008231056,0.01804367,0.01938938
PRSS8,0.11381516,0.0059871483,0.01785832,0.013978116,0.020702109
PRTFDC1,0.06628098,0.023676274,0.09889316,0.024893265,0.01394064
PRTG,0.0012914255,0.03288124,0.00020700155,0.023442874,0.040900234
PRTN3,0.123813346,0.053464625,0.050845347,0.06728354,0.07263235
PRUNE2,0.00073027995,0.018881878,4.030723e-05,0.06621818,0.031009432
PRX,0.05613179,0.027118355,0.066382766,0.03823579,0.030135
PRXL2B,0.008661738,0.014544625,0.0628893,0.01804367,0.014409764
PSAP,0.0008996097,0.0749075,0.0001681314,0.07584733,0.029618723
PSAPL1,0.000745847,0.005309558,0.0010897062,0.01804367,0.00579096
PSAT1,0.0013552131,0.018942315,0.00022590798,0.024222368,0.020657476
PSCA,0.000977121,0.0015930953,0.005484534,0.01804367,0.0026580342
PSD,0.000832332,0.016360335,9.338294e-05,0.030166155,0.019350143
PSD2,0.0011718336,0.0048429775,0.0016533541,0.01804367,0.010425808
PSD3,0.0011926737,0.010000854,0.00024956543,0.03404868,0.015013943
PSD4,0.00048083114,0.009668386,0.00019458555,0.021659115,0.013628923
PSEN1,0.14138645,0.042455643,0.50689304,0.0494123,0.01611316
PSEN2,0.00047482076,0.033112697,0.0012066811,0.086200684,0.029627908
PSENEN,0.003969179,0.039724343,8.719481e-05,0.014751521,0.08107526
PSG3,0.0005960748,0.049993854,0.00015797114,0.02107806,0.060041476
PSIP1,0.00029733358,0.021528477,0.00014134476,0.025507925,0.022055183
PSKH1,0.0004711656,0.019071518,0.000102498954,0.026517374,0.029978877
PSKH2,0.76085216,0.2767606,0.21408878,0.09978102,0.27380016
PSMA1,0.86945474,0.8211551,0.45980647,0.38008052,0.70183444
PSMA2,0.0013904712,0.39078012,0.00010341888,0.14572074,0.24671131
PSMA3,0.43237287,0.13961592,0.114425145,0.38008052,0.16075592
PSMA4,0.29940784,0.18552534,0.44071674,0.084635444,0.17780498
PSMA5,0.7564329,0.6028316,0.5067926,0.07311051,0.61613995
PSMA6,0.14387496,0.06741517,0.43745783,0.062204275,0.0302643
PSMA7,0.054449316,0.04878756,0.28116408,0.07003943,0.09330903
PSMA8,0.0008583904,0.022534054,0.00016101894,0.034017965,0.05998604
PSMB1,0.001183561,0.12799144,6.024547e-05,0.19858047,0.13264206
PSMB10,0.176634,0.044752814,0.20506673,0.044351716,0.024008505
PSMB11,0.005473748,0.012625746,0.009044125,0.01804367,0.02417405
PSMB2,0.16842642,0.17147665,0.32486892,0.18750717,0.1383687
PSMB3,0.0010544956,0.105777636,0.00010603077,0.12541975,0.11193407
PSMB4,0.15289772,0.074661866,0.4428814,0.12541975,0.07584013
PSMB5,0.11275209,0.10128035,0.28581867,0.12541975,0.039124336
PSMB6,0.9216932,0.8309931,0.50409186,0.18750717,0.8006239
PSMB7,0.091831006,0.06018802,0.33287486,0.13249134,0.036544677
PSMB8,0.0003261465,0.011191711,7.7569384e-05,0.08179511,0.014614311
PSMB9,0.00057279685,0.034601893,9.691623e-05,0.068165675,0.026087914
PSMC1,0.7870988,0.5893314,0.6687711,0.12738432,0.6011724
PSMC2,0.6392429,0.42338148,0.6687711,0.16742851,0.44039625
PSMC3,0.09105873,0.0859332,0.43745783,0.0494123,0.06719261
PSMC3IP,0.00048413352,0.037493233,8.195871e-05,0.05164654,0.05085335
PSMC4,0.58542097,0.091774605,0.65513086,0.14572074,0.11264923
PSMC5,0.32437932,0.06598138,0.5441263,0.25043225,0.038377948
PSMC6,0.846194,0.70154923,0.4637836,0.11502292,0.7310504
PSMD1,0.12260843,0.08812766,0.14969401,0.12738432,0.08874177
PSMD10,0.0004469308,0.042877853,8.782233e-05,0.33269605,0.08213599
PSMD11,0.35095203,0.16126487,0.46321753,0.04535214,0.18499625
PSMD12,0.85730225,0.7372318,0.60234505,0.28435743,0.59054893
PSMD13,0.0014130594,0.43924198,9.93639e-05,0.28435743,0.24794933
PSMD14,0.32098818,0.11112077,0.25344044,0.08050656,0.14167991
PSMD2,0.090394296,0.039456423,0.025715979,0.35492384,0.042883266
PSMD3,0.069125354,0.16294992,0.1201055,0.31401303,0.049976327
PSMD4,0.1172703,0.03856018,0.19486035,0.13594323,0.033925995
PSMD5,0.0013481387,0.09015448,9.806929e-05,0.10543716,0.05416555
PSMD6,0.7801821,0.8008,0.6687711,0.2931164,0.6793613
PSMD7,0.0019953782,0.27291027,9.93639e-05,0.11502292,0.22459319
PSMD8,0.0024950493,0.17935717,0.00010341888,0.15246657,0.11633414
PSMD9,0.12843765,0.04885381,0.17149118,0.12246829,0.036666382
PSME1,0.0005119199,0.016324187,5.7830497e-05,0.05200882,0.024773402
PSME2,0.000550662,0.01563467,0.00012347085,0.0297165,0.028004082
PSME3,0.00025600375,0.09082926,9.93639e-05,0.34365883,0.016906407
PSME3IP1,0.006088968,0.030747533,0.0628893,0.01804367,0.059286732
PSME4,0.0007815296,0.032290246,0.00013555905,0.042349454,0.02507439
PSMF1,0.24969864,0.079247266,0.36131945,0.0756093,0.08579286
PSMG1,0.0009051671,0.053365774,0.00016459159,0.02998972,0.026994651
PSMG2,0.0017344226,0.07134661,0.00020243804,0.021026954,0.11001217
PSMG3,0.00051222247,0.091567285,4.72812e-05,0.01133714,0.1627747
PSMG4,0.0018272194,0.112670876,0.00076423923,0.023442874,0.12981363
PSPC1,0.00044375256,0.016206231,0.00022841411,0.026436144,0.01221934
PSPH,0.051656622,0.015370341,0.1785573,0.07876725,0.016817888
PSRC1,0.0008223809,0.022657176,0.0002300803,0.008678562,0.021848919
PSTPIP1,0.00079700747,0.05899908,0.00015652813,0.10949398,0.020094633
PSTPIP2,0.00056132465,0.012789533,0.00013951962,0.0123439105,0.015779657
PTAFR,0.001625867,0.029405862,0.00015106182,0.02372016,0.06226449
PTAR1,0.031807985,0.056342546,0.021195628,0.023442874,0.06395025
PTBP1,0.0004935389,0.046497,0.0001482682,0.09137379,0.050792575
PTBP2,0.0010622669,0.104454376,0.0001223791,0.06702567,0.08259792
PTCD3,0.12853706,0.042882383,0.114932165,0.05755989,0.031622272
PTCH1,0.15811877,0.02109508,0.14689977,0.022906292,0.03591111
PTCH2,0.00048514147,0.0062028235,0.0003645833,0.008910702,0.01623827
PTCHD1,0.00054664,0.005752065,0.0030309241,0.01804367,0.0052579287
PTDSS1,0.000275139,0.029454889,0.00017654554,0.009380428,0.03530192
PTDSS2,0.00016648554,0.0038027545,0.0002513981,0.023442874,0.0059888256
PTEN,0.7847588,0.6364533,0.39667743,0.14959197,0.68466
PTF1A,0.0007549472,0.008776271,0.0012876518,0.008382098,0.021031717
PTGDR,0.00022731455,0.029581927,0.0004507852,0.04624848,0.014443467
PTGDS,0.00041782547,0.023977948,7.8752826e-05,0.055141196,0.021117654
PTGER1,0.06278754,0.007668941,0.08918965,0.02107806,0.016135484
PTGER2,0.00034796723,0.010282758,0.00025202785,0.017169835,0.016294695
PTGER3,0.001203928,0.040678464,0.001017643,0.08179511,0.022290867
PTGER4,0.00066146033,0.01015556,0.00031508855,0.028985407,0.032340273
PTGES,0.0007708061,0.016152252,0.00022277312,0.06691829,0.018732818
PTGES2,0.00014321643,0.016005887,0.00011787209,0.076361425,0.009900499
PTGES3,0.00046748488,0.027285038,0.00070057926,0.036355935,0.028582886
PTGFR,0.00058203423,0.025998771,0.0003578081,0.00867862,0.025086755
PTGFRN,0.0003188809,0.013807306,0.0001773397,0.02701375,0.014007952
PTGIR,0.10906325,0.014985074,0.25969166,0.039135396,0.02310776
PTGIS,0.0006692825,0.0061401287,0.00024738803,0.06389214,0.02524406
PTGR1,0.0020989378,0.013581607,0.00026324886,0.023442874,0.030860243
PTGS1,0.28207213,0.024818007,0.22128868,0.017275047,0.07791458
PTGS2,0.16431813,0.020177376,0.09361195,0.034087338,0.012438497
PTH,0.5886485,0.24357511,0.26719627,0.05040212,0.32936585
PTH1R,0.00042553272,0.017592188,0.00017627288,0.021665316,0.024856577
PTH2,0.00058660744,0.010843506,0.00019458555,0.028074764,0.0262693
PTH2R,0.00082717696,0.035733156,0.00052292715,0.01269521,0.018731117
PTHLH,0.0004773597,0.017001241,0.00017889265,0.035169657,0.008771183
PTK2,0.16368882,0.08631564,0.23465493,0.24408177,0.050965365
PTK2B,0.0003855024,0.05773958,8.3474384e-05,0.08927928,0.014862476
PTK6,0.058468387,0.011202708,0.14454362,0.035619125,0.0061812354
PTK7,0.00085127837,0.0076250737,0.00024785762,0.021392673,0.008101363
PTMA,0.00071390724,0.03134335,0.00014762688,0.07506138,0.013199927
PTMS,0.000708884,0.03676623,0.00016430307,0.058489792,0.030431492
PTN,0.016471326,0.057849437,0.004416315,0.2102709,0.007024406
PTOV1,0.00060704345,0.019302607,0.00010942538,0.027927298,0.032191716
PTP4A1,0.0011837324,0.032399524,0.00024803847,0.027927298,0.07732769
PTP4A2,0.00038720638,0.012572814,0.00035467785,0.07922099,0.006814789
PTP4A3,0.036671598,0.02088409,0.13676985,0.14214434,0.003716235
PTPA,0.011753061,0.034133084,0.0628893,0.01804367,0.02563463
PTPMT1,0.0023572182,0.08363206,8.1915496e-05,0.04469474,0.13458571
PTPN1,0.36052713,0.17661212,0.31138134,0.21086319,0.17848626
PTPN11,0.1717138,0.097551584,0.09892017,0.07572012,0.11191565
PTPN12,0.0006002849,0.08062371,0.00037053387,0.10934737,0.04805685
PTPN13,0.00076231174,0.038885403,8.6497086e-05,0.03272833,0.02797062
PTPN14,0.0002851659,0.012699365,0.00038026428,0.026436144,0.012494129
PTPN18,0.00028605197,0.013102149,0.00015903666,0.04813071,0.011731695
PTPN2,0.00057943445,0.07390338,0.00019278182,0.06346636,0.07937812
PTPN21,0.001431824,0.05193007,0.00022425936,0.017497912,0.08198097
PTPN22,0.0004416352,0.025798263,0.00031499966,0.050656177,0.00720155
PTPN23,0.120953344,0.09401117,0.121065095,0.0870846,0.09585492
PTPN3,0.14475763,0.03981365,0.19766676,0.09193732,0.0133363055
PTPN4,0.0026187121,0.08946822,0.00046800677,0.04815071,0.10530484
PTPN5,0.0006520281,0.05989919,0.00022461351,0.025065692,0.041489996
PTPN6,0.13683462,0.055623073,0.26537824,0.04649346,0.014866736
PTPN7,0.00060865574,0.016858976,0.00025504924,0.024222368,0.027581574
PTPN9,0.061266284,0.024227103,0.056429263,0.021665316,0.03440163
PTPRA,0.0006731793,0.027399976,0.000118113436,0.015476917,0.029084112
PTPRB,0.00084737357,0.050899617,0.00027677047,0.07904412,0.03036957
PTPRC,0.0011953316,0.048520695,0.00010390008,0.06099341,0.052818052
PTPRD,0.053283077,0.01350189,0.11440125,0.03770934,0.01891655
PTPRE,0.032570817,0.006119643,0.09735745,0.025065692,0.010423207
PTPRF,0.41970447,0.13902628,0.443963,0.104104154,0.068814926
PTPRG,0.00080992613,0.013328251,0.00048067418,0.034041427,0.017789487
PTPRH,0.001285595,0.083618656,0.0002214394,0.070808105,0.040726677
PTPRJ,0.30491924,0.21781193,0.24139862,0.014583037,0.18199024
PTPRK,0.00041197412,0.019702217,0.00031280782,0.068165675,0.022480985
PTPRM,0.0017290531,0.11247381,0.00016020755,0.028999045,0.052403893
PTPRN,0.00036045047,0.02001498,0.00011686628,0.015227342,0.04953991
PTPRN2,0.00037655406,0.010538047,0.00011200701,0.010767184,0.008847652
PTPRO,0.0005837326,0.06066837,0.00037138507,0.07149863,0.030220916
PTPRR,0.00070559146,0.027551247,0.00041389215,0.024729606,0.0151159195
PTPRS,0.0005053388,0.009658474,0.0002466525,0.064063706,0.011414421
PTPRT,0.0005305573,0.022489721,0.0003720318,0.019239094,0.05396936
PTPRU,0.00079798594,0.011624269,0.00015423552,0.033245508,0.015045187
PTPRZ1,0.05620277,0.01702747,0.1748987,0.04469474,0.0079486165
PTRH2,0.0013634332,0.024088737,0.00043480704,0.02844312,0.07405374
PTS,0.0016068186,0.059340075,0.00018798841,0.13732831,0.04159
PTTG1,0.19112946,0.12902607,0.25030363,0.11760979,0.13645054
PTTG1IP,0.0007900313,0.015246217,8.441688e-05,0.047569454,0.034288198
PTTG2,0.0003956876,0.005208076,0.0001412891,0.017034966,0.023251127
PTX3,0.0006258783,0.017179824,0.00024312203,0.02466585,0.009718264
PUF60,0.15817572,0.07814023,0.29517624,0.07335845,0.078160465
PUM1,0.0005909669,0.10944031,0.00017223308,0.10444256,0.048220947
PUM2,0.0015867567,0.054471105,0.0008681803,0.024358278,0.06354191
PURA,0.00023908475,0.017319335,0.00034742398,0.05394154,0.007320768
PURB,0.00092411175,0.037511554,0.00039498135,0.024950339,0.033030048
PURG,0.0005761846,0.009596577,0.0001748345,0.023442874,0.028329087
PUS1,0.00014760083,0.011631755,0.00026943805,0.044235084,0.022209015
PUS10,0.0039534993,0.013955304,0.0063331905,0.01804367,0.03099859
PUS3,0.0024265412,0.026005736,0.00095431565,0.01804367,0.021200325
PUS7L,0.0012673368,0.11528714,0.00035282806,0.050619364,0.08657884
PUSL1,0.00027977183,0.0068189185,0.0001887521,0.014542438,0.008157194
PVALB,0.0029352517,0.01592611,0.006790218,0.01804367,0.022447603
PVR,0.0006942277,0.03868575,0.00015416715,0.050731044,0.025558623
PWP1,0.71812844,0.5790011,0.23130156,0.10842442,0.546102
PWP2,0.00036373152,0.083932176,6.822916e-05,0.04857986,0.06538623
PWWP2A,0.00085866125,0.00689922,0.0004969773,0.027054181,0.009455658
PWWP2B,0.0015233468,0.011034256,0.00022053065,0.036138583,0.01058197
PXDC1,0.09239006,0.05289579,0.12821351,0.01804367,0.126288
PXDN,0.0001413108,0.005243416,0.00046887549,0.06389214,0.0036093432
PXDNL,0.46121246,0.12452425,0.53820634,0.021392673,0.123922504
PXK,0.001388973,0.010743744,0.0012245079,0.023442874,0.020848697
PXMP2,0.0003522804,0.013099499,0.00010361671,0.02844312,0.020379612
PXMP4,0.00020285734,0.015907466,0.0004146982,0.026462918,0.012298852
PXN,0.0005001232,0.06110862,7.430284e-05,0.07083438,0.083620556
PXT1,0.0011325119,0.0061302087,0.001015927,0.01804367,0.015525076
PYCARD,0.062296554,0.029275235,0.19896142,0.08752702,0.022150926
PYCR1,0.00016277008,0.0058819163,7.921566e-05,0.0324777,0.0056941784
PYCR2,0.0008396439,0.04195421,0.0001791521,0.079073355,0.026403625
PYCR3,0.0030797604,0.0053279963,0.0628893,0.01804367,0.010412289
PYDC1,0.0003777193,0.005819179,0.00010138156,0.013998775,0.02649428
PYGB,0.00017305584,0.0064217136,0.0002864712,0.03298475,0.01018586
PYGL,0.0010356416,0.013201182,0.00038937756,0.02504491,0.017519765
PYGM,0.00055003545,0.038438845,0.00017930813,0.058081448,0.029745214
PYGO1,0.0007277809,0.02836837,0.00018554516,0.07545655,0.02646777
PYGO2,0.00016884776,0.022578975,9.190428e-05,0.09232367,0.012494599
PYM1,0.06615713,0.015041174,0.0628893,0.01804367,0.071573645
PYROXD1,0.030447908,0.028545763,0.040879533,0.08093,0.029103534
PYURF,0.0022801168,0.04029068,0.0013757003,0.01804367,0.054507975
PZP,0.00028338554,0.02188394,0.00025456748,0.011851088,0.03979076
QARS1,0.6701888,0.5031007,0.0628893,0.01804367,0.5159854
QDPR,0.0003971022,0.01306504,0.00041926143,0.023447067,0.012432371
QKI,0.00058801216,0.053357247,0.00014300327,0.044038497,0.062533714
QPCT,0.0016900195,0.051423326,0.00047064354,0.02390177,0.025512448
QPCTL,0.0005960816,0.02514782,0.00029246495,0.03450911,0.051549982
QPRT,0.0007422464,0.019286776,0.00058324204,0.027329886,0.035265394
QRFPR,0.0025631776,0.008379534,0.0014140165,0.01804367,0.019433904
QRICH1,0.00019913813,0.012594606,0.00012550746,0.04792855,0.0141638685
QRSL1,0.0008771648,0.14424114,0.0007360072,0.010767184,0.14575858
QSER1,0.00052412454,0.014156286,0.0001887521,0.01627669,0.03615518
QSOX1,0.0003188894,0.0143469535,0.00014886403,0.011681861,0.026669241
QSOX2,0.0016300932,0.037768345,0.00021843816,0.083358064,0.0533664
QTRT1,0.00019698658,0.012678283,9.6557116e-05,0.070112325,0.013357253
R3HDM1,0.00024459074,0.005215109,0.0005588924,0.04699047,0.0065184436
R3HDM2,0.1494504,0.05859116,0.0774845,0.07408061,0.026116932
R3HDM4,0.0007877384,0.013427364,9.178963e-05,0.023442874,0.02579031
R3HDML,0.0004254386,0.0073606255,0.00015797114,0.017034966,0.018866567
RAB10,0.0007574684,0.040209595,0.0003715882,0.08179511,0.0391892
RAB11A,0.0013199747,0.05498264,8.4231535e-05,0.095635734,0.02631704
RAB11B,0.0005647374,0.03082574,0.00019675231,0.09145389,0.014475656
RAB11FIP1,0.00037692615,0.008186237,0.0005544627,0.011851088,0.017100444
RAB11FIP2,0.0011530751,0.02975156,0.00016510622,0.010378916,0.05626366
RAB11FIP3,0.00033819763,0.009756846,0.00013719559,0.026436144,0.015411103
RAB11FIP4,0.0002831252,0.018301524,0.00010774995,0.024358278,0.01721206
RAB11FIP5,0.00056067493,0.009876484,0.00011350648,0.033040963,0.016151963
RAB12,0.0005702334,0.015315377,8.7842265e-05,0.023442874,0.018461794
RAB13,0.00036811977,0.031794205,0.00011420349,0.07290339,0.011402116
RAB14,0.00015405958,0.022735385,0.00017223308,0.04538841,0.01500015
RAB15,0.00044019736,0.009110163,0.0001712894,0.010767184,0.016086813
RAB17,0.00060989236,0.01972377,0.00016173831,0.023489706,0.01595728
RAB18,0.069229394,0.04884477,0.043471158,0.024222368,0.051222965
RAB18,0.069229394,0.04884477,0.043471158,0.024222368,0.051222965
RAB1A,0.25456402,0.12029705,0.2002497,0.10540215,0.121875234
RAB1B,0.26290494,0.116320364,0.29914445,0.060268085,0.042205065
RAB20,0.00071747537,0.0035179914,0.00020644117,0.023442874,0.004393406
RAB21,0.00025341767,0.016328696,0.00026327546,0.027684359,0.024823606
RAB22A,0.088994764,0.029228108,0.11068453,0.027808517,0.038962346
RAB23,0.0005220805,0.006811005,0.00023185107,0.026245482,0.0076232697
RAB24,0.00083419355,0.014231046,0.00037119555,0.0234089,0.0130513
RAB25,0.0006872598,0.045491714,7.7510085e-05,0.110016964,0.029969422
RAB26,0.00039868045,0.011276616,0.00014257766,0.039315768,0.025417762
RAB27A,0.00041832327,0.053847857,0.00013939037,0.081420094,0.02456653
RAB28,0.0008897683,0.025488257,0.0002696115,0.013998775,0.04121835
RAB29,0.13912567,0.020023314,0.096197106,0.05164654,0.028934559
RAB2A,0.11164206,0.025864517,0.2485358,0.08179511,0.014372828
RAB2B,0.0004344478,0.012931436,0.00013368082,0.022508346,0.029577628
RAB30,0.0008062595,0.007056869,0.00030045334,0.044235084,0.019439334
RAB31,0.0005102754,0.017603705,0.0001847317,0.06389214,0.026402662
RAB32,0.0005892608,0.0066056107,0.00022054474,0.02516947,0.023183763
RAB33A,0.00041582165,0.03019106,0.00018295267,0.0297165,0.026511185
RAB34,0.00025228556,0.0055692117,0.00023674266,0.039203223,0.012107113
RAB35,0.00057811657,0.19159557,0.00021205856,0.098995805,0.19663233
RAB36,0.0024061187,0.0050597317,0.0022691297,0.01804367,0.008580024
RAB37,0.000334607,0.015630282,0.00013951962,0.05040212,0.013339982
RAB38,0.00081236934,0.031372502,0.00017234628,0.023720449,0.034285884
RAB39A,0.0005757913,0.016055137,0.0001311613,0.09710315,0.012766331
RAB39B,0.00047726207,0.011633651,0.0002688335,0.03404868,0.010633045
RAB3A,0.0022752252,0.07136184,0.00012918228,0.03272833,0.027609313
RAB3B,0.00049872434,0.018395213,0.00029020788,0.033209734,0.022691349
RAB3D,0.0006121131,0.008018329,0.00015652872,0.06895362,0.003957899
RAB3GAP1,0.00047859552,0.053857505,0.0001969141,0.017670376,0.03283271
RAB3GAP2,0.30221835,0.04322164,0.16470465,0.0389452,0.03669221
RAB3IL1,0.0018085997,0.12142583,0.00017129627,0.07433077,0.049592394
RAB3IP,0.3028683,0.06813335,0.35881492,0.11009636,0.070457175
RAB40A,0.00034602048,0.015144691,0.00030512575,0.03404868,0.022124298
RAB40B,0.0003511824,0.014193441,0.00026538508,0.14359365,0.015537266
RAB40C,0.00048145623,0.008182068,8.630018e-05,0.010767184,0.018731315
RAB43,0.00054267974,0.007384379,8.818225e-05,0.013998775,0.011225242
RAB4A,0.0006931776,0.014786992,0.0002979846,0.034305375,0.015405591
RAB4B,0.10506904,0.015667075,0.20754519,0.03400955,0.02053427
RAB5A,0.18877669,0.0361878,0.17196746,0.060481537,0.01306974
RAB5B,0.08412553,0.032234497,0.27698606,0.050656177,0.031791594
RAB5C,0.0003396897,0.03740741,0.00022590798,0.097713724,0.01805768
RAB6A,0.00064917025,0.048214395,0.00021239891,0.09193732,0.09122313
RAB6B,0.0007571847,0.018234638,0.00016907009,0.02504491,0.017855702
RAB7A,0.0004129148,0.045973305,0.00029414723,0.10379852,0.08905704
RAB8A,0.00037982626,0.02526755,0.0001990083,0.042318378,0.02262899
RAB8B,0.00053761346,0.02210566,0.00022210611,0.09003672,0.012519794
RAB9A,0.041930158,0.0033041115,0.14443006,0.05200154,0.0069011836
RAB9B,0.097867884,0.012871846,0.22753556,0.04225217,0.0397043
RABAC1,0.00047608593,0.02104905,0.00050873787,0.05789283,0.0129670175
RABEP1,0.00080969033,0.045769878,9.338294e-05,0.10838844,0.01874667
RABEP2,0.00034042218,0.004865332,9.572294e-05,0.047569454,0.013206114
RABEPK,0.00023213749,0.021727698,0.00019042386,0.021026954,0.017286425
RABGAP1,0.0017017283,0.061524704,0.0002117018,0.040255483,0.04589287
RABGAP1L,0.0010606556,0.0790634,0.00019673712,0.022973275,0.12070279
RABGEF1,0.00034132352,0.046151772,0.0001273998,0.044038497,0.07491969
RABGGTA,0.0006641472,0.058427803,0.000101308404,0.07357072,0.10507603
RABGGTB,0.2267217,0.15936229,0.112004876,0.04718422,0.14362514
RABIF,0.0004423922,0.040067352,0.00019414206,0.05369621,0.08821712
RABL2A,0.0008436197,0.024326677,0.00015797114,0.046332557,0.05508452
RABL2B,0.00030945244,0.0038017537,0.00017354397,0.046332557,0.0066525224
RABL3,0.00030453113,0.015292144,0.00038573876,0.013998775,0.04220184
RABL6,0.001463482,0.033311922,0.00016717735,0.025285685,0.052433677
RAC1,0.8136106,0.62937194,0.4128715,0.20325842,0.5292918
RAC2,0.0010940112,0.04197937,0.00031381982,0.09387707,0.019801738
RAC3,0.00030937398,0.020469865,0.0001303265,0.041857745,0.025658933
RACGAP1,0.00088624767,0.13373677,0.00018048467,0.16060404,0.094734624
RACK1,0.016934756,0.14120623,0.0628893,0.01804367,0.14897175
RACK1,0.016934756,0.14120623,0.0628893,0.01804367,0.14897175
RAD1,0.68928343,0.5671786,0.6278266,0.32498956,0.51085347
RAD17,0.11423564,0.03425662,0.30687347,0.07067227,0.03950656
RAD18,0.0012681005,0.38174862,0.00023311985,0.35968494,0.097621664
RAD21,0.26461253,0.092622936,0.4758142,0.17048424,0.03824364
RAD21L1,0.0011051602,0.0063329,0.00018973189,0.023442874,0.017241275
RAD23A,0.00049885624,0.09991063,0.00013287572,0.15858296,0.021146575
RAD23B,0.41971412,0.20971574,0.28825536,0.3056789,0.095458634
RAD50,0.1792202,0.17930119,0.27041143,0.18220899,0.18218422
RAD50,0.1792202,0.17930119,0.27041143,0.18220899,0.18218422
RAD51,0.957832,0.94368696,0.7980948,0.76513666,0.84040886
RAD51,0.957832,0.94368696,0.7980948,0.76513666,0.84040886
RAD51AP1,0.73794544,0.6557348,0.55263996,0.4611724,0.3052925
RAD51AP2,0.20974293,0.24584036,0.300205,0.006051754,0.041866228
RAD51B,0.47406808,0.6612997,0.5073943,0.66590494,0.41158894
RAD51C,0.23132232,0.22947788,0.17406914,0.17438097,0.2227588
RAD51D,0.0029033357,0.1885963,0.00020934964,0.26237452,0.19603159
RAD52,0.099801004,0.054653846,0.1299536,0.15211833,0.022820689
RAD54B,0.8165748,0.7273404,0.60018027,0.6242826,0.53113985
RAD54L,0.0015698718,0.08033943,0.00033222776,0.043598443,0.05184128
RAD54L2,0.15650477,0.1127893,0.14977632,0.049831238,0.1426186
RAD9A,0.66044766,0.4835857,0.537436,0.72361344,0.505031
RAD9B,0.6672857,0.07961681,0.4918921,0.21283697,0.06843448
RADIL,0.00041292858,0.025867442,0.00011905446,0.16504596,0.008658087
RAE1,0.12912384,0.114874646,0.25555506,0.086200684,0.10442881
RAET1E,0.00066634465,0.011991624,0.00024091583,0.010440647,0.05281166
RAF1,0.5981938,0.6217539,0.4621126,0.26009715,0.486852
RAG1,0.517929,0.35710344,0.1684923,0.13630024,0.19486327
RAI1,0.0009620466,0.06801743,0.00017632348,0.04792855,0.033190526
RAI14,0.00016378079,0.012573217,0.00032838352,0.014107352,0.013364589
RAI2,0.0010118643,0.020101983,0.00025141728,0.032562852,0.027357506
RALA,0.0006874543,0.03524692,9.695625e-05,0.08255779,0.031617496
RALB,0.0035602315,0.108742535,0.00016401552,0.02372016,0.048455775
RALBP1,0.0012793324,0.15899357,0.00011697912,0.07331041,0.02874094
RALGAPA1,0.000376998,0.009672176,0.00066786323,0.023099316,0.025465846
RALGAPA2,0.0010549835,0.017503152,0.00026735943,0.03158699,0.01631852
RALGAPB,0.000764,0.036722418,0.00013840814,0.026245482,0.09056449
RALGDS,0.00020981986,0.022802157,0.000215056,0.035766665,0.008397411
RALGPS1,0.0006368318,0.033434507,0.00030045334,0.0123439105,0.023478484
RALY,0.0011459057,0.10923558,0.00011655045,0.09049339,0.06988986
RALYL,0.0015129333,0.03267758,0.00019506071,0.054003723,0.017858395
RAMP1,0.15491696,0.017503602,0.30830118,0.014751521,0.020190656
RAMP3,0.12936035,0.018545523,0.32808977,0.008154752,0.020870462
RAN,0.23041573,0.39409608,0.35691875,0.24408177,0.18671039
RANBP1,0.00076111406,0.06741444,0.00061432295,0.05549403,0.034624957
RANBP10,0.0004869943,0.039775595,0.00013882914,0.057138085,0.015816817
RANBP2,0.34335715,0.061055552,0.035157274,0.062204275,0.0498929
RANBP3,0.00071117614,0.09518047,0.00018586051,0.07160491,0.10193404
RANBP6,0.00054229173,0.012056329,0.0003264949,0.04825741,0.02072846
RANBP9,0.00046295696,0.0327921,0.000272034,0.0694395,0.036350816
RANGAP1,0.0007344759,0.11818928,8.357984e-05,0.04992053,0.10628739
RANGRF,0.00071215816,0.00957762,0.00015473134,0.028985407,0.02096177
RAP1A,0.14520173,0.060801536,0.48363248,0.10934737,0.02147011
RAP1B,0.00040035148,0.019449452,0.00013910039,0.063712806,0.03132563
RAP1GAP,0.0007217437,0.033816993,0.00027387962,0.04754783,0.014558048
RAP1GAP2,0.0002406548,0.012862343,0.00017447546,0.037062395,0.023966486
RAP1GDS1,0.46729547,0.16529629,0.33393976,0.06728354,0.18523303
RAP2A,0.0004523596,0.019244814,0.00017867854,0.07006743,0.006095381
RAP2B,0.00070595165,0.037280496,0.00015624435,0.024128672,0.03790961
RAPGEF1,0.46275797,0.19834243,0.35029122,0.076814204,0.11661917
RAPGEF2,0.21285999,0.04466338,0.3413886,0.14289773,0.019405441
RAPGEF3,0.0009962849,0.035792794,0.0004857493,0.02504491,0.07259947
RAPGEF4,0.0018402333,0.03452966,0.00017344572,0.013181083,0.023333697
RAPGEF5,0.00064999954,0.027603593,0.00063585176,0.026796749,0.056969274
RAPGEF6,0.00035405727,0.023506377,0.00017129627,0.027808517,0.032125935
RAPGEFL1,0.00046297457,0.015692081,0.00024091583,0.018542701,0.031694878
RAPH1,0.059751965,0.03648412,0.15698686,0.035091348,0.054221824
RAPSN,0.00022515966,0.005608225,0.00014868486,0.027329886,0.009407416
RARA,0.17285365,0.11604707,0.15083106,0.13594323,0.042018816
RARB,0.0014790201,0.061094206,0.00013545761,0.0604383,0.019866912
RARG,0.0026200176,0.121007435,0.00047168916,0.14984524,0.07868764
RARRES1,0.0012951122,0.008116762,0.014805286,0.01804367,0.021479525
RARS1,0.016471103,0.021553423,0.0628893,0.01804367,0.07227815
RARS2,0.00052320183,0.05826514,0.00023752495,0.052114382,0.05173259
RASA1,0.0004937052,0.043989614,9.3141316e-05,0.062204275,0.021852419
RASA3,0.0011324136,0.006361494,0.00016832438,0.07290339,0.0046778154
RASA4,0.00036186163,0.008702841,9.591126e-05,0.07801109,0.025586527
RASA4B,0.007218319,0.029519621,0.0011028401,0.01804367,0.061730295
RASAL2,0.0002785287,0.022809694,0.00017116907,0.05210176,0.004721942
RASAL3,0.0005970667,0.019266294,0.00014721754,0.03035653,0.038082983
RASD1,0.0004738986,0.0064579407,0.000108294436,0.012726781,0.01577298
RASD2,0.0005621961,0.026776325,0.00021776855,0.037634082,0.019910626
RASEF,0.00026565217,0.0038796954,0.0005936632,0.023442874,0.011361195
RASGEF1A,0.00044128174,0.009949496,0.00027731646,0.026617484,0.019439207
RASGEF1B,0.00354988,0.020026399,0.0011028401,0.01804367,0.033423238
RASGRF1,0.0009849374,0.1343662,0.00015652813,0.07650568,0.057805263
RASGRF2,0.14734948,0.02385755,0.2209038,0.04785222,0.03379659
RASGRP1,0.001471666,0.016724242,0.00031954554,0.0123439105,0.026928816
RASGRP2,0.00062739226,0.011992905,0.00017757235,0.02621554,0.018999022
RASGRP3,0.00030766096,0.015406415,0.00018196156,0.027604321,0.013525804
RASGRP4,0.0007618372,0.015015022,0.0002677571,0.03158699,0.03570702
RASIP1,0.0008484889,0.041690446,0.00024420975,0.03823579,0.13582765
RASL10A,0.001991301,0.007229919,0.0017260769,0.01804367,0.022327539
RASL10B,0.00020634572,0.005066042,0.0013703012,0.05061941,0.0064616036
RASL11A,0.001490725,0.011143277,0.0011768793,0.01804367,0.02088128
RASL11B,0.00027179962,0.014514857,0.00051942194,0.019864498,0.019888688
RASL12,0.00021006068,0.0074373363,0.0005158797,0.04095821,0.009237541
RASSF1,0.0005309891,0.08759876,0.0002876675,0.04819068,0.021526996
RASSF2,0.0011901526,0.04079829,0.0008124994,0.025208088,0.03585053
RASSF3,0.00037669984,0.018698286,0.00013951962,0.025950173,0.01740688
RASSF4,0.00034446974,0.006488648,0.00041688455,0.025950173,0.009638867
RASSF5,0.00024951427,0.04427194,0.00015496612,0.09076232,0.014938026
RASSF7,0.070030406,0.0062355953,0.31860313,0.017497912,0.011866123
RASSF8,0.00038740228,0.0195137,0.00019149028,0.04450492,0.015149334
RAVER1,0.0009711476,0.047643654,0.00021406994,0.042708002,0.027261557
RAVER2,0.0009817895,0.023863647,0.00015797114,0.008382098,0.13997796
RAX2,0.0006038745,0.012615062,0.00013951962,0.01146169,0.027441189
RB1,0.80989516,0.7426686,0.5841124,0.32319316,0.57194716
RB1CC1,0.595946,0.49032658,0.35897353,0.2555945,0.18368052
RBAK,0.0006332582,0.036449805,0.00015797114,0.019577004,0.03470253
RBBP4,0.0005966213,0.052628852,0.00010207923,0.15134397,0.041652285
RBBP5,0.0007671418,0.086651236,0.0001392392,0.12177274,0.11555802
RBBP6,0.1382189,0.057786632,0.38980836,0.078601345,0.061432466
RBBP7,0.000702996,0.14417557,0.00014379979,0.18629503,0.06368132
RBBP8,0.8427184,0.89483047,0.64579964,0.74454325,0.8564621
RBBP9,0.00050142873,0.00984914,0.00023549254,0.0209954,0.0138114635
RBCK1,0.00016504829,0.019479785,0.00023041356,0.09829045,0.010546896
RBFA,0.099106126,0.039218564,0.015460852,0.020175396,0.08667998
RBFOX1,0.00093259645,0.06331919,9.178963e-05,0.1535793,0.03371768
RBFOX2,0.0003422662,0.07101196,0.00035893673,0.12005239,0.039764322
RBFOX3,0.0012320294,0.0062049576,0.005514716,0.01804367,0.03995775
RBIS,0.04012489,0.027366973,0.0628893,0.01804367,0.04373279
RBKS,0.0002595306,0.0069063692,0.00036238652,0.008382098,0.013813138
RBL1,0.00032963505,0.031761292,0.000120421486,0.26646876,0.01364234
RBL2,0.00025528594,0.009940886,0.00010089174,0.21019667,0.004156824
RBM10,0.15521948,0.07062594,0.13132823,0.07572012,0.05487035
RBM11,0.0005215913,0.015042685,0.00013840814,0.021743597,0.0083743455
RBM12,0.08645898,0.034162827,0.2975665,0.023806559,0.051352814
RBM12B,0.00043979808,0.013551914,0.00017354397,0.014542438,0.027284043
RBM14,0.0005322653,0.0973721,9.92285e-05,0.06992287,0.062477075
RBM15,0.0004543421,0.056317043,0.00014966205,0.048484948,0.06457897
RBM15B,0.0010186242,0.055151965,0.00023375641,0.14170903,0.02407598
RBM17,0.066443816,0.05647678,0.2553868,0.101908304,0.09064299
RBM18,0.0018738393,0.04411161,7.225565e-05,0.023863457,0.067452975
RBM19,0.00069378293,0.18092526,0.00032356725,0.014542438,0.17070867
RBM22,0.00064545486,0.04897993,0.00013463052,0.039893705,0.052317034
RBM23,0.0010240937,0.074523374,0.00018734833,0.121226,0.044530354
RBM25,0.048168525,0.15757678,0.10952962,0.103299096,0.102852985
RBM26,0.0002362545,0.020035308,0.0002053618,0.050640047,0.021609068
RBM27,0.000532486,0.038481157,0.0004151333,0.023442874,0.10600673
RBM28,0.002055434,0.12161752,6.471224e-05,0.06831696,0.21315902
RBM3,0.00062437746,0.02686405,0.00015652813,0.037634082,0.010353156
RBM33,0.0010373584,0.043764457,0.00019019142,0.026061665,0.06592563
RBM34,0.00054956874,0.007318655,0.00017463374,0.039998848,0.01804305
RBM38,0.00038870054,0.013401042,0.00027954442,0.06621818,0.019575372
RBM39,0.109028816,0.050818317,0.12866777,0.0414008,0.072161116
RBM4,0.0010485481,0.052482888,0.00015986069,0.08628132,0.071862444
RBM41,0.0001339471,0.0077427593,0.00014149201,0.058897913,0.0046280925
RBM42,0.0010249297,0.09556391,6.839156e-05,0.107956104,0.11193625
RBM43,0.0005209153,0.0064684306,0.00023147931,0.023442874,0.02410347
RBM44,0.002674523,0.009282649,0.0041134655,0.01804367,0.02772522
RBM45,0.12197734,0.03605316,0.0626383,0.03823579,0.05812909
RBM47,0.0011813061,0.052348673,0.0003766616,0.04868629,0.08026343
RBM48,0.0008396095,0.08348159,0.00030802045,0.14289773,0.101933934
RBM4B,0.00030411623,0.032486886,0.00014788994,0.023447067,0.02045642
RBM5,0.0007329331,0.0856569,0.00018322204,0.04877954,0.08145958
RBM6,0.0003896856,0.013246343,0.00026183084,0.031780463,0.007969852
RBM7,0.0005686629,0.04316947,0.00010184764,0.037634082,0.053789657
RBM8A,0.071454436,0.053294744,0.2520076,0.05840855,0.09882936
RBMS1,0.0006122003,0.020544266,0.00010934142,0.035246737,0.029727899
RBMS2,0.00052356976,0.010401294,0.00021839942,0.014542438,0.01807716
RBMS3,0.0044657527,0.004731916,0.0012002953,0.01804367,0.014726546
RBMX,0.11231611,0.14610182,0.22867733,0.18075153,0.13468379
RBMXL2,0.00037808061,0.03320524,0.00028248673,0.024526373,0.030118447
RBP1,0.00016396174,0.02684724,0.000215056,0.040572207,0.016216476
RBP4,0.0015401352,0.047419045,0.00013885906,0.013574262,0.049981114
RBP5,0.00031981707,0.008524133,0.00027527622,0.009690155,0.026365615
RBP7,0.0018957901,0.016941901,0.0007153909,0.01804367,0.026936429
RBPJ,0.0010715633,0.04971489,0.00026642758,0.06211696,0.03666028
RBPJL,0.0008694221,0.014361688,0.000280428,0.017034966,0.023288045
RBPMS,0.20777874,0.2110314,0.19795096,0.2814532,0.027767133
RBSN,0.00029861028,0.015051641,0.00023075126,0.0135791795,0.01547959
RBX1,0.1297408,0.113221355,0.24639522,0.06713583,0.06778338
RC3H2,0.0004125068,0.022941975,0.00019315313,0.011681861,0.02150217
RCAN1,0.09980689,0.04923135,0.121338554,0.04867018,0.039546113
RCAN2,0.10938102,0.033026483,0.13001558,0.009077163,0.04246044
RCAN3,0.00022155914,0.0068023717,0.00021170563,0.031784013,0.010336906
RCBTB1,0.0013919319,0.03214933,0.00017614302,0.06684685,0.039694447
RCBTB2,0.00060637295,0.015031844,0.00024091583,0.02572108,0.018370824
RCC1,0.0008369595,0.1101057,0.00017463374,0.06713583,0.14458235
RCC2,0.00032791146,0.017917413,0.000104041654,0.05394154,0.010964199
RCCD1,0.00066693174,0.008721495,0.00060808635,0.023442874,0.015341869
RCE1,0.010086186,0.05709207,0.0026415887,0.01804367,0.073888876
RCHY1,0.19823082,0.1615586,0.10030853,0.20402586,0.031258527
RCL1,0.0005212367,0.03842001,0.00016606855,0.011722919,0.046489824
RCN1,0.0002892127,0.019410815,6.499147e-05,0.046359513,0.030787306
RCN2,0.00061589584,0.029263772,0.00020167089,0.061810248,0.045570914
RCN3,0.00022956493,0.022445014,5.970124e-05,0.081291564,0.030492036
RCOR1,0.0013321952,0.14899255,0.000116606694,0.11591089,0.05965618
RCOR2,0.0005757078,0.007581779,0.00015797114,0.012868392,0.028398063
RCOR3,0.0009940062,0.29531235,7.929101e-05,0.24332994,0.13086201
RCVRN,0.0006646835,0.01557841,0.00016842425,0.014107352,0.019531462
RD3,0.0005785043,0.018572547,0.00012978457,0.018586725,0.022312492
RDH10,0.0012418359,0.0154159805,0.00014679799,0.023442874,0.04874579
RDH11,0.0007317195,0.01395537,0.00050651014,0.03035653,0.015957586
RDH12,0.0011825631,0.024634825,0.00062350923,0.080213815,0.027570551
RDH13,0.014943049,0.0032562423,0.07826796,0.022075247,0.0043883305
RDH14,0.00034615543,0.01067397,0.00066673214,0.023442874,0.015890658
RDH5,0.0007317422,0.010190896,0.00094873516,0.012576047,0.030698532
RDH8,0.002786055,0.007216351,0.020649413,0.01804367,0.024678148
RDM1,0.04188404,0.008848856,0.14613865,0.03848198,0.012119861
RDX,0.00077477394,0.06583565,0.00013985795,0.058757395,0.03778559
REC8,0.0004344501,0.011502109,0.00014279452,0.0389606,0.016595745
RECK,0.00027999975,0.025018454,0.000135905,0.13028966,0.014382654
RECQL,0.5868216,0.27149504,0.46559477,0.47190553,0.2248579
RECQL5,0.0016606544,0.109928615,8.103978e-05,0.29379675,0.15283334
REEP1,0.00011897593,0.0063950927,0.0002512213,0.008382098,0.011024171
REEP4,0.0005983536,0.01834706,6.404956e-05,0.020175396,0.048879188
REEP5,0.00048814857,0.015911356,0.00013176564,0.024358278,0.03449233
REEP6,0.0002751175,0.026464904,9.775017e-05,0.06787577,0.025607547
REG1A,0.09096741,0.0065781106,0.028401446,0.028985407,0.018723406
REG3A,0.0019934154,0.042578034,0.00012151095,0.009611286,0.05675599
REL,0.26482862,0.27071783,0.24213472,0.14269736,0.22329976
RELA,0.7570315,0.6932977,0.7080813,0.32497138,0.36440414
RELB,0.0007564083,0.20298149,0.00016720318,0.10260472,0.06722138
RELL1,0.00043560335,0.007069871,0.00015797114,0.030808024,0.012955408
RELL2,0.0014140301,0.023172988,0.00094985985,0.05061941,0.027040545
RELN,0.6265871,0.16275018,0.20388852,0.04512852,0.30977836
RELT,0.0009834325,0.014761781,0.00023272855,0.10439912,0.023574518
REM1,0.00018342638,0.009587594,0.00023136765,0.045055617,0.033081915
REN,0.0028553472,0.036188643,0.00023967042,0.011966204,0.041365325
REP15,0.0028374917,0.0114624305,0.00074089423,0.01804367,0.053607527
REPIN1,0.0005761599,0.012870386,0.00063872035,0.047684442,0.020905077
REPS1,0.00055738766,0.046005663,0.0005488142,0.025065692,0.054008838
REPS2,0.00023562506,0.03382102,0.00011931723,0.10113981,0.018639911
RER1,0.00065555045,0.023825977,0.00038229302,0.011245472,0.051742226
RERE,0.0019535702,0.15620033,0.00014831287,0.064063706,0.14479505
RERG,0.17984545,0.08311386,0.07875556,0.01804367,0.12938516
REST,0.0028083392,0.05728573,0.00033859478,0.07507997,0.03543944
RET,0.27250066,0.09562519,0.66751784,0.06858573,0.041783243
RETREG3,0.0037648128,0.010575342,0.0628893,0.01804367,0.05222813
RETSAT,0.00078851084,0.009793592,0.00030405508,0.013998775,0.017094506
REV1,0.0008569182,0.11957614,8.46886e-05,0.058174387,0.23434602
REV3L,0.0072014513,0.19526125,0.00012122486,0.06901089,0.09649355
REX1BD,0.02414413,0.016737435,0.0628893,0.01804367,0.034822226
REXO1,0.00017490635,0.0068870215,0.0003331952,0.02623154,0.006366593
REXO2,0.046629474,0.02919616,0.08913905,0.06586782,0.05617191
REXO4,0.0010609061,0.028340254,0.00096422323,0.050619364,0.04322151
REXO5,0.012140021,0.017821308,0.0628893,0.01804367,0.038843207
RFC1,0.19021727,0.15089975,0.214314,0.45909983,0.057319913
RFC2,0.0015080264,0.14331165,0.00014478188,0.13690652,0.11946877
RFC3,0.2598115,0.16265364,0.33542815,0.12474547,0.1660484
RFC4,0.8780345,0.38947266,0.3827209,0.30398145,0.6232962
RFC5,0.83903825,0.63575053,0.47920686,0.24332994,0.47682235
RFESD,0.0019973714,0.01141186,0.0058090305,0.028982447,0.025794448
RFFL,0.00020978066,0.0056926883,0.0001248362,0.07483766,0.002672171
RFK,0.0012424884,0.03033207,0.00019316749,0.05061941,0.07181679
RFNG,0.008430083,0.018765882,0.025538761,0.01804367,0.036875267
RFTN1,0.1602392,0.026662633,0.11251513,0.03589022,0.047722198
RFWD3,0.81887066,0.8208869,0.5766802,0.40475246,0.8815134
RFX1,0.00064669433,0.08877851,0.00016095431,0.07160491,0.04012064
RFX2,0.0007113788,0.029825315,0.00029979093,0.021351315,0.025102254
RFX3,0.000596137,0.07693651,0.00010602631,0.07364515,0.06565228
RFX4,0.0979956,0.010686476,0.14863238,0.02500289,0.018627496
RFX5,0.0005824618,0.01797236,0.00038834682,0.055746976,0.014814128
RFX6,0.0018783057,0.037977003,0.0006854672,0.07007879,0.025066983
RFXANK,0.00037224375,0.040283497,0.0004594535,0.037634082,0.01687487
RFXAP,0.0012095827,0.023290193,0.00058083585,0.043872934,0.05209233
RGCC,0.42469552,0.021204926,0.14455421,0.08093,0.052498393
RGL1,0.00036391223,0.016804805,0.00012658208,0.03404868,0.013987064
RGL2,0.0002042746,0.019464482,0.000103062994,0.04877954,0.0059475806
RGL4,0.0012154776,0.0652782,0.00017354397,0.053084876,0.12708421
RGMA,0.0011549075,0.014902274,0.00014748886,0.025175512,0.023115376
RGMB,0.0016938152,0.010392315,0.0013710068,0.01804367,0.012477755
RGN,0.00042224376,0.01838883,0.00012408601,0.049843416,0.022941168
RGP1,0.67753917,0.28981358,0.21014583,0.06866131,0.45759156
RGR,0.0004949886,0.014999121,0.00052682246,0.011851088,0.026686285
RGS1,0.0004240278,0.03528881,0.00033014547,0.027808517,0.03671731
RGS1,0.0004240278,0.03528881,0.00033014547,0.027808517,0.03671731
RGS10,0.0003061485,0.019751692,0.0002609556,0.033209734,0.013097544
RGS11,0.0007690031,0.030216908,0.000923507,0.014942881,0.057427905
RGS12,0.0004177767,0.017442435,8.6497086e-05,0.04556407,0.013547364
RGS13,0.0011645317,0.009337351,0.00019082153,0.026245482,0.027516004
RGS14,0.00051520945,0.028424153,0.0004247979,0.026318498,0.026450459
RGS16,0.0011582292,0.0707267,0.00024640522,0.009387857,0.06197945
RGS17,0.0017033134,0.08262273,0.00017469669,0.08449744,0.037205707
RGS18,0.0009975737,0.026870957,0.00036025385,0.028915428,0.019360108
RGS19,0.0008188093,0.020292642,0.00013705817,0.08307802,0.010614666
RGS2,0.017151034,0.038884085,0.0045536165,0.060726266,0.01865741
RGS20,0.0003450474,0.05366307,0.00017123127,0.052993413,0.012093286
RGS22,0.08271943,0.022775648,0.095856935,0.008382098,0.023974786
RGS3,0.0008486624,0.07057681,0.00021358105,0.033062395,0.03521539
RGS4,0.0005059499,0.039435573,0.00028422268,0.015227342,0.029727653
RGS5,0.19748841,0.016991546,0.13493419,0.014856152,0.02762723
RGS6,0.00037916546,0.01579882,0.00029246495,0.047395304,0.023455476
RGS7,0.0006794957,0.03426165,0.00019533747,0.05663776,0.020584738
RGS9,0.00049065996,0.018662933,0.00086291565,0.017130291,0.0294064
RGSL1,0.0003108478,0.016129624,0.00017113776,0.010057129,0.033232544
RHBDD1,0.0012554552,0.07597794,0.00019384538,0.023442874,0.06880673
RHBDD3,0.0009528674,0.005138682,0.00012550746,0.023442874,0.011025429
RHBDF1,0.00030332225,0.00492717,0.00022430129,0.018289693,0.0064799692
RHBDF2,0.0003930486,0.008488173,0.00028219193,0.023442874,0.015044177
RHBDL1,0.0044716033,0.011174079,0.0069375304,0.01804367,0.056453757
RHBDL2,0.04417269,0.009606249,0.055773977,0.028635155,0.022031622
RHCG,0.00282896,0.009188184,0.0019592918,0.01804367,0.020263398
RHEB,0.0004917158,0.060434636,0.0002669402,0.04473544,0.0576393
RHEBL1,0.00069842767,0.068154275,0.0003031063,0.057200402,0.04006828
RHEX,0.008768928,0.0071158744,0.0628893,0.01804367,0.014173172
RHNO1,0.001389962,0.026708124,0.0001277872,0.023720449,0.043024026
RHO,0.00061483163,0.03537922,0.00015404975,0.06895362,0.01251089
RHOA,0.11498977,0.032784652,0.21152382,0.18594311,0.028708402
RHOB,0.1331301,0.020777201,0.2724202,0.090523474,0.0096125845
RHOBTB1,0.0004351653,0.023718147,0.0003854875,0.03419284,0.02339763
RHOBTB2,0.0003549918,0.018629655,0.0009974331,0.009173206,0.01817778
RHOBTB3,0.09434317,0.032392267,0.15629484,0.023447067,0.06510906
RHOC,0.0003659584,0.037148,0.00019310009,0.11332447,0.015877755
RHOD,0.00037360165,0.0090812305,0.00014070467,0.06728354,0.02292695
RHOF,0.074539706,0.018023849,0.0800774,0.026462918,0.044450983
RHOG,0.0744375,0.018346677,0.13949725,0.04039659,0.010999152
RHOH,0.00062120217,0.01748726,0.0001672598,0.023163307,0.025399785
RHOJ,0.000375546,0.05920281,0.00015827481,0.10128238,0.03871929
RHOQ,0.0004029367,0.018575633,0.0001728202,0.08179511,0.015903482
RHOT1,0.00028964813,0.014620155,0.00016810864,0.009891949,0.014292699
RHOT2,0.00021379172,0.0111748595,0.00015501917,0.02998972,0.01972477
RHOU,0.0006434525,0.011507532,0.00014654093,0.027329886,0.022756394
RHOV,0.00033738467,0.014451003,0.00015797114,0.028985407,0.018583158
RHOXF1,0.00046470715,0.025165748,0.00013728642,0.09978102,0.015615741
RHOXF2,0.000495883,0.060935415,0.00014482674,0.21963173,0.03485401
RHPN1,0.00037402997,0.016055506,0.000115192095,0.05275088,0.028887141
RHPN2,0.00089104136,0.063574985,0.0003689948,0.053090177,0.10347071
RIBC1,0.000399788,0.011127841,0.0001887521,0.059433043,0.011892072
RIC8A,0.00028569985,0.05249552,0.00016063923,0.041362744,0.09726413
RIC8B,0.00037654006,0.010872508,0.0001395972,0.02435605,0.034713417
RICTOR,0.00024632277,0.01597553,0.00018388624,0.11038682,0.032874182
RIDA,0.03599247,0.02437827,0.0628893,0.01804367,0.024095329
RIF1,0.0011521769,0.11951371,0.000102066195,0.16998054,0.088637
RILP,0.00061019964,0.01114948,0.00022351202,0.044740215,0.015394123
RILPL1,0.0011995193,0.009455336,0.00036594446,0.026462918,0.04542941
RILPL2,0.0004174355,0.011150994,0.00054094923,0.009611286,0.02398713
RIMBP2,0.00036269982,0.005690899,0.00013332412,0.04624848,0.010869504
RIMBP3,0.00030485328,0.095204614,0.00017915126,0.11522541,0.04330099
RIMKLB,0.00065586757,0.016599327,0.00015797114,0.028985407,0.025328128
RIMS1,0.10472801,0.074727036,0.16012634,0.106032945,0.05250935
RIMS2,0.0003348859,0.017512191,0.0002742015,0.03954661,0.026165264
RIMS3,0.0003716966,0.010654446,7.4166855e-05,0.009690155,0.032020815
RIMS4,0.00034643093,0.003414458,0.0003487392,0.0663656,0.008501859
RIN1,0.0004723839,0.03744655,9.338294e-05,0.04792855,0.029826537
RIN2,0.00045163254,0.01348316,0.00053528155,0.046521854,0.014190566
RIN3,0.00083131186,0.091919385,0.00017750615,0.107956104,0.053781826
RING1,0.0013967148,0.050361685,0.00012943061,0.08696365,0.06594405
RINL,0.0012556298,0.013220588,0.00090418826,0.01804367,0.052446518
RINT1,0.06474626,0.028695785,0.32389247,0.110597335,0.029201575
RIOK1,0.07367768,0.04994897,0.16245377,0.055746976,0.07123015
RIOK1,0.07367768,0.04994897,0.16245377,0.055746976,0.07123015
RIOK2,0.00044789418,0.02207786,0.00036185593,0.036339354,0.051173605
RIOK3,0.00086479075,0.08124297,0.00016562166,0.09049339,0.043235723
RIPK1,0.15725148,0.038868327,0.18168758,0.0738474,0.03593405
RIPK2,0.1373177,0.07153693,0.20837922,0.10562097,0.03468233
RIPK3,0.009976739,0.10414726,0.007325105,0.04450586,0.017549032
RIPK4,0.09206934,0.03543094,0.050516427,0.030235812,0.0353925
RIPOR3,0.0015310586,0.0061523477,0.0628893,0.01804367,0.0070914244
RIPPLY1,0.00052241824,0.01753209,0.00013507968,0.06538669,0.014030936
RIPPLY2,0.0010656096,0.027775649,0.00027077436,0.009690155,0.032885414
RIT1,0.000993485,0.07839503,0.00038450683,0.10903678,0.05372366
RIT2,0.00083170057,0.016285503,0.0004086171,0.05470066,0.01590213
RITA1,0.00029246495,0.029409416,0.0003170481,0.077896155,0.040293436
RLBP1,0.0003321616,0.022116026,0.000102498954,0.0123439105,0.015898712
RLF,0.23783447,0.16112326,0.21145202,0.082221754,0.073330544
RLIM,0.00027045983,0.05280187,0.00011420349,0.14804961,0.016858762
RLN2,0.010724559,0.012922888,0.015316585,0.026583076,0.031136502
RMDN1,0.0003742019,0.012823478,0.00020137554,0.026245482,0.062282383
RMDN2,0.00073014665,0.041180596,0.00027659241,0.013307749,0.014920009
RMDN3,0.00036376205,0.021408757,0.00018342097,0.021026954,0.012077595
RMI1,0.0007163054,0.06706506,0.0002230122,0.22236788,0.07894495
RMI2,0.10950253,0.029060185,0.15248014,0.272937,0.029233377
RMND5A,0.00038288097,0.027133122,0.00020171647,0.028792977,0.06751922
RMND5B,0.0011417195,0.05530243,0.0003961641,0.09232367,0.04442765
RNASE11,0.0010469062,0.013158612,0.00018366509,0.015479423,0.016276117
RNASE12,0.009840685,0.034264017,0.0015759831,0.01804367,0.050768763
RNASE4,0.0052177887,0.02702265,0.008482728,0.01804367,0.077323094
RNASE6,0.0015516091,0.027497603,0.00011120702,0.014942881,0.028552243
RNASE7,0.0016726045,0.021612847,0.00045628153,0.023442874,0.041986916
RNASEH1,0.0014391128,0.027967384,0.0002797169,0.09978102,0.056687463
RNASEH2A,0.00258281,0.074884206,0.0001552116,0.020175396,0.1407941
RNASEH2B,0.000511478,0.088711955,9.420553e-05,0.023442874,0.061013497
RNASEL,0.5816002,0.42849723,0.24191311,0.043185964,0.22433233
RNASET2,0.0012411375,0.036047067,0.0002359182,0.023442874,0.037759412
RND1,0.0009485612,0.028558066,0.00026675547,0.017028475,0.021846045
RND2,0.00054786925,0.01586968,0.000100345795,0.024185104,0.01736139
RND3,0.0006399253,0.019542947,0.00011990586,0.05451494,0.020432772
RNF10,0.0013654694,0.10760284,0.00011574494,0.15384021,0.038211662
RNF103,0.00044901593,0.043626096,0.00013735124,0.049831238,0.03306783
RNF11,0.0011099661,0.04745632,0.0003677443,0.08255741,0.02567372
RNF111,0.00038536312,0.12785198,0.0006248472,0.11789834,0.022963073
RNF112,0.0004230336,0.017382145,0.00029876374,0.023442874,0.04402813
RNF113A,0.00083885103,0.0884237,0.00051447435,0.066811405,0.13591298
RNF113B,0.00038665958,0.012532516,0.00015797114,0.080213815,0.017465046
RNF114,0.002437163,0.06769972,0.00014021112,0.05138601,0.029771388
RNF115,0.0018246243,0.15730932,0.00013791161,0.09604201,0.062818974
RNF121,0.004653526,0.03986974,0.0024962171,0.01804367,0.049441863
RNF122,0.0006489101,0.05941211,0.0001767426,0.036976393,0.05782287
RNF123,0.0006796087,0.051909216,0.00015284396,0.10129378,0.035516653
RNF125,0.0007287456,0.016521288,0.00068174425,0.13220634,0.0077943387
RNF126,0.16790971,0.04291113,0.2534788,0.080376625,0.00730254
RNF128,0.3225202,0.1187889,0.1313236,0.055472553,0.071047105
RNF13,0.0002302888,0.020781277,0.00022077489,0.03780019,0.0091453325
RNF130,0.57111996,0.1747245,0.37619793,0.08243614,0.1549711
RNF133,0.00084525306,0.023437908,0.0006438111,0.016212763,0.036239162
RNF135,0.00029415815,0.027778057,0.00024372153,0.046499524,0.045870584
RNF138,0.00026067015,0.008578657,0.00013910384,0.033206817,0.0109846005
RNF139,0.00036192473,0.041027,0.00016063923,0.06684685,0.038471114
RNF14,0.00035351323,0.01846147,0.00016753178,0.10073715,0.020670932
RNF141,0.00090122095,0.016099604,0.00019057226,0.050619364,0.033052284
RNF144A,0.00019965356,0.035658598,8.83875e-05,0.047443043,0.009773528
RNF144B,0.0007371138,0.04935365,0.00036260736,0.106358275,0.0072573824
RNF145,0.040810414,0.018255576,0.12882808,0.023442874,0.11180465
RNF146,0.0003260759,0.040817574,0.00012256409,0.13822865,0.06547478
RNF148,0.0041688783,0.009221687,0.0015212101,0.01804367,0.03271089
RNF149,0.0008829272,0.08234979,0.00014839522,0.12520953,0.031776913
RNF150,0.00041510875,0.017439624,8.285264e-05,0.10159445,0.01715093
RNF151,0.00052245334,0.018714739,0.0002485586,0.026073754,0.019218322
RNF152,0.0006187998,0.033043545,0.00013368082,0.09107199,0.035985313
RNF157,0.0010178796,0.005763098,0.0004533158,0.010057129,0.009811962
RNF166,0.08552718,0.06631455,0.23941067,0.078601345,0.04169631
RNF167,0.00061735365,0.059828714,0.00030888003,0.077858046,0.024031214
RNF168,0.004077195,0.1124853,0.00021020434,0.13944675,0.3586593
RNF169,0.00024183614,0.0021173973,9.560527e-05,0.04882528,0.009660805
RNF170,0.0010166556,0.02857687,0.00022324601,0.015479423,0.028625604
RNF180,0.00050693227,0.021513661,0.00020831822,0.008678562,0.02103715
RNF181,0.0009551852,0.11212565,9.405042e-05,0.044195537,0.08562267
RNF182,0.000508462,0.019465933,0.00019670167,0.011681861,0.037128344
RNF183,0.06648985,0.0136192925,0.22762683,0.02679841,0.010582285
RNF185,0.00043789737,0.05048592,0.00012215688,0.050660808,0.026273739
RNF186,0.0019295528,0.007650521,0.00037741245,0.12162352,0.012615638
RNF19A,0.00021274916,0.010436095,0.00017069415,0.049953785,0.0136654
RNF19B,0.0013663722,0.03660504,8.6497086e-05,0.05164654,0.059730202
RNF2,0.00057696056,0.037999734,0.0003328774,0.0656569,0.02680743
RNF20,0.66079026,0.4913934,0.31232363,0.54098636,0.29595438
RNF207,0.0047483784,0.017259778,0.011090507,0.01804367,0.054488856
RNF208,0.0006191582,0.015988458,0.00017495106,0.008796791,0.022695668
RNF213,0.05968718,0.017885437,0.095229,0.02504491,0.021645525
RNF214,0.00040918795,0.008900824,0.00026886477,0.05802234,0.0159094
RNF215,0.0042037484,0.010605075,0.0048579406,0.01804367,0.024907406
RNF216,0.0007297922,0.052214783,0.00013176564,0.08216916,0.0606316
RNF217,0.00041546428,0.012967713,0.00016695974,0.023442874,0.039257824
RNF220,0.0017588255,0.037852507,0.000115192095,0.04857986,0.037539292
RNF222,0.0016081372,0.011115564,0.0010527194,0.01804367,0.023946222
RNF24,0.00066744105,0.008899461,0.00020171647,0.0123439105,0.018533861
RNF25,0.00036312695,0.055197407,0.0006096346,0.042770624,0.040408876
RNF26,0.00020262554,0.009277204,0.00034005582,0.070112325,0.012930968
RNF31,0.0005640029,0.03493483,0.00021671694,0.074387535,0.054632206
RNF32,0.0010377829,0.09523834,9.002197e-05,0.10948658,0.03334748
RNF34,0.27312818,0.08582928,0.17043884,0.025507925,0.046191838
RNF38,0.0005383254,0.04577445,0.00017447546,0.02932646,0.03548537
RNF39,0.00020691866,0.011452099,0.00024956543,0.022068124,0.020233728
RNF4,0.0024574846,0.12840757,0.00037828233,0.22076392,0.079508625
RNF40,0.5180081,0.27223176,0.24961014,0.3708981,0.083243966
RNF41,0.14005098,0.042085182,0.32193428,0.05210176,0.024809355
RNF43,0.00067432417,0.017632218,8.6400476e-05,0.049332045,0.01201958
RNF44,0.0006853617,0.016051138,0.00014159702,0.023442874,0.02436407
RNF5,0.00038506935,0.044410363,0.00015195955,0.09076232,0.03077956
RNF6,0.00030565477,0.002008422,0.00010321072,0.012257511,0.0040426077
RNF7,0.00051039486,0.00928671,0.00017344274,0.06460221,0.019100223
RNF8,0.0047941203,0.34291425,0.00022211098,0.47888213,0.32344493
RNFT1,0.0009261606,0.008567338,0.00057164935,0.026073754,0.022595236
RNGTT,0.06479328,0.06663446,0.112742275,0.118521735,0.06474054
RNH1,0.0004922253,0.019879144,5.5649707e-05,0.06295411,0.0374821
RNLS,0.00055554084,0.024923624,0.00036349546,0.008382098,0.058194116
RNMT,0.0006775351,0.04637382,0.00018731492,0.055397905,0.03304714
RNPC3,0.0005908208,0.08092504,0.00026735943,0.050619364,0.07550572
RNPEP,0.00074432464,0.033210363,0.00015516365,0.038202953,0.041070547
RNPS1,0.124907784,0.06030545,0.26570877,0.20755693,0.1041067
RO60,0.6048091,0.21696267,0.0628893,0.01804367,0.29535726
ROBO1,0.0008142976,0.02331806,0.000116606694,0.06295411,0.013019516
ROBO2,0.00052997406,0.021010667,0.0001900821,0.055753663,0.01585442
ROBO4,0.0016097366,0.026362175,0.00024151565,0.017057737,0.06486612
ROCK1,0.00045046373,0.07174065,0.00014671472,0.15049773,0.06208652
ROCK2,0.00048374207,0.059709612,0.00014708508,0.037634082,0.043442827
ROGDI,0.00022806873,0.006727356,0.00022671693,0.05802234,0.011634002
ROM1,0.00019203697,0.006492331,0.00016383718,0.031784013,0.009058324
ROPN1,0.00057082553,0.05038098,0.0001868996,0.08055776,0.038106628
ROPN1B,0.0006681561,0.017529929,5.3124957e-05,0.09978102,0.045146536
ROPN1L,0.0006414956,0.008881978,0.00027410008,0.05802234,0.0120408395
ROR1,0.025360383,0.009269498,0.07722355,0.04785222,0.039024897
ROR2,0.0012546112,0.037605323,0.00020761727,0.04344712,0.018824
RORA,0.0013808622,0.19725353,0.00015423552,0.05549403,0.08770862
RORB,0.00020327923,0.021691464,0.00015131627,0.10384995,0.017262423
RORC,0.0012767591,0.11524731,0.00039081692,0.2205777,0.060162056
ROS1,0.096317016,0.018333694,0.1507243,0.039135396,0.015334935
RP1,0.0010175888,0.023027569,0.00029320255,0.01146169,0.051631313
RP1L1,0.0006979849,0.014531072,0.00035940806,0.037062395,0.018237779
RP2,0.0006666518,0.0102763595,0.00013584268,0.10439912,0.03328115
RP9,0.0009359729,0.013558449,0.00026416456,0.026517374,0.00690771
RPA1,0.7570398,0.70464337,0.63494337,0.6114525,0.49918902
RPA2,0.3442613,0.23593163,0.5995074,0.239142,0.116763584
RPA3,0.61783993,0.54363894,0.6696255,0.2654366,0.51890033
RPA4,0.0008530839,0.12273214,0.00040811842,0.16289075,0.049929008
RPAIN,0.00033957395,0.038502973,0.00022850168,0.013913607,0.09797595
RPAP1,0.06831841,0.04999915,0.11948378,0.059433043,0.10374085
RPAP2,0.0009214104,0.10908239,0.0005781485,0.034017965,0.08805429
RPAP3,0.0006507095,0.0760758,0.000113198104,0.039594263,0.095608614
RPE,0.814353,0.6353227,0.3241346,0.033196855,0.62541217
RPE65,0.0009555179,0.034726456,0.00023967042,0.015353948,0.02943985
RPF1,0.53053164,0.42171228,0.6930985,0.04225217,0.5526181
RPF2,0.7297725,0.6859633,0.17689398,0.042708002,0.7092162
RPGR,0.12953843,0.05087737,0.22041523,0.042770624,0.04291086
RPGRIP1,0.0012764193,0.049394853,0.00015345642,0.05228131,0.028809758
RPH3A,0.0007105451,0.015866902,0.00044109835,0.03342202,0.01468727
RPH3AL,0.00019045181,0.0029697912,0.00015827481,0.033040963,0.0034786123
RPIA,0.12777574,0.086818166,0.2869707,0.0273377,0.05814909
RPL10,0.31148258,0.123336464,0.21284974,0.075619265,0.055036552
RPL10A,0.0007032825,0.079878286,0.00012123122,0.13696045,0.07437767
RPL10L,0.001044088,0.018196115,0.0002973163,0.050757743,0.013875791
RPL11,0.5794362,0.42204463,0.3825504,0.045120396,0.3017837
RPL12,0.00029147536,0.027913084,0.00014927852,0.12680207,0.030974364
RPL13,0.31831485,0.18145241,0.29397506,0.24698517,0.22507639
RPL13A,0.1689211,0.09180415,0.2369539,0.15177786,0.06861862
RPL14,0.00013475485,0.035686146,0.00014927852,0.12680207,0.020033948
RPL15,0.0004214212,0.0441729,0.0002938745,0.088049024,0.04597122
RPL15,0.0004214212,0.0441729,0.0002938745,0.088049024,0.04597122
RPL17,0.12033792,0.071318865,0.21991591,0.09444399,0.09201057
RPL18,0.09859047,0.032443672,0.31913906,0.11391842,0.03627531
RPL18A,0.00030805453,0.049438454,0.00011369063,0.08424292,0.059951283
RPL19,0.0002250002,0.040343475,0.00014673137,0.075619265,0.034429524
RPL21,0.15008299,0.092828706,0.29397506,0.24698517,0.051936876
RPL22,0.04537891,0.024931801,0.22423105,0.07099653,0.018804267
RPL22L1,0.0005931844,0.044348005,0.00020209668,0.043185964,0.06396269
RPL23,0.14271438,0.2041732,0.11255431,0.045120396,0.14972544
RPL23A,0.2704514,0.17088327,0.20368716,0.12680207,0.16315243
RPL24,0.069225706,0.051660005,0.21689625,0.20325842,0.040982764
RPL26,0.08978883,0.104977116,0.027369214,0.20325842,0.061816297
RPL26L1,0.00043342196,0.015869465,0.00015570165,0.02679841,0.049541716
RPL27,0.14708255,0.079318985,0.19036944,0.0917538,0.08035342
RPL27A,0.00038167633,0.026249863,0.00011466124,0.15177786,0.029778859
RPL28,0.12245911,0.10616579,0.2369539,0.08424292,0.075940534
RPL3,0.07646718,0.077608846,0.20030251,0.07572012,0.04438831
RPL30,0.4317716,0.62870693,0.3043637,0.19990277,0.3916578
RPL31,0.088287644,0.061498787,0.2202793,0.13219604,0.098180115
RPL32,0.10054251,0.0817404,0.13011841,0.101857714,0.033755437
RPL35,0.66843,0.70483434,0.23471975,0.12680207,0.539497
RPL35A,0.0002449653,0.018107917,0.00016364326,0.09444399,0.048408132
RPL36,0.06420552,0.05274002,0.272928,0.07543116,0.057612266
RPL36A,0.93075186,0.8363484,0.40860578,0.17915075,0.96738416
RPL36A,0.93075186,0.8363484,0.40860578,0.17915075,0.96738416
RPL36AL,0.00046690903,0.034280196,0.0001687821,0.021026954,0.08003138
RPL37,0.05703873,0.027610715,0.15187415,0.030235812,0.075216234
RPL37A,0.070311956,0.049763005,0.18784486,0.088049024,0.027488843
RPL37A,0.070311956,0.049763005,0.18784486,0.088049024,0.027488843
RPL38,0.00089620805,0.12093817,0.0001355204,0.075619265,0.090119384
RPL38,0.00089620805,0.12093817,0.0001355204,0.075619265,0.090119384
RPL39,0.21349667,0.08354195,0.12530681,0.029750155,0.1256343
RPL39,0.21349667,0.08354195,0.12530681,0.029750155,0.1256343
RPL39L,0.00048284855,0.012387214,0.00020715989,0.009380428,0.015977336
RPL3L,0.0004146559,0.008276833,0.00018081332,0.011547842,0.005809217
RPL4,0.056772996,0.039832823,0.24717793,0.15338168,0.020378342
RPL41,0.00035124182,0.033504143,0.00011043496,0.044827595,0.03305731
RPL5,0.63092214,0.503973,0.2985316,0.19990277,0.49570492
RPL6,0.17003042,0.13801102,0.08925633,0.08084955,0.08655562
RPL7,0.075631395,0.027507612,0.5048416,0.08084955,0.035870552
RPL7A,0.009532898,0.11471276,0.00224991,0.08084955,0.10524937
RPL7L1,0.0005800292,0.047279324,0.0003239355,0.03830263,0.1367036
RPL8,0.048688274,0.04408989,0.21105136,0.24698517,0.032952182
RPL9,0.0003372377,0.023977157,0.00016865307,0.07099653,0.0167777
RPLP0,0.15802278,0.08466659,0.25628775,0.24698517,0.055721026
RPLP1,0.08559814,0.063558325,0.2794811,0.20987579,0.13101931
RPLP2,0.052216753,0.06384298,0.25913134,0.060614645,0.03221097
RPN1,0.00081522856,0.16675617,7.500542e-05,0.07572012,0.0787908
RPN2,0.0014071085,0.075600654,0.00015626253,0.054999076,0.122553565
RPP14,0.00051269314,0.050367534,0.00025226898,0.07547051,0.030230302
RPP25,0.040331483,0.010175828,0.14194207,0.03409866,0.018533051
RPP25L,0.03754962,0.018367182,0.107058086,0.024526373,0.037068516
RPP30,0.107232116,0.08025875,0.12752983,0.15416612,0.025430022
RPP38,0.52913773,0.3617265,0.372616,0.098995805,0.31216884
RPP40,0.0011461404,0.05958903,0.00018433231,0.059433043,0.05391555
RPRD1A,0.19492121,0.054351203,0.05218909,0.02572108,0.052519802
RPRD1B,0.00043067776,0.022604207,0.0002053618,0.037358787,0.13445322
RPRD2,0.00075542403,0.105893694,0.00019019142,0.03450911,0.2022935
RPRM,0.000104572886,0.0076063015,4.72812e-05,0.032562852,0.010251765
RPRML,0.0023173674,0.0044116126,0.0008231056,0.01804367,0.011806354
RPS10,0.13523221,0.06452743,0.19917035,0.19990277,0.090573184
RPS11,0.063474625,0.032181043,0.21875508,0.14791091,0.040791772
RPS12,0.03141262,0.040495347,0.13772899,0.08628132,0.03835564
RPS13,0.12967806,0.16438116,0.48212564,0.08084955,0.07608205
RPS14,0.044529255,0.048839733,0.32660854,0.14791091,0.06389804
RPS15,0.060344696,0.024889318,0.17837827,0.10410274,0.022921696
RPS15A,0.05968199,0.059514306,0.3844892,0.20325842,0.07266311
RPS16,0.0006633641,0.048935194,0.00014875704,0.19990277,0.028822524
RPS17,0.08666299,0.031459473,0.29963794,0.18497667,0.037512314
RPS18,0.14679241,0.106164515,0.26753697,0.12680207,0.17933595
RPS19,0.29831767,0.36386773,0.1962184,0.056374367,0.1912593
RPS19BP1,0.00032909462,0.028967246,0.00022704835,0.050640047,0.065835714
RPS2,0.111929044,0.05164681,0.018804202,0.20325842,0.046659913
RPS20,0.00096973026,0.11118213,0.000118110846,0.16848594,0.03240924
RPS21,0.050040424,0.094614305,0.116439916,0.05033658,0.11127763
RPS21,0.050040424,0.094614305,0.116439916,0.05033658,0.11127763
RPS23,0.00050595717,0.038945165,0.000109599154,0.07572012,0.03114225
RPS24,0.0015741138,0.05868424,0.0004083953,0.045524854,0.02591606
RPS25,0.09760745,0.040723026,0.19466421,0.06536898,0.03998019
RPS27A,0.033752024,0.042165387,0.49099568,0.07635919,0.066454746
RPS27L,0.0012447947,0.058432955,0.0001433357,0.03238853,0.037906826
RPS28,0.14125212,0.11312063,0.15659766,0.107426,0.110971674
RPS28,0.14125212,0.11312063,0.15659766,0.107426,0.110971674
RPS29,0.0006935664,0.12085841,0.00013514243,0.0722007,0.133783
RPS29,0.0006935664,0.12085841,0.00013514243,0.0722007,0.133783
RPS3,0.1762862,0.12679894,0.2948219,0.08084955,0.066032365
RPS3A,0.10138089,0.051509213,0.100343734,0.045120396,0.04678661
RPS4X,0.2729984,0.27257386,0.37181482,0.045120396,0.16853964
RPS4Y1,0.0013485542,0.040714227,6.5282664e-05,0.03756352,0.059389688
RPS5,0.08723358,0.11066471,0.18535924,0.08424292,0.06205771
RPS6,0.10518219,0.018082568,0.5656989,0.20325842,0.03086069
RPS6KA1,0.00032571828,0.006783019,0.00012170275,0.07311051,0.010552754
RPS6KA2,0.037928827,0.005599167,0.2830383,0.07534827,0.0059299646
RPS6KA3,0.0011186027,0.04799793,0.0004210574,0.06761431,0.012604436
RPS6KA4,0.07090059,0.014802254,0.16992737,0.09901446,0.008837768
RPS6KA5,0.57411087,0.5063551,0.3125789,0.18242635,0.37375867
RPS6KA6,0.0011406944,0.12939924,0.0001701853,0.0756093,0.054317046
RPS6KB1,0.7321146,0.50979614,0.38160697,0.27199018,0.45651594
RPS6KB2,0.5074694,0.25774625,0.18883763,0.08017108,0.18265952
RPS6KC1,0.0005273188,0.03356921,0.00035794696,0.050757743,0.036911838
RPS6KL1,0.4314811,0.12403228,0.5358987,0.09978102,0.08719147
RPS7,0.040662717,0.03454063,0.10251674,0.08084955,0.020515649
RPS8,0.051694006,0.07310095,0.09369414,0.045120396,0.04258826
RPS9,0.10581786,0.03029201,0.12908585,0.045120396,0.061206996
RPSA,0.00053226965,0.06608586,0.0001262513,0.19990277,0.061133616
RPTN,0.00084530783,0.011464045,0.00095214683,0.022973275,0.038966984
RPTOR,0.24350028,0.09142646,0.212735,0.069472045,0.11167316
RPUSD2,0.00072549883,0.04455154,0.0001772959,0.008678562,0.036957677
RRAD,0.00076412014,0.08556672,0.00017870392,0.06728354,0.12743849
RRAGA,0.0011846055,0.031005306,0.00012913549,0.040722523,0.037169997
RRAGB,0.00048715566,0.043660987,9.002197e-05,0.07801109,0.031011794
RRAGC,0.00039505213,0.063290015,0.00014539572,0.039135396,0.03925982
RRAGD,0.00030696247,0.010153021,0.0001969141,0.024729606,0.011054401
RRAS,0.0007791897,0.020949952,0.00015217386,0.0819942,0.02396682
RRAS2,0.00087721995,0.05193872,0.00043247375,0.0756093,0.038249217
RRBP1,0.00033814073,0.010505387,0.00016235388,0.03178408,0.0077480404
RREB1,0.04954001,0.040524606,0.1461778,0.024041327,0.09235021
RRM1,0.49619758,0.38650188,0.31040007,0.13944675,0.6119119
RRM2,0.67697567,0.5215747,0.4730063,0.11489271,0.5914086
RRM2B,0.13701652,0.053757932,0.17412882,0.098550096,0.036451872
RRN3,0.0023070562,0.16106775,0.00020430442,0.04815071,0.10787497
RRP1,0.0008021379,0.07023215,0.00018100289,0.058781914,0.09127696
RRP12,0.00034994166,0.05228096,0.00014296484,0.046585087,0.04411967
RRP15,0.0007983411,0.15537477,0.00011953199,0.014107352,0.13897942
RRP1B,0.001107788,0.05469286,0.00026010806,0.028838238,0.028096898
RRP36,0.00051744754,0.036426097,0.00017354397,0.023442874,0.055662572
RRP7A,0.0010707342,0.045807317,0.00026381697,0.050619364,0.05618599
RRP8,0.0023916685,0.059944052,0.00024884692,0.030818716,0.041618828
RRP9,0.17274857,0.12445412,0.051548295,0.0229092,0.10228516
RRS1,0.10462265,0.0174903,0.26650882,0.031919457,0.020784944
RS1,0.00079114095,0.0057022017,0.0096499035,0.01804367,0.012358826
RSAD1,0.0037080138,0.03262784,0.0026763119,0.01804367,0.049580228
RSAD2,0.0022670017,0.010784582,0.0038720493,0.01804367,0.011625479
RSBN1,0.11587589,0.027574962,0.14963232,0.027808795,0.038707584
RSBN1L,0.00029107992,0.0071753194,0.00015797114,0.03865339,0.0075546918
RSC1A1,0.0040469607,0.10603572,0.00026197894,0.020175396,0.13431148
RSF1,0.0005459452,0.04675487,0.00026735128,0.051949967,0.04184847
RSL1D1,0.0008939297,0.101099044,0.00043238842,0.14499688,0.119827
RSL24D1,0.0007933265,0.033513088,0.00012763048,0.09053533,0.049203135
RSPH1,0.00038181207,0.0088250125,0.0004516724,0.012736215,0.021383721
RSPH3,0.0006322713,0.01773767,0.00015797114,0.011681861,0.010982742
RSPH9,0.0005099343,0.008226148,0.00020937918,0.009077163,0.014478459
RSPO1,0.0017303802,0.0070813987,0.0032559126,0.018257927,0.021347528
RSPO2,0.0012223398,0.02295443,0.0001809387,0.008796791,0.03223536
RSPO4,0.002252832,0.005063668,0.0012535761,0.01804367,0.022695424
RSPRY1,0.08010201,0.0121984705,0.039880317,0.023225589,0.015224095
RSRC1,0.000539879,0.013981252,0.00030598656,0.02504491,0.013834571
RSRC2,0.0002939143,0.032915484,0.00011796115,0.10129378,0.023794053
RSRP1,0.028236428,0.0075889323,0.14615473,0.023806559,0.015801014
RSU1,0.0006590428,0.030493228,0.0002653173,0.04095821,0.044080123
RTBDN,0.0035914194,0.0076836436,0.005234358,0.01804367,0.01218622
RTCA,0.0016378813,0.046733804,0.00043088885,0.10444256,0.05626487
RTCB,0.00095749646,0.06955788,0.00012463066,0.10129378,0.09623561
RTEL1,0.010979567,0.105009526,0.0110697225,0.01804367,0.20408912
RTF1,0.17228487,0.02497518,0.23970734,0.04366323,0.03777976
RTKN,0.00017891516,0.0038900787,0.00032605662,0.025065692,0.004436464
RTKN2,0.00046443523,0.01581701,0.00013951962,0.020951219,0.0151636135
RTL10,0.0032874986,0.015684277,0.0628893,0.01804367,0.042788308
RTL5,0.009721202,0.009975807,0.0628893,0.01804367,0.02521941
RTL6,0.0011992868,0.003273367,0.0628893,0.01804367,0.026450338
RTL8B,0.006515418,0.008090745,0.0628893,0.01804367,0.011259288
RTN1,0.00091075955,0.08670862,0.00049520493,0.08781613,0.042759217
RTN2,0.15631135,0.020414788,0.48688942,0.06655746,0.008617295
RTN3,0.00059074594,0.03950503,0.00019123027,0.06847451,0.066334344
RTN4,0.00022963673,0.05101354,0.00031381982,0.10934737,0.0089442795
RTN4IP1,0.0010652458,0.03963158,0.00030596874,0.016602034,0.06396705
RTN4R,0.0012801272,0.029564882,0.00018574571,0.025571207,0.045369793
RTN4RL1,0.00044814832,0.007862515,0.00033947523,0.009318263,0.006095956
RTN4RL2,0.002403714,0.0052620475,0.0018627945,0.01804367,0.021352863
RTP2,0.0003251812,0.0055705826,0.00035032953,0.020270698,0.007851553
RTP5,0.00038530875,0.01768303,8.818225e-05,0.064063706,0.02249743
RTRAF,0.007862619,0.025667792,0.0628893,0.01804367,0.06626573
RUBCN,0.0071560876,0.009696056,0.0628893,0.01804367,0.013565244
RUFY1,0.001577924,0.080320425,0.0002313412,0.10842442,0.036443274
RUFY2,0.00025998038,0.005879488,0.00015797114,0.014566581,0.009775864
RUFY3,0.000368861,0.009413465,0.00019010039,0.008678562,0.03563834
RUNDC1,0.0009738861,0.0477325,0.0012910787,0.06866131,0.028922893
RUNDC3A,0.00040542422,0.052034907,8.6497086e-05,0.054003723,0.032293584
RUNDC3B,0.0006020224,0.010558362,0.00073282665,0.025175512,0.025882792
RUNX1,0.0454104,0.0489307,0.2625526,0.15384021,0.062039472
RUNX1T1,0.00034358355,0.12613826,0.00015280899,0.2141583,0.01592155
RUNX2,0.0007579008,0.14971164,0.00013901021,0.15242924,0.057865515
RUNX3,0.001072366,0.0658913,0.00017223308,0.0851105,0.023961384
RUSC1,0.00023120205,0.029555485,0.00015947856,0.15273304,0.052148137
RUSC2,0.00019311502,0.018622974,0.0005610195,0.03770934,0.017912604
RUVBL1,0.14304058,0.14643568,0.06854346,0.38008052,0.13387433
RUVBL2,0.41508767,0.36865345,0.36777076,0.17048424,0.18849277
RWDD1,0.0010811909,0.055002585,0.00026315075,0.043702487,0.06320948
RWDD2A,0.0029932188,0.0040689143,0.0020146356,0.01804367,0.007549821
RWDD2B,0.0006798001,0.03618203,0.00037645322,0.026453294,0.03028882
RWDD3,0.00071795995,0.055653248,0.00019019142,0.025648652,0.03854681
RXFP1,0.0013631916,0.010569127,0.0012436055,0.028040525,0.013208215
RXFP3,0.0005260913,0.0071948576,0.00011966828,0.009380428,0.014418001
RXFP4,0.00060003146,0.010064048,0.001093493,0.012576047,0.021383101
RXRA,0.08185359,0.055171926,0.11456544,0.21994169,0.046490256
RXRB,0.00021129726,0.04798783,0.0004857493,0.15295237,0.012846642
RXRG,0.086213626,0.021598201,0.2253052,0.065077096,0.010749843
RXYLT1,0.020705111,0.024218787,0.0628893,0.01804367,0.099409364
RYR1,0.0024587521,0.024734477,0.00012135116,0.06702567,0.010132774
RYR2,0.12534527,0.023223076,0.25996035,0.05759888,0.007009117
RYR3,0.0014327924,0.026576653,0.00033185742,0.05164654,0.042960316
S100A1,0.0006800811,0.07499721,0.00016265063,0.11849734,0.026913946
S100A10,0.0011250579,0.0781292,8.739168e-05,0.054802448,0.017260095
S100A11,9.8240664e-05,0.004949129,0.00023143251,0.021028263,0.0028115807
S100A12,0.0008668602,0.020671263,0.00016193614,0.04029104,0.10932016
S100A13,0.0007851151,0.056605555,0.00014252831,0.031919457,0.05774056
S100A14,0.0007259989,0.01848308,0.00025112595,0.03404868,0.028341053
S100A16,0.0006485435,0.023273842,0.00024956543,0.024950339,0.039684307
S100A2,0.0006648419,0.01804957,0.00083961705,0.10690647,0.017648613
S100A4,0.0011174349,0.03564472,0.00018570357,0.08850078,0.031374495
S100A6,0.00044328984,0.023401203,0.00022200787,0.044195537,0.014553787
S100A7,0.00029957664,0.01937347,0.00031924012,0.039986305,0.007896791
S100A8,0.00038825575,0.020579172,0.00023764253,0.03673436,0.03429374
S100A9,0.0004743761,0.021454072,0.0001491044,0.0604383,0.010404174
S100B,0.0001661129,0.015340601,0.00031381982,0.12585394,0.015044467
S100P,0.00049390335,0.05419218,0.00035434242,0.05033658,0.025005803
S100PBP,0.0032567454,0.0537497,0.00016653792,0.023442874,0.08059505
S100Z,0.0009938618,0.023723125,0.0009939304,0.020951219,0.048247416
S1PR1,0.00049286074,0.033299502,0.0001394704,0.020332135,0.023515048
S1PR2,0.12139059,0.016589615,0.15769146,0.038914435,0.040932383
S1PR3,0.0013682637,0.019708052,0.0009973547,0.026796391,0.030092187
S1PR4,0.00040403617,0.009685151,0.00041641746,0.02837221,0.028650057
S1PR5,0.11759006,0.021010535,0.07244174,0.015371605,0.03427463
SAAL1,0.0016174444,0.064645045,0.00017354397,0.050640047,0.08915299
SAC3D1,0.0010321981,0.0051910942,0.0019758793,0.01804367,0.0073244073
SACM1L,0.0004938168,0.028762028,0.00012504408,0.05451494,0.04426809
SACS,0.00043555207,0.020344757,5.0956798e-05,0.0578791,0.031918123
SAE1,0.8357203,0.7100157,0.3878163,0.07534827,0.7365582
SAFB,0.0005223951,0.02944149,0.00012009754,0.06081598,0.048242822
SAFB2,0.00042151142,0.04789366,9.770553e-05,0.11038682,0.03503307
SALL1,0.0010226896,0.014006175,0.00013300501,0.059433043,0.013786557
SALL2,0.0011293235,0.014479308,0.0002484979,0.027927298,0.01932882
SALL4,0.00045334577,0.012746965,0.0005988363,0.008678562,0.02506808
SAMD10,0.0056630163,0.0029099886,0.0018449067,0.01804367,0.016375475
SAMD12,0.008682599,0.011589549,0.0047842115,0.01804367,0.02060358
SAMD15,0.005709826,0.02816194,0.0015212101,0.01804367,0.058506645
SAMD3,0.0009910658,0.038060986,0.0009841683,0.08511729,0.020701548
SAMD4A,0.00016570096,0.0080757,0.00021659979,0.03404868,0.012341598
SAMD4B,0.0006073007,0.031509202,0.00016999943,0.011245472,0.09088598
SAMD5,0.00674946,0.005166118,0.0018466595,0.01804367,0.007276488
SAMD9,0.00013729976,0.0036434208,0.00020807146,0.023442874,0.0072737914
SAMD9L,0.0013559943,0.009846703,0.0005010986,0.01804367,0.0371816
SAMHD1,0.0004332045,0.039281797,0.00018028085,0.039893705,0.009451845
SAMM50,0.0005578915,0.070177995,0.00029062515,0.037789285,0.17788284
SAMSN1,0.001132624,0.014825067,0.00013145116,0.0389452,0.009435554
SAP130,0.00046934973,0.0245465,0.00015816466,0.0570097,0.026660679
SAP18,0.09945917,0.07045075,0.34849128,0.14289773,0.029350638
SAP25,0.0007280109,0.037511975,0.00040895378,0.023304028,0.24785532
SAP30,0.00055311725,0.037846733,0.0001784354,0.15022737,0.019856887
SAP30BP,0.0012787045,0.067804106,0.00013463052,0.06081598,0.099464
SAP30L,0.0015590303,0.047920987,0.00022090248,0.04223064,0.03197311
SAPCD1,0.0019572098,0.017786946,0.00044678702,0.016529309,0.04820147
SAPCD2,0.0035741162,0.003209339,0.0062408745,0.01804367,0.0039883438
SAR1A,0.0005046514,0.037950635,0.00020644117,0.013710812,0.082330614
SAR1B,0.0009624134,0.0109515125,0.00033185742,0.009380428,0.063534856
SARAF,0.001041377,0.029548032,0.000120058714,0.03770934,0.065762624
SARNP,0.0003734003,0.038621113,0.00025182538,0.03450911,0.047142148
SARS1,0.17494798,0.12825546,0.0628893,0.01804367,0.17535782
SARS2,0.0007062582,0.027892927,0.00012550746,0.014107352,0.03388306
SART1,0.0012877524,0.03807683,0.00045079703,0.05759888,0.042176828
SART3,0.1767197,0.1386519,0.17520867,0.10967697,0.067167506
SASH1,0.00058210024,0.032856263,0.00013406544,0.03830263,0.03987999
SASH3,0.00095975195,0.024558851,0.00010039939,0.02752817,0.020370124
SASS6,0.0014651715,0.059467558,0.00037498074,0.039315768,0.1131406
SAT1,0.13342431,0.07035593,0.11038696,0.03984609,0.030526895
SAT2,0.0012340342,0.0322061,0.00037645322,0.044079047,0.05042874
SATB1,0.00077788474,0.023570947,0.00026631914,0.08522476,0.023109687
SATB2,0.00035884095,0.013590291,0.00044928546,0.020978805,0.028665531
SAV1,0.00027936563,0.014240621,0.00015920811,0.037789285,0.020124909
SAXO1,0.0023846,0.060098283,0.0001930458,0.058206778,0.027064135
SAXO2,0.0048456187,0.021060899,0.001379222,0.01804367,0.09334956
SAYSD1,0.0042125764,0.009286354,0.019586336,0.01804367,0.018444931
SBDS,0.00053724385,0.057151895,0.00023296275,0.03298475,0.1124372
SBF1,0.00037040372,0.006640455,0.000103165745,0.031780463,0.0044205477
SBK1,0.00070691475,0.035352804,0.00016960972,0.029588407,0.056154054
SBNO1,0.001623508,0.05507631,0.0055332067,0.01804367,0.11065504
SBNO2,0.004399035,0.0751059,0.007313699,0.01804367,0.24508965
SBSPON,0.0018631076,0.010613289,0.0032127912,0.01804367,0.018558068
SC5D,0.00050513603,0.016223194,0.0003170076,0.023442874,0.06799864
SCAF1,0.00026594437,0.0548876,0.000189864,0.021351315,0.1513059
SCAF11,0.077326395,0.07114578,0.30851385,0.1365219,0.024304343
SCAF4,0.00075472635,0.093069196,0.00020132834,0.104484156,0.10307712
SCAF8,0.00037250237,0.030412436,0.0004629973,0.011185222,0.070848666
SCAMP2,0.00031091715,0.036552545,5.554722e-05,0.045055617,0.052063104
SCAMP3,0.1704462,0.1279807,0.028317742,0.08261023,0.04535622
SCAMP4,0.0004380303,0.008095468,0.00017554846,0.009380428,0.0056912475
SCAMP5,0.000595736,0.022006938,0.00037116423,0.009173206,0.018903997
SCAND1,0.0005207284,0.020367902,0.000101269,0.040255483,0.015426899
SCAP,0.0854246,0.07817512,0.12765549,0.17915075,0.053208403
SCAPER,0.0011233595,0.028474078,0.00014509878,0.03158699,0.049071446
SCARA3,0.0009570327,0.01632574,0.00037311311,0.037062395,0.014038684
SCARA5,0.00068785413,0.005386235,0.00022038665,0.008382098,0.013103704
SCARB1,0.0002603867,0.0077025103,0.0007065544,0.03447213,0.0045704637
SCARB2,0.002075091,0.014592448,0.0001347979,0.039315768,0.036055855
SCARF1,0.071351476,0.021526303,0.12292136,0.009077163,0.035173528
SCARF2,0.00046952872,0.028993977,0.00011658713,0.026363747,0.18953925
SCCPDH,0.0002910319,0.011629474,0.00011751879,0.012868392,0.023107184
SCD,0.1357473,0.06606237,0.14348495,0.039315768,0.060039103
SCD5,0.0009515066,0.019694114,0.00077361014,0.023442874,0.058622796
SCEL,0.00038501172,0.011351157,0.0001675035,0.096370876,0.01065148
SCFD1,0.42090753,0.04921267,0.20092353,0.07077563,0.05481302
SCG2,0.00090191537,0.09696465,0.00016005532,0.0995482,0.027587995
SCG3,0.0005324376,0.020203086,0.00017750615,0.021659115,0.056154735
SCG5,0.00050345145,0.015187629,0.00021616407,0.009611286,0.02952332
SCGB1A1,0.0004175036,0.0066578975,0.00020642976,0.01568221,0.01628936
SCGB1D1,0.0010110033,0.033125006,0.00029454124,0.022973275,0.022386305
SCHIP1,0.00082047255,0.02622243,0.00024594401,0.17469093,0.019628596
SCIN,0.0008659884,0.031372964,0.00016242481,0.17915075,0.030556766
SCLT1,0.024852248,0.002072553,0.0437824,0.044827595,0.004390942
SCLY,0.000888063,0.03440334,0.00024156905,0.02844312,0.07433205
SCMH1,0.0015983043,0.0593707,0.00037265633,0.037634082,0.04858892
SCML1,0.004604713,0.009120392,0.0054704677,0.01804367,0.025842452
SCML2,0.0009879171,0.032906506,0.00025071972,0.012868392,0.0625497
SCN1A,0.005034243,0.05252463,0.00026881555,0.11275657,0.019773768
SCN1B,0.00076546223,0.05566076,0.0001900821,0.02837221,0.0857349
SCN2A,0.00031040565,0.0109757,0.000118470554,0.013859914,0.012531271
SCN2B,0.00047590962,0.008647709,0.0007858651,0.028982447,0.013168009
SCN3B,0.000915084,0.006613212,0.0001468411,0.020951219,0.01690621
SCN4A,0.11486601,0.0070026447,0.1523181,0.011643864,0.013388332
SCN5A,0.00028661764,0.011212855,0.0001233807,0.07007879,0.009761689
SCN8A,0.06380487,0.0086478405,0.5117178,0.053084876,0.04480214
SCN9A,0.0007534074,0.0152506055,0.00016558013,0.009690155,0.034878533
SCNM1,0.0006336503,0.05434384,0.00012855962,0.069496416,0.019710414
SCNN1A,0.0010249887,0.0323234,0.0013725699,0.058897913,0.020456675
SCNN1B,0.00043952186,0.011655152,0.00015314287,0.08951132,0.02737576
SCNN1D,3.7463382e-05,0.003127003,0.00014697699,0.05164654,0.002095465
SCNN1G,0.33126193,0.0703819,0.36714736,0.10129378,0.058208805
SCO2,0.00108766,0.046471436,0.00013203733,0.080213815,0.0513719
SCP2,0.001850811,0.10096259,0.00014134476,0.027190577,0.15651198
SCPEP1,0.04672017,0.006822013,0.042519554,0.023442874,0.013250768
SCRG1,0.0015786152,0.0031055287,0.00020347004,0.028074764,0.024560187
SCRIB,0.00019684671,0.00781789,0.0001273998,0.06702567,0.004920094
SCRN1,0.00050487585,0.019219134,0.00046885604,0.011245472,0.07710404
SCRN2,0.00034028428,0.008973764,0.00015797114,0.020432413,0.016440047
SCRT2,0.0043298467,0.01610351,0.0045413584,0.01804367,0.01752951
SCTR,0.00027167838,0.031750523,0.00024151565,0.013884453,0.050579686
SCUBE1,0.0011694769,0.0047534853,0.015582873,0.018288122,0.01122908
SCUBE2,0.0015276232,0.010722237,0.0019545383,0.01889102,0.020328572
SCUBE3,0.00018348324,0.008742677,0.00034093324,0.018897312,0.008752224
SCX,0.0001964597,0.0056828344,7.683562e-05,0.021664867,0.014820039
SCYL1,0.20704259,0.068988636,0.15408868,0.025206596,0.25151303
SCYL2,0.00024414575,0.008457523,0.00057344633,0.033245508,0.0065419665
SCYL3,0.08378566,0.026839506,0.012533314,0.07290339,0.023144407
SDAD1,0.00042009915,0.085187614,0.00043588728,0.024041327,0.110064015
SDC1,0.00040404854,0.023119135,0.00020495022,0.04981961,0.009236699
SDC2,0.00052917574,0.021602701,0.00013741241,0.05574863,0.025439275
SDC2,0.00052917574,0.021602701,0.00013741241,0.05574863,0.025439275
SDC3,0.00037754182,0.020640768,0.00029518866,0.13673598,0.009717664
SDC4,0.00070050283,0.028095724,0.00032686803,0.029531958,0.015982278
SDCBP,0.18819909,0.0705243,0.29275513,0.15469457,0.07557181
SDCBP2,0.0003722567,0.05278942,0.00012791228,0.0753512,0.027027529
SDE2,0.0003134691,0.017913654,0.00015797114,0.039998848,0.043170113
SDF2,0.00045167757,0.008440426,0.00024561313,0.014942881,0.021820366
SDF2L1,0.002088497,0.07860302,0.0001718135,0.08479036,0.07579045
SDF4,0.00034679918,0.004756493,8.627442e-05,0.104768254,0.0036802674
SDHA,0.00064449373,0.023239879,0.0002586855,0.054003723,0.02735332
SDHAF1,0.0062571727,0.029116519,0.004004985,0.01804367,0.063118875
SDHAF2,0.0020912932,0.022657316,0.00017138287,0.03400955,0.06187279
SDHAF3,0.0009860994,0.010518004,0.0008231056,0.01804367,0.026447844
SDHB,0.06640114,0.025452714,0.16149442,0.058306362,0.01777327
SDHC,0.06622773,0.042181365,0.36858812,0.028792977,0.056527764
SDHD,0.0007180144,0.047542475,0.00064037094,0.008382098,0.04743757
SDK1,0.0014816603,0.029138498,0.00030908565,0.01942002,0.08408403
SDR39U1,0.00050716015,0.0062280856,0.00034339,0.026331594,0.008954595
SDR42E1,0.016617745,0.008195701,0.04968515,0.0123439105,0.012637272
SDR9C7,0.0010349571,0.001352872,0.0013006148,0.01804367,0.0022321937
SDSL,0.00064656243,0.0069422103,0.0002508015,0.011722919,0.007706455
SEC11A,0.00054464344,0.057801936,7.929101e-05,0.06831696,0.091932416
SEC11C,0.00056170946,0.007642749,0.00015652872,0.023442874,0.025585037
SEC13,0.30964515,0.04454764,0.27889767,0.11849734,0.11409549
SEC14L1,0.0007639665,0.008236651,0.0001290951,0.010057129,0.02284813
SEC14L2,0.0008756587,0.036190756,0.00038813995,0.009380428,0.043402765
SEC14L5,0.00975126,0.016832631,0.004003266,0.01804367,0.02438334
SEC16A,0.0008185738,0.051582877,0.00013785232,0.09003672,0.090424664
SEC22A,0.0005180044,0.05939554,0.00014381213,0.027684532,0.05390527
SEC22C,0.0002726166,0.012464994,0.00029246495,0.009380428,0.018996665
SEC23A,0.0005273872,0.026412457,0.00014626313,0.07533038,0.0252173
SEC23B,0.00036552796,0.03341134,0.00019010039,0.07368325,0.065377764
SEC23IP,0.20520762,0.03684367,0.16459851,0.031919457,0.054850128
SEC24A,0.0011150403,0.057279166,0.000156605,0.039135396,0.056117103
SEC24B,0.00080858084,0.030939689,0.00015101688,0.024526373,0.061575364
SEC24C,0.0009136434,0.06449641,0.00020060687,0.038731944,0.042034775
SEC24D,0.00028571536,0.016916785,0.0001353249,0.1096986,0.0314441
SEC31A,0.00061085075,0.027890049,0.00010892734,0.016793558,0.017526038
SEC31B,0.001580961,0.008703898,0.0013006148,0.01804367,0.032042947
SEC61A1,0.00064143626,0.051098887,0.00025351095,0.078832544,0.06916189
SEC61A2,0.0005068243,0.014418353,0.00036613358,0.17915075,0.011578618
SEC61B,0.0009468136,0.04675634,0.00012757244,0.08527271,0.03706959
SEC61G,0.00057547825,0.007860703,0.000142325,0.02516947,0.021962035
SEC62,0.00033978943,0.049630843,0.000113359594,0.050757743,0.04387066
SEC63,0.0014180986,0.19092925,0.00016197274,0.024358278,0.1752938
SECISBP2,0.00038616115,0.008082559,0.0001868996,0.050619364,0.041750744
SECISBP2L,0.08857807,0.0143957045,0.043025617,0.036235023,0.019616043
SECTM1,0.0009579942,0.011086586,0.0001309872,0.04225217,0.018275179
SEH1L,0.5934526,0.7556129,0.47698668,0.06696403,0.6692333
SEL1L,0.108874775,0.021298332,0.18680927,0.027190577,0.031905092
SEL1L3,0.0008978042,0.026409654,0.00019057226,0.0123439105,0.025526583
SELE,0.0023275919,0.17859918,0.00015900012,0.040255483,0.059787575
SELENBP1,0.0007472393,0.06315943,0.00027421772,0.13466406,0.014192413
SELENON,0.037040297,0.027347954,0.0628893,0.01804367,0.108883284
SELENOO,0.0044520344,0.0092782425,0.0628893,0.01804367,0.018378956
SELENOP,0.005545119,0.01867842,0.0628893,0.01804367,0.015038971
SELENOS,0.0108975265,0.009189304,0.0628893,0.01804367,0.010342706
SELENOT,0.0047916025,0.012956469,0.0628893,0.01804367,0.023658453
SELENOW,0.03012558,0.008951316,0.0628893,0.01804367,0.02943332
SELL,0.0004355656,0.021725727,0.00015165933,0.03160047,0.03431577
SELP,0.0005475706,0.008949917,0.00015482138,0.017707363,0.009612384
SELPLG,0.00059979246,0.022049353,0.000104824285,0.027684532,0.038495522
SEM1,0.2279695,0.022785477,0.0628893,0.01804367,0.078894794
SEMA3A,0.00045259058,0.018329304,0.0001470346,0.01665233,0.039920058
SEMA3C,0.0004998349,0.029564368,0.00014534693,0.01665233,0.028769793
SEMA3E,0.007959434,0.016802251,0.012936854,0.020931523,0.053215634
SEMA3F,0.000201054,0.0067756143,0.00015348189,0.050757743,0.0029677136
SEMA4A,0.0008871766,0.05093288,0.00013851801,0.02701375,0.030597951
SEMA4B,0.00092664704,0.0373187,0.00018554516,0.028915428,0.10863703
SEMA4C,0.0010212103,0.02905843,0.00018323514,0.013710812,0.017993154
SEMA4D,0.00028099,0.0059473664,0.00019676545,0.02435605,0.012099314
SEMA4F,0.05739304,0.018377628,0.1783524,0.013398572,0.018184686
SEMA4G,0.0002436035,0.0043381904,0.00023128053,0.036598153,0.006919358
SEMA5A,0.00012943456,0.0055467016,0.00012413134,0.023442874,0.0106917955
SEMA5B,0.00021844191,0.0069035115,0.00018196156,0.029337851,0.0033616356
SEMA6A,0.0005806737,0.018720182,0.00023384314,0.108472176,0.014825595
SEMA6D,0.0037628175,0.012083747,0.00016471687,0.020270698,0.032641854
SEMA7A,0.051209006,0.014326705,0.309943,0.022454023,0.015778547
SEMG1,0.001033879,0.029179819,0.00023057245,0.021026954,0.08262116
SEMG2,0.0004445479,0.039170746,0.00039158404,0.024410563,0.042617638
SENP1,0.1302775,0.010018138,0.38499328,0.0223549,0.025672657
SENP2,0.00088413234,0.04609253,0.00024164552,0.0570097,0.08778624
SENP5,0.09602473,0.026915396,0.110805884,0.008678562,0.021345772
SENP6,0.0005073695,0.059865523,0.00017467319,0.10159445,0.02905351
SENP7,0.0006688113,0.013523145,0.00044111646,0.012736215,0.011371515
SENP8,0.0019175429,0.07822489,0.00022704835,0.039594263,0.031318594
SEPHS1,0.00031656696,0.025025614,0.000121561134,0.10384995,0.01969581
SEPHS2,0.00064147083,0.047491632,0.00021330731,0.026462918,0.0446211
SEPTIN11,0.0240933,0.030899463,0.0628893,0.01804367,0.020769928
SEPTIN14,0.05571739,0.010565553,0.0628893,0.01804367,0.02366259
SEPTIN2,0.0011836743,0.016912336,0.00022894108,0.01804367,0.03183886
SEPTIN4,0.10330647,0.08393111,0.0628893,0.01804367,0.37381002
SEPTIN6,0.18179621,0.027265895,0.20425631,0.01804367,0.06367427
SEPTIN6,0.18179621,0.027265895,0.20425631,0.01804367,0.06367427
SEPTIN9,0.0005985224,0.014480663,0.00025226272,0.01804367,0.03342705
SERAC1,0.00054450484,0.00579155,0.00013951962,0.017034966,0.031156722
SERBP1,0.00065660215,0.03084066,0.00016533212,0.102323145,0.05901539
SERF2,0.00037111292,0.015726566,0.00012757244,0.05194081,0.009109298
SERGEF,0.0004939573,0.009800307,0.00026355323,0.03158699,0.012327372
SERHL2,0.00054653484,0.015826507,0.00047212932,0.023442874,0.013728484
SERINC1,0.04409662,0.031652205,0.13546827,0.030235812,0.021775888
SERINC2,0.0015859742,0.006985606,0.00057650154,0.01804367,0.007037326
SERINC3,0.00295444,0.12308013,0.00025511757,0.008154752,0.20174567
SERINC4,0.0008950731,0.0104484875,0.0014562204,0.01804367,0.021765247
SERINC5,0.0012347202,0.01838962,0.0013353206,0.01804367,0.023185998
SERP1,0.0005303313,0.045511924,0.0001748345,0.10114647,0.016590727
SERP2,0.00043378444,0.0055179414,0.0004975636,0.04624848,0.0059953723
SERPINA1,0.00020060824,0.020505494,0.00026881555,0.06926932,0.008061153
SERPINA10,0.0005033293,0.006830082,0.00020250291,0.01992266,0.01572707
SERPINA11,0.0017443972,0.008725462,0.0011303131,0.01804367,0.023958538
SERPINA12,0.0005264294,0.011236839,0.00086913834,0.023442874,0.011874234
SERPINA3,0.0005340801,0.026070165,6.395941e-05,0.051123098,0.009609911
SERPINA4,0.0009004441,0.01890512,0.00023970079,0.04382802,0.025982808
SERPINA5,0.00017557373,0.01834862,0.00014290704,0.08828944,0.005311026
SERPINA6,0.0018590683,0.0049060667,0.025235796,0.01804367,0.010390834
SERPINA7,0.00095645926,0.0072846487,0.00043770307,0.028074764,0.04500308
SERPINB1,0.000558727,0.013269941,0.00027858367,0.011245472,0.01691359
SERPINB10,0.002868274,0.015955744,0.00010171458,0.02272375,0.022533145
SERPINB12,0.095872,0.012765935,0.111800045,0.010767184,0.021879155
SERPINB13,0.00044501133,0.015464372,0.00020734307,0.024640309,0.013703751
SERPINB2,0.00068215956,0.0058898204,0.00019055916,0.026061665,0.007687586
SERPINB3,0.00021884927,0.007719502,0.000118113436,0.048723042,0.009017253
SERPINB4,0.0008021627,0.013677206,0.0001244524,0.06684685,0.011380122
SERPINB5,0.6128198,0.008354475,0.32731342,0.09053533,0.009083445
SERPINB6,0.00090633123,0.04474939,0.0006241314,0.033862993,0.06329803
SERPINB8,0.12143848,0.029251136,0.23439886,0.05137268,0.030375356
SERPINB9,0.00051380217,0.04009726,0.00026215857,0.08795878,0.012565037
SERPINC1,0.00080284337,0.0058067944,0.00041889888,0.026796749,0.008309135
SERPIND1,0.00025679995,0.00921761,0.0005259404,0.05040212,0.017463941
SERPINE1,0.0007284474,0.056288883,0.00037695435,0.03995124,0.01538177
SERPINE2,0.00023112688,0.007371521,0.0001737811,0.046720847,0.0068580233
SERPINF1,0.00044605145,0.011230637,0.0001685166,0.056097914,0.008726506
SERPINF2,0.05776244,0.023753677,0.40413573,0.12110945,0.022487681
SERPING1,0.0008004203,0.08036975,0.00015324075,0.0273377,0.03594832
SERPINH1,0.00020958652,0.054851905,0.00013181516,0.20449649,0.0068838494
SERTAD1,0.00034972304,0.03368612,0.0001392392,0.052630316,0.012447302
SERTAD2,0.00034261582,0.031510774,0.00017523738,0.108472176,0.029489975
SERTAD3,0.0004556094,0.058274385,0.00015727017,0.04718466,0.04800514
SERTAD4,0.0004251206,0.033842802,0.00015797114,0.026073754,0.054687336
SERTM1,0.00075745536,0.023147685,0.00027405252,0.017034966,0.04038823
SESN1,0.0006753146,0.010978454,0.00011192032,0.028985407,0.017468655
SESN2,0.48580676,0.1427258,0.6327443,0.047193654,0.21832535
SESTD1,0.100946024,0.009329979,0.13202502,0.026947297,0.01495328
SET,0.12370852,0.019869242,0.21785362,0.26009715,0.021726873
SETBP1,0.00031104436,0.005194772,0.00036594446,0.027927298,0.0061954088
SETD1A,0.0010761751,0.10432477,0.00017069415,0.05231598,0.07510981
SETD1B,0.0005215098,0.06843468,0.00012791228,0.034807224,0.06266188
SETD2,0.19282877,0.048815675,0.34843853,0.09540412,0.060948733
SETD3,0.0009900937,0.015535317,0.00011974841,0.050640047,0.01095596
SETD4,0.00031089582,0.022936786,8.641563e-05,0.120051116,0.025366625
SETD5,0.00040637722,0.019414142,0.00030826635,0.055746976,0.054197717
SETD6,0.0021476706,0.027450152,0.00016203916,0.06691829,0.05889725
SETD7,0.0008356148,0.056040946,0.0002587891,0.12598445,0.011054465
SETD9,0.011980595,0.014571331,0.003686504,0.01804367,0.023653885
SETDB1,0.24169211,0.2235544,0.16793379,0.13164356,0.09667404
SETDB2,0.0032408426,0.013691351,0.0041261273,0.022973275,0.035845898
SETMAR,0.25572622,0.05083234,0.092685714,0.07337434,0.022093661
SETX,0.0006260832,0.08891178,0.0004890015,0.09901446,0.029915497
SEZ6,0.00047361926,0.01546552,0.0001852441,0.012576047,0.009355338
SEZ6L2,0.061652754,0.014213196,0.070769705,0.039315768,0.016608132
SF1,0.0018957956,0.11351874,0.00013875768,0.074387535,0.15537417
SF3A1,0.14793283,0.058713116,0.30402207,0.10013232,0.040141497
SF3A2,0.15969817,0.08129602,0.14065155,0.25043225,0.039681472
SF3A3,0.001744482,0.11043117,0.00013454274,0.06536898,0.14701276
SF3B1,0.14158574,0.09274614,0.1775341,0.20325842,0.07149017
SF3B2,0.02863869,0.22182423,0.0054361266,0.11206399,0.15620084
SF3B3,0.047484104,0.050962828,0.31936303,0.045120396,0.027298437
SF3B4,0.00023276737,0.045687553,0.000117988486,0.1731381,0.058737554
SF3B5,0.001127797,0.112715855,0.00013707974,0.08527271,0.1413779
SF3B6,0.22696303,0.107075565,0.12453284,0.09549731,0.08596485
SFI1,0.00027665493,0.032939434,0.00015090388,0.08450367,0.008161242
SFMBT1,0.0011133336,0.09623509,0.000120423436,0.0989896,0.07743669
SFN,0.2670378,0.17041342,0.21164744,0.2814532,0.04553708
SFPQ,0.13637665,0.107410096,0.23435469,0.110423185,0.1021581
SFR1,0.0011766192,0.3033117,0.00038624785,0.21098605,0.30393377
SFRP2,0.00022117942,0.0019370506,0.0001394482,0.00826266,0.0047674193
SFSWAP,0.0015170895,0.06994497,0.00029246495,0.017703548,0.21506763
SFT2D2,0.00043071617,0.006151135,0.0012979895,0.009380428,0.012303701
SFT2D3,0.00044805201,0.006089926,0.0003481657,0.023442874,0.020749934
SFTPA2,0.00053667394,0.0046684626,0.00014266334,0.0109855905,0.008655263
SFTPB,0.0001621019,0.006069834,0.00017511279,0.020270698,0.011626449
SFTPC,0.0005694811,0.025785122,0.00018053579,0.02372016,0.030944565
SFXN1,0.32423973,0.12716281,0.08561037,0.10039487,0.08614091
SFXN2,0.11745321,0.014440644,0.018472996,0.023442874,0.030283209
SFXN3,0.00071294385,0.016612967,0.00013368082,0.013913607,0.020851586
SFXN4,0.00038800677,0.06485656,0.00020362083,0.011681861,0.089304045
SFXN5,0.012782092,0.029325545,0.0018627945,0.01804367,0.04357733
SGCA,0.0009726996,0.04099401,0.00024816787,0.022658447,0.04353966
SGCB,0.00054898736,0.012654181,0.00036787632,0.028726876,0.008301477
SGCD,0.00089386414,0.060717463,7.2006165e-05,0.015483914,0.07657334
SGCE,0.00055701187,0.010494908,7.523157e-05,0.025208088,0.027657663
SGCG,0.0003475351,0.036218833,0.00014381213,0.016506325,0.02471081
SGF29,0.055469427,0.03994372,0.0628893,0.01804367,0.11624658
SGIP1,0.51128614,0.048802756,0.30596653,0.04624848,0.11201488
SGK1,0.0014151859,0.05124278,0.00021051441,0.10585832,0.035922907
SGK2,0.4579574,0.09016606,0.29043844,0.02678978,0.09681704
SGK3,0.00074121554,0.03255021,0.00019966706,0.050944403,0.018112246
SGMS1,0.1806796,0.015703436,0.09057459,0.009077163,0.048536032
SGMS2,0.0011648756,0.040115166,0.00026321423,0.023442874,0.049553446
SGO2,0.011645907,0.013344809,0.0628893,0.01804367,0.03347549
SGPL1,0.00060641114,0.04747015,0.00019047488,0.02111291,0.0474594
SGPP2,0.0019220455,0.011368379,0.005522017,0.01804367,0.019990033
SGSH,0.00029273945,0.01331559,0.00019988668,0.020175396,0.022223981
SGSM1,0.0005743727,0.009649078,0.00024489386,0.02591231,0.019202374
SGSM2,0.00060746825,0.026282994,0.00026311763,0.11189296,0.014271371
SGSM3,0.0008595916,0.031575587,6.853865e-05,0.040127736,0.047463123
SGTA,0.0005597344,0.06927021,0.00013296558,0.09790315,0.023348872
SGTB,0.00045133408,0.0125822835,0.00022080795,0.047585517,0.018843759
SH2B1,0.0005565624,0.026903901,8.0086174e-05,0.013710812,0.029685277
SH2B3,0.0008547169,0.028572204,0.00023309185,0.027604321,0.025552304
SH2D1A,0.00082625175,0.026826095,0.0003419223,0.034844186,0.015309229
SH2D1B,0.0003762912,0.03910352,0.0002938784,0.024579357,0.040339302
SH2D2A,0.00025124187,0.049171533,0.00039684257,0.107956104,0.0192936
SH2D3A,0.40914318,0.16346325,0.21353474,0.02735076,0.10020875
SH2D3C,0.00033384704,0.010982637,0.00037440707,0.040591124,0.006203949
SH2D4A,0.00030170399,0.03906882,0.0001767389,0.11789834,0.01725496
SH2D5,0.0012981516,0.01288429,0.000676477,0.022973275,0.023657737
SH2D7,0.0026748297,0.011190112,0.0008231056,0.01804367,0.008344668
SH3BGR,0.0010903795,0.017737744,0.0002638645,0.026156833,0.020316023
SH3BGRL,0.000630366,0.011802788,0.00020405717,0.026245482,0.015780503
SH3BGRL3,0.0005846705,0.021574566,7.8123325e-05,0.030808024,0.017437281
SH3BP1,0.0005121136,0.025973385,0.00022080795,0.021743597,0.030332595
SH3BP2,0.082327224,0.024111139,0.23339728,0.107426,0.016912954
SH3BP4,0.000471941,0.015963856,0.00013259234,0.076814204,0.009897003
SH3BP5,0.00047433743,0.07639711,0.000118113436,0.025507925,0.04014084
SH3D19,0.0001710348,0.0075235125,0.00039158404,0.047585517,0.0027679207
SH3D21,0.0030733808,0.021103762,0.00051179156,0.09978102,0.024280943
SH3GL1,0.0012086062,0.057706337,0.00019187409,0.06761598,0.03773422
SH3GL2,0.023917217,0.16705051,0.017276803,0.10934737,0.09954257
SH3GL3,0.0014705026,0.052452523,0.00014149201,0.09907788,0.04731113
SH3GLB1,0.36023754,0.12455693,0.22860806,0.031645898,0.05510218
SH3GLB2,0.00044949408,0.03887973,0.00018103137,0.09110373,0.054004356
SH3KBP1,0.00028126824,0.02397459,0.00029589588,0.20399636,0.0070288577
SH3PXD2A,0.00073512015,0.016739123,0.00050599215,0.02752817,0.049776096
SH3PXD2B,0.03473436,0.007818959,0.108984865,0.018289693,0.010233817
SH3RF1,0.00042047858,0.0128602,0.00013176564,0.07435456,0.0123303095
SH3RF2,0.0003474889,0.048028614,0.00015233066,0.11027528,0.014388211
SH3TC2,0.0027123566,0.005006803,0.0037869376,0.01804367,0.012920297
SH3YL1,0.00034725986,0.013862944,0.0002688335,0.02572108,0.030176248
SHANK1,0.0006300765,0.014873022,0.000215056,0.09387707,0.016839331
SHARPIN,0.000915124,0.026166754,0.00010645566,0.021743597,0.029892229
SHB,0.00036566355,0.021776,0.00026718562,0.04754783,0.013210894
SHBG,0.0011219633,0.11260925,0.00012237024,0.05221195,0.056204114
SHC1,0.63032544,0.58952504,0.5491297,0.24408177,0.42743403
SHC2,0.00028598352,0.025987303,7.683562e-05,0.040127736,0.010394801
SHC3,0.0002014835,0.028293667,0.00015579582,0.062467445,0.019825798
SHC4,0.0010836022,0.033316094,0.0007474469,0.027054181,0.096162856
SHCBP1,0.0010601352,0.025797714,7.9114805e-05,0.17915075,0.050200958
SHCBP1L,0.0010313041,0.014541783,0.0008231056,0.01804367,0.026904881
SHD,0.00047227403,0.0039731413,0.0004151333,0.035015553,0.0076922434
SHF,0.00038887863,0.01938802,0.0004151333,0.020951219,0.027021222
SHH,0.00032254012,0.014041925,0.00022615561,0.09963653,0.016655596
SHISA3,0.00059989793,0.0048043784,0.0004151333,0.010057129,0.010554756
SHISA4,0.0041319192,0.035855334,0.00412714,0.01804367,0.051337693
SHISA5,0.0002722096,0.0027623088,0.00015719491,0.02623154,0.0036044952
SHISA6,0.0030860782,0.012529065,0.0017832095,0.01804367,0.035343915
SHISA7,0.0029243953,0.0061786296,0.0020634022,0.01804367,0.013555217
SHKBP1,0.2364486,0.082141005,0.10386805,0.070368364,0.11830631
SHMT1,0.00080623693,0.024548063,0.00012757244,0.032562852,0.041586
SHMT2,0.00054666924,0.028856384,0.00015026578,0.09667081,0.01948674
SHOC1,0.6340597,0.36052,0.0628893,0.01804367,0.32298157
SHOC2,0.16955855,0.041434832,0.036896262,0.02504491,0.053900637
SHOX2,0.0015817191,0.0110446215,0.0013674273,0.012257511,0.029783817
SHPK,0.0012385654,0.025978277,0.00033945468,0.024203353,0.049513947
SHPRH,0.00042231436,0.021649463,0.00040049557,0.034837924,0.021607736
SHQ1,0.0023218885,0.06426369,0.00020196801,0.023331378,0.05904675
SHROOM1,0.0007037984,0.016065776,0.00034876863,0.009077163,0.015295823
SHROOM2,0.00032835224,0.010199346,0.00010366691,0.06586782,0.012243057
SHROOM3,0.00028761866,0.009680674,0.0002602182,0.02844312,0.021736244
SHTN1,0.16165586,0.0131237665,0.18786451,0.040591124,0.047555346
SI,0.0008467165,0.0076779416,0.0008398083,0.008382098,0.023945536
SIAH1,0.12068231,0.17688559,0.19615285,0.15203965,0.038307074
SIAH2,0.0010138405,0.047023915,0.00027550178,0.09080379,0.022213338
SIDT2,0.0018189162,0.035851624,0.0028826362,0.01804367,0.14007227
SIGIRR,0.00035610865,0.019832205,0.00016718246,0.02475442,0.00915609
SIGLEC1,7.565004e-05,0.0010899522,0.00025654494,0.009690155,0.00357224
SIGLEC11,0.00026914664,0.004824646,0.00047030186,0.011959312,0.0032617333
SIGLEC12,0.0003560781,0.0072248215,0.00069083605,0.009690155,0.011763194
SIGLEC15,0.0012760996,0.0061401315,0.0032882658,0.01804367,0.022998441
SIGLEC5,0.0004044977,0.030763129,0.0004151333,0.09978102,0.037955478
SIGLEC7,0.0017732244,0.023134405,0.0016493173,0.018664645,0.057265457
SIGMAR1,0.0007845774,0.035364714,0.0003689948,0.055504415,0.06317058
SIK1,0.00065362395,0.04193168,0.0001537775,0.10202928,0.036750108
SIK2,0.0007029849,0.016365785,0.00019725742,0.033587694,0.015175659
SIK3,0.0008638913,0.015404845,0.00019235951,0.038368754,0.017821124
SIKE1,0.00038566726,0.03260384,0.00013368082,0.058634166,0.012429824
SIL1,0.0005067149,0.010424667,7.9114805e-05,0.011245472,0.013087132
SIM2,0.0023584005,0.0490715,9.371676e-05,0.02621554,0.08772024
SIMC1,0.00034234926,0.022971803,0.0004085466,0.07427682,0.013011411
SIN3A,0.27398765,0.37161675,0.22410417,0.217425,0.23386128
SIN3B,0.0011918327,0.15183778,0.00013181516,0.13282922,0.09657831
SIPA1,0.0003235432,0.009331786,8.199021e-05,0.039407514,0.014835502
SIPA1L1,0.00027386082,0.0032975853,0.0002617959,0.026363747,0.004720889
SIPA1L3,0.0002948857,0.010895075,7.509968e-05,0.05061941,0.03824655
SIRPA,0.03347084,0.0074642776,0.10800543,0.07483766,0.010310748
SIRPB2,0.0031490747,0.01012923,0.00091424776,0.01804367,0.040428925
SIRPD,0.00036350047,0.022118554,0.00070454495,0.02272375,0.021738905
SIRPG,0.001763583,0.044752315,0.00019151383,0.020931523,0.04654275
SIRT1,0.3669798,0.11874255,0.16170704,0.38008052,0.04151235
SIRT2,0.00095643837,0.061701614,0.00010207923,0.0426997,0.013847633
SIRT3,0.0008101785,0.07174677,0.0008878371,0.099411435,0.024342367
SIRT4,0.0008303401,0.01855172,7.893123e-05,0.014542438,0.022023626
SIRT5,0.0011682943,0.03999056,0.0009489517,0.022454023,0.089177385
SIRT6,0.00059568125,0.042637106,0.0005778141,0.048793957,0.026883094
SIRT7,0.08535895,0.10633104,0.42669678,0.54829013,0.0063612764
SIT1,0.4080529,0.060177065,0.3889842,0.045055617,0.055744205
SIVA1,0.0014054552,0.03317271,0.00017516506,0.0570097,0.042304583
SIX1,0.00032437863,0.026669433,0.00011686072,0.014836723,0.039296743
SIX2,0.000262995,0.006812743,0.00011936194,0.035091348,0.00865199
SIX3,0.0011245989,0.04493371,0.00017930813,0.024747023,0.029712163
SIX4,0.0006890952,0.023916187,0.00013498697,0.05164654,0.03127336
SIX5,0.14070427,0.016743071,0.07701957,0.034724426,0.030615883
SIX6,0.00084653584,0.02982068,0.00017445814,0.043872934,0.03795143
SKA1,0.00018163878,0.039171178,0.0001237489,0.07408061,0.03189859
SKA2,0.00042396897,0.014417133,0.00016459159,0.04164072,0.039604463
SKA3,0.06889146,0.030623171,0.18215974,0.07849346,0.034051325
SKAP1,0.0007504795,0.06557955,0.00014168238,0.02372016,0.073287316
SKAP2,0.0006331785,0.03274284,0.00031104524,0.029799249,0.048746992
SKI,0.0010830031,0.08700929,0.00015423552,0.0746194,0.029731428
SKIC2,0.005578396,0.0051141437,0.0628893,0.01804367,0.020558026
SKIDA1,0.004522209,0.017497847,0.0059523387,0.01804367,0.028208286
SKIL,0.1297218,0.05626399,0.20799586,0.10569154,0.03423681
SKOR1,0.00016935794,0.041397747,0.000102498954,0.05275088,0.014464511
SKP1,0.13655832,0.16375639,0.2866113,0.20755693,0.16085915
SKP2,0.8964096,0.6848623,0.388453,0.17537273,0.53136116
SLA,0.0003746479,0.028988715,0.00020776103,0.04824506,0.014738326
SLA2,0.00087476434,0.013761664,0.0003414887,0.036136404,0.029591968
SLAIN1,0.0004266623,0.012339755,0.00024637915,0.009077163,0.04509451
SLAIN2,0.00059421005,0.01130848,0.00050254504,0.049156703,0.016729018
SLAMF1,0.0010791365,0.028848289,0.00017816883,0.033862993,0.058094557
SLAMF6,0.0012277933,0.01603141,0.00013496896,0.01805446,0.033315424
SLAMF9,0.008770395,0.008606743,0.0013195077,0.01804367,0.014148815
SLBP,0.0007610455,0.034723245,0.00042112163,0.03830263,0.057074245
SLC10A1,0.0025902821,0.024091102,0.0036889813,0.014942881,0.038808007
SLC10A2,0.0009897145,0.011023209,0.000363356,0.023442874,0.029793922
SLC10A3,0.001172269,0.011444317,0.00019191744,0.020951219,0.019826539
SLC10A7,0.0021380822,0.017444953,0.0011028401,0.01804367,0.10966016
SLC11A2,0.060984503,0.026780445,0.26095366,0.029057583,0.019557865
SLC12A1,0.0007330288,0.0059533203,0.00081859523,0.008605173,0.017251352
SLC12A2,0.053637967,0.0032358186,0.2576705,0.08479036,0.005382908
SLC12A3,0.0006398143,0.01979785,0.0010495225,0.04029104,0.038675215
SLC12A4,0.0006908176,0.021937601,0.00014486183,0.008678562,0.023575254
SLC12A5,0.0011258218,0.004669471,0.012689581,0.01804367,0.014053409
SLC12A6,0.00033504335,0.012554913,0.0017101363,0.050619364,0.017637802
SLC12A7,0.00041546504,0.013212105,7.1760835e-05,0.023442874,0.03820557
SLC12A8,0.007915222,0.023462968,0.0014789975,0.01804367,0.051773
SLC12A9,0.0008938893,0.015507491,0.00022642767,0.026462918,0.048356332
SLC15A2,0.0006915076,0.023861138,0.0002482952,0.012576047,0.08515176
SLC15A3,0.03049806,0.006944916,0.14524014,0.023720449,0.007858941
SLC16A1,0.0021883713,0.0428264,0.00038443043,0.038368754,0.10155688
SLC16A10,0.0010094647,0.03627887,0.00012573757,0.008678562,0.04811981
SLC16A12,0.0002032775,0.003050399,0.001269275,0.01804367,0.005808956
SLC16A13,0.0006846488,0.011219644,0.00031055248,0.023442874,0.017884934
SLC16A2,0.0009535695,0.02805613,0.0003289864,0.09978102,0.017274456
SLC16A3,0.0002745989,0.009130524,0.00062677125,0.080213815,0.0071126074
SLC16A4,0.00036170124,0.013012043,0.00061307824,0.020951219,0.017289115
SLC16A5,0.027881987,0.012006271,0.03742167,0.023442874,0.015453712
SLC16A6,0.00015697652,0.009875075,0.00019297328,0.023442874,0.015766867
SLC16A7,0.00061636005,0.014331817,0.00028715644,0.052114382,0.024714557
SLC16A8,0.064735614,0.005174823,0.12292136,0.009077163,0.010280332
SLC16A9,0.00031372413,0.013044748,0.00025514237,0.037062395,0.01935494
SLC17A1,0.00033121672,0.01064928,0.00018280062,0.022973275,0.0439826
SLC17A2,0.0005263752,0.0042627137,0.00071523245,0.023442874,0.010954219
SLC17A5,0.0006450059,0.014973696,0.00010927982,0.013998775,0.02615214
SLC17A7,0.057709,0.003921177,0.06840597,0.022973275,0.01252296
SLC17A9,0.00096156873,0.009397201,0.0002996932,0.057032403,0.012711638
SLC18A2,0.000798324,0.017649837,0.00019187409,0.09710315,0.012023347
SLC18B1,0.0004622201,0.011172314,0.0005936632,0.023442874,0.022635777
SLC19A1,0.0011302324,0.0059150574,0.0002623566,0.023442874,0.011162525
SLC19A2,0.0012146067,0.018168787,0.00023970079,0.04225217,0.029440982
SLC19A3,0.00034154014,0.010632663,0.00018100081,0.02837221,0.013813535
SLC1A1,0.00046798933,0.011655889,0.00015027166,0.03419284,0.016591808
SLC1A2,0.0009425891,0.03467204,0.00031569775,0.052283734,0.032517742
SLC1A3,0.00022125937,0.007248912,0.0003715882,0.02844312,0.0155086275
SLC1A4,0.00044883706,0.010555911,0.00037138507,0.008678562,0.0151762795
SLC1A5,0.0010299938,0.038492337,0.00017889265,0.09540412,0.063442156
SLC1A6,0.0013962035,0.027428733,0.00019602054,0.02678978,0.0483354
SLC1A7,0.0004228147,0.005532454,0.0002904426,0.09978102,0.0077265105
SLC20A1,0.00041752763,0.02084619,9.9438395e-05,0.032661267,0.038859125
SLC20A2,0.00033963058,0.0095454315,0.00015296425,0.023442874,0.024726352
SLC22A11,0.00031363528,0.008854684,0.0003250504,0.021767354,0.0174639
SLC22A12,0.0003752951,0.004282826,0.0002396864,0.022973275,0.01972596
SLC22A15,0.009029048,0.012415878,0.00072702114,0.01804367,0.021848353
SLC22A16,0.0072461325,0.037649058,0.052317224,0.01804367,0.032530222
SLC22A17,0.00062524446,0.01004818,0.00023849736,0.009380428,0.024932643
SLC22A2,0.48592123,0.18517524,0.3312476,0.04813071,0.12913668
SLC22A23,0.0009767667,0.020009462,0.0015366101,0.026095485,0.02189003
SLC22A4,0.00030935393,0.0036199791,0.00031270378,0.01805446,0.0074122944
SLC22A5,0.00042819497,0.010110973,0.00042878478,0.028915428,0.010671408
SLC22A6,0.00050646474,0.015384767,0.00012271927,0.008678562,0.06543288
SLC22A9,0.0024566338,0.014430135,0.000923507,0.027361346,0.0148804365
SLC23A1,0.00059142866,0.018463332,0.0001680551,0.06867993,0.01508541
SLC23A2,0.000540627,0.020854693,0.0003695489,0.035091348,0.01130768
SLC24A1,0.00045334664,0.011480843,0.00031569775,0.044827595,0.009545996
SLC24A5,0.005196788,0.012080475,0.013218729,0.01804367,0.034712315
SLC25A1,0.13497162,0.04535486,0.1860912,0.074714944,0.055428144
SLC25A10,0.0010685007,0.0428031,0.00019524399,0.10128238,0.06638937
SLC25A11,0.0011910485,0.05818143,0.000135905,0.070808105,0.060604177
SLC25A12,0.48643553,0.14761299,0.6222398,0.08972444,0.10769033
SLC25A13,0.00216795,0.11894761,0.00014618867,0.084635444,0.09683133
SLC25A14,0.004915509,0.0063484977,0.02067108,0.01804367,0.015623366
SLC25A15,0.0011640853,0.019505098,0.0005625764,0.023442874,0.028306065
SLC25A16,0.0010599616,0.0021051452,0.0071223024,0.01804367,0.010249124
SLC25A17,0.00091777067,0.019248413,0.00011024546,0.026462918,0.06125493
SLC25A19,0.00041242092,0.034172606,5.9584985e-05,0.023442874,0.06301467
SLC25A20,0.0006314255,0.011050545,0.0002690925,0.04223064,0.006785055
SLC25A22,0.00039612688,0.008566572,0.00022598404,0.022906292,0.005012783
SLC25A23,0.00018024356,0.009906694,0.00010184764,0.06463783,0.013484423
SLC25A24,0.00084174867,0.013108187,0.0005333783,0.06866131,0.029172864
SLC25A25,0.0004565278,0.013718667,0.0011036841,0.023442874,0.02695957
SLC25A27,0.00065203774,0.02406116,0.00035520742,0.038034912,0.04679157
SLC25A28,0.005972415,0.042962864,0.030185554,0.01804367,0.059475668
SLC25A29,0.00035665545,0.0029599762,0.00072702114,0.01804367,0.0058631534
SLC25A3,0.0004617247,0.07990398,0.00024379032,0.12680207,0.026189446
SLC25A30,0.00226843,0.021099128,0.00020918026,0.023442874,0.021195488
SLC25A31,0.002546271,0.04353604,0.00017354397,0.023442874,0.055469364
SLC25A32,0.0014252261,0.024472736,0.0005689123,0.023442874,0.03959286
SLC25A33,0.00043260178,0.0055518276,0.00040340482,0.008382098,0.018965958
SLC25A34,0.00029606462,0.013674053,0.00015797114,0.020951219,0.033122458
SLC25A35,0.0005436492,0.0065491074,0.0008231056,0.01804367,0.011942915
SLC25A36,0.0007633803,0.004316321,0.00054094923,0.023442874,0.029199168
SLC25A38,0.000283625,0.006937334,0.00031056404,0.009690155,0.016756995
SLC25A39,0.0002430416,0.009660645,0.00019082153,0.023442874,0.015106098
SLC25A4,0.0008191539,0.049253408,0.00013741058,0.075553074,0.014608729
SLC25A40,0.0011210201,0.015114693,0.004068489,0.01804367,0.029743701
SLC25A41,0.00035010782,0.012969086,0.00017445814,0.008382098,0.0509563
SLC25A42,0.0015239184,0.0131661,0.0022002137,0.01804367,0.0355876
SLC25A43,0.00049619505,0.018695146,0.00015797114,0.009077163,0.022616548
SLC25A44,0.007981804,0.009630696,0.0031093648,0.01804367,0.029856874
SLC25A46,0.00069535605,0.023090225,0.00036002533,0.04624848,0.036089983
SLC25A48,0.00036090714,0.019246751,0.00043716808,0.055504415,0.015385721
SLC25A5,0.003217495,0.0069618565,0.0038044925,0.24698517,0.004856961
SLC25A51,0.0004974396,0.021849263,0.00021170563,0.008382098,0.037674535
SLC25A53,0.0040416922,0.011442769,0.004075658,0.01804367,0.011617439
SLC26A1,0.00063103595,0.006507925,0.00017319105,0.023442874,0.010049209
SLC26A2,0.00030368278,0.007929722,0.0002252258,0.023442874,0.02489815
SLC26A6,0.19509384,0.017177377,0.27124834,0.012576047,0.068521
SLC27A1,0.004773915,0.0063478723,0.009516991,0.017370138,0.03883606
SLC27A2,0.00093559397,0.025838856,0.0003951525,0.023806559,0.029103987
SLC27A3,0.0010901282,0.01176305,0.00046507805,0.023442874,0.033356983
SLC27A4,0.00051894045,0.019708622,0.0004532611,0.0123439105,0.022000462
SLC27A5,0.0016740224,0.015171712,0.00068124285,0.008382098,0.025890343
SLC27A6,0.00036862178,0.02406728,0.00023040168,0.036339354,0.012278161
SLC29A1,0.108418785,0.012278028,0.10744624,0.0123439105,0.015104247
SLC29A2,0.074413426,0.008507332,0.034676854,0.02516947,0.034615483
SLC29A3,0.0031806717,0.0078209005,0.00056731026,0.01804367,0.019837188
SLC29A4,0.008593388,0.023374118,0.0071223024,0.01804367,0.030821024
SLC2A1,0.0646358,0.027288053,0.13415186,0.05949173,0.05981722
SLC2A10,0.00044866445,0.006010312,0.00010289302,0.023442874,0.008036992
SLC2A11,0.0011324314,0.05042102,0.00014695078,0.033006966,0.06037526
SLC2A2,0.6570927,0.23473287,0.56654894,0.09107199,0.1919262
SLC2A3,0.00027003675,0.011856936,0.00013904562,0.013307749,0.015787244
SLC2A4,0.00089864037,0.025185028,0.00012408601,0.05608929,0.016476102
SLC2A4RG,0.0008492112,0.02107352,0.00036213855,0.008382098,0.053547263
SLC2A6,0.00062295294,0.0038391305,0.0003811747,0.023442874,0.026645284
SLC2A7,0.0014943932,0.0039282753,0.0036924514,0.01804367,0.009026458
SLC2A8,0.0003572319,0.011327015,0.000104824285,0.023442874,0.020309404
SLC30A1,0.00039393484,0.014773708,0.00022289931,0.023442874,0.014668596
SLC30A10,0.00070180383,0.012523627,0.007106078,0.01804367,0.014555619
SLC30A2,0.11229056,0.017724466,0.042554285,0.0057338392,0.02723052
SLC30A3,0.015234593,0.0023571297,0.101286136,0.0209954,0.005306579
SLC30A4,0.00048098952,0.007167188,0.0009141128,0.01804367,0.015284407
SLC30A5,0.0036065339,0.032231547,0.005645548,0.01804367,0.02826035
SLC30A7,0.00044381543,0.025250738,0.00010927982,0.020175396,0.041984096
SLC30A8,0.0005078069,0.006880059,0.00064037094,0.028982447,0.026755217
SLC30A9,0.00063128374,0.031267475,8.7907036e-05,0.012257511,0.06262758
SLC31A1,0.0017263102,0.012737812,0.0017683533,0.01804367,0.010177514
SLC31A2,0.0004897341,0.00660608,0.00010289302,0.019652918,0.0141551485
SLC32A1,0.0037335414,0.02187897,0.007096667,0.01804367,0.022035265
SLC33A1,0.00040166365,0.031614766,0.00026481866,0.06866131,0.04237841
SLC34A1,0.00016886194,0.009084663,0.00019013719,0.037356634,0.010397892
SLC35A1,0.42580262,0.4379742,0.028203698,0.01804367,0.5573831
SLC35A2,0.11703709,0.0145975305,0.19884257,0.009690155,0.011807778
SLC35A3,0.00034574265,0.01888562,0.0003494944,0.05802234,0.0113192545
SLC35A4,0.00048655516,0.012995145,0.000277748,0.020270698,0.019749938
SLC35A5,0.0013198698,0.021073025,0.00018642687,0.009380428,0.0537885
SLC35B1,0.00092606974,0.22780454,0.00022328562,0.017034966,0.088488184
SLC35B2,0.00022516094,0.023540424,0.00016354359,0.028985407,0.028251944
SLC35C1,0.001784715,0.0057197968,0.0011056472,0.01804367,0.013911658
SLC35C2,0.0001241472,0.0050683855,0.00015557061,0.009380428,0.010847624
SLC35D1,0.0005501138,0.008033704,0.00017810124,0.023442874,0.03885183
SLC35D2,0.0010133943,0.007305654,0.0023037307,0.01804367,0.02189315
SLC35D3,0.0019260362,0.004581756,0.022371538,0.01804367,0.007986363
SLC35E1,0.00013466981,0.010479845,0.00015601597,0.03342036,0.020983465
SLC35E2B,0.0004076623,0.0023680257,0.000640559,0.01804367,0.0057872497
SLC35E3,0.0012372619,0.009863781,0.00047304155,0.01804367,0.06615184
SLC35E4,0.00081942166,0.008583031,0.00025141728,0.023442874,0.033250924
SLC35F1,0.0024256282,0.0041743615,0.0036924514,0.01804367,0.0139801735
SLC35F2,0.00056318153,0.015687184,0.00027582925,0.023442874,0.05096923
SLC35F5,0.0009915739,0.021486692,0.00010070469,0.018289693,0.012837937
SLC35F6,0.000304971,0.0072804186,9.3334245e-05,0.07160491,0.0071337926
SLC35G1,0.0022246323,0.016593,0.0007153909,0.01804367,0.023522949
SLC35G2,0.68175846,0.378827,0.5529513,0.04029104,0.32621512
SLC36A1,0.001379157,0.008544311,0.04204708,0.01804367,0.018430399
SLC36A3,0.0022110655,0.003828008,0.052317224,0.01804367,0.0063124057
SLC36A4,0.003147858,0.009287074,0.021280622,0.01804367,0.020822668
SLC37A1,0.0010440776,0.007097436,0.00041444827,0.008382098,0.012655246
SLC37A3,0.0007703431,0.014228217,0.00021170563,0.09162436,0.022745796
SLC38A1,0.000996518,0.0111440765,0.00014580486,0.020293722,0.037629765
SLC38A10,0.00036331496,0.0075430246,7.799752e-05,0.023442874,0.008173703
SLC38A2,0.00029520696,0.028393684,0.00021383085,0.011547842,0.06635
SLC38A5,0.00077980704,0.0063996357,0.0013911646,0.023442874,0.009417958
SLC38A6,0.0049376665,0.018292386,0.0016549487,0.01804367,0.027420085
SLC38A7,0.00052201335,0.014216704,0.00012644732,0.008382098,0.04247733
SLC39A1,0.00082406343,0.017448328,0.00021776855,0.026159864,0.032417864
SLC39A10,0.0011213778,0.042178106,0.00032495343,0.023442874,0.055494264
SLC39A11,0.001871865,0.01584212,0.00029944442,0.04225217,0.031298015
SLC39A13,0.0010554378,0.04184135,0.00014034462,0.01992266,0.060795344
SLC39A14,0.00078606064,0.011748038,0.0005631142,0.023442874,0.023081543
SLC39A3,0.044435706,0.008140656,0.16571203,0.023442874,0.01631611
SLC39A6,0.0019804905,0.026447868,0.00042098516,0.023442874,0.057115678
SLC39A7,0.0008873123,0.043742552,0.0003309396,0.030818716,0.122577585
SLC39A8,0.0012905298,0.008024347,0.01772728,0.01804367,0.013882031
SLC39A9,0.0023028925,0.012308685,0.0011028401,0.01804367,0.026166927
SLC3A1,0.00085111253,0.036405336,0.00015939602,0.020951219,0.08489202
SLC3A2,0.00069865136,0.020214155,0.0002815749,0.05200882,0.021058623
SLC40A1,0.0011047886,0.025440322,0.00023389887,0.043872934,0.024417603
SLC41A1,0.00055440195,0.011556275,0.00018697891,0.023442874,0.022451106
SLC41A3,0.0009197539,0.02844778,0.00021213845,0.036598153,0.04046044
SLC43A1,0.0004152752,0.024458222,0.00061865355,0.023442874,0.056590773
SLC43A3,0.0012195285,0.020235382,0.00026981748,0.046332557,0.030196646
SLC44A1,0.00085220725,0.02822111,0.00068124285,0.011245472,0.024565952
SLC44A3,0.00051852956,0.014926493,0.00026958375,0.01146169,0.057023175
SLC44A4,0.0018598178,0.0074899793,0.008482728,0.01804367,0.027184239
SLC45A4,0.00038068285,0.006972569,0.00015797114,0.023442874,0.009941881
SLC46A3,0.0077884733,0.0075393235,0.007894553,0.01804367,0.025956031
SLC47A1,0.0050972616,0.024955101,0.0059407623,0.01804367,0.06972631
SLC47A2,0.010288413,0.037621796,0.0015212101,0.01804367,0.04083011
SLC48A1,0.00017966804,0.011058385,0.00020478634,0.026331594,0.03027114
SLC49A4,0.022757571,0.013701909,0.0628893,0.01804367,0.037501674
SLC4A1,0.0006264709,0.065898,8.6497086e-05,0.12326603,0.05760428
SLC4A11,0.0003375325,0.010198632,0.00029388178,0.023442874,0.028667385
SLC4A1AP,0.0002352271,0.00827258,7.5637996e-05,0.06069709,0.010948465
SLC4A2,0.10279393,0.01802191,0.0871939,0.02927176,0.02359969
SLC4A3,0.0002485586,0.009194189,0.00024130734,0.0234089,0.012127897
SLC4A4,0.0007711518,0.01483995,0.00020565082,0.013859914,0.030938374
SLC4A5,0.00036603046,0.026876103,0.00015101688,0.12520953,0.011158578
SLC4A7,0.0004682457,0.0076555256,0.0001614825,0.02111291,0.011561777
SLC4A8,0.0012396106,0.024037685,0.00025337032,0.02927176,0.03395335
SLC50A1,0.029928315,0.0047463393,0.047772963,0.011959312,0.009090139
SLC51A,0.0017176822,0.005306539,0.00013951962,0.008382098,0.011012651
SLC52A2,0.00049221166,0.0056279292,0.00012294063,0.013978116,0.0067886235
SLC5A1,0.0012058992,0.014315214,0.00031946693,0.031570934,0.05835019
SLC5A3,0.0006189499,0.028653419,0.0002436509,0.014542438,0.12334798
SLC5A4,0.00088375295,0.008266393,0.008989422,0.01804367,0.027761225
SLC5A5,0.0073853685,0.010513509,0.0021005294,0.01804367,0.03454061
SLC5A6,0.0001987269,0.013289817,0.00012757244,0.04225217,0.01269998
SLC66A1,0.003823588,0.013849327,0.0628893,0.01804367,0.023278927
SLC66A2,0.02498718,0.00631555,0.0628893,0.01804367,0.010762557
SLC6A12,0.0004321974,0.004000789,0.00017069415,0.017275047,0.0066487673
SLC6A13,0.0007090481,0.006916892,0.00056727324,0.008382098,0.01496997
SLC6A14,0.015934123,0.014882535,0.010494878,0.01804367,0.039865416
SLC6A15,0.0007522746,0.035687298,0.0016077874,0.0100469375,0.03633234
SLC6A16,0.007132432,0.019086184,0.0011767515,0.01804367,0.019856218
SLC6A17,0.00038816268,0.0075975917,0.00042612964,0.023442874,0.013710721
SLC6A18,0.0018295412,0.011004304,0.0023884885,0.01804367,0.007869112
SLC6A3,0.00040207815,0.015822401,0.00017993053,0.022906292,0.019796584
SLC6A4,0.00031168523,0.012315563,0.00016854488,0.019015078,0.011231468
SLC6A6,0.00046256895,0.0051496807,0.0005276298,0.023442874,0.010568464
SLC6A8,0.0006561705,0.0062324344,0.00016920363,0.020931523,0.014587273
SLC7A1,0.0922335,0.03254024,0.11675503,0.050619364,0.024192696
SLC7A10,0.00027346163,0.0036945585,0.001280582,0.03158699,0.0056332587
SLC7A11,0.039105948,0.015480295,0.23262602,0.02844312,0.016825521
SLC7A14,0.00035710135,0.00884254,0.00025630463,0.015654534,0.022118585
SLC7A4,0.0065345857,0.014017578,0.0036645809,0.01804367,0.08106987
SLC7A5,0.05054509,0.012480723,0.14704289,0.05061941,0.014156619
SLC7A6,0.0012389377,0.0040159672,0.0025704766,0.01804367,0.006877834
SLC7A7,0.0003472059,0.013068023,0.00029320255,0.03940597,0.027983796
SLC7A8,0.0007634196,0.019749675,0.00015601508,0.010767184,0.04980702
SLC7A9,0.0003439275,0.03670785,0.0001681314,0.028762419,0.030487271
SLC8A1,0.00023284063,0.019784262,0.00015106182,0.025065692,0.009249891
SLC8A2,0.00022929019,0.01462166,0.00013507222,0.01133714,0.024112515
SLC8A3,0.00033774655,0.014378449,0.00014679799,0.015111009,0.03233672
SLC8B1,0.0003709997,0.006108744,0.00022808222,0.023442874,0.008860235
SLC9A1,0.00091968855,0.013552419,0.00026185205,0.11038682,0.011781462
SLC9A2,0.0007380877,0.01686394,0.00047195808,0.08972444,0.01796891
SLC9A3,0.0010995525,0.040490616,0.00023967042,0.026801215,0.013959582
SLC9A6,0.00027325467,0.0067278435,0.00010750897,0.028985407,0.012125092
SLC9A7,0.097669795,0.01153241,0.1413536,0.0123439105,0.022816468
SLC9A8,0.058254138,0.019215463,0.12532526,0.03633521,0.037533417
SLC9B1,0.008828024,0.0106471,0.0010344253,0.01804367,0.046151143
SLCO1B3,0.0014619471,0.020466825,0.0024807162,0.01804367,0.032462537
SLCO2A1,0.0006274652,0.0029751712,0.000983247,0.027054181,0.010128929
SLCO2B1,0.004624131,0.008934601,0.010614481,0.01804367,0.02069514
SLCO4A1,0.00022655963,0.0032949082,0.00029099526,0.023442874,0.0027414763
SLF1,0.008031581,0.04696096,0.0628893,0.01804367,0.12011514
SLF2,0.0069981767,0.0037975623,0.0628893,0.01804367,0.026008718
SLFN11,0.00032501045,0.045549963,0.00070602633,0.07548638,0.03159075
SLFN12L,0.0007233928,0.020469233,0.00044678702,0.009077163,0.04701947
SLFN14,0.0014332462,0.0060924264,0.0042196913,0.01804367,0.00856256
SLFNL1,0.0009067432,0.020891275,0.000519519,0.017034966,0.029139094
SLIRP,0.00025714934,0.02000864,0.00016653792,0.058489792,0.041065797
SLIT1,0.0006338037,0.010960517,0.0002086122,0.017275047,0.008439532
SLITRK1,0.00024889296,0.0024508028,0.00029246495,0.008382098,0.008939788
SLITRK3,0.0005488223,0.012817732,0.00035032953,0.008382098,0.036194853
SLITRK4,0.0005778725,0.0038400204,0.0013757003,0.01804367,0.010576994
SLITRK5,0.0018981664,0.012012566,0.002901451,0.01804367,0.029498547
SLK,0.00083724235,0.021699358,0.00029740247,0.035169657,0.02111208
SLMAP,0.00034357928,0.0740305,0.00018189546,0.05676482,0.030886713
SLN,0.00064473855,0.013022849,0.00086291565,0.04687113,0.01996364
SLPI,0.00048128946,0.027719688,0.0001418834,0.02390177,0.034993887
SLTM,0.06692077,0.013097317,0.11259417,0.06831696,0.029746935
SLU7,0.07592784,0.051798772,0.2172446,0.058897913,0.033097077
SLURP1,0.0011854459,0.00397256,0.0010930867,0.01804367,0.004559822
SLX4,0.16867226,0.08210767,0.37766042,0.21091717,0.14021848
SLX4IP,0.00088337995,0.06829767,0.00023599288,0.0570097,0.03207159
SMAD1,0.07614698,0.05091944,0.18054925,0.43685526,0.0082282415
SMAD2,0.21021126,0.15575683,0.32618058,0.32497138,0.03318794
SMAD3,0.13605227,0.16102053,0.4746123,0.32497138,0.030161055
SMAD4,0.75987726,0.6876245,0.45047554,0.092961244,0.24667893
SMAD6,0.1146344,0.024515944,0.13706298,0.05210176,0.023511194
SMAD7,0.0004807562,0.13236974,0.00081828557,0.08972119,0.0762763
SMAD9,0.14568572,0.064377286,0.10255679,0.16998054,0.013067999
SMAGP,0.00053927477,0.020918854,0.0001745753,0.009380428,0.045024574
SMAP1,0.0008474405,0.0037644731,0.00021937156,0.03447213,0.007574868
SMAP2,0.00050689606,0.09227579,0.00027101583,0.11821161,0.044637058
SMARCA1,0.16163366,0.03488889,0.11553892,0.05164654,0.045614216
SMARCA2,0.053374495,0.11845554,0.12622145,0.1861756,0.029519727
SMARCA4,0.2816865,0.12164105,0.20059066,0.17910118,0.033860568
SMARCA5,0.0002643868,0.07019525,0.00017463374,0.05548378,0.064507715
SMARCAD1,0.0007475224,0.070797816,0.00022184598,0.059433043,0.032253828
SMARCAL1,0.095122255,0.025936333,0.1629731,0.023442874,0.09935698
SMARCB1,0.22518945,0.1743849,0.19315653,0.1668864,0.07408356
SMARCC1,0.00033817024,0.085990116,0.00016149852,0.081246264,0.047495134
SMARCC2,0.0005281755,0.059271343,0.00024518263,0.30794874,0.022079226
SMARCD1,0.0014552438,0.10239866,0.0001491044,0.086200684,0.10934378
SMARCD2,0.00037202486,0.058689956,0.00013124876,0.07132729,0.00940324
SMARCD3,0.00066903065,0.033447985,0.00050090277,0.08601437,0.027583499
SMARCE1,0.0009848863,0.039587166,0.00023943631,0.08411785,0.032267228
SMC1A,0.835957,0.71923953,0.6778121,0.5233834,0.69897074
SMC1B,0.0009851576,0.041623723,0.00035411952,0.008678562,0.03331383
SMC2,0.0014619164,0.1973247,0.00035887258,0.10953869,0.14375748
SMC3,0.89108384,0.7224245,0.69012195,0.33888608,0.7368984
SMC4,0.18652272,0.1690657,0.4237169,0.0658467,0.12940373
SMC5,0.114166684,0.08022138,0.4448571,0.039135396,0.112035275
SMC6,0.70513755,0.4612044,0.52443874,0.032661267,0.51168203
SMCHD1,0.0006241159,0.05004903,0.0001518486,0.11683487,0.027388059
SMCO4,0.08737359,0.008891671,0.041640997,0.014856152,0.012212837
SMCR8,0.0023676935,0.057185233,0.00020700155,0.08885032,0.02666371
SMDT1,0.002750693,0.009438568,0.0018176846,0.01804367,0.027448788
SMG1,0.00057037576,0.048056774,0.00013147059,0.040292606,0.049956385
SMG5,0.0033452255,0.10563769,9.2884984e-05,0.024526373,0.11512644
SMG6,0.0008062307,0.04713326,0.00015867918,0.026363747,0.033015803
SMG7,0.00084700785,0.16844156,0.00015284396,0.06389214,0.1367297
SMG8,0.0012709475,0.011984326,0.00014277779,0.014542438,0.013435743
SMG9,0.0009104971,0.022983493,0.0007658278,0.039315768,0.017660951
SMIM1,0.023007972,0.006227094,0.0628893,0.01804367,0.014013782
SMIM11,0.001095692,0.01515816,0.001603348,0.026462918,0.032647114
SMIM12,0.00087402196,0.021839567,0.00068569946,0.023442874,0.017822051
SMIM15,0.002878964,0.012513365,0.0059523387,0.01804367,0.040978953
SMIM17,0.001060304,0.011260307,0.0004151333,0.010057129,0.013440086
SMIM18,0.0054728524,0.019675562,0.005367006,0.01804367,0.030235533
SMIM22,0.0026801177,0.012595139,0.025100864,0.01804367,0.01891644
SMIM24,0.0032652076,0.0049918788,0.005367006,0.01804367,0.018745754
SMIM29,0.0043342113,0.0051055118,0.0628893,0.01804367,0.01151555
SMIM3,0.00084145996,0.020895831,6.892464e-05,0.040722523,0.01898398
SMIM7,0.00053868163,0.021531481,0.0005588924,0.023442874,0.021418858
SMIM8,0.0068219546,0.0167461,0.0022107342,0.01804367,0.03049542
SMNDC1,0.89264756,0.52573454,0.35817754,0.19977888,0.68684036
SMO,0.5281435,0.13874912,0.5685257,0.022803755,0.12844689
SMOC1,0.0005497867,0.009301098,0.00013728642,0.020111026,0.010602528
SMOC2,0.0011540662,0.045569308,0.00046220535,0.009077163,0.08990371
SMOX,0.0015543471,0.014356484,0.00036213855,0.023442874,0.032858294
SMPD1,0.00032943586,0.009379962,0.00045410835,0.025099553,0.015025627
SMPD2,0.16503711,0.010225706,0.20580839,0.009380428,0.014432956
SMPD3,0.00027975158,0.01579891,0.00023849736,0.0389452,0.014854868
SMPD4,0.000741076,0.018971605,0.00039106625,0.032661267,0.014849321
SMPDL3A,0.0007095071,0.020598082,0.00012573757,0.02591231,0.038315095
SMPDL3B,0.0007917013,0.0021257002,0.0017473482,0.01804367,0.0044822907
SMS,0.0005021421,0.023888268,0.00019906732,0.030235812,0.022741728
SMTN,0.00049236586,0.02713852,0.0009716233,0.010767184,0.06379084
SMTNL2,0.0010119857,0.0066369553,0.00062546827,0.017034966,0.014830492
SMU1,0.048409052,0.038194135,0.014588719,0.057200402,0.057471473
SMUG1,0.09045811,0.011228,0.2294528,0.01992266,0.011373696
SMURF1,0.35548258,0.08226224,0.46097726,0.14269736,0.024916291
SMURF2,0.37417004,0.1290519,0.3485914,0.16998054,0.09221605
SMYD1,0.0008829175,0.018977845,0.00016718246,0.04164072,0.01987684
SMYD2,0.0009817306,0.040200576,0.00014831287,0.054999076,0.02327838
SMYD3,0.0009025593,0.03613838,0.00011687643,0.058897913,0.020767061
SMYD5,0.00041023703,0.0035271067,0.00021209294,0.023442874,0.015905451
SNAI1,0.00029816365,0.041012865,0.00037233054,0.08465153,0.011644112
SNAI2,0.46541283,0.15050125,0.4109535,0.039315768,0.34452578
SNAI3,0.0047969036,0.024582993,0.003686627,0.01804367,0.019662626
SNAP23,0.1904784,0.20884116,0.22584471,0.0552651,0.2369025
SNAP25,0.0009083058,0.059081767,8.634611e-05,0.014583037,0.044391364
SNAP29,0.0015222678,0.068009675,0.00013392809,0.093775876,0.06902204
SNAP47,0.00036188023,0.030603735,0.000152469,0.03698906,0.019874476
SNAP91,0.0006382737,0.025427291,0.00014748886,0.051085453,0.018929696
SNAPC1,0.110965036,0.12086914,0.16121998,0.07427682,0.069523096
SNAPC2,0.00072643184,0.12253832,8.15936e-05,0.028635155,0.1151282
SNAPC3,0.00045795046,0.03318416,0.000285953,0.052933402,0.029202804
SNAPC4,0.050846074,0.017984467,0.055422965,0.070112325,0.04150188
SNAPC5,0.0004219922,0.051260673,0.00017447546,0.0890076,0.047553025
SNAPIN,0.008481069,0.0731862,0.016557198,0.0694395,0.0055720066
SNCA,0.15214708,0.048826434,0.046307806,0.103542745,0.017575903
SNCAIP,0.0004805947,0.025936592,0.0001282611,0.06603832,0.015014268
SNCB,0.00027856056,0.024172606,8.6497086e-05,0.02780735,0.016101629
SNCG,0.0011554472,0.028092477,8.6497086e-05,0.07092229,0.021722699
SND1,0.00013341491,0.011905949,0.00017312319,0.14098792,0.012690167
SNED1,0.0008498677,0.0017591101,0.0012754824,0.01804367,0.002611188
SNF8,0.0010425528,0.1032364,0.00031064395,0.11202359,0.09708511
SNIP1,0.18368253,0.11773693,0.20733196,0.122022234,0.11815961
SNN,0.0033095602,0.01201666,0.0020228135,0.01804367,0.019170206
SNPH,0.00044137807,0.005664827,0.00030826635,0.022973275,0.023690574
SNRK,0.17549874,0.033111066,0.2047614,0.0223549,0.041522466
SNRNP200,0.7412351,0.6974473,0.26427963,0.2506826,0.7231691
SNRNP25,0.0009180252,0.055946138,0.00018459983,0.070112325,0.072695896
SNRNP27,0.0001514963,0.031637527,0.00024922114,0.076361425,0.036289364
SNRNP35,0.0004574725,0.044622134,0.0002053618,0.06586782,0.07577495
SNRNP40,0.0008317342,0.08016297,0.000113310096,0.1344378,0.075011455
SNRNP48,0.00031250645,0.02265113,0.00015797114,0.023442874,0.084324345
SNRNP70,0.71683055,0.35119244,0.29522803,0.041171785,0.29734522
SNRPA,0.0017462632,0.08874121,0.00018574571,0.17469093,0.05552881
SNRPA1,0.00080888637,0.10307781,0.00015561987,0.04508104,0.111779116
SNRPB,0.09156497,0.13585722,0.15007219,0.08426591,0.07920857
SNRPB2,0.08689796,0.04367909,0.10369536,0.07927051,0.04066507
SNRPC,0.41979113,0.5394951,0.33076608,0.12102015,0.3781608
SNRPD1,0.0012756244,0.27086484,0.00067916774,0.11275657,0.15584148
SNRPD2,0.0015054303,0.1704341,0.00032686803,0.12925477,0.3828937
SNRPD3,0.17375934,0.12989676,0.07763974,0.05789283,0.07133587
SNRPE,0.00055615226,0.197607,0.00030806276,0.10934737,0.1121177
SNRPF,0.40356824,0.34519887,0.35684645,0.080376625,0.3257583
SNRPG,0.12365187,0.07380257,0.20225453,0.13249134,0.08886215
SNRPN,0.3072571,0.054811884,0.36659056,0.067446284,0.024033764
SNTA1,0.119840875,0.036013875,0.11800659,0.091821276,0.016856471
SNTB1,0.00041767437,0.020289898,0.0001868996,0.01972822,0.020743806
SNTB2,0.1573104,0.033526495,0.040873427,0.021114236,0.023480127
SNTG1,0.0005713759,0.036445517,0.0001395972,0.020332135,0.038283497
SNTG2,0.00025579197,0.0032570378,0.0014777016,0.01940727,0.0044060955
SNU13,0.24831514,0.052745473,0.0628893,0.01804367,0.19931656
SNUPN,0.07077269,0.023673369,0.18344477,0.04538841,0.030663252
SNURF,0.0011159143,0.033505186,0.00020716502,0.09555007,0.039707165
SNW1,0.23122708,0.112635486,0.17135108,0.041283563,0.077490605
SNX1,0.0005577519,0.028892392,0.00012251992,0.0547222,0.018777687
SNX10,0.69425553,0.4352518,0.43649963,0.047569454,0.19284543
SNX11,0.00023946368,0.004150753,9.7813754e-05,0.04624848,0.009505016
SNX12,0.00081288896,0.022334935,0.000104824285,0.026363747,0.031807903
SNX13,0.0010681297,0.063771024,0.00054293947,0.028124522,0.0972621
SNX14,0.00087107596,0.016295543,6.8131245e-05,0.023442874,0.02111383
SNX15,0.0014350619,0.013706626,0.00041688455,0.021179933,0.025783846
SNX16,0.003671682,0.030500289,0.0058859354,0.01804367,0.045141336
SNX17,0.0015400625,0.0631963,0.00016687221,0.07433077,0.109810516
SNX18,0.00061838503,0.015062006,0.00012946974,0.05040212,0.007179648
SNX19,0.00023199811,0.006285257,0.00014895547,0.009380428,0.009433179
SNX2,0.46959615,0.2089374,0.5766103,0.1708811,0.070064195
SNX20,0.00032099496,0.003291316,0.00020478634,0.040722523,0.008285237
SNX21,0.0005846087,0.014191393,0.00025141728,0.022973275,0.028926352
SNX22,0.00055938325,0.010220302,0.00015797114,0.011547842,0.026500098
SNX24,0.2832638,0.12393216,0.42181495,0.03404868,0.14988396
SNX25,0.0002697313,0.0037340259,0.00031594856,0.023442874,0.008656699
SNX27,0.05518649,0.021706885,0.07603462,0.040722523,0.022704812
SNX3,0.00031092932,0.060341932,0.00014414504,0.13488196,0.021682605
SNX30,0.0004526495,0.010840561,0.00013951962,0.026245482,0.03567845
SNX32,0.00055563403,0.011895675,0.00027028657,0.009380428,0.021698356
SNX33,0.0011099646,0.036885962,0.00011063185,0.039203223,0.06787325
SNX4,0.0006126308,0.080664635,0.00012444291,0.034771934,0.035366252
SNX5,0.00083651184,0.03142259,0.00020402935,0.037634082,0.036399964
SNX6,0.0004684234,0.03808033,0.00018650421,0.036238354,0.017643256
SNX7,0.0005126328,0.06759115,0.0004754907,0.1275298,0.019530503
SNX8,0.032012228,0.007900528,0.15253934,0.020978805,0.014560888
SNX9,0.0011551594,0.035225417,0.00019923176,0.051123098,0.018145641
SOAT1,0.19929944,0.023195202,0.06277584,0.023225589,0.032118104
SOAT2,0.003733045,0.0056535597,0.009693291,0.01804367,0.012481245
SOBP,0.00021087502,0.009594616,6.598025e-05,0.008678562,0.023240328
SOCS1,0.08702599,0.11252368,0.24301507,0.11720257,0.027901446
SOCS2,0.063620575,0.01425214,0.2826594,0.15203975,0.012661272
SOCS3,0.00027504747,0.21032639,0.0004673844,0.10456388,0.062227104
SOCS4,0.0015727698,0.04699417,0.00019163165,0.027927298,0.07431264
SOCS5,0.0013661146,0.02011171,0.00024754376,0.08972444,0.06140972
SOCS6,0.00032071964,0.014759779,0.00016692124,0.03696163,0.012218033
SOCS7,0.0007051818,0.0913219,9.006302e-05,0.05470066,0.042900324
SOD1,0.8536519,0.6574851,0.6970775,0.11849734,0.63188165
SOD1,0.8536519,0.6574851,0.6970775,0.11849734,0.63188165
SOD2,0.06441083,0.02629531,0.22739725,0.06926932,0.01989578
SOD2,0.06441083,0.02629531,0.22739725,0.06926932,0.01989578
SOD3,0.0002718437,0.007973525,0.00016718246,0.012576047,0.011611751
SOD3,0.0002718437,0.007973525,0.00016718246,0.012576047,0.011611751
SOHLH1,0.0050444496,0.01179222,0.0027777727,0.01804367,0.029888343
SON,0.00026457035,0.011721433,8.183282e-05,0.07801109,0.03801649
SORBS1,0.18809585,0.06805146,0.24886952,0.058757395,0.03824642
SORBS2,0.00052211486,0.049003366,0.0001239356,0.08255779,0.042085893
SORBS3,0.18926282,0.060275264,0.2550969,0.092605285,0.057821676
SORCS1,0.00046466815,0.0049100164,0.00063846447,0.012576047,0.0067282803
SORCS2,0.0056192214,0.013435319,0.0018083913,0.01804367,0.035746034
SORD,0.0007104966,0.04216503,0.00023588943,0.076361425,0.0267446
SORL1,0.00016836145,0.0077319187,0.00015218517,0.024410563,0.010994764
SORT1,0.00026460591,0.015514766,0.0004247979,0.02352963,0.012402262
SOS1,0.0008404103,0.14886563,0.00038440162,0.10562097,0.06112553
SOS2,0.19278389,0.03512516,0.22742535,0.10032848,0.028762612
SOST,0.00044578747,0.014622944,0.0005631142,0.008382098,0.04371617
SOSTDC1,0.0012163116,0.06418829,0.0002436509,0.01940727,0.04360719
SOWAHA,0.0060164374,0.009757491,0.0045364955,0.01804367,0.027551062
SOWAHC,0.00058938266,0.0063569713,0.00021454503,0.026073754,0.01275368
SOX1,0.00035545506,0.0041566207,0.0004906681,0.020175396,0.021538002
SOX10,0.04699787,0.0406989,0.16678263,0.05400348,0.07422718
SOX11,0.00053880515,0.012246322,0.00021097416,0.012576047,0.08063762
SOX12,0.0005468378,0.049844828,0.00018459983,0.012257511,0.056373302
SOX13,0.0019218515,0.020518605,0.00025456748,0.012257511,0.05934477
SOX14,0.00017717354,0.0059747654,0.0011003652,0.017267942,0.0071811066
SOX15,0.00089348096,0.012007,0.00014727075,0.034724426,0.015736682
SOX17,0.00034045498,0.013037512,0.00015416715,0.008382098,0.019559503
SOX18,0.0007598129,0.042333182,0.00024573845,0.009173206,0.0605424
SOX2,0.00035932977,0.031988166,0.0004112668,0.03450911,0.09617434
SOX21,0.0031719862,0.0058945017,0.00056517706,0.01804367,0.013233577
SOX3,0.0005623555,0.008596963,0.00024122083,0.008382098,0.017766496
SOX30,0.00037878793,0.022291189,0.000115192095,0.026746681,0.019902736
SOX4,0.0005736535,0.009876399,0.00012864327,0.018814605,0.009692924
SOX5,0.0009590856,0.032303046,0.0001633726,0.05525716,0.027439076
SOX6,0.001812173,0.08185648,0.00013406544,0.053723235,0.03285705
SOX7,0.045415465,0.011419346,0.09488684,0.044235084,0.024255967
SOX8,0.0006089708,0.014461194,0.00012294063,0.044351716,0.026597496
SOX9,0.00027925274,0.04407291,0.00070617034,0.08752702,0.044489074
SP1,0.15055294,0.07313432,0.18431564,0.29532364,0.0322929
SP100,0.11840741,0.052628614,0.16053842,0.1730284,0.023615697
SP110,0.043017752,0.0092815785,0.30896083,0.015271925,0.027264353
SP140,0.0015113142,0.01440908,0.00063342357,0.021392673,0.028351545
SP140L,0.0006330265,0.018948479,0.0004498552,0.06621818,0.013317407
SP2,0.00037719376,0.018973675,6.822916e-05,0.054745983,0.008655713
SP3,0.0008210306,0.050458748,0.00022093387,0.15605916,0.02735339
SP4,0.11117902,0.06248969,0.1129327,0.09376561,0.03446676
SP5,0.00033698283,0.008424943,0.00071734685,0.013978116,0.029036457
SP6,0.004651879,0.032454953,0.0023506405,0.01804367,0.1232909
SP7,0.00011512303,0.0035680942,0.00016086025,0.023442874,0.0032303436
SP8,0.0002193086,0.0033460013,0.0018960744,0.009690155,0.013123377
SP9,0.0020899433,0.009671085,0.0046125376,0.01804367,0.04157419
SPA17,0.0006980544,0.05039259,0.00044480586,0.02927176,0.04334356
SPAG1,0.0016906261,0.05180439,0.00049520493,0.02111291,0.12174056
SPAG16,0.0008127345,0.05770873,0.0001371336,0.009690155,0.10255792
SPAG4,0.0006907116,0.009781627,0.00019245474,0.008605173,0.019170873
SPAG5,0.00052462664,0.16536206,0.00020407779,0.07653083,0.11065636
SPAG6,0.0004421076,0.009449246,0.00019019142,0.028985407,0.03146708
SPAG7,0.14684004,0.033869006,0.17883259,0.024041327,0.069825456
SPAG8,0.00079435983,0.019688219,0.0005488142,0.066811405,0.0154474005
SPAG9,0.0013683047,0.11668263,0.00036999027,0.054276083,0.06866216
SPANXN3,0.0013855168,0.0258333,0.00047030186,0.01019949,0.056230143
SPANXN4,0.00030203868,0.023769608,0.00046597442,0.02272375,0.043317795
SPARC,0.0014556651,0.061440513,0.00031381982,0.03208513,0.03798417
SPARCL1,0.00021702504,0.009772703,0.00043264733,0.04813071,0.021428006
SPAST,0.10163317,0.019838722,0.25084415,0.019905075,0.02291964
SPATA13,0.0020797302,0.0060116514,0.008121385,0.01804367,0.011904613
SPATA18,0.00064671744,0.02738308,6.347266e-05,0.023210028,0.029870175
SPATA2,0.00015704046,0.020814503,8.441688e-05,0.13220634,0.012916472
SPATA20,0.00039086145,0.014160711,0.00010681787,0.023416264,0.012263453
SPATA21,0.000686577,0.01910116,0.00021170563,0.008382098,0.03527973
SPATA22,0.0005431465,0.01522464,0.0002850648,0.011722919,0.044540826
SPATA2L,0.00072556833,0.01725001,0.00033725394,0.026462918,0.019381244
SPATA4,0.0011355316,0.015809834,0.00044678702,0.029750155,0.029758656
SPATA7,0.0011042914,0.109347545,0.00096278574,0.017034966,0.054547388
SPATC1L,0.00047350372,0.018789127,0.0001990508,0.034068245,0.034353256
SPATS1,0.00030301645,0.015875297,0.00015797114,0.022149315,0.0069410405
SPATS2,0.0006216852,0.009368676,0.0003483956,0.029750155,0.023314113
SPATS2L,0.0004913747,0.019585708,0.00029189387,0.008678562,0.04669915
SPC24,0.14631194,0.23296364,0.3534087,0.034278546,0.3181898
SPC25,0.00020973386,0.018769298,0.00014278745,0.054745983,0.047384597
SPCS1,0.000473044,0.0120316995,0.00011410672,0.023442874,0.022085771
SPCS2,0.0014312473,0.094190195,0.00014723495,0.030833114,0.09635441
SPCS3,0.00019738516,0.021497445,0.00011872841,0.023442874,0.040548593
SPDEF,0.0004368003,0.020736357,0.00036022172,0.011722919,0.06258343
SPDL1,0.8580938,0.62532717,0.54434663,0.08972444,0.7290812
SPDYA,0.0014061508,0.052107457,0.00012500225,0.035169657,0.048911363
SPECC1,0.09198523,0.018785894,0.20080635,0.05061941,0.022078093
SPECC1L,0.0007749921,0.024343628,7.929101e-05,0.03298475,0.03136131
SPEF1,0.00056734704,0.01953558,0.00037481383,0.012257511,0.009028681
SPEF2,0.00040345135,0.011166326,0.00016741408,0.01146169,0.02872901
SPEG,0.00059186376,0.031254526,0.00020605691,0.008382098,0.044605244
SPEM1,0.0013300469,0.009917059,0.0011676257,0.01804367,0.013988951
SPEN,0.00046720597,0.031161778,0.00021205188,0.16941482,0.03131876
SPG11,0.0011392658,0.023944305,0.00020538863,0.008678562,0.037464697
SPG21,0.00021220054,0.026741207,0.00031394072,0.0746194,0.012418206
SPG7,0.0013131284,0.04185479,0.0001417471,0.0766543,0.022977985
SPG7,0.0013131284,0.04185479,0.0001417471,0.0766543,0.022977985
SPHK1,0.38762826,0.13688831,0.3445377,0.12110213,0.0462336
SPHK2,0.06701306,0.0059516556,0.26616126,0.053723235,0.003554645
SPHKAP,0.00087978103,0.017548671,0.00033035863,0.02678978,0.032243315
SPI1,0.00022131654,0.016655985,0.00033222017,0.082930736,0.005962261
SPIB,0.40393746,0.16913722,0.14215739,0.04897601,0.104246825
SPIC,0.00114875,0.05570012,0.000537687,0.017034966,0.059080083
SPICE1,0.0007858314,0.02368146,0.00033706817,0.10439912,0.029545203
SPIDR,0.0015663585,0.0040568956,0.0018771153,0.01804367,0.0072349557
SPIN1,0.0006102305,0.043443725,0.00011390017,0.013710812,0.04801864
SPIN3,0.00058339885,0.050146013,0.00022053065,0.009077163,0.052414645
SPIN4,0.0008915913,0.008510478,0.0002649634,0.023442874,0.021336833
SPIN4,0.0008915913,0.008510478,0.0002649634,0.023442874,0.021336833
SPINK1,0.00064599176,0.00900488,0.00021983846,0.018767638,0.031200644
SPINK4,0.0021695246,0.009733098,0.0015676477,0.01804367,0.02438848
SPINK5,0.0006449985,0.03197492,0.00010602631,0.02678978,0.04968236
SPINK6,0.00032354874,0.0057103103,0.00019458555,0.017034966,0.013254484
SPINK7,0.00045382252,0.015626917,0.0001199905,0.033245508,0.021137934
SPINK8,0.00048727824,0.00451211,0.0017473482,0.01804367,0.00467171
SPINT1,0.00046793005,0.022131665,8.480409e-05,0.011245472,0.02465806
SPINT2,0.06998829,0.02064208,0.14151339,0.02621554,0.046484295
SPN,0.0008346925,0.030404724,0.00013621156,0.025065692,0.028253494
SPNS1,0.0004761152,0.024048952,0.00022471506,0.030808024,0.05759473
SPO11,0.0022896444,0.01852738,0.012118971,0.01804367,0.026409404
SPO11,0.0022896444,0.01852738,0.012118971,0.01804367,0.026409404
SPOCD1,0.00033120724,0.0074429,0.00010299236,0.02500289,0.0100155
SPOCK1,0.0010006998,0.037507184,0.0001222099,0.020111026,0.13794693
SPOCK2,0.00061232696,0.010118383,0.00016203916,0.009690155,0.01534277
SPOCK3,0.0007767969,0.00900765,0.0001417694,0.023079565,0.009122943
SPOP,0.0003814488,0.03145448,0.0002466525,0.10953869,0.016949035
SPOUT1,0.03092128,0.22804287,0.0628893,0.01804367,0.24534659
SPP1,0.00055331155,0.052991174,6.797504e-05,0.033062395,0.028255435
SPR,0.00045583595,0.015823886,5.7708086e-05,0.06389214,0.046154093
SPRED1,0.00091323134,0.03312241,0.00014506489,0.04382802,0.01626563
SPRED2,0.00034185563,0.004471964,0.00022743315,0.07545655,0.015380506
SPRED3,0.039262105,0.013518584,0.006055544,0.01804367,0.03393171
SPRN,0.00029364513,0.005350608,0.00013951962,0.010057129,0.011845198
SPRR1A,0.0015411504,0.01838634,0.00011210713,0.020951219,0.054115858
SPRR1B,0.0015843464,0.021964222,0.00019519505,0.009591285,0.09309383
SPRR3,0.0006923645,0.016302593,8.6491396e-05,0.013307749,0.060081467
SPRR4,0.0002856666,0.0039623887,0.00021170563,0.017034966,0.0067202323
SPRTN,0.0008541844,0.11928287,0.000247326,0.04205333,0.10357198
SPRY1,0.0001743238,0.013479938,0.00025162662,0.04947743,0.0052173557
SPRY2,0.19602413,0.06439873,0.2308141,0.045524854,0.042371746
SPRY3,0.00040487866,0.004041934,0.00017223308,0.020270698,0.011906459
SPRY4,8.6721324e-05,0.0035389033,0.0007149667,0.01992266,0.005273847
SPRYD3,0.00071676465,0.019227915,0.00017437,0.036138583,0.033875
SPRYD4,0.0005633214,0.0056688352,0.00042898327,0.027054181,0.014770204
SPRYD7,0.0005235109,0.017026536,0.00017354397,0.02927176,0.02329008
SPSB1,0.00033472409,0.08868386,0.00011081008,0.0619339,0.024518732
SPSB1,0.00033472409,0.08868386,0.00011081008,0.0619339,0.024518732
SPSB2,0.00070905656,0.033633128,0.0009716233,0.05164654,0.032050468
SPSB3,0.0004814751,0.037983634,7.1923954e-05,0.031780463,0.01922907
SPSB4,0.00037746696,0.011515719,0.00022268054,0.00913904,0.021164818
SPTA1,0.0013394845,0.058776677,0.00029319362,0.08752702,0.03701358
SPTAN1,0.00044104116,0.03600821,7.01394e-05,0.11407913,0.014137625
SPTB,0.16264902,0.055889476,0.14221406,0.05264861,0.041882496
SPTBN1,0.034501527,0.014261635,0.29501554,0.14299147,0.00770725
SPTBN2,0.0003545876,0.016935637,0.00015026578,0.09555007,0.008268407
SPTBN4,0.0022572961,0.05432121,0.00025965043,0.015271925,0.050195333
SPTBN5,0.06831442,0.0045568123,0.12701893,0.009077163,0.009317757
SPTLC1,0.0014190698,0.030872399,0.0003145681,0.075046964,0.03936787
SPTLC2,0.0005547138,0.016410904,0.000291524,0.018586725,0.031491023
SPTSSA,0.0020018495,0.01568104,0.00047426103,0.053084876,0.026615081
SPX,0.0009918171,0.011789226,0.00042015786,0.017034966,0.029435348
SPZ1,0.0005219253,0.04883633,0.00015797114,0.06389214,0.04588006
SQLE,0.0003192681,0.07689931,0.000152469,0.04785222,0.07938568
SQOR,0.0030591702,0.005442005,0.0628893,0.01804367,0.015105219
SQSTM1,0.054637317,0.08090666,0.33820298,0.10260472,0.0135277575
SRA1,0.00037619384,0.010588557,0.00016840914,0.080925874,0.012925783
SRBD1,0.2194454,0.11009015,0.19666587,0.030808024,0.1500997
SRC,0.72007406,0.45325512,0.43131885,0.4419739,0.11728922
SRCAP,0.43404737,0.24255703,0.13721886,0.2103106,0.15402286
SRCIN1,0.00022948504,0.014710813,0.00015727017,0.011851088,0.014267824
SRD5A1,0.06170587,0.009169926,0.10753379,0.022973275,0.010253493
SRD5A3,0.105712,0.027435744,0.2634047,0.011909331,0.038529918
SREBF1,0.0010092537,0.0702633,0.00030437118,0.10339934,0.033564378
SREBF2,0.13136274,0.07289325,0.14955528,0.041283563,0.055811804
SREK1,0.00065498776,0.07412074,0.0001384595,0.16162531,0.034356397
SREK1IP1,0.00049012894,0.027434839,0.00021213845,0.04057241,0.0803156
SRF,0.011543379,0.086768806,0.005630965,0.19858047,0.040436953
SRFBP1,0.03517306,0.010015428,0.036518782,0.024358278,0.047143977
SRGAP1,0.001371368,0.030910378,0.00013715622,0.05040212,0.035589926
SRGN,0.001110193,0.09703143,0.00034145598,0.048878655,0.024316527
SRI,0.12773411,0.026370168,0.20230466,0.08828944,0.024897067
SRM,0.08161642,0.03231663,0.23995824,0.024222368,0.051741607
SRMS,0.079883315,0.019897634,0.16822645,0.03865339,0.028875427
SRP14,0.055220466,0.061220177,0.16420637,0.107426,0.04508116
SRP19,0.068143554,0.026752701,0.081759326,0.025810784,0.077996
SRP54,0.187442,0.04362959,0.0840445,0.047569454,0.09142667
SRP68,0.0007497715,0.0689374,0.00015185786,0.04366323,0.03768636
SRP72,0.1685681,0.12127013,0.11039989,0.07023127,0.16264796
SRP9,0.14477694,0.039844632,0.1688479,0.0297165,0.08279038
SRPK1,0.14513758,0.099314615,0.2429953,0.41248327,0.020058686
SRPK2,0.33962014,0.20374648,0.31781277,0.092961244,0.031640187
SRPK3,0.049571015,0.023793565,0.29769036,0.031780463,0.039864987
SRPRB,0.0020888885,0.12245417,0.00012819911,0.0766543,0.1226679
SRPX,0.00026728475,0.009302763,0.00036167298,0.037358787,0.035151936
SRPX2,0.0003434863,0.014460031,0.00021983846,0.009690155,0.047749877
SRR,0.1836964,0.026781881,0.11088879,0.012257511,0.035169918
SRRD,0.037649672,0.020947525,0.020226577,0.01804367,0.02607968
SRRM1,0.0017337078,0.23372453,0.00017323282,0.05164827,0.20260946
SRRM2,0.000535089,0.040578768,0.00012973842,0.11003085,0.049756706
SRRM4,0.00079024886,0.009427665,0.0002151842,0.020951219,0.028495492
SRRT,0.18198732,0.07199779,0.1304993,0.08017108,0.07039806
SRSF1,0.11748211,0.048799954,0.07340752,0.054370027,0.020983614
SRSF10,0.0016105337,0.1237274,0.000378284,0.060438726,0.062821165
SRSF11,0.00097203307,0.08191579,8.455425e-05,0.04992053,0.03206838
SRSF12,0.00025288234,0.025225729,0.0002973163,0.036235023,0.01417799
SRSF2,0.23369728,0.25223708,0.48290265,0.1936639,0.095594555
SRSF3,0.00050032325,0.080930464,0.00029323276,0.028838238,0.10793797
SRSF4,0.00061660743,0.074829936,0.0001677319,0.08598116,0.016178885
SRSF5,0.00038288167,0.024510756,0.00012943061,0.08345787,0.030646682
SRSF6,0.13096948,0.087110326,0.19656532,0.07207109,0.038869046
SRSF7,0.09700735,0.16082364,0.16933894,0.065117456,0.08382994
SRSF9,0.16389653,0.108588785,0.16024566,0.034963556,0.029242352
SRY,0.00040846987,0.017510854,0.00014748886,0.06069709,0.011705475
SS18,0.021837661,0.012654257,0.19033226,0.05394154,0.018176004
SS18L1,0.21196727,0.040098645,0.11151414,0.1573372,0.042325713
SS18L2,0.0005855776,0.10885442,0.00029444604,0.023442874,0.13168168
SSB,0.21939883,0.11176266,0.14323053,0.08992515,0.1063963
SSBP1,0.72391754,0.54544896,0.49455515,0.08828944,0.5717628
SSBP2,0.0004041404,0.03374543,0.0001221577,0.08011856,0.025305737
SSBP3,0.0005101864,0.06965718,9.53537e-05,0.08202462,0.0559958
SSBP4,0.0004200657,0.013808105,0.00016766538,0.062256306,0.021508072
SSC4D,0.002859169,0.003969469,0.0011028401,0.01804367,0.009673674
SSC5D,0.001294577,0.025438614,0.00012661902,0.03447213,0.016050912
SSH1,0.07761576,0.011668805,0.30124697,0.024358278,0.016356668
SSH2,0.02713149,0.0054483213,0.12926273,0.008678562,0.02281633
SSH3,0.11699793,0.02886943,0.1547452,0.036235023,0.033219002
SSNA1,0.0006954604,0.015944226,0.00012242369,0.07427682,0.012922821
SSPN,0.00026170732,0.0040817517,0.00013951962,0.008910702,0.0042232014
SSR1,0.0005237862,0.06764862,0.00013181516,0.057067845,0.027305944
SSR2,0.0003197756,0.031059347,0.00048218947,0.008678562,0.030645296
SSR3,0.04352542,0.025982061,0.114888646,0.030872429,0.020053025
SSR4,0.00040613924,0.029360596,0.00026200616,0.11275657,0.011281881
SSRP1,0.02686195,0.17683117,0.00293568,0.12217736,0.0600853
SSTR1,0.00051485427,0.010446604,0.00038153082,0.008910702,0.014377443
SSTR2,0.00040711375,0.020436728,0.00022598404,0.021570439,0.022446688
SSTR3,0.0010960073,0.03831389,0.00013507222,0.09145389,0.044500317
SSU72,0.2649284,0.1447464,0.20189334,0.06378468,0.25754592
SSX1,0.115478314,0.027066946,0.045111388,0.022454023,0.014168923
SSX2IP,0.00036604947,0.044559315,0.0003697646,0.041283563,0.008273437
SSX3,0.0010330614,0.0541864,0.0003979057,0.10842442,0.06298637
ST13,0.000758541,0.11455143,0.00018081332,0.02634976,0.14640523
ST14,0.0006027547,0.004904775,0.00030834513,0.027358834,0.0041369023
ST3GAL2,0.0020684947,0.026478235,0.0001393064,0.008382098,0.071396746
ST3GAL3,0.0031883523,0.0804811,0.00013464272,0.017497912,0.06393855
ST3GAL5,0.0016454714,0.007462819,0.006341193,0.01804367,0.023260633
ST3GAL6,0.0011435291,0.0070561306,0.0002623566,0.017034966,0.024564443
ST6GAL1,0.00026657674,0.0077102194,7.8752826e-05,0.030976307,0.020440094
ST6GAL2,0.0013655253,0.009289861,0.00026958375,0.020270698,0.026042417
ST6GALNAC1,0.0009706694,0.011946298,0.0002151842,0.023442874,0.024189606
ST6GALNAC2,0.0007367925,0.012719384,0.00025533777,0.02272375,0.015742341
ST6GALNAC3,0.0018584348,0.0061735017,0.0075752586,0.01804367,0.01865385
ST6GALNAC4,0.001798393,0.009191366,0.00411007,0.028982447,0.010502745
ST6GALNAC5,0.0020296432,0.011893977,0.0010897062,0.01804367,0.018568395
ST6GALNAC6,0.0010701978,0.03486726,0.0010389249,0.009077163,0.06173572
ST7,0.16929309,0.013677887,0.3746846,0.02621554,0.0111561855
ST7L,0.00476887,0.00868088,0.004557877,0.01804367,0.0108996695
STAB1,0.00051887246,0.034324273,0.0002996932,0.036087103,0.04147719
STAB2,0.00069373497,0.019386882,0.00015827481,0.032562852,0.01456214
STAC,0.0003990307,0.03362042,0.00037481383,0.04004193,0.015725378
STAC2,0.00033538067,0.0047252555,0.00015797114,0.057006508,0.011860383
STAC3,0.00077096256,0.056735445,0.00012531852,0.038731944,0.065081604
STAG1,0.23185357,0.0859223,0.19422214,0.07012308,0.06852194
STAG2,0.12299375,0.035689604,0.25209558,0.104768254,0.05079598
STAG3,0.07537198,0.02645696,0.10666651,0.01358578,0.053425968
STAM,0.00052861567,0.061422992,0.00018630445,0.06134819,0.023565713
STAM2,0.0010599267,0.08015345,0.00024394003,0.101070926,0.048170056
STAMBP,0.50901264,0.32207248,0.3537947,0.09907788,0.07873397
STAMBPL1,0.0005405315,0.029519105,0.00013883166,0.05200882,0.011016063
STAP2,0.0004919035,0.039989553,0.00014202634,0.03178408,0.020882558
STAR,0.18094985,0.13135797,0.15197201,0.09710315,0.090653084
STARD10,0.013074157,0.003439617,0.044225458,0.017034966,0.007312273
STARD13,0.14580743,0.05821346,0.18231855,0.10128238,0.03145272
STARD3,0.00036554172,0.009057678,0.00020238594,0.012576047,0.03947261
STARD4,0.0005245121,0.018391073,0.00021170563,0.023442874,0.029362246
STARD6,0.004673994,0.022703454,0.0008347569,0.01804367,0.059953917
STARD7,0.11946729,0.03192838,0.059397828,0.023442874,0.056360163
STARD8,0.0003333153,0.002761177,0.0018250655,0.01804367,0.00743094
STARD9,0.00028436718,0.012157239,0.0001317056,0.030818716,0.02077715
STAT1,0.15161365,0.07086361,0.19696331,0.12326365,0.01698453
STAT2,0.00043451556,0.023251036,0.00012170518,0.050660808,0.033939227
STAT3,0.19803847,0.06624831,0.5014194,0.092961244,0.03858746
STAT4,0.21711549,0.05117606,0.11785712,0.026436144,0.058905102
STAT5A,0.0003530254,0.19950491,0.00013467815,0.35841602,0.012373426
STAT5B,0.18590155,0.07720885,0.24702251,0.15384021,0.050937176
STAT6,0.00023211139,0.011049857,0.00047582257,0.106358275,0.006046055
STAU1,0.0018219477,0.07853448,0.00033346342,0.1812185,0.050775312
STAU2,0.02021753,0.016265525,0.0056951125,0.015654534,0.043434218
STBD1,0.00083504413,0.009997073,9.916985e-05,0.034953285,0.010320883
STC1,0.0009247207,0.0026441591,0.0060934513,0.01804367,0.0101431105
STC2,0.00020621592,0.010389266,8.261462e-05,0.06295411,0.010385731
STEAP1,0.0013825281,0.023933286,5.565687e-05,0.023442874,0.025435321
STEAP2,0.0012670013,0.01774451,0.00026480856,0.023442874,0.017425675
STEAP3,0.00062147016,0.011540745,0.000115292205,0.076361425,0.038176488
STIL,0.11819381,0.08218763,0.07081788,0.008678562,0.09051254
STIM1,0.00043063116,0.032618947,0.00015727017,0.018218953,0.035008486
STIM2,0.0013842909,0.07561198,0.00018554516,0.021026954,0.06889384
STIP1,0.0006059882,0.08289631,0.0002466525,0.08741275,0.014727838
STK10,0.0004928373,0.011015108,0.00051250844,0.023442874,0.022243217
STK11,0.15189707,0.051840123,0.22162506,0.15810028,0.06405333
STK11IP,0.00059832365,0.019013785,0.0001772959,0.018600604,0.026942184
STK16,0.00019949542,0.022419948,0.00020428514,0.05221195,0.0070814253
STK17A,0.45421785,0.052795906,0.48659348,0.023442874,0.10916524
STK17B,0.00032845588,0.009559999,0.00073656504,0.022075247,0.022989476
STK24,0.11643129,0.03805393,0.32328105,0.101070926,0.016157655
STK25,0.00066884607,0.014296252,4.842159e-05,0.060614645,0.012580844
STK26,0.00023508024,0.026883984,0.0002536715,0.13944675,0.008990432
STK3,0.38165593,0.10185106,0.315874,0.106358275,0.054103125
STK31,0.00064769137,0.018028382,0.000761603,0.026617484,0.030950114
STK32A,0.0015545595,0.011252786,0.00050658814,0.01804367,0.021098329
STK32B,0.00024210193,0.007223262,0.00020583246,0.09978102,0.007589507
STK32C,0.0019959004,0.027619813,0.00071734685,0.011245472,0.02958415
STK33,0.6249421,0.19033256,0.36968398,0.043872934,0.23827557
STK35,0.10502227,0.034530304,0.03437782,0.07801109,0.044415753
STK36,0.0007383515,0.015168934,0.0006092585,0.042708002,0.013209296
STK38,0.00046343665,0.10771581,0.00015482138,0.07260164,0.032025818
STK38L,0.00060338294,0.015921872,0.000314794,0.023163307,0.015733138
STK39,0.17587374,0.030280037,0.16527247,0.07012308,0.02676262
STK4,0.0008057753,0.04496638,0.0002960449,0.080925874,0.047455233
STK40,0.0014045902,0.051107373,0.00015652872,0.039998848,0.065741666
STKLD1,0.011871716,0.008247709,0.02496764,0.01804367,0.027946109
STMN1,0.5492205,0.16727455,0.35711935,0.18497667,0.24981807
STMN2,0.0020593558,0.051011283,0.00022210611,0.06333093,0.024067711
STMN3,0.0003218312,0.008574128,0.000152469,0.02927176,0.007322054
STMN4,0.00023407466,0.009907433,0.00016653792,0.014566581,0.01959199
STMP1,0.0042992677,0.0184894,0.0628893,0.01804367,0.09434769
STOM,0.0004819365,0.01749379,0.00014345412,0.04683837,0.008109659
STOML1,0.00027522532,0.00872204,0.00013835932,0.0223549,0.0049808137
STOML2,0.0017705272,0.04718357,0.00013439682,0.08770418,0.017431146
STOML3,0.09370596,0.024519866,0.21220317,0.05061941,0.046280693
STON1,0.00049786107,0.0015835916,0.00042898327,0.021941544,0.0050587766
STON2,0.0006985928,0.025736056,0.00073789357,0.022835549,0.045669395
STOX1,0.0003351619,0.013751747,0.00032208717,0.014542438,0.01814766
STPG1,0.0028533887,0.019579364,0.02468898,0.01804367,0.04420477
STRA6,0.00036469853,0.01629718,0.00037502294,0.023442874,0.04102015
STRA8,0.0014915371,0.005750538,0.0030189683,0.01804367,0.008168579
STRADA,0.11140631,0.030806163,0.40545493,0.06462275,0.01174439
STRADB,0.00046273702,0.02900351,0.0002614796,0.08162943,0.043608513
STRAP,0.0010662819,0.07984743,0.0003862904,0.3973627,0.09079339
STRBP,0.00064922904,0.03823758,0.00014241216,0.034771934,0.021458115
STRC,0.0012422778,0.008762481,0.006190138,0.01804367,0.02276533
STRIP1,0.0005211726,0.0485954,0.00015764206,0.11009636,0.050234392
STRIP2,0.0012909367,0.06896063,0.0001767426,0.069421805,0.051174667
STRN,0.00037325738,0.043653082,0.00013143975,0.20334041,0.01990756
STRN3,0.0005031008,0.060840964,0.0003579782,0.036355935,0.039198175
STRN4,0.0007965971,0.0638514,0.00012638657,0.043445818,0.012316426
STS,0.00046596932,0.010278634,0.00031557318,0.010057129,0.046292283
STT3A,0.11542049,0.050336797,0.15254189,0.03770934,0.18099146
STT3B,0.00037877384,0.009760423,0.00013368082,0.022075247,0.013566571
STUB1,0.124729045,0.06674574,0.022845596,0.19283855,0.033128496
STX10,0.00048622017,0.011662219,6.6625544e-05,0.008678562,0.0214971
STX11,0.0008736623,0.089098096,0.00023382551,0.21086319,0.033008914
STX12,0.2113026,0.045888335,0.17781155,0.044957604,0.047265954
STX16,0.00020460853,0.011618939,0.00077316316,0.02352963,0.00932492
STX17,0.00042464488,0.018776692,9.916985e-05,0.042580854,0.02339337
STX18,0.0015340195,0.08675912,0.00024882745,0.022906292,0.12149943
STX1A,0.0005844443,0.051534005,0.00011757024,0.060726266,0.018040035
STX1B,0.00033484952,0.0027782868,0.00011628624,0.051021855,0.003717918
STX2,0.0010592716,0.029197663,0.00020519111,0.06895362,0.018661812
STX3,0.4739408,0.20568432,0.26143548,0.039453786,0.1799919
STX4,0.061845947,0.12723523,0.16548361,0.0626827,0.09010295
STX5,0.003117549,0.18219861,0.00013259234,0.067446284,0.15292034
STX6,0.00041215363,0.09148559,0.00012715587,0.071800925,0.07983995
STX7,0.00029479942,0.02273145,0.00010089115,0.03349674,0.037716392
STX8,0.0009371472,0.09187921,0.000106222025,0.07645405,0.032970414
STXBP1,0.00059481716,0.05396926,0.000108249114,0.06551194,0.018889336
STXBP2,0.0008597419,0.023457218,0.000497231,0.052106127,0.021305773
STXBP3,0.0007678487,0.08905342,0.00016471687,0.040255483,0.16773
STXBP4,0.3062826,0.06662119,0.09932005,0.02111291,0.1096115
STXBP5,0.0008524748,0.021229034,0.00032994378,0.018897312,0.038710095
STXBP6,0.0022497473,0.004569481,0.00022990575,0.020437825,0.018815203
STYK1,0.0009301654,0.012426213,0.00047700896,0.042580854,0.025950084
STYXL1,0.105111286,0.02644006,0.116597265,0.10202928,0.026686545
SUB1,0.21194158,0.11946241,0.2057797,0.09963506,0.13401408
SUCLA2,0.0012445108,0.025095247,0.00024011254,0.023489706,0.028780634
SUCLG1,0.0004473103,0.00913307,0.00023972549,0.02844312,0.011957543
SUCLG2,0.00080819335,0.030228354,0.00023496685,0.04057241,0.03186148
SUCNR1,0.0034495771,0.014746873,0.014331923,0.01804367,0.01863576
SUCO,0.00057543546,0.03183206,0.0002488538,0.04225217,0.09322485
SUDS3,0.00034350806,0.03526297,0.00012481834,0.1096986,0.034099672
SUFU,0.038247008,0.019574888,0.38740426,0.0955337,0.010126458
SUGP1,0.09126484,0.03511939,0.16691865,0.031919457,0.062184077
SUGP2,0.00050157594,0.023458315,0.00011096815,0.050757743,0.019077348
SUGT1,0.14619006,0.14714442,0.14858282,0.107174814,0.13643941
SULF1,0.00047280037,0.0307018,0.00013399989,0.01019949,0.025460007
SULT1A1,0.0006451485,0.012670567,0.0017743498,0.018289693,0.011221517
SULT1A2,0.049135834,0.003920261,0.13609152,0.008678562,0.005737415
SULT1C2,0.0008709091,0.01800025,0.0005219969,0.054051317,0.02068023
SULT1E1,0.00043681194,0.058535755,0.0001393064,0.058489792,0.03343309
SULT2A1,0.0004197981,0.013517846,0.00039606064,0.025237117,0.022325823
SULT2B1,0.00023458742,0.004929497,0.00035873541,0.025950173,0.0066696294
SULT4A1,0.09436682,0.02355233,0.08033978,0.013978116,0.0313511
SUMF2,0.00068165036,0.009133419,0.00034481342,0.02844312,0.012152144
SUMO1,0.08473605,0.08518425,0.42669678,0.54829013,0.015320649
SUMO2,0.20251451,0.089154534,0.66243577,0.54829013,0.0491257
SUMO3,0.5792219,0.51425713,0.30750203,0.38008052,0.14401197
SUMO4,0.00046951283,0.046257734,0.0004621912,0.1731381,0.056105066
SUN1,0.0005824605,0.005753276,0.00028139027,0.022075247,0.0132474825
SUN2,0.0013590403,0.03657228,0.0002659512,0.04469474,0.031920515
SUN5,0.0004371083,0.0059905257,0.0009716233,0.013998775,0.007730474
SUOX,0.00075816887,0.011043835,0.0008920523,0.06691829,0.029515317
SUPT16H,0.07985901,0.107862346,0.24804829,0.1730284,0.117178395
SUPT20H,0.00097184046,0.03985756,9.37189e-05,0.036598153,0.060892675
SUPT3H,0.00027900125,0.044191428,0.0003693297,0.046450026,0.04262579
SUPT4H1,0.00048680892,0.03175404,0.0001701853,0.047311004,0.043431334
SUPT5H,0.08873849,0.054596543,0.2934113,0.28379562,0.05555866
SUPT6H,0.23181032,0.17467615,0.22052744,0.057727423,0.15818422
SUPT7L,0.0004922804,0.029567886,0.00017069415,0.056320872,0.033577558
SUPV3L1,0.0005180879,0.022631235,0.00012650015,0.023331378,0.012749948
SURF1,0.0007102519,0.010270114,0.00032146688,0.010057129,0.022253232
SURF2,0.00010254803,0.0056146854,0.00024273663,0.021026954,0.006719694
SURF4,0.02950629,0.032500774,0.037201084,0.05194081,0.050461512
SURF6,0.0010479934,0.06355594,0.00017354397,0.05164654,0.06359869
SUSD1,0.00035361623,0.010256068,0.0009492045,0.008678562,0.029264113
SUSD2,0.0002776564,0.004030368,0.00013634372,0.012576047,0.011081829
SUSD3,0.00083646685,0.004519807,0.00044678702,0.017034966,0.006470423
SUSD4,0.0006272156,0.005976853,0.00070713775,0.013978116,0.020244062
SUSD5,0.0048710564,0.028852709,0.027599625,0.01804367,0.043688823
SUSD6,0.00010954796,0.0073286453,0.00026783958,0.02516947,0.007162687
SUV39H1,0.24395312,0.036487553,0.28520116,0.07189519,0.018504372
SUV39H2,0.2768584,0.09505861,0.30834997,0.06333093,0.107742414
SUZ12,0.23192447,0.090567455,0.20667084,0.06688154,0.2035298
SV2A,0.00037078458,0.00655862,0.00020424247,0.037062395,0.014180283
SVBP,0.06989491,0.053313754,0.0628893,0.01804367,0.065864384
SVEP1,0.14358011,0.018463768,0.18919465,0.036235023,0.022952558
SVIL,0.0007298465,0.044156566,0.0001847317,0.06926932,0.036235172
SVIP,0.0011163587,0.03611799,0.00016032475,0.013978116,0.06741623
SWAP70,0.4383917,0.022617629,0.1690685,0.03447213,0.023878451
SWI5,0.00029345872,0.05616191,0.00030488934,0.0102851745,0.013236262
SWSAP1,0.0007306753,0.1689327,0.00010558662,0.2356599,0.015362362
SWT1,0.0025881208,0.008013688,0.0046252813,0.01804367,0.021600801
SYBU,0.00045292615,0.014014052,0.0001767426,0.024185104,0.0140716955
SYCE1,0.00037169977,0.0099471435,0.00018115915,0.11760979,0.008850236
SYCE1L,0.0029155808,0.030540021,0.0024455346,0.01804367,0.03843208
SYCE3,0.0018923051,0.010463826,0.0003392688,0.017703548,0.017537476
SYCP1,0.00079482055,0.03533399,0.00012946974,0.023442874,0.057209495
SYCP2L,0.0040143044,0.037579443,0.00046597442,0.017034966,0.06130664
SYCP3,0.00027526545,0.014076004,0.00015115042,0.013574262,0.017333299
SYDE1,0.0005474579,0.016704092,6.9016845e-05,0.023442874,0.032049846
SYDE2,0.0011814985,0.007762236,0.00090418826,0.01804367,0.023665244
SYF2,0.0006926106,0.027582198,0.00030020537,0.011777043,0.033427637
SYF2,0.0006926106,0.027582198,0.00030020537,0.011777043,0.033427637
SYK,0.15771121,0.049683902,0.11825117,0.0917538,0.05418827
SYMPK,0.00043784874,0.064493954,0.00022686702,0.067783765,0.04919147
SYN1,0.00094063545,0.1120851,0.00036860054,0.24461347,0.038183536
SYNC,0.0002587842,0.0077540143,0.00017354397,0.021664867,0.033197153
SYNCRIP,0.0012189101,0.108865686,0.0005334678,0.07064918,0.06783626
SYNDIG1,0.00067075377,0.007912021,0.00017046579,0.03158699,0.005396151
SYNDIG1L,0.0030935102,0.0069244355,0.0012763464,0.01804367,0.016103214
SYNE1,0.0005356567,0.029697286,0.00034276416,0.11206399,0.028524607
SYNE2,0.0417374,0.017376006,0.21748286,0.08017108,0.005524416
SYNE3,0.0002942552,0.008932811,0.00025456748,0.023442874,0.027713912
SYNE4,0.00063491525,0.024656838,0.0003503407,0.057067845,0.024456412
SYNGAP1,0.00048778785,0.0130244065,0.00014839522,0.0135791795,0.0105431
SYNGR1,0.0008163864,0.008334994,0.00017115814,0.020293722,0.021627907
SYNGR2,0.00065764674,0.017075688,9.5937874e-05,0.014856152,0.04145619
SYNGR3,0.0011841919,0.012689612,0.00019192825,0.023442874,0.020287903
SYNJ1,0.00067108305,0.06272553,0.00050090277,0.038832445,0.055221744
SYNJ2,0.00021855441,0.020935595,0.00020834562,0.099410556,0.00809306
SYNJ2BP,0.00041988978,0.0150407,0.00010919554,0.029799249,0.023627862
SYNPO,0.00039777847,0.039389208,0.00014990686,0.04057241,0.013299881
SYNPO2,0.00016341437,0.00714558,0.00019730389,0.021026954,0.009453943
SYNRG,0.001084388,0.023521787,0.0001969911,0.031371307,0.028833697
SYP,0.00052448286,0.016550358,0.00016052101,0.055746976,0.010753935
SYPL1,0.047468003,0.00468901,0.102784276,0.009380428,0.0063109966
SYS1,0.0009791795,0.094724715,0.00012370276,0.023442874,0.097597644
SYT1,0.15897806,0.084215425,0.46515122,0.023508286,0.026917886
SYT10,0.0009742592,0.0075700697,0.0007402989,0.01804367,0.01417957
SYT11,0.040788103,0.0073806997,0.100972824,0.024729606,0.006566815
SYT12,0.0014294594,0.07239067,0.00018351666,0.023442874,0.11273781
SYT14,0.5603406,0.3501558,0.69712245,0.09978102,0.40998545
SYT16,0.584341,0.15746075,0.56443137,0.03405934,0.21921657
SYT17,0.0009405441,0.0395472,0.00015601508,0.060544442,0.055036254
SYT2,0.0002514511,0.007838296,0.0001393064,0.04785222,0.015158899
SYT3,0.0005214218,0.0070228735,0.00042015786,0.053084876,0.014526457
SYT4,0.00045392461,0.013738573,0.00018090403,0.0145786395,0.008271649
SYT5,0.00039201413,0.014459169,0.00033029754,0.011185222,0.017760882
SYT6,0.0005636203,0.023979317,0.00063095987,0.13028966,0.0076627447
SYT7,0.07694742,0.019898133,0.15544024,0.030833114,0.014331384
SYT8,0.0017155912,0.002928742,0.0015212101,0.020931523,0.028693918
SYT9,0.00048142573,0.010374083,0.00039684257,0.015513237,0.016771283
SYTL2,0.7233557,0.54372495,0.5071158,0.05040212,0.37782255
SYTL4,0.0007250855,0.0689286,0.00011070688,0.05676482,0.034068093
SYTL5,0.00090436236,0.012348469,0.00025456748,0.05977457,0.01982436
SYVN1,0.14192435,0.086008795,0.24631558,0.056252453,0.052599065
SZRD1,0.0010226162,0.008238926,0.0028197342,0.01804367,0.006987402
SZT2,0.00053236756,0.015447292,0.00031381982,0.02844312,0.018329488
TAAR1,0.0030981677,0.014635682,0.019299641,0.01804367,0.03424815
TAAR6,0.0058971425,0.012888548,0.0036145533,0.01804367,0.033561554
TAAR8,0.0008079982,0.00978394,0.000994611,0.02272375,0.018645907
TAB1,0.07089099,0.020578707,0.16023798,0.07572012,0.012735963
TAB2,0.22363831,0.06727455,0.32248524,0.03984609,0.04259288
TAB3,0.00015452935,0.01597918,0.00014490756,0.04897601,0.0061848043
TAC1,0.0005517724,0.025214769,0.00011280792,0.013420026,0.016554179
TAC3,0.0009937212,0.01995919,0.0001014897,0.018621562,0.026717322
TACC2,0.0006680205,0.04946987,0.0001029848,0.03300217,0.022618487
TACC3,0.002189171,0.13063172,0.00016379094,0.06601743,0.14246918
TACO1,0.0007998854,0.03575738,0.00022334671,0.027808795,0.016703708
TACSTD2,0.12834463,0.0065631047,0.14116207,0.023442874,0.01789975
TADA1,0.00045721108,0.043889686,0.00011210713,0.038877636,0.065778844
TADA2A,0.002770258,0.20635302,0.00015106182,0.06483275,0.21608794
TADA2B,0.000495344,0.010966815,8.6497086e-05,0.020175396,0.015242823
TADA3,0.0009625151,0.06339772,5.9815215e-05,0.06032559,0.02633719
TAF1,0.55013824,0.5955209,0.28766888,0.21963173,0.30947453
TAF10,0.00074222806,0.031126697,0.0006736257,0.05980506,0.046141624
TAF11,0.00031361525,0.040399965,0.00016773558,0.10998552,0.015832383
TAF12,0.092904605,0.060258426,0.2327776,0.11789834,0.03497089
TAF13,0.0003750324,0.06178091,7.215044e-05,0.11994186,0.035265125
TAF15,0.22366753,0.09724419,0.33101857,0.09023832,0.058165573
TAF1A,0.20908931,0.092470765,0.22619846,0.08696365,0.07040086
TAF1B,0.0006354274,0.124254435,0.00029876374,0.122022234,0.10637294
TAF1D,0.0019417623,0.12668794,0.00012757244,0.052630316,0.15473732
TAF1L,0.0015964776,0.042556226,9.8780336e-05,0.10439912,0.061595816
TAF2,0.23135632,0.10880552,0.08182258,0.05772718,0.09597324
TAF3,0.0007374233,0.026932722,0.00013266683,0.18898353,0.027601639
TAF4,0.00055367796,0.044819366,0.00018974111,0.1588309,0.049225528
TAF4B,0.00096725684,0.020414818,0.000247662,0.008678562,0.034825556
TAF5,0.06799061,0.038728695,0.0884849,0.07507997,0.04047265
TAF5L,0.0003176747,0.018648978,8.0726866e-05,0.061575465,0.011392344
TAF6,0.21171267,0.08241268,0.20613687,0.09693386,0.09120267
TAF6L,0.0009129364,0.04211283,0.0001987555,0.093020104,0.015325167
TAF7,0.0006920567,0.11130697,0.00038198553,0.07331041,0.09862394
TAF7L,0.000864951,0.029655976,0.00058413466,0.050619364,0.05951715
TAF8,0.0013246224,0.07280113,0.00019906732,0.04354087,0.14351298
TAF9,0.0005728269,0.07429244,0.00013648212,0.22074614,0.017735668
TAF9B,0.0010671767,0.080088414,0.00012855962,0.1096986,0.05126282
TAFA2,0.008199082,0.009985941,0.0628893,0.01804367,0.017870476
TAGAP,0.0035645203,0.0058729756,0.015203907,0.01804367,0.016300337
TAGLN,0.0005711414,0.027228216,0.00018011934,0.023489706,0.022224536
TAGLN2,0.0003145465,0.01464238,0.00025286135,0.050660808,0.004329436
TAGLN3,0.00071865204,0.011573478,0.000952837,0.023442874,0.0088728145
TAL1,0.00041466224,0.012815946,0.0004945898,0.08361337,0.011345888
TAL2,0.0022382545,0.028670006,0.00043607177,0.049814444,0.06810944
TALDO1,0.0008086352,0.040087126,8.356805e-05,0.05831347,0.035243265
TAMM41,0.0025462094,0.046264645,0.0006978306,0.01804367,0.032136742
TANC1,0.000284576,0.0069828043,0.0010389249,0.020413877,0.0143826
TANC2,0.01029632,0.021265566,0.0008231056,0.01804367,0.0617951
TANGO2,0.0005100612,0.004807149,0.0029779759,0.01804367,0.012084761
TANGO6,0.0014423177,0.059944738,0.00034876863,0.10439912,0.069460474
TANK,0.0023357791,0.049678173,0.00011762979,0.10934737,0.051286615
TAOK1,0.084093094,0.055685926,0.49598864,0.013710812,0.049374476
TAOK2,0.35944456,0.05985402,0.33705008,0.018621562,0.036796514
TAOK3,0.23940764,0.02194389,0.21473192,0.09215755,0.0393481
TAP1,0.00044919786,0.017719792,0.00011441943,0.03995124,0.016304184
TAP2,0.122020975,0.019938799,0.20300183,0.011002596,0.017184697
TAPBP,0.048009258,0.010966547,0.18856746,0.037642237,0.0055325064
TAPBPL,0.00031629574,0.008888835,0.00032958697,0.03756352,0.012087652
TARBP1,0.00074002944,0.01630738,8.6527776e-05,0.064063005,0.016837768
TARBP2,0.0007386914,0.03503131,0.00039871546,0.05789283,0.021254702
TARDBP,0.0009871394,0.09706235,0.0001489691,0.07820026,0.12220193
TARS2,0.000726822,0.036891427,0.00017616653,0.079073355,0.028823383
TARS3,0.0061158068,0.010571427,0.0628893,0.01804367,0.020170536
TAS1R1,0.00050641166,0.002391069,0.001834109,0.018257927,0.010191256
TAS1R3,0.0010727237,0.006282128,0.0032439958,0.016731111,0.007104611
TAS2R1,0.001481716,0.006603236,0.0010971214,0.01804367,0.0071558203
TAS2R13,0.0024120053,0.018896583,0.00045447622,0.01804367,0.021935247
TAS2R14,0.0018074973,0.00923814,0.0041506365,0.01804367,0.063769035
TAS2R3,0.0050476575,0.021394052,0.004344962,0.01804367,0.07519855
TAS2R39,0.003518824,0.036073197,0.00050509605,0.01804367,0.06754617
TAS2R40,0.0016059697,0.0072754165,0.0059407623,0.01804367,0.019100035
TAS2R5,0.0022648328,0.02710084,0.0010344253,0.01804367,0.075277045
TAS2R60,0.0008840966,0.0073527037,0.0009274853,0.01804367,0.011889563
TAS2R9,0.0052632405,0.04111332,0.004627974,0.01804367,0.09303943
TASOR2,0.016721716,0.0036891669,0.0628893,0.01804367,0.008053759
TASP1,0.0006125759,0.01557648,0.00043165535,0.012257511,0.052868854
TAT,0.00041428432,0.022083515,0.00034777142,0.011681861,0.06776274
TATDN2,0.0014933975,0.0322255,0.00013071009,0.023442874,0.037436515
TAX1BP1,0.0007931058,0.06761803,0.0003692415,0.14677992,0.04394844
TAX1BP3,0.0003806313,0.023002332,0.00011771675,0.047832303,0.015962612
TBC1D1,0.12002059,0.042594403,0.06497212,0.09191123,0.041726504
TBC1D10A,0.0004077721,0.01959805,0.00037949617,0.06051041,0.0145153
TBC1D10B,0.0002509972,0.012079205,0.00044386595,0.030808024,0.024998125
TBC1D10C,0.00060312997,0.040658828,0.00031946693,0.05509455,0.025387747
TBC1D12,0.21234037,0.29673365,0.027147852,0.01804367,0.3961741
TBC1D13,0.000754981,0.011481347,0.00015871883,0.023442874,0.018569129
TBC1D15,0.00041344002,0.030554043,0.00018376512,0.08017108,0.021083796
TBC1D16,0.0373074,0.009121771,0.12683378,0.027964156,0.0067521203
TBC1D17,0.0004050748,0.025142124,0.00043098966,0.0824687,0.015505387
TBC1D19,0.00068509,0.01885293,0.00017554846,0.018586725,0.01749957
TBC1D2,0.00044012204,0.0061520794,6.5312306e-05,0.009690155,0.015628647
TBC1D20,0.001666465,0.03341289,0.0002544767,0.013998775,0.10536536
TBC1D21,0.0009063062,0.013377138,0.00017354397,0.017034966,0.028582398
TBC1D22A,0.0024454459,0.01176192,0.0010927728,0.01804367,0.014125879
TBC1D22B,0.00079259014,0.047328103,0.00029062515,0.07012308,0.022260195
TBC1D23,0.00038675172,0.024655543,0.00024050112,0.026436144,0.029360536
TBC1D24,0.00027293156,0.007138841,0.0003558616,0.023442874,0.014978262
TBC1D25,0.07870342,0.013425495,0.13642615,0.021026954,0.020950103
TBC1D2B,0.00045033536,0.01148015,0.00020195259,0.04512852,0.0128096435
TBC1D31,0.0004643901,0.0083122915,0.0005582793,0.023442874,0.058776464
TBC1D4,0.0003057655,0.013281658,0.00019533747,0.18058039,0.015787806
TBC1D5,0.0003465903,0.009661234,0.00013176564,0.027604321,0.011794226
TBC1D7,0.00051229843,0.037726007,0.000120894474,0.04897601,0.017319366
TBC1D8,0.00028294305,0.00680678,0.00023178011,0.028985407,0.010716923
TBC1D8B,0.0015746872,0.01813729,0.00094985985,0.023442874,0.07389281
TBC1D9,0.00040487963,0.0034196705,0.00026197894,0.02927176,0.0079042055
TBC1D9B,0.0004949204,0.011051873,0.00037603086,0.025810784,0.010175866
TBCA,0.0009907312,0.041615687,0.00019703504,0.07972228,0.03798959
TBCB,0.66741043,0.50334704,0.43259647,0.03400955,0.40964273
TBCC,0.0007730095,0.011168369,0.00045628153,0.022075247,0.019378444
TBCCD1,0.073625974,0.013219338,0.20277432,0.04029104,0.013874787
TBCD,0.39046523,0.09624832,0.17682423,0.034807224,0.14095974
TBCE,0.0007155631,0.12709647,0.0001540753,0.076361425,0.26376617
TBCK,0.0004589383,0.01592013,0.00040120425,0.017034966,0.019252775
TBK1,0.00094394793,0.029314185,0.0011674489,0.056374367,0.022844762
TBKBP1,0.000519444,0.051354185,0.00029589588,0.03450911,0.014016161
TBL1X,0.00021103995,0.018398201,0.00037092742,0.100283764,0.0077578677
TBL1XR1,0.0007104784,0.10459907,0.0004160072,0.102323145,0.09155067
TBL2,0.00033967124,0.012329125,0.00031138377,0.15611528,0.018400649
TBL3,0.00091535994,0.06044882,0.00014969373,0.034270212,0.059172716
TBP,0.7343787,0.3181279,0.41406035,0.20755693,0.23240587
TBPL1,0.0006044164,0.104564756,0.00017444,0.046836674,0.051461462
TBR1,0.00050717924,0.026678855,0.000356571,0.04785222,0.037908614
TBRG1,0.0005568667,0.013471576,0.00016086822,0.023720449,0.029768527
TBRG4,0.00066057366,0.03342761,0.00044166006,0.06684685,0.029270673
TBX10,0.0015443725,0.00730106,0.0056877,0.01804367,0.022521364
TBX15,0.000706483,0.023818647,0.00023828483,0.01020011,0.03324901
TBX18,0.014347816,0.07576992,0.011090507,0.01804367,0.14065142
TBX19,0.00021145002,0.010485628,0.00012978457,0.057230763,0.015986374
TBX2,0.001551375,0.03768039,0.00041765484,0.03035653,0.056371033
TBX20,0.06732688,0.0040793624,0.17445162,0.008678562,0.012045186
TBX21,0.0021628086,0.027322967,0.00017930813,0.050640047,0.040358875
TBX22,0.00029189416,0.0064541874,0.00015797114,0.027808795,0.013312572
TBX3,0.0006452113,0.030320155,0.0001233814,0.014782094,0.07599183
TBX5,0.0006733894,0.032015502,0.00013343286,0.011185222,0.05113546
TBX6,0.00074664596,0.011195843,0.00010635613,0.026328275,0.014841141
TBXA2R,0.00022900265,0.02359892,0.00055514515,0.072242014,0.009573948
TCAF1,0.00036258038,0.019018082,0.0001393064,0.024893265,0.008853693
TCAIM,0.0013848143,0.07002206,0.00044678702,0.013978116,0.046555996
TCAP,0.0005456996,0.03127414,0.00015987686,0.074387535,0.023743752
TCEA1,0.14225738,0.030953944,0.29950982,0.101039045,0.018450662
TCEA2,0.0013513035,0.097031705,0.00019118816,0.09361887,0.033358045
TCEAL1,0.001035583,0.071048506,0.00023469482,0.07988978,0.061687108
TCEAL2,0.00043477924,0.04344873,0.00028281708,0.074714944,0.055588264
TCEAL3,0.0022053332,0.031132197,0.00027028657,0.023442874,0.050460953
TCEAL4,0.00035521504,0.01615138,0.00036060586,0.018814605,0.025897807
TCEAL5,0.00032731832,0.005992528,0.00038124504,0.029844232,0.008937727
TCEAL8,0.00037773012,0.005949078,0.0005562946,0.011547842,0.017701143
TCEANC,0.0005405982,0.060108572,0.00015345642,0.1573372,0.025406577
TCEANC2,0.0006075088,0.019862445,0.00038229302,0.015479423,0.03217916
TCERG1,0.55071664,0.4797821,0.5223899,0.108314544,0.55034465
TCF12,0.000543835,0.103353836,0.00014667654,0.18075153,0.040833615
TCF15,0.00041128858,0.017127087,0.00017239526,0.013978116,0.0324578
TCF19,0.0003556396,0.0635186,0.00022131107,0.02852346,0.03891375
TCF20,0.075405605,0.014004587,0.12397121,0.07408061,0.007436981
TCF21,0.00092414604,0.0399379,0.0001282671,0.024526373,0.025665514
TCF23,0.00068664405,0.008305667,0.0006563018,0.008382098,0.012389916
TCF25,0.021036444,0.0058439733,0.093128115,0.021028263,0.006484407
TCF3,0.00032334428,0.042562243,0.0006320532,0.1468886,0.05530658
TCF4,0.041203488,0.014933065,0.3046487,0.23131253,0.0076239225
TCF7,0.0018211951,0.044026736,0.00012918228,0.06586782,0.08298774
TCF7L1,0.00038184228,0.00931282,0.00014361,0.06389214,0.008438375
TCF7L2,0.0013152324,0.092952,0.00020976046,0.109995514,0.12593232
TCFL5,0.00063559,0.04542812,0.00014243185,0.08447518,0.024112592
TCHP,0.0003974188,0.014880933,7.929101e-05,0.08734049,0.021161035
TCIRG1,0.0005170933,0.01894383,0.0002180559,0.018586725,0.022496367
TCL1A,0.0007805612,0.054167315,0.00019252521,0.03788283,0.024647184
TCL1B,0.0003647173,0.017109934,0.0001666701,0.035091348,0.053023763
TCN1,0.000941564,0.017958043,0.00023802121,0.010057129,0.030982992
TCN2,0.00036651513,0.0060161264,0.00011038705,0.034017965,0.009342495
TCOF1,0.7413778,0.5988219,0.32429636,0.093020104,0.5631689
TCP1,0.0011357864,0.1892308,0.00011021015,0.11206399,0.12630089
TCP10L,0.00073668925,0.015164454,0.0003011591,0.06378468,0.012989581
TCP11,0.0004660493,0.030633073,0.0002508015,0.014542438,0.02990707
TCP11L1,0.00089168554,0.15154096,0.00015797114,0.037358787,0.101309784
TCP11L2,0.00027742118,0.0015223448,0.00046149633,0.017034966,0.005310719
TCTA,0.0014295622,0.035971027,0.00017504366,0.04225217,0.020309296
TCTN1,0.0021115488,0.01035172,0.005820597,0.01804367,0.014601633
TCTN2,0.0007446865,0.012375419,0.00032958697,0.023442874,0.041841578
TCTN3,0.00143523,0.014136509,0.0013206796,0.01804367,0.021487243
TDG,0.12435674,0.03819765,0.38919565,0.08874632,0.010243166
TDO2,0.0008331025,0.014746831,0.00019010039,0.04671363,0.011919059
TDP1,0.37428138,0.2954874,0.33492193,0.16080892,0.14523472
TDP2,0.0030037703,0.092237495,0.00054293947,0.062465277,0.09411231
TDRD1,0.0010042456,0.012489106,0.0007658278,0.022075247,0.05308774
TDRD10,0.006043769,0.020362394,0.0065329545,0.01804367,0.057109185
TDRD3,0.0015709245,0.0069446373,0.0011045603,0.01146169,0.027251847
TDRD6,0.0007539429,0.024479011,0.00021476463,0.029750155,0.031218315
TDRD7,0.00038005933,0.042411216,0.00034638483,0.073245294,0.02206898
TDRD9,0.0005547418,0.005505902,9.4873e-05,0.023442874,0.008546646
TDRKH,0.00051095174,0.016084459,0.0005060956,0.008678562,0.045721617
TEAD1,0.21923412,0.11902268,0.28173944,0.049455445,0.10754972
TEAD2,0.43257716,0.087224245,0.38732776,0.079073355,0.15480734
TEAD3,0.0015692905,0.11890337,0.00013176564,0.033206817,0.057836406
TEAD4,0.0005089949,0.027514547,0.00018848125,0.06333093,0.030666437
TEC,0.0009781474,0.067797326,0.00016794441,0.045395914,0.06324425
TECPR1,0.00036211524,0.015926095,0.00028466855,0.04857986,0.020569665
TECPR2,0.00065443834,0.01925106,7.5970514e-05,0.017497912,0.024177795
TECR,0.00029447777,0.013999104,0.00011771675,0.10444256,0.016205586
TECTA,0.002321322,0.007072978,0.0011728515,0.01804367,0.016300995
TEDC1,0.055245597,0.11037494,0.0628893,0.01804367,0.07690283
TEDC2,0.01775204,0.09948081,0.0628893,0.01804367,0.16826165
TEF,0.015077046,0.010981622,0.06705181,0.014208768,0.0141568985
TEFM,0.000511149,0.018238967,0.0001816653,0.04223064,0.026961917
TEK,0.00021164004,0.017917924,0.00014932948,0.0738733,0.018117195
TEKT1,0.0015140531,0.084915996,0.00012684125,0.015190767,0.07063498
TEKT3,0.00074112904,0.0053091776,0.00025141728,0.040680893,0.010701686
TEKT4,0.00036926704,0.030607194,0.00026390224,0.09157356,0.024993459
TEKT5,0.0014049916,0.019419475,0.00015797114,0.012576047,0.034964807
TELO2,0.00040974456,0.06830701,0.00011771675,0.0976515,0.07544411
TENM1,0.001372606,0.038850594,0.00024372013,0.009077163,0.07148138
TENM4,0.00237194,0.030802602,0.00011687186,0.008382098,0.0596409
TENT2,0.050600585,0.038764223,0.0628893,0.01804367,0.079653665
TENT4B,0.029323054,0.026254186,0.0628893,0.01804367,0.07924017
TENT5A,0.0033583925,0.009512408,0.0628893,0.01804367,0.037243318
TENT5B,0.0033260582,0.013437032,0.0628893,0.01804367,0.026130335
TENT5C,0.013457047,0.014211292,0.0628893,0.01804367,0.02415043
TENT5C,0.013457047,0.014211292,0.0628893,0.01804367,0.02415043
TEP1,0.0031723692,0.030571802,0.00046535718,0.020978805,0.064372115
TEPSIN,0.010510865,0.0020352276,0.0628893,0.01804367,0.008423437
TERF2,0.17554611,0.11603481,0.35249978,0.32319316,0.15283488
TERF2IP,0.1847076,0.049375925,0.29977044,0.21091717,0.023669126
TERT,0.0005785906,0.013137192,0.00029569087,0.2364165,0.003953101
TES,0.00036264106,0.02240061,0.0001555583,0.03241387,0.028312506
TESC,0.0010392853,0.038673807,0.0002231145,0.04512852,0.025649713
TESK1,0.0003155091,0.014073839,0.0003342365,0.015476917,0.012854554
TESK2,0.0013484785,0.04589033,0.00020034806,0.029632905,0.025048736
TESMIN,0.008993096,0.0044973805,0.0628893,0.01804367,0.017082779
TESPA1,0.0015883197,0.036137152,0.00012271927,0.023442874,0.03729754
TET1,0.0010158225,0.007246743,0.00013463052,0.013978116,0.025329415
TET2,0.0007084311,0.037120257,0.000106222025,0.016635949,0.044399273
TET3,0.0009498961,0.023109654,0.00015516365,0.017034966,0.03647536
TEX10,0.5349423,0.096399225,0.25579435,0.17478974,0.114513405
TEX11,0.001590533,0.18396498,0.00014891515,0.074941576,0.05125718
TEX12,0.00391132,0.02493964,0.00054742186,0.01804367,0.030151581
TEX14,0.0006969324,0.010691392,0.00059972476,0.014942881,0.02678931
TEX15,0.008725598,0.034533616,0.0010921645,0.01804367,0.046128575
TEX2,0.00033441055,0.0021253696,0.0004151333,0.017034966,0.01033693
TEX261,0.0044469903,0.009674843,0.0049290806,0.01804367,0.01041739
TEX264,0.00057752396,0.013877925,0.00020918026,0.024346383,0.02401022
TEX30,0.0005912878,0.012602607,0.00024372153,0.023442874,0.035713717
TF,0.00073244964,0.043319967,0.00035653732,0.05930402,0.029987466
TFAM,0.0031489686,0.11150871,0.00025817472,0.016506325,0.14899334
TFAP2A,0.00017584144,0.02437975,0.0002612755,0.06211696,0.016839663
TFAP2B,0.23849262,0.06395179,0.24543859,0.08031579,0.1024131
TFAP2C,0.0007234276,0.054803014,0.00014149201,0.035938375,0.042562574
TFAP2E,0.0012562046,0.016544417,0.00096278574,0.023442874,0.019290822
TFAP4,0.0019055823,0.046513237,0.00039594964,0.031780463,0.060440935
TFB1M,0.14417103,0.09166526,0.0821343,0.03035653,0.11171148
TFB2M,0.12948883,0.0134854615,0.09778384,0.04785222,0.04962596
TFCP2,0.19926295,0.05898141,0.45003957,0.10260472,0.051239748
TFCP2L1,0.087029435,0.026186645,0.14692476,0.04029104,0.04898695
TFDP1,0.43611887,0.1175884,0.41345066,0.06339584,0.23448634
TFDP2,0.00059982564,0.04771769,0.00034380093,0.032431174,0.021362675
TFDP3,0.000615821,0.018000007,0.00015217082,0.09978102,0.04964849
TFE3,0.0007669335,0.041771688,0.00016214504,0.08678547,0.024976488
TFEB,0.0007372493,0.032878216,0.00036907996,0.026669279,0.04285478
TFEC,0.000697423,0.01876108,0.00043264733,0.049515102,0.03419229
TFF1,0.0007663158,0.055113304,0.000101269,0.009493405,0.07647649
TFF2,0.0009817549,0.01191998,0.0004149804,0.0147195235,0.03664734
TFF3,0.0007815404,0.017943157,0.00027659241,0.04029104,0.015305141
TFG,0.0006756525,0.08338357,0.00012156715,0.21902558,0.030190963
TFIP11,0.00041460217,0.034989025,0.00018122514,0.21635228,0.02415204
TFPI,0.0008746385,0.031235924,0.0004885072,0.02475442,0.039602887
TFPI2,0.00043783788,0.009124461,0.0002768119,0.021179933,0.01603989
TFPT,0.00047863455,0.028668294,0.00013464272,0.05210176,0.023218667
TFRC,0.00041116864,0.05371556,0.00022459083,0.048051927,0.06836763
TG,0.0008162958,0.035793018,0.00021623871,0.008154752,0.028577048
TGDS,0.0010184142,0.019147392,0.0009052093,0.10439912,0.047276005
TGFA,0.00039923977,0.011865106,0.00013596643,0.06477403,0.008853956
TGFB1,0.00067156286,0.12799416,4.4516393e-05,0.10456388,0.04328853
TGFB1I1,0.00045334906,0.04760244,0.00014831287,0.061974805,0.041948285
TGFB2,0.0012540097,0.075530164,9.452543e-05,0.029531958,0.050573736
TGFB3,0.0010017195,0.03909811,0.00012214266,0.0074293925,0.06198865
TGFBI,0.00034646213,0.04038711,0.00046885604,0.021743597,0.015942715
TGFBR1,0.4070005,0.15358269,0.3396558,0.049990743,0.1142034
TGFBR2,0.0006932083,0.07412064,0.00011507692,0.09256687,0.032300543
TGFBR3,0.0016269038,0.0631098,0.00015652813,0.01398855,0.1013435
TGFBR3L,0.0028571005,0.010462681,0.0054704677,0.01804367,0.04308142
TGFBRAP1,0.0006639545,0.035701953,0.00016131598,0.029799249,0.027679984
TGIF1,0.0019079009,0.25977722,0.00011936194,0.102323145,0.16032001
TGIF2,0.4668568,0.11980278,0.48738334,0.44867486,0.14448822
TGM1,0.00036399133,0.0146929715,0.00034005582,0.028124522,0.01488319
TGM2,0.00029673605,0.02426068,0.0002503309,0.03984609,0.023977146
TGM3,0.00071371475,0.0055570905,0.00013332412,0.024222368,0.012732817
TGM5,0.0006690038,0.011241551,0.00053528155,0.023442874,0.015477169
TGM7,0.0017419412,0.015357119,0.00067632063,0.01804367,0.06068352
TGOLN2,0.00021999322,0.024169426,0.00030026777,0.0604383,0.012687699
TGS1,0.00072156586,0.13821699,9.591126e-05,0.0389452,0.17745624
TH,0.00018835622,0.013937847,0.00032824674,0.12110213,0.004922128
THADA,0.0010598535,0.020130344,0.00062456046,0.05802234,0.05632286
THAP1,0.07631698,0.07019413,0.22035912,0.051703908,0.1053046
THAP10,0.1478638,0.021144403,0.17985262,0.051119443,0.019445483
THAP11,0.00023635094,0.04605653,0.00021651555,0.09540412,0.08247882
THAP3,0.00020611369,0.013620913,0.00017354397,0.050619364,0.019705638
THAP4,0.00036444704,0.0064252373,0.00014924351,0.04164072,0.007751021
THAP5,0.00034057087,0.019970583,0.00022617416,0.058156848,0.02607574
THAP6,0.0014979158,0.019012736,0.00063846447,0.04029104,0.02139807
THAP7,0.00050436624,0.08225582,0.00034997286,0.16162531,0.03837896
THAP8,0.00030761812,0.012226899,0.00025141728,0.022454023,0.014601461
THAP9,0.003595341,0.01450264,0.0015759831,0.01804367,0.03640327
THBD,0.21074139,0.009113151,0.20492788,0.00826266,0.014428867
THBS1,0.001168296,0.12816787,0.00021117018,0.05159732,0.0660294
THBS2,0.00028492676,0.009339994,0.00015736888,0.00826266,0.010948744
THEM4,0.0005584555,0.011946135,0.00014327941,0.021941544,0.017310329
THEM6,0.00018604864,0.004719169,0.0001890538,0.06389214,0.0042470847
THG1L,0.13762122,0.070217505,0.074074514,0.039203223,0.090729624
THNSL2,0.00052539026,0.007095753,0.00026958375,0.09978102,0.010807024
THOC1,0.08211876,0.04024657,0.3254003,0.06333093,0.04710277
THOC2,0.11500268,0.03274129,0.112580486,0.10690647,0.08998522
THOC2,0.11500268,0.03274129,0.112580486,0.10690647,0.08998522
THOC3,0.0005373422,0.03979679,0.00018687733,0.02735076,0.04163123
THOC5,0.0009737436,0.10792137,0.00022172462,0.04872399,0.14546098
THOC6,0.00045943618,0.035246912,0.00013179543,0.046035986,0.04957809
THOC7,0.07523665,0.09729757,0.12352035,0.054186556,0.104554705
THOP1,0.0011906255,0.0514434,0.00011659647,0.027604321,0.06361662
THPO,0.0004961175,0.01593187,0.00023309185,0.03035653,0.008528494
THRA,0.065118015,0.036028616,0.15472573,0.08972119,0.016166868
THRAP3,0.0010349088,0.1121662,0.0001394704,0.091496445,0.053836893
THRB,0.0008381319,0.033762857,0.00029876374,0.3067131,0.011965512
THSD7A,0.00019201153,0.006322613,0.00045628153,0.022149315,0.017194517
THTPA,0.00035987658,0.0052292757,0.00035981965,0.023442874,0.013590208
THUMPD1,0.0010462581,0.03963892,0.00068569946,0.023442874,0.08502692
THUMPD2,0.0008216673,0.02286988,0.00016696787,0.023442874,0.027950972
THY1,0.00031737986,0.012770438,0.00012531852,0.027358834,0.009304051
THYN1,0.00034097242,0.044123974,7.122599e-05,0.008678562,0.0787945
TIA1,0.00068510603,0.117646135,0.00018687733,0.09049339,0.080568194
TIAL1,0.000393099,0.053751662,0.00015434247,0.10384995,0.043080594
TIAM1,0.00033341322,0.009246724,8.397602e-05,0.06761598,0.0056246216
TIAM2,0.00033660542,0.014330428,0.00012346932,0.070112325,0.01418485
TICAM1,0.00071974867,0.044837028,0.0001326968,0.052127387,0.026845573
TICAM2,0.0006670099,0.03253566,0.000497231,0.04469474,0.02745474
TICRR,0.0070872447,0.19726214,0.00028955343,0.19910598,0.31978148
TIE1,0.0005651278,0.013945701,0.00031569775,0.022658447,0.039101906
TIFA,0.0003359429,0.05285912,0.000160542,0.058897913,0.016889907
TIGAR,0.00093917985,0.041019175,0.0002188553,0.011777043,0.060797382
TIGD1,0.00068346557,0.021333985,0.00062546827,0.017034966,0.050301448
TIGD2,0.0016758562,0.010802097,0.003880987,0.01804367,0.025702529
TIGD3,0.003351884,0.008295571,0.0020360257,0.01804367,0.027613577
TIGD4,0.0006659368,0.0050572194,0.00019336173,0.013284302,0.014833327
TIGD5,0.00023732056,0.0104472255,0.00013951962,0.058156848,0.008850257
TIGD7,0.0012622379,0.023352869,0.0002466525,0.012576047,0.074961014
TIGIT,0.00042459063,0.012497595,0.00019686716,0.019282114,0.011858053
TIMELESS,0.19725199,0.061416186,0.3483591,0.2625016,0.062739156
TIMM10,0.0017978017,0.0374189,0.00014142955,0.054054487,0.10533214
TIMM13,0.00071876333,0.15427987,0.0003035398,0.084160276,0.044223584
TIMM17A,0.0004595978,0.037812967,0.00010320492,0.030235812,0.032208893
TIMM17B,0.0010873086,0.035055008,0.0003070784,0.04164072,0.024434727
TIMM22,0.64750314,0.49163324,0.36579347,0.023079565,0.45030642
TIMM23,0.00095904485,0.045762163,8.6400476e-05,0.02504491,0.15123153
TIMM44,0.00020824098,0.06684238,0.000303041,0.022906292,0.11211261
TIMM50,0.0017269365,0.14864728,0.00016637683,0.08255779,0.10186995
TIMM8A,0.064926825,0.13039841,0.07250974,0.042823866,0.13514489
TIMM8B,0.00028849998,0.013667175,0.00041858852,0.06419186,0.03547176
TIMM9,0.34042636,0.09150006,0.47306606,0.0234089,0.08906184
TIMMDC1,0.00031463377,0.022031695,0.0005257973,0.030808024,0.036020022
TIMP1,0.00038688004,0.016277721,0.00015343711,0.06295411,0.0075733447
TIMP2,0.00066560716,0.08927571,0.0007413596,0.051123098,0.043553945
TIMP3,0.0010399504,0.02871566,0.00090285303,0.007924187,0.026184874
TIMP4,0.00021587449,0.0025853417,0.00014831287,0.01805446,0.022937773
TINAGL1,0.00036909,0.029203225,0.00015947856,0.09876075,0.010626625
TINF2,0.0038317174,0.053652577,0.004692948,0.03984609,0.029468182
TIPARP,0.366183,0.30178595,0.1676486,0.022679733,0.14779997
TIPIN,0.28466338,0.17961515,0.056315534,0.051952936,0.16460174
TIPRL,0.0017794524,0.07698562,0.00061515137,0.031919457,0.10239373
TIRAP,0.0003837287,0.023862926,0.0003726082,0.0756093,0.020990407
TJAP1,0.00067613437,0.007896869,0.00015797114,0.020270698,0.0232895
TJP1,0.29402015,0.05171144,0.15580419,0.06099341,0.038531378
TJP2,0.21452735,0.031883087,0.2836216,0.03696163,0.02040143
TJP3,0.0853528,0.019766655,0.08780484,0.03709638,0.03656771
TK1,0.6310304,0.6584268,0.46948758,0.43685526,0.4218241
TK2,0.003120038,0.01919991,0.0077580404,0.01804367,0.06367687
TKFC,0.0008251038,0.010558352,0.00022681661,0.06389214,0.01057627
TKT,0.30224022,0.21961583,0.43255222,0.12688842,0.103035174
TKTL1,0.002230991,0.007904666,0.0013757003,0.01804367,0.01720027
TKTL2,0.0003277308,0.0045821522,0.00026312793,0.020951219,0.0125272125
TLCD1,0.0013170425,0.019658588,0.0005588924,0.009380428,0.03722482
TLCD2,0.0016241767,0.0031136496,0.005367006,0.01804367,0.014644529
TLCD5,0.007090259,0.009806946,0.0628893,0.01804367,0.012271137
TLE1,0.5870443,0.31933436,0.4959266,0.14214434,0.1596256
TLE2,0.00028239487,0.013486902,0.00018561435,0.046836674,0.0091992775
TLE3,0.0008748839,0.006240712,0.00019338347,0.042708002,0.032414593
TLE4,0.00070644333,0.08251316,0.00019608316,0.024057718,0.04961023
TLE6,0.00084137986,0.004861988,0.0018901315,0.020270698,0.009166318
TLK1,0.068828166,0.022449119,0.40105724,0.04675126,0.026243325
TLK2,0.24773921,0.17564696,0.25587872,0.13136064,0.13924503
TLL1,0.0017088611,0.051217865,7.2402494e-05,0.014542438,0.06899954
TLL2,0.0013856699,0.002800675,0.0013757003,0.01804367,0.009800729
TLN1,0.0003690483,0.022124758,0.00030806276,0.039901003,0.047903076
TLN2,0.0004759725,0.04701903,0.00016960972,0.06378468,0.05168238
TLNRD1,0.015189213,0.016181944,0.0628893,0.01804367,0.02284766
TLR1,0.00038075872,0.022098625,8.859948e-05,0.028726876,0.012174917
TLR10,0.00044925098,0.055558957,7.929101e-05,0.05307372,0.036014516
TLR2,0.00071584206,0.054502737,0.00020074446,0.058528095,0.019972557
TLR3,0.0009514735,0.006831537,0.00012214266,0.021114236,0.013771823
TLR4,0.0014730043,0.18983532,8.797731e-05,0.051248856,0.121593624
TLR5,0.0013049963,0.04247127,0.0005244426,0.013633437,0.033880383
TLR6,0.0010396998,0.02113901,0.00017600517,0.009690155,0.045051295
TLR7,0.0012892068,0.013038438,0.0007225736,0.012576047,0.02368625
TLR8,0.00012886904,0.005159454,0.00048067418,0.026245482,0.004031842
TLR9,0.0006572182,0.022736847,0.00014475577,0.019015078,0.016504738
TLX1,0.00039513403,0.037437603,0.00015827481,0.025724497,0.018220622
TLX2,0.00052832125,0.028773157,0.00017629859,0.08972444,0.01790161
TLX3,0.0006075036,0.024974626,0.00015233066,0.04792855,0.015091144
TM2D1,0.0007657157,0.022440525,0.00017825872,0.013998775,0.059655584
TM2D2,0.0011725611,0.030882165,0.0014963804,0.012661081,0.07445544
TM4SF1,0.00074446265,0.038288776,0.00010289302,0.024128672,0.024273392
TM4SF18,0.0026052461,0.011167953,0.0045364955,0.01804367,0.030809566
TM4SF4,0.0006920238,0.007086309,0.0002176637,0.011959312,0.010363907
TM7SF2,0.00026582903,0.00764962,0.00015416715,0.020951219,0.027104238
TM7SF3,0.0003322813,0.010360816,0.00020700155,0.023442874,0.019234866
TM9SF1,0.0005135694,0.02183186,6.5457396e-05,0.010767184,0.024891227
TM9SF2,0.0011215749,0.028833188,0.00013460677,0.07357072,0.06702118
TM9SF3,0.00051865535,0.01754257,0.00025313924,0.023442874,0.045617674
TM9SF4,0.00082717574,0.012821806,0.00015797114,0.009380428,0.057783347
TMA16,0.0017409314,0.09982255,0.00026416456,0.024358278,0.067242794
TMA7,0.0002863606,0.010545324,0.0003044327,0.013998775,0.012673193
TMBIM1,0.0008388242,0.02854275,0.00010404254,0.06621818,0.025838653
TMBIM4,0.0002795207,0.015555875,0.00015345642,0.06394498,0.009126512
TMBIM6,0.0004885722,0.010535163,0.00042016103,0.039135396,0.008529454
TMC1,0.00043527523,0.020074531,0.00026169582,0.009077163,0.0500012
TMC2,0.0022177557,0.014698239,0.0011743037,0.01804367,0.05594545
TMC4,0.00465705,0.0047581773,0.02086595,0.01804367,0.013555676
TMC5,0.0012465905,0.025295371,0.00028601053,0.010057129,0.013122618
TMCC1,0.0012311736,0.018035052,0.00040863015,0.023442874,0.07293104
TMCC2,0.00048815532,0.027903808,0.0002973886,0.15605916,0.011344576
TMCO1,0.0006583767,0.042974472,0.00011992027,0.011245472,0.035000578
TMCO2,0.002268889,0.018347833,0.0008231056,0.01804367,0.009633803
TMCO3,0.00043659398,0.012901573,5.4731005e-05,0.04225217,0.025955955
TMCO4,0.0010231131,0.004902883,0.020962665,0.01804367,0.011369537
TMCO6,0.0001238874,0.023362402,0.00020090223,0.020951219,0.030182427
TMED1,0.0007614724,0.03456672,0.00025658996,0.030818716,0.029014496
TMED10,0.034441367,0.01972802,0.32575262,0.058757395,0.008915794
TMED2,0.10258422,0.046756126,0.16078839,0.03696163,0.080141425
TMED3,0.00029667298,0.006403852,9.2715694e-05,0.050619364,0.008055676
TMED4,0.00026995025,0.0036416415,0.00019336173,0.023442874,0.008676236
TMED5,0.00032150824,0.017676627,0.00019057226,0.023442874,0.024867808
TMED7,0.00046772935,0.00420653,0.00023016105,0.04624848,0.017214471
TMED8,0.17225763,0.01145772,0.3422204,0.023442874,0.009880187
TMED9,0.00015607222,0.013373482,0.00015272552,0.024358278,0.008291708
TMEFF1,0.11996421,0.026366776,0.23163682,0.020951219,0.024084125
TMEM100,0.00064779946,0.0370466,0.00010624634,0.080213815,0.038923025
TMEM101,0.00026537117,0.013330302,0.00017354397,0.022973275,0.02554879
TMEM106A,0.0013115217,0.024166621,0.0005936632,0.017267942,0.028656598
TMEM106B,0.0006091676,0.011977971,0.00020167282,0.023442874,0.03433032
TMEM106C,0.0010372042,0.053259727,0.00010117459,0.042580854,0.020063635
TMEM107,0.0007587051,0.0151782455,0.0001301591,0.020931523,0.04536358
TMEM108,0.00036149874,0.008778121,0.00020478634,0.02678978,0.012927061
TMEM109,0.18915245,0.011216249,0.10262648,0.013913607,0.017774902
TMEM11,0.00035013136,0.017521933,0.00024101141,0.020164741,0.01370078
TMEM115,0.0008496766,0.018578582,0.00018053579,0.018664645,0.021657819
TMEM116,0.013893047,0.010793259,0.0036003857,0.01804367,0.04875669
TMEM117,0.004392155,0.030431492,0.0059523387,0.01804367,0.058795672
TMEM120A,0.00054205605,0.013256188,0.00023568797,0.011777043,0.05032008
TMEM120B,0.003064942,0.017329596,0.00041444827,0.022973275,0.043206144
TMEM121,0.004069042,0.012655032,0.0013508738,0.01804367,0.014387035
TMEM123,0.00021034025,0.013069321,0.00027111144,0.017267942,0.013568115
TMEM125,0.0019130445,0.013702966,0.0027829527,0.01804367,0.025095154
TMEM126B,0.47970957,0.21270089,0.41064554,0.06621818,0.23255774
TMEM127,0.000787281,0.004989752,0.00010289302,0.023442874,0.010789564
TMEM128,0.0017106518,0.038347207,0.0014963804,0.019621661,0.028892167
TMEM129,0.0004744609,0.009135159,0.00023264045,0.023442874,0.030410128
TMEM130,0.010161477,0.01567028,0.0057125445,0.01804367,0.07986558
TMEM131,0.00095694326,0.019834023,0.00041880007,0.04225217,0.04258686
TMEM131L,0.024235746,0.008273574,0.0628893,0.01804367,0.01854223
TMEM132A,0.0011797864,0.0138444295,0.00020700155,0.01992266,0.009691867
TMEM132D,0.00039183855,0.023559345,0.00016568326,0.016212763,0.05921878
TMEM132E,0.008028044,0.0071895556,0.02086595,0.01804367,0.023376735
TMEM134,0.004123183,0.021055935,0.0011057752,0.01804367,0.029671686
TMEM135,0.1753629,0.096510865,0.07152615,0.033206817,0.11312848
TMEM138,0.0020768682,0.016034931,0.0008231056,0.01804367,0.03572124
TMEM140,0.0010272934,0.027430411,0.00010117459,0.012576047,0.02883036
TMEM141,0.0015534488,0.005354342,0.0008231056,0.01804367,0.015922066
TMEM143,0.0024783246,0.0060240645,0.00034797803,0.020270698,0.027342355
TMEM147,0.0008269586,0.019463558,0.00022854547,0.027808517,0.03224135
TMEM14A,0.00046305402,0.009336628,0.00016771829,0.028915428,0.024696471
TMEM14B,0.0010107817,0.025619866,0.0003961641,0.077896155,0.027148576
TMEM14C,0.00026421217,0.0042465203,0.00020238594,0.034933142,0.011130774
TMEM150A,0.117989846,0.01515833,0.30052352,0.023416264,0.030698035
TMEM151A,0.0030124537,0.017220668,0.0022769147,0.01804367,0.025240578
TMEM154,0.0016820905,0.0092531955,0.008133749,0.01804367,0.013006875
TMEM156,0.003099012,0.01232826,0.004068489,0.01804367,0.03725901
TMEM158,0.0007061619,0.0025039942,0.005693031,0.01804367,0.015052354
TMEM160,0.0011977741,0.029051127,0.00022574155,0.036598153,0.018872326
TMEM161A,0.00044301106,0.0072076446,0.00044998087,0.026073754,0.032260466
TMEM161B,0.0064536617,0.011410553,0.005980353,0.01804367,0.01707127
TMEM163,0.0037816905,0.011179322,0.0011028401,0.01804367,0.027510421
TMEM164,0.00065054704,0.008190218,0.00020290937,0.023442874,0.048833564
TMEM165,0.07560843,0.023661034,0.09802427,0.032661267,0.0200667
TMEM167A,0.0012516272,0.029768666,0.00079919706,0.023442874,0.07670798
TMEM167B,0.00069339556,0.013164062,0.00015797114,0.023442874,0.029390799
TMEM168,0.0030084823,0.012660466,0.007162297,0.01804367,0.03651936
TMEM17,0.0023643204,0.030118112,0.00081582414,0.01804367,0.091928974
TMEM174,0.0010406644,0.011784538,0.0014268116,0.020270698,0.06916978
TMEM175,0.0010481143,0.0053380025,0.00028062268,0.017034966,0.007483347
TMEM176A,0.0005325787,0.014193948,0.00019082153,0.030818716,0.013226973
TMEM177,0.0025003452,0.018326055,0.0047842115,0.01804367,0.039402995
TMEM178A,0.0016147408,0.011316293,0.001480893,0.01804367,0.04198005
TMEM178B,0.0019456632,0.005912515,0.008300146,0.01804367,0.017358398
TMEM179B,0.0050658905,0.01409856,0.0059523387,0.01804367,0.017575195
TMEM18,0.00055690546,0.0056908936,0.0005936632,0.023442874,0.014820366
TMEM183A,0.00038274025,0.07645476,0.00015797114,0.012257511,0.048017368
TMEM184B,0.0005669865,0.012335746,0.00030047251,0.023442874,0.041566458
TMEM184C,0.0007273607,0.01021467,0.00028966193,0.008382098,0.02434213
TMEM185A,0.0025928111,0.0049314317,0.0038948893,0.01804367,0.019496374
TMEM185B,0.00085327815,0.012400043,0.00022700442,0.023442874,0.049427457
TMEM187,0.0005854875,0.008361241,0.0004073364,0.017275047,0.0079215
TMEM198,0.0009468213,0.004144984,0.0011028401,0.01804367,0.004633405
TMEM200B,0.002042683,0.016389376,0.0060045864,0.01804367,0.022613317
TMEM200C,0.001284343,0.004146722,0.0024747257,0.01804367,0.013664057
TMEM201,0.0005381028,0.018094193,0.00030596874,0.023442874,0.03931992
TMEM203,0.00030831367,0.0031166645,0.00011350648,0.012576047,0.014348652
TMEM205,0.00049165013,0.00983324,0.0012979895,0.023442874,0.045962006
TMEM208,0.0029220572,0.012232364,0.006154631,0.01804367,0.028720524
TMEM214,0.0012055879,0.012109401,0.0004866841,0.018289693,0.011536004
TMEM215,0.0032432186,0.004982624,0.0044614617,0.01804367,0.005954331
TMEM216,0.00044367035,0.008265717,0.00022131107,0.017267942,0.010754925
TMEM219,0.006559695,0.010287116,0.0016979186,0.01804367,0.03339618
TMEM221,0.0030051358,0.0055225147,0.00072702114,0.01804367,0.029932413
TMEM222,0.00028598408,0.0102133965,0.00016776915,0.030808024,0.009524906
TMEM223,0.00062343915,0.00566209,0.00057164935,0.023442874,0.016417978
TMEM229A,0.005704871,0.015824286,0.0021805803,0.01804367,0.03482715
TMEM230,0.0003801309,0.011741961,0.00034637313,0.027808517,0.015792415
TMEM231,0.0023554538,0.035866726,0.00015960087,0.018664645,0.053173345
TMEM234,0.00076756446,0.01570345,0.00070454495,0.011959312,0.039276622
TMEM238,0.0028227698,0.0075791352,0.003464788,0.01804367,0.017171672
TMEM239,0.00020382306,0.010822848,0.0002484979,0.014836723,0.007255795
TMEM240,0.0008800253,0.00993944,0.0008231056,0.01804367,0.013770139
TMEM243,0.0010698844,0.046762172,0.00037418798,0.020270698,0.077080004
TMEM245,0.00030204473,0.017293312,0.00016776915,0.024041327,0.051211324
TMEM248,0.57919425,0.27657095,0.46405387,0.19238068,0.091405325
TMEM25,0.000288357,0.0024827349,0.0001910493,0.021659115,0.0031287933
TMEM254,0.00018334507,0.0058542304,0.00015797114,0.027054181,0.0055708596
TMEM255A,0.0012586957,0.037598033,0.00020090223,0.024041327,0.026921604
TMEM258,0.00032782363,0.02630842,0.0001666701,0.023442874,0.092772044
TMEM259,0.059733395,0.0053046797,0.110924356,0.018289693,0.01505584
TMEM260,0.0076586273,0.014612696,0.0060033766,0.01804367,0.065159254
TMEM30A,0.0007145062,0.027534766,0.00016534567,0.017929783,0.03771468
TMEM33,0.00078729866,0.063605025,0.00016656746,0.11275657,0.04576719
TMEM35A,0.0016635987,0.0062489887,0.0628893,0.01804367,0.014273042
TMEM35B,0.006994205,0.009091298,0.0628893,0.01804367,0.018045269
TMEM37,0.0012130898,0.011395438,0.00018100081,0.036648333,0.008200629
TMEM38B,0.0007198001,0.053905502,0.001038588,0.023442874,0.054497983
TMEM39A,0.00021324489,0.01668817,7.89411e-05,0.023442874,0.04520437
TMEM39B,0.00055907323,0.018952655,0.0002402797,0.019239094,0.02365695
TMEM40,0.0020872422,0.005657043,0.0054704677,0.01804367,0.010114955
TMEM41B,0.0007054385,0.047503788,0.00023000465,0.024041327,0.041698646
TMEM42,0.002244262,0.008376765,0.0046125376,0.01804367,0.025449574
TMEM43,0.0003560618,0.013539356,0.000101930316,0.0140404245,0.017319676
TMEM44,0.00019262676,0.0019691244,0.0005588924,0.008382098,0.0056485706
TMEM45A,0.00054544554,0.020161953,0.0005588924,0.023442874,0.014910221
TMEM45B,0.00022838579,0.0057959505,0.00022617416,0.021659115,0.015427021
TMEM47,0.0011642239,0.0036256833,0.00081773684,0.01804367,0.014629419
TMEM50A,0.0016379366,0.07928701,0.00021758508,0.04225217,0.10576829
TMEM50B,0.0029530255,0.015301733,0.004900862,0.01804367,0.033521187
TMEM51,0.0006709702,0.022464959,0.0003077325,0.013314276,0.025745593
TMEM52,0.002269108,0.006788353,0.0628893,0.01804367,0.01564146
TMEM53,0.00054033677,0.005538512,0.0008316236,0.017034966,0.031529486
TMEM54,0.00023241388,0.013037781,0.00018183321,0.23082426,0.015644068
TMEM59,0.0008831329,0.01910819,0.00020548911,0.023442874,0.03828333
TMEM59L,0.00021484429,0.0022840567,0.00014414504,0.023442874,0.007836405
TMEM60,0.0020570827,0.01678349,0.008376895,0.01804367,0.04025555
TMEM62,0.00067542976,0.024145013,0.00024816787,0.016819773,0.04900267
TMEM63A,0.0004643905,0.01658001,0.00015797114,0.026245482,0.018958244
TMEM63B,0.0005871763,0.0040135705,0.00018687733,0.008678562,0.007820582
TMEM63C,0.0029942577,0.01947822,0.0022121347,0.01804367,0.040265694
TMEM64,0.0003634128,0.002047631,0.0002593958,0.023442874,0.0048896014
TMEM67,0.0017195015,0.039051436,0.00017429319,0.02111291,0.0260606
TMEM69,0.002690977,0.0036911708,0.0054704677,0.01804367,0.007920882
TMEM70,0.00044489597,0.013120165,0.00017554846,0.008678562,0.017614858
TMEM71,0.0017638877,0.008012271,0.0045080655,0.01804367,0.013031721
TMEM74,0.0002970072,0.0020208287,5.5582776e-05,0.028982447,0.0060177348
TMEM79,0.0006430605,0.02488605,0.00016975161,0.042770624,0.03452199
TMEM80,0.011639942,0.016293725,0.017032962,0.01804367,0.024446245
TMEM81,0.0023351859,0.012462916,0.0054704677,0.01804367,0.032458935
TMEM86B,0.1541631,0.01895531,0.11412111,0.020931523,0.038048327
TMEM87A,0.00032351172,0.0038617342,0.0005588924,0.024203353,0.014852746
TMEM9,0.00041251467,0.007570095,0.00017354397,0.02516947,0.008070412
TMEM91,0.0008698484,0.004651179,0.01699525,0.01804367,0.0062889187
TMEM94,0.02594763,0.006174283,0.0628893,0.01804367,0.017913226
TMEM97,0.00040636872,0.006333722,0.00042112163,0.013998775,0.009397347
TMEM98,0.0005611278,0.013835195,0.00017354397,0.06389214,0.013373438
TMEM9B,0.00083711225,0.008766724,0.00024835888,0.026462918,0.024984803
TMF1,0.0010829505,0.011763777,9.789868e-05,0.082221754,0.008582953
TMLHE,0.00031832897,0.0040324414,0.0005631142,0.044079047,0.009968797
TMOD1,0.0008325386,0.019511916,7.929101e-05,0.009173206,0.03058192
TMOD2,0.0013970854,0.052490633,0.00021004926,0.07357072,0.027691305
TMOD3,0.0007011958,0.03917795,0.0001380199,0.039986305,0.031745408
TMOD4,0.0017770038,0.014621736,0.00018526301,0.024041327,0.08429594
TMPO,0.00092157803,0.033165433,0.00023711249,0.0746194,0.042780016
TMPPE,0.012849593,0.03000662,0.020962665,0.01804367,0.07198246
TMPRSS3,0.00026561343,0.0037052932,0.0002842742,0.02678978,0.002735131
TMPRSS4,0.0008477402,0.00560801,0.00017588773,0.014566581,0.0069734408
TMPRSS5,0.001027016,0.004909059,0.0008231056,0.01804367,0.007656073
TMPRSS7,0.0022599022,0.005339932,0.0015359056,0.01804367,0.017213834
TMSB10,0.00070720946,0.015097375,6.6495806e-05,0.0252768,0.03359782
TMSB15A,0.005562252,0.010868335,0.005482635,0.01804367,0.02883245
TMSB4X,0.00024378145,0.019580608,0.00012616381,0.060808603,0.011265277
TMT1B,0.004319964,0.0016602064,0.0628893,0.01804367,0.006058553
TMTC2,0.00043203225,0.008313623,0.00063846447,0.008382098,0.034931816
TMUB1,0.0007189003,0.013537999,0.00013497307,0.013998775,0.022771753
TMUB2,0.00053515733,0.009967445,7.26864e-05,0.025101572,0.014103425
TMX1,0.00033938544,0.015993351,8.7302134e-05,0.03298475,0.029915497
TMX2,0.0014584047,0.07071962,8.9063426e-05,0.10439912,0.1206657
TMX3,0.00051139365,0.05593082,0.00022500707,0.100809485,0.038650416
TMX4,0.0005522354,0.012103715,0.00021543383,0.04624848,0.019935273
TNC,0.00037273666,0.02005045,0.00015324075,0.01770893,0.018624835
TNF,0.08458512,0.024229905,0.14439318,0.037424177,0.013022299
TNFAIP1,0.00032176523,0.055606153,0.00019778192,0.08828944,0.030010143
TNFAIP2,0.0005973624,0.02278036,7.523157e-05,0.05293957,0.03372949
TNFAIP3,0.67144704,0.43191144,0.2861855,0.26639286,0.41746613
TNFAIP6,0.0014149419,0.034174,7.589036e-05,0.08546507,0.03226002
TNFAIP8,0.00062188343,0.025639998,0.00012677802,0.014145542,0.049878493
TNFAIP8L1,0.00048172436,0.022352003,0.00029976378,0.037042066,0.033797383
TNFRSF10A,0.12663904,0.054043557,0.33102867,0.08527271,0.04884722
TNFRSF10B,0.34755644,0.16026525,0.35491443,0.097713724,0.08599517
TNFRSF10C,0.00064527895,0.008556478,0.0007856955,0.02679841,0.012420305
TNFRSF10D,0.5551887,0.5026507,0.24498077,0.0737068,0.27445439
TNFRSF11A,0.0007145583,0.023312576,0.00014052272,0.020413877,0.014901351
TNFRSF12A,0.18014006,0.020605657,0.26566455,0.043245353,0.012251503
TNFRSF13B,0.0022086,0.025107874,0.0009714674,0.040127736,0.029775154
TNFRSF13C,0.08611177,0.01055745,0.089688845,0.020437825,0.009678983
TNFRSF14,0.00035455124,0.01479173,0.00043966435,0.110423185,0.008048234
TNFRSF17,0.0013555986,0.032390494,0.00035845526,0.055504415,0.04477816
TNFRSF18,0.00040773206,0.019892192,0.0001273998,0.049156703,0.017525896
TNFRSF19,0.5309979,0.33497998,0.45324972,0.05451494,0.22873478
TNFRSF1A,0.115906194,0.050645735,0.17366843,0.2814532,0.02001442
TNFRSF1B,0.0015053843,0.06464198,0.00014770954,0.19283855,0.04538506
TNFRSF21,0.0006705661,0.0069642933,0.0001224391,0.07545655,0.007084122
TNFRSF25,0.00040691663,0.010974701,0.00020869177,0.021824399,0.01847166
TNFRSF4,0.00045108914,0.0077398806,0.00023588943,0.027329886,0.0069492254
TNFRSF6B,0.0005746607,0.023384688,0.0009975543,0.029917607,0.05314301
TNFRSF8,0.00031353274,0.0019022044,0.00015947856,0.037789285,0.0012484079
TNFRSF9,0.14398241,0.02388849,0.24975276,0.028124522,0.02253775
TNFSF10,0.11290441,0.015947293,0.22093208,0.018739676,0.09326909
TNFSF11,0.0010775955,0.1318418,0.0003494944,0.10379852,0.0274315
TNFSF12,0.0012829895,0.017946558,0.00044611184,0.014566581,0.027242748
TNFSF13,0.0010606833,0.04008656,0.00020759628,0.01307986,0.022014461
TNFSF13B,0.0008753047,0.029293451,0.00032366998,0.0234089,0.024024824
TNFSF14,0.0017860135,0.068878,0.0001649495,0.02475442,0.040225144
TNFSF15,0.00041605957,0.0059691323,0.00039606064,0.0109855905,0.010789946
TNFSF18,0.0022478814,0.019009054,0.0060028103,0.017267942,0.023173297
TNFSF4,0.0009869843,0.017125258,0.00026749354,0.04029104,0.03401717
TNFSF8,0.00057307124,0.047983743,6.14491e-05,0.04029104,0.040426306
TNFSF9,0.001384041,0.076124445,9.3051734e-05,0.03404868,0.083019264
TNIK,0.15204376,0.06047029,0.16413957,0.18594311,0.027022105
TNIP1,0.00040095093,0.053031474,8.351061e-05,0.093894556,0.04348388
TNIP2,0.0004970327,0.012147834,0.00014149201,0.06340116,0.020974593
TNIP3,0.00075872143,0.04078722,0.00012992424,0.11994186,0.018651959
TNK1,0.057889774,0.0070351004,0.06598993,0.02927176,0.01043222
TNK2,0.00041811974,0.009081188,0.00015877785,0.023508286,0.004157201
TNKS,0.00036317954,0.022520838,0.0005020136,0.07068744,0.025897758
TNKS1BP1,0.0005021768,0.048628073,0.0003577525,0.10690647,0.053536993
TNKS2,0.000496336,0.06611493,0.00035188213,0.1940097,0.031024199
TNMD,0.0022072806,0.00717394,0.0060379105,0.013978116,0.023733111
TNN,0.0009025546,0.008505925,0.0008020324,0.008382098,0.020240515
TNNC1,0.001175092,0.070536636,0.00010366691,0.13822865,0.074843936
TNNI1,0.0007259671,0.032877445,0.000114558505,0.024358278,0.029793838
TNNI2,0.000645116,0.009583656,0.0003182452,0.064583525,0.0045584133
TNNI3,0.052126244,0.010994868,0.19828069,0.03611486,0.01011599
TNNT1,0.00035623647,0.033287164,0.00040535018,0.060287282,0.013865375
TNNT2,0.0006060234,0.020577822,0.00037502294,0.052755054,0.009977699
TNNT3,0.026295608,0.010966499,0.13904196,0.03830263,0.010303447
TNP1,0.00028612016,0.018399224,0.00016560698,0.030833114,0.019594321
TNP2,0.0007088282,0.026866738,0.00039158404,0.027684532,0.039593518
TNPO1,0.00015288491,0.054947153,0.00015423552,0.03984609,0.06382745
TNPO2,0.00096373423,0.06194282,0.000135905,0.08752702,0.04226684
TNPO3,0.0022599848,0.073721565,0.00027741614,0.014107352,0.14361571
TNR,0.00037265776,0.03027063,0.00018603781,0.028070098,0.018420843
TNRC18,0.0009349515,0.010177284,0.000135905,0.01627669,0.023993645
TNRC6A,0.0005549962,0.03064386,0.00015348189,0.024358278,0.025686396
TNRC6B,0.00038234532,0.03347417,0.00012907381,0.120051116,0.02041911
TNRC6C,0.20452458,0.07613347,0.2201476,0.031371307,0.056414496
TNS1,0.10401798,0.044771645,0.06956311,0.029799249,0.0586023
TNS2,0.000886414,0.009580963,8.290852e-05,0.09902337,0.010167378
TNS3,0.0013980157,0.031817317,0.00011726871,0.01878011,0.051935844
TNS4,0.0006687938,0.016666548,0.00020918026,0.0123439105,0.069793195
TNXB,0.072515674,0.0056061195,0.14994729,0.021659115,0.016451392
TOB1,0.0853248,0.04033373,0.2817521,0.030482452,0.0154211065
TOB2,0.00038705507,0.012310396,0.00013145116,0.036356807,0.014136715
TOE1,0.000987815,0.10239651,0.00012256409,0.05400348,0.039929487
TOGARAM1,0.008631042,0.017591752,0.0628893,0.01804367,0.0322608
TOLLIP,0.00041920328,0.02101923,0.0002912784,0.10233982,0.009026922
TOM1,0.00096274033,0.15597436,0.000207784,0.09711622,0.23853375
TOM1L1,0.16409262,0.068142116,0.1915294,0.12585394,0.034414746
TOM1L2,0.0006387009,0.03596815,0.00040559605,0.015111009,0.040891863
TOMM20,0.14428978,0.17847925,0.25024474,0.08828944,0.18343644
TOMM20L,0.0015963742,0.009331301,0.0014517322,0.01804367,0.0583629
TOMM22,0.0013323335,0.19450031,0.0001727222,0.027358834,0.15064868
TOMM34,0.0851006,0.030684479,0.07597779,0.08261023,0.023797559
TOMM40,0.078209884,0.03534355,0.2410938,0.021026954,0.041956652
TOMM40L,0.0005820534,0.0058631646,0.00073789357,0.013284302,0.01395323
TOMM5,0.00067303306,0.014434096,4.6176247e-05,0.013998775,0.019807043
TOMM70,0.02179166,0.014294486,0.0628893,0.01804367,0.032952078
TONSL,0.00070977525,0.53427,0.00015290198,0.04164072,0.20730475
TOP1,0.5921208,0.5522475,0.6181312,0.31401303,0.39062014
TOP1MT,0.064374,0.011930313,0.18966119,0.023442874,0.022452343
TOP2A,0.82546484,0.85376835,0.5321579,0.30429563,0.6743113
TOP2B,0.00031560927,0.0360712,0.00041882062,0.151354,0.02502655
TOP3A,0.14926292,0.07145411,0.39704683,0.14174908,0.072996855
TOP3B,0.00045592093,0.09577552,0.0006918632,0.04897601,0.022847384
TOPAZ1,0.0014128395,0.011093498,0.0035103506,0.01804367,0.041738193
TOPBP1,0.07083438,0.09275401,0.29335523,0.27273908,0.07324115
TOPORS,0.0007605036,0.07741021,0.0006215756,0.1353808,0.022358615
TOR1A,0.00095334376,0.0438933,0.00015028699,0.02113287,0.049173877
TOR1AIP1,0.00047235077,0.03723771,0.00019703504,0.027190577,0.048661757
TOR1AIP2,0.00063504267,0.020262375,0.00029099526,0.02475442,0.041920036
TOR1B,0.0010120856,0.014520996,0.00013545554,0.03158699,0.019304357
TOR2A,0.0005705726,0.010826029,0.0008231056,0.01804367,0.018706763
TOR3A,0.00029740928,0.011279749,8.662346e-05,0.021392673,0.01256925
TOR4A,0.00075512496,0.030676061,0.00096422323,0.020175396,0.057154786
TOX,0.0222862,0.047541894,0.005558152,0.01804367,0.2759698
TOX2,0.09548026,0.012581827,0.077219635,0.015479423,0.019155627
TOX4,0.00096605084,0.09060137,0.00026311763,0.04344712,0.116487905
TP53,0.9185928,0.9542964,0.66243577,0.54829013,0.9862113
TP53BP1,0.20223868,0.24660295,0.517214,0.3102236,0.18606937
TP53BP2,0.000967684,0.09043779,0.00023752611,0.086200684,0.04395826
TP53I11,0.0014066321,0.019053832,0.00046149633,0.026462918,0.06692749
TP53I13,0.0006873479,0.0045842296,0.005980353,0.01804367,0.010077653
TP53I3,0.026742846,0.0084237885,0.11841685,0.046464518,0.003288522
TP53INP1,0.00028936827,0.0045219064,0.00016909058,0.011834292,0.0216609
TP53INP2,0.00050385186,0.011101903,0.00050767866,0.022973275,0.046565033
TP53RK,0.0011215348,0.07819638,0.0005060643,0.035938375,0.12776841
TP53TG5,0.0005956429,0.010618633,0.00044678702,0.017034966,0.024234299
TP63,0.0011088137,0.29460195,0.000109133296,0.21963173,0.18006575
TP73,0.19632308,0.219585,0.07255755,0.16081513,0.028811652
TPBG,0.0012743779,0.011516451,0.0003280897,0.018289693,0.018139182
TPBGL,0.005211234,0.0063513773,0.0062805414,0.01804367,0.028672555
TPCN1,0.16302867,0.017601429,0.17252763,0.018257927,0.024512688
TPCN2,0.0016479775,0.024274576,0.00017627288,0.018257927,0.07511525
TPD52,0.00012866006,0.008566767,0.00013368082,0.044457573,0.011611254
TPD52L1,0.00052417273,0.0427001,0.00010969817,0.10039487,0.045758113
TPD52L2,0.00044655157,0.008616224,0.0001537775,0.02352963,0.011549257
TPD52L3,0.0007364005,0.023038229,0.0011215974,0.05451494,0.020176008
TPGS2,0.00081505446,0.013128002,0.00017825872,0.024041327,0.027913718
TPH1,0.19338791,0.034897264,0.12121791,0.024950339,0.047713637
TPH1,0.19338791,0.034897264,0.12121791,0.024950339,0.047713637
TPH2,0.0021454021,0.00842312,0.0029839224,0.01804367,0.019478079
TPI1,0.0010430908,0.032109257,0.00010207923,0.10396442,0.050146636
TPK1,0.006447788,0.025227094,0.006817465,0.01804367,0.060120318
TPM1,0.1698573,0.057584412,0.25127053,0.063566156,0.04285815
TPM2,0.00014563632,0.0063182106,0.00016135414,0.12788579,0.0045621363
TPM3,0.0003646547,0.026755303,0.00046847583,0.18742114,0.009393393
TPM4,0.0003122295,0.027228057,0.00010927982,0.10202928,0.021653965
TPMT,0.00091888144,0.0313823,0.00035390235,0.013998775,0.047887743
TPO,0.00028459635,0.008167621,0.00071523245,0.009077163,0.0083900485
TPP1,0.0010465587,0.029846702,0.00015461484,0.03404868,0.090516426
TPP2,0.17850038,0.020680036,0.050802737,0.04857986,0.037410595
TPPP,0.0003300457,0.017703988,0.00036798787,0.011245472,0.035845455
TPPP2,0.009348671,0.033821948,0.0045842165,0.01804367,0.06622926
TPPP3,0.0011580907,0.018591762,0.00030074248,0.024041327,0.030040279
TPR,0.00038815697,0.027320635,0.00013165487,0.08816518,0.052129637
TPRA1,0.0015939578,0.004050668,0.00055072235,0.01804367,0.008586131
TPRG1L,0.00046960366,0.021979526,0.00033725394,0.023629848,0.013881052
TPRKB,0.0010860928,0.07066197,0.0001900821,0.1339192,0.053694323
TPRN,0.0003410285,0.0140790995,0.00013951962,0.011777043,0.017219596
TPST1,0.0013058305,0.01071162,0.00022773152,0.009530602,0.015238007
TPST2,5.788556e-05,0.0017715025,6.2215215e-05,0.02081765,0.0050792126
TPT1,0.00041045688,0.023846932,0.00041195683,0.080925874,0.022420324
TPX2,0.09494634,0.033479743,0.39218244,0.033206817,0.10866559
TRA2A,0.00046020214,0.07257683,0.000135905,0.09963506,0.05623937
TRA2B,0.055973437,0.025798012,0.30936256,0.08086918,0.05233529
TRABD,0.0012615938,0.008505406,0.00026132632,0.024041327,0.012004335
TRABD2B,0.0006424589,0.021072246,0.00038813995,0.023442874,0.0221811
TRADD,0.37712082,0.15416142,0.3310563,0.05789283,0.09939026
TRAF1,0.06523089,0.0071585816,0.16040891,0.092961244,0.0033174404
TRAF2,0.097418144,0.11444626,0.39391673,0.4419739,0.0438967
TRAF3,0.15154518,0.122849844,0.040073417,0.05789283,0.09673425
TRAF3IP1,0.0006665902,0.022003196,0.00031507475,0.1396222,0.037344377
TRAF3IP2,0.0010702972,0.11341565,0.00023177257,0.11009636,0.046031862
TRAF3IP3,0.0003868616,0.038538538,0.00012346932,0.06787577,0.024841545
TRAF4,0.000332925,0.06994285,0.0002850387,0.03984609,0.016313026
TRAF5,0.508573,0.436757,0.3908845,0.09907788,0.20794544
TRAF6,0.49883458,0.36866772,0.4149841,0.32497138,0.057393726
TRAF7,0.000988144,0.060736608,0.0005909669,0.09698627,0.024023851
TRAFD1,0.0012816668,0.025792986,0.0007269349,0.027808795,0.04974516
TRAIP,0.000827277,0.031249136,0.000123866,0.15049773,0.0781646
TRAK1,0.0021241705,0.01787374,0.00029062515,0.026436144,0.03890915
TRAK2,0.00070635777,0.00880278,0.00045083012,0.019543022,0.015604363
TRAM1,0.0010826957,0.0254658,0.00020246024,0.023489706,0.027000768
TRAM2,0.0019172792,0.06471899,0.0005082013,0.049156703,0.082793504
TRAP1,0.0009940568,0.05275262,8.8953e-05,0.052691106,0.06657098
TRAPPC1,0.0004011029,0.046618637,0.00029940106,0.025784176,0.054003492
TRAPPC10,0.0005293788,0.016544655,8.3963525e-05,0.042770624,0.011862311
TRAPPC11,0.0014675689,0.13547271,0.000247662,0.15865876,0.22532776
TRAPPC12,0.062093027,0.03574605,0.17958532,0.034270212,0.022567296
TRAPPC2L,0.09709963,0.052850157,0.1747561,0.07551511,0.05057529
TRAPPC3,0.001473773,0.07038625,0.00019836286,0.08601437,0.062089372
TRAPPC3L,0.0006545353,0.033294875,0.00020478634,0.04157456,0.008954222
TRAPPC4,0.00052898814,0.05452078,0.00015743042,0.046383318,0.10607188
TRAPPC5,0.00029586206,0.04308271,0.00017069415,0.03561833,0.10942372
TRAPPC6A,0.00016701595,0.00811703,0.00035917753,0.08837106,0.00397018
TRAPPC6B,0.0004213001,0.022023594,0.00038026428,0.04857986,0.028922657
TRAPPC8,0.00047927577,0.12218413,0.00013126116,0.07705109,0.090190664
TRAT1,0.00021810767,0.0075159324,0.00011252182,0.103328735,0.009756842
TRDMT1,0.00069365767,0.014066695,0.0001418834,0.0870846,0.019070894
TRDN,0.0005974609,0.017287048,0.00019863578,0.019543022,0.032257035
TREM1,0.00027452403,0.007321964,0.00025533853,0.0183529,0.010060638
TREML1,0.00053109846,0.013015412,0.00087005895,0.011959312,0.011248076
TREML4,0.0013098128,0.0075247237,0.0017416816,0.01804367,0.013475747
TRERF1,0.05757537,0.014634994,0.13894814,0.038198512,0.023062477
TREX1,0.0007657957,0.07045366,0.00023177172,0.034463324,0.02486967
TREX2,0.07931187,0.0156387,0.090506636,0.040680893,0.02720957
TRH,0.0004942444,0.0065889386,0.00014212918,0.025175512,0.017079977
TRHDE,0.00048300214,0.009534853,0.00017129627,0.009690155,0.015202179
TRIAP1,0.0009787178,0.06356458,0.00028031625,0.044827595,0.04660557
TRIB1,0.0016530857,0.08561962,0.00018693025,0.011245472,0.12017222
TRIB2,0.0009125781,0.024568072,0.00010585801,0.0698648,0.026193108
TRIB3,0.4020071,0.13167776,0.39970195,0.15814899,0.059524544
TRIM10,0.00039573267,0.013297185,0.00029062515,0.06831696,0.02613453
TRIM11,0.00086576445,0.050971583,0.00031509757,0.08243614,0.044372283
TRIM13,0.00029775116,0.009033938,0.0001616176,0.026517374,0.008580226
TRIM14,0.0011013515,0.04051375,0.00021616407,0.024041327,0.091352314
TRIM15,0.04874737,0.024898844,0.10289099,0.055472553,0.010631074
TRIM16,0.00028982936,0.011507715,0.00050445687,0.036136404,0.013368003
TRIM17,0.0013795642,0.06959202,0.00046847583,0.08660883,0.018797558
TRIM2,0.00018885778,0.022674097,0.00012170518,0.06603832,0.011042074
TRIM21,0.05552023,0.011958101,0.271986,0.18742114,0.009157318
TRIM22,0.00037235892,0.00942424,0.00021847546,0.049807753,0.00889716
TRIM23,0.21803698,0.14343865,0.26345196,0.049990743,0.04305852
TRIM24,0.18572295,0.05548759,0.24467757,0.26594695,0.017482754
TRIM25,0.0015910191,0.029943105,0.0003503407,0.095662504,0.031103304
TRIM26,0.0005576507,0.019029338,0.00015601508,0.06113244,0.008019926
TRIM27,0.2834065,0.20687118,0.21725067,0.4419739,0.030915352
TRIM28,0.1557991,0.095674485,0.16040564,0.12800464,0.04433952
TRIM29,0.00055888254,0.03661652,0.0001470346,0.12876172,0.023101227
TRIM3,0.055817835,0.014397465,0.11903152,0.036598153,0.0146485055
TRIM31,0.0011252804,0.06390769,0.00011182431,0.11332447,0.031904295
TRIM32,0.0011506112,0.11759393,0.00018974762,0.15829414,0.024059352
TRIM33,0.00042671053,0.060146082,0.00023417779,0.08548352,0.03883195
TRIM34,0.00034322392,0.012994124,0.00018539783,0.04825741,0.015215999
TRIM35,0.00029892215,0.04227356,9.036893e-05,0.05466783,0.024197746
TRIM36,0.7554252,0.49188426,0.22540104,0.029799249,0.38814053
TRIM37,0.00048069548,0.15615956,0.00039981274,0.096548475,0.06828444
TRIM38,0.00035596357,0.030584654,0.00016562166,0.05466783,0.01408184
TRIM39,0.10214063,0.057435635,0.30476198,0.18285075,0.011614915
TRIM4,0.00042564332,0.009683363,0.00017727562,0.02049774,0.013072588
TRIM40,0.0005452065,0.012374428,6.6495806e-05,0.044235084,0.017372677
TRIM41,0.0008544107,0.007996285,0.00016363937,0.08255741,0.012441666
TRIM42,0.0003969033,0.04642267,0.00013181251,0.18285075,0.016124072
TRIM43,0.0024769716,0.028369961,0.00032452837,0.027190577,0.019615337
TRIM44,0.26861343,0.09398758,0.14045481,0.051021855,0.029154766
TRIM45,0.0009864419,0.033073783,0.0005566595,0.043996323,0.03612945
TRIM46,0.1433971,0.08494484,0.16710807,0.04707376,0.05629425
TRIM47,0.00034759028,0.021486266,0.00023780958,0.026619604,0.022934787
TRIM5,0.00037067925,0.032286998,0.00028149143,0.16774316,0.015923254
TRIM50,0.0001109436,0.003171279,0.0007065264,0.044740215,0.008501965
TRIM52,0.13668571,0.027970918,0.2801659,0.0223549,0.04244314
TRIM54,0.00028733772,0.020799875,0.000246852,0.21994169,0.004892771
TRIM55,0.0005993873,0.01508731,8.164894e-05,0.02634976,0.0056255283
TRIM56,0.00040673398,0.015972352,0.00015947856,0.06069709,0.016254006
TRIM58,0.0008069686,0.003281621,0.00015797114,0.020951219,0.006207731
TRIM59,0.00027626826,0.015551084,0.0001029848,0.024729606,0.0236068
TRIM6,0.0019758653,0.044966277,0.00012444291,0.047193654,0.071315534
TRIM62,0.0006027435,0.012984892,0.00022543075,0.011547842,0.027301867
TRIM63,0.15028286,0.04157419,0.14857914,0.062204275,0.027818482
TRIM65,0.0003422629,0.015433424,0.00024273663,0.03972294,0.024847372
TRIM68,0.0002372545,0.0037389977,0.00037415963,0.030614743,0.0045795906
TRIM69,0.0013012778,0.05415862,0.0002117018,0.06847451,0.013683157
TRIM7,0.00076226227,0.007962161,0.0014777016,0.070112325,0.052246474
TRIM72,0.15352747,0.022738691,0.12114539,0.030808024,0.03466793
TRIM8,0.24106276,0.11853473,0.07338111,0.19858047,0.07882324
TRIM9,0.0010697403,0.034827113,0.00015280899,0.11320199,0.013028194
TRIML1,0.00051238266,0.010819566,0.00022087891,0.011185222,0.014497556
TRIO,0.00083530834,0.11110482,0.00069360045,0.058489792,0.120776445
TRIOBP,0.0013692518,0.03597153,0.00046668857,0.04401585,0.034423787
TRIP10,0.0009501622,0.049098853,0.0006326923,0.1289567,0.030719472
TRIP11,0.74971044,0.2856998,0.33385038,0.113731965,0.15929401
TRIP12,0.0005483956,0.04029351,0.00058989716,0.05346483,0.06235198
TRIP13,0.00036493537,0.06262724,0.00011081778,0.04535214,0.061924912
TRIP4,0.0005040764,0.05284825,8.2068116e-05,0.07007879,0.036298286
TRIP6,0.1011205,0.030765176,0.14470012,0.12210298,0.03288661
TRIR,0.011945037,0.0128223365,0.0628893,0.01804367,0.018960046
TRIT1,0.0005550179,0.04199706,0.00040388256,0.015353948,0.13158701
TRMO,0.0077572325,0.009643931,0.0628893,0.01804367,0.023591576
TRMT1,0.00018348113,0.013524564,0.00010881522,0.023225589,0.018995468
TRMT10A,0.005233921,0.022837056,0.00090418826,0.01804367,0.06563978
TRMT10B,0.001014906,0.012230071,0.0012979895,0.017267942,0.025781492
TRMT10C,0.008600764,0.19854963,0.00020054626,0.05549403,0.15717664
TRMT11,0.0012243389,0.047811165,0.0010148204,0.038732246,0.061947946
TRMT112,0.001457893,0.15859747,0.00020597421,0.053090177,0.15253554
TRMT12,0.0003124728,0.013200386,0.0004151333,0.016529309,0.05600552
TRMT13,0.0014952437,0.0043223416,0.001834109,0.01804367,0.0080349855
TRMT1L,0.0010084425,0.0049465564,4.8625145e-05,0.020860827,0.0053388258
TRMT2A,0.00094362424,0.048126537,0.00011554402,0.060268085,0.0194326
TRMT2B,0.0007088498,0.01197357,0.00019344028,0.021795172,0.0076922434
TRMT44,0.00068041653,0.008345548,0.00020918026,0.023442874,0.009688042
TRMT5,0.6605354,0.416962,0.51372707,0.023442874,0.35263938
TRMT6,0.08994425,0.07823734,0.10665616,0.02621554,0.10546419
TRMT61A,0.0013466643,0.064993136,0.00024445343,0.03404868,0.12009826
TRMT61B,0.0005231854,0.0132997995,0.00012550746,0.039998848,0.015141775
TRNAU1AP,0.19262601,0.039670635,0.25469524,0.021392673,0.078643575
TRNP1,0.0018797877,0.0068854922,0.00090418826,0.01804367,0.04353626
TRO,0.0005294603,0.041315492,0.00025456748,0.02504491,0.04449555
TROAP,0.0005376188,0.03295069,0.0002335686,0.046836674,0.019152807
TRPC1,0.001980973,0.050197106,0.00015083239,0.042362373,0.05091564
TRPC3,0.00024579282,0.022943242,0.00014539572,0.0401707,0.0137878405
TRPC4,0.00036126308,0.025399825,0.00020727704,0.013933608,0.021920735
TRPC4AP,0.22294247,0.077448756,0.29145172,0.10039487,0.03411363
TRPC5,0.0007304762,0.04333242,0.00018593975,0.084083825,0.036859605
TRPC6,0.0010367113,0.040392194,0.0001233814,0.013933608,0.021963645
TRPM1,0.0028279636,0.009605872,0.0020584154,0.01804367,0.009192795
TRPM2,0.11398539,0.010380665,0.2374053,0.013913607,0.015684778
TRPM3,0.0071641854,0.010312797,0.0004917814,0.01804367,0.022133343
TRPM5,0.010688724,0.0049120206,0.007564387,0.01804367,0.01412695
TRPM6,0.00074699684,0.020759713,0.0003416043,0.053084876,0.010873001
TRPM7,0.061036225,0.030586872,0.08614553,0.016506325,0.10365265
TRPS1,0.00033334838,0.056476567,0.00075623504,0.06478763,0.056910396
TRPT1,0.00088403677,0.018992096,0.00021836133,0.027808795,0.02340369
TRPV1,0.0009093899,0.017466158,0.00015237772,0.008154752,0.02726857
TRPV2,0.000494935,0.0061625466,0.00024130734,0.010313249,0.009432038
TRPV4,0.00057585933,0.018467974,0.00012373817,0.04754783,0.0187577
TRPV5,0.0002451298,0.024605379,0.00013163894,0.080213815,0.008614461
TRPV6,0.00024162204,0.007938572,0.00024784912,0.035744585,0.006773898
TRRAP,0.19254713,0.15087256,0.37798128,0.28068954,0.09539544
TRUB1,0.0011888116,0.019071745,0.00025891818,0.04223064,0.038965553
TSACC,0.00067571504,0.011156432,0.0013939927,0.09978102,0.014435277
TSC1,0.049056705,0.08792617,0.23833667,0.18742114,0.090697296
TSC2,0.0007260252,0.15428668,0.00031952542,0.14289773,0.11969865
TSC22D1,0.37044203,0.2215096,0.3900456,0.43685526,0.043667916
TSC22D2,0.0007579106,0.04272574,0.0002543513,0.028985407,0.07872268
TSC22D3,0.00073624117,0.021345772,0.00029876374,0.049953785,0.017749347
TSC22D4,0.0008187555,0.16849124,0.00038381503,0.18075153,0.06835018
TSEN15,0.00085136516,0.026579898,0.000115192095,0.03823579,0.027816467
TSEN2,0.7463687,0.44980106,0.6308869,0.07237485,0.5348126
TSEN34,0.001278064,0.09834187,0.0001574705,0.076361425,0.08195722
TSEN54,0.00087436807,0.043286968,0.00014987655,0.02572108,0.070377626
TSFM,0.0008020676,0.019992625,0.000112754366,0.036235023,0.0156884
TSG101,0.28058076,0.12328624,0.16095603,0.13594323,0.1275535
TSGA10,0.00033525517,0.07230858,9.839404e-05,0.15718101,0.016874403
TSGA10IP,9.95421e-05,0.010660128,0.00015797114,0.011245472,0.01125561
TSGA13,0.008278752,0.012088706,0.0019269427,0.01804367,0.048044305
TSHR,0.0010084771,0.027485786,0.0001362647,0.08527271,0.027490022
TSHZ1,0.00024103277,0.0044428334,0.00037492032,0.017267942,0.011201462
TSHZ2,0.0003962419,0.003926162,0.0002897923,0.008678562,0.007134033
TSHZ3,0.00032569128,0.12474615,0.000717097,0.049953785,0.06512583
TSKS,0.00058252097,0.01521427,0.00029976378,0.02649773,0.026122749
TSKU,0.00096679945,0.021083675,0.0003564675,0.017267942,0.035523742
TSLP,0.0006155913,0.02871456,0.0006309857,0.026857775,0.02512652
TSN,0.00078236376,0.017648604,8.617773e-05,0.07130209,0.0064243097
TSNARE1,0.0029553587,0.005045845,0.0014818712,0.01804367,0.011973761
TSNAX,0.00067506876,0.06270096,0.00020143796,0.060489394,0.060076647
TSNAXIP1,0.00060153427,0.03726603,0.00023752495,0.008678562,0.06300071
TSPAN1,0.00053727225,0.012873324,0.00034842582,0.009077163,0.013054906
TSPAN12,0.00087015267,0.0757198,0.00052292715,0.03158699,0.04600715
TSPAN13,0.00073230197,0.015287593,0.00019336173,0.017034966,0.05382941
TSPAN14,0.0010191042,0.018986685,0.00018419033,0.018289693,0.03189628
TSPAN15,0.060484298,0.0118583655,0.097591095,0.029588407,0.014905433
TSPAN17,0.0007138807,0.0054273913,0.00025479597,0.022973275,0.0091712475
TSPAN18,0.003842812,0.009034728,0.02468898,0.01804367,0.02363258
TSPAN3,0.00039874527,0.014283035,0.000348333,0.013913607,0.031491097
TSPAN31,0.0034555886,0.015796596,0.005251446,0.01804367,0.02497611
TSPAN32,0.0017516728,0.008765137,0.0049238703,0.01804367,0.014601098
TSPAN33,0.0037240519,0.014225081,0.00072702114,0.01804367,0.023252692
TSPAN4,0.0010569275,0.015502303,0.00011192032,0.021570439,0.018929271
TSPAN5,0.0009738596,0.0074187736,0.0008711702,0.06691829,0.00963777
TSPAN6,0.0006644321,0.022281079,0.00016690961,0.02735076,0.02184613
TSPAN7,0.0007714223,0.04363732,7.225565e-05,0.04785222,0.044453695
TSPAN8,0.0023723003,0.008064032,0.004271632,0.01804367,0.009368751
TSPAN9,0.0006397265,0.023343038,0.0004151333,0.023442874,0.02739927
TSPO,0.13384256,0.00783288,0.12562007,0.009690155,0.01590866
TSPYL1,0.0003545947,0.013954384,0.00024057359,0.039203223,0.010901171
TSPYL2,0.0001991611,0.016329616,0.00012092295,0.033207905,0.011650171
TSPYL4,0.00037134418,0.038146373,0.00011921589,0.0870846,0.030581696
TSR1,0.00094435184,0.2030092,0.00017750615,0.2447733,0.09504703
TSR2,0.00047837207,0.03939518,0.00012550746,0.046464518,0.042876776
TSR3,0.00080923754,0.03186514,0.00025583635,0.023442874,0.099263124
TSSC4,0.0011084736,0.030048184,0.00013507222,0.08243614,0.01937631
TSSK1B,0.23455223,0.102577105,0.048891418,0.027156973,0.02635178
TSSK2,0.001603186,0.16114272,0.00028488357,0.076361425,0.121407904
TSSK3,0.00064374757,0.068645835,0.00021794283,0.05772718,0.031392913
TSSK4,0.00033153043,0.020365113,0.0005700103,0.055197187,0.03177064
TSSK6,0.00041777967,0.032999855,0.00031747518,0.07705338,0.015414265
TST,0.45402482,0.06593254,0.3321048,0.06389214,0.11869585
TSTD1,0.007688284,0.009306341,0.0058811465,0.01804367,0.023816636
TTBK1,0.00070198637,0.04834501,0.00047058568,0.021026954,0.03740035
TTBK2,0.49548355,0.16596691,0.21060604,0.054051317,0.13370468
TTC1,0.0015779246,0.06732264,0.000115192095,0.07433077,0.09122663
TTC12,0.0011653462,0.013045122,0.00022205296,0.05061941,0.04386329
TTC13,0.0004049242,0.013322283,0.0002484477,0.017703548,0.025626592
TTC14,0.00018830287,0.038338162,0.00040538557,0.15273304,0.030386383
TTC16,0.0037445754,0.009306201,0.020116344,0.01804367,0.02341363
TTC17,0.060916916,0.014017051,0.063138425,0.032661267,0.025619848
TTC19,0.00041713516,0.023447756,0.0002307858,0.11202359,0.0064882576
TTC21B,0.03380791,0.011213182,0.07516644,0.06866131,0.00827796
TTC23,0.07333165,0.05008568,0.055974886,0.09785387,0.110225864
TTC23L,0.0012037032,0.025645643,0.0001772959,0.036235023,0.040560376
TTC24,0.0026887357,0.011051368,0.004060176,0.01804367,0.019403106
TTC27,0.0006620447,0.06067325,0.0003786444,0.027927298,0.061480515
TTC29,0.0036131882,0.0060943984,0.0013980502,0.01804367,0.022201534
TTC3,0.49625117,0.36619782,0.30054507,0.10690647,0.2549463
TTC31,0.0018645899,0.007190584,0.009534082,0.01804367,0.019725895
TTC34,0.0006739085,0.0057184706,0.00015797114,0.024101408,0.0047213216
TTC38,0.0006674134,0.025778217,0.00023000465,0.05061941,0.02882901
TTC39A,0.0008169156,0.009941059,0.0008099654,0.01804367,0.009143163
TTC39B,0.0002991277,0.006221635,0.00021170563,0.012868392,0.015719872
TTC4,0.07078256,0.016332956,0.29161388,0.080213815,0.02077384
TTC5,0.0002484939,0.008695048,6.242637e-05,0.03830263,0.011546629
TTC7A,0.00018947337,0.0087891435,0.0003665988,0.023442874,0.02838609
TTC7B,0.07298511,0.02193183,0.16470243,0.021392673,0.027052762
TTC8,0.0014593682,0.02813836,0.00025456748,0.03158699,0.1107464
TTC9,0.0029338761,0.0036739034,0.0012555944,0.01804367,0.015578637
TTC9B,0.0014748788,0.008054284,0.0009874833,0.01804367,0.010879428
TTC9C,0.000494698,0.03147451,0.00024273663,0.028792977,0.07464996
TTF1,0.00035873798,0.010806341,8.6497086e-05,0.036976393,0.030304516
TTF2,0.0014975572,0.11999862,0.00015601508,0.08051733,0.08733879
TTI1,0.00064030907,0.07093425,5.300836e-05,0.049850643,0.0972224
TTI2,0.23763989,0.18064351,0.03769687,0.051085453,0.27136645
TTK,0.22414929,0.10284851,0.21747485,0.08425629,0.11496487
TTL,0.0044335844,0.015673798,0.006367751,0.01804367,0.022772528
TTLL1,0.002238658,0.008013707,0.00049048837,0.01804367,0.0245827
TTLL10,0.0002232971,0.0060997964,0.00036749878,0.024358278,0.005531688
TTLL11,0.0003438839,0.004245984,0.0017684157,0.01804367,0.009117918
TTLL12,0.00089578074,0.027180841,0.00022349137,0.024222368,0.01941169
TTLL2,0.0032846075,0.0092749335,0.0013980502,0.01804367,0.011256427
TTLL3,0.104988225,0.010384564,0.09994034,0.009173206,0.012115027
TTLL5,0.0007298545,0.02054711,0.00014034462,0.037310082,0.03518795
TTLL6,0.23394242,0.028931908,0.18503405,0.017034966,0.030955253
TTLL7,0.0010931774,0.034223508,0.00032443771,0.017034966,0.026297728
TTLL9,0.0017770774,0.006689821,0.0013980502,0.01804367,0.021035947
TTN,0.44043946,0.07959368,0.22771864,0.04535214,0.037550613
TTPA,0.0007089356,0.0095823845,0.00042612964,0.026462918,0.021464491
TTPAL,0.6254642,0.25699982,0.45230708,0.064797975,0.16179678
TTR,0.0001258147,0.012521203,0.00029180653,0.14289773,0.006273115
TTYH1,0.00028917714,0.0071160495,0.00017155289,0.023442874,0.019838542
TTYH2,0.00089137256,0.016355693,0.0009293774,0.089098886,0.020484287
TTYH3,0.0002913848,0.009387618,0.00012271927,0.0663656,0.024206325
TUB,0.0004159186,0.011049465,0.00032595158,0.05275088,0.029550403
TUBA1A,0.28343028,0.07975212,0.69674814,0.20987579,0.03742118
TUBA1B,0.0008408509,0.10925209,0.00020618975,0.11292586,0.052223
TUBA1C,0.0007721761,0.12266793,0.00045410835,0.060118027,0.10500608
TUBA3C,0.0002702428,0.030295746,0.00014831287,0.049897034,0.018803636
TUBA3D,0.00029844177,0.025192462,0.00014831287,0.04394531,0.036731984
TUBA3E,0.0005252866,0.012817551,0.0001819723,0.047193654,0.021063415
TUBA4A,0.080677755,0.075339325,0.20625994,0.21152821,0.017382113
TUBA8,0.0026065984,0.08374396,0.00011414612,0.048723042,0.07424811
TUBB,0.43320376,0.22186889,0.41052103,0.17738473,0.09698129
TUBB1,0.51436687,0.35473922,0.4903405,0.13249134,0.111030415
TUBB2A,0.0005436992,0.027607394,0.00014826919,0.080925874,0.010235604
TUBB2B,0.00028095947,0.009311257,0.00019675231,0.15331545,0.005743223
TUBB3,0.0015664673,0.10142401,0.000107264634,0.107880354,0.13951437
TUBB4A,0.0003022118,0.009236228,0.00027718427,0.07927051,0.010866161
TUBB4B,0.0005140432,0.12527055,0.00019059442,0.15384021,0.069272175
TUBB6,8.0630394e-05,0.01676626,0.00026945758,0.09145389,0.010336695
TUBD1,0.004332411,0.072060056,0.00074268127,0.03848198,0.12666762
TUBE1,0.00082077866,0.049493957,0.0001540327,0.023442874,0.057688028
TUBG1,0.0013139416,0.064417295,9.168763e-05,0.05980506,0.018003792
TUBG2,0.0010061389,0.01263234,0.0001237489,0.076361425,0.016561035
TUBGCP2,0.0011396029,0.084810175,0.00025897127,0.027190577,0.08573144
TUBGCP3,0.6655214,0.46667624,0.52363133,0.113731965,0.5868928
TUBGCP4,0.7481218,0.5479559,0.5136365,0.1573372,0.5500071
TUBGCP6,0.0010031053,0.00992377,0.00017516506,0.02572108,0.027006682
TUFM,0.0015024579,0.10786113,0.0002321459,0.095635734,0.07381602
TUFT1,0.0015091326,0.09138592,9.916985e-05,0.08261023,0.034639053
TULP1,0.0015080968,0.023217937,0.00014203474,0.07357072,0.025438117
TULP2,0.0016048126,0.14116463,0.0002151842,0.04893485,0.04882446
TULP3,0.0002633568,0.034284078,0.00030588097,0.19289987,0.010891509
TULP4,0.00043096524,0.05882943,0.0005952942,0.043702487,0.02908032
TUSC1,0.0008846758,0.010779731,0.005367006,0.01804367,0.019281257
TUSC2,0.00033993006,0.009081505,8.6497086e-05,0.059433043,0.009787272
TUSC3,0.035220955,0.010543941,0.09071661,0.018600604,0.023639867
TUT4,0.024737906,0.014562564,0.0628893,0.01804367,0.020536967
TUT7,0.07138752,0.028812742,0.0628893,0.01804367,0.024726316
TWF1,0.0006237407,0.014885673,0.0003428704,0.039315768,0.03155754
TWF2,0.0009775036,0.055899594,0.00012214266,0.04683837,0.068208575
TWF2,0.0009775036,0.055899594,0.00012214266,0.04683837,0.068208575
TWIST1,0.060135186,0.01071155,0.10935322,0.025507925,0.009781331
TWIST2,0.00028113875,0.018632192,0.00015284396,0.047684442,0.02659083
TWNK,0.042542107,0.028339485,0.0628893,0.01804367,0.061134387
TWSG1,0.17496088,0.007971285,0.23158531,0.01805446,0.027242318
TXK,0.00079157756,0.014015014,0.00020006688,0.02475442,0.012325119
TXLNA,0.0006622558,0.056184232,0.00035653732,0.20043176,0.033597607
TXLNB,0.00034995383,0.028715117,0.00014218665,0.09425585,0.022022875
TXLNG,0.0003052974,0.009794886,0.00015359344,0.04785222,0.012219311
TXN,0.62286395,0.25038022,0.1975888,0.06761431,0.2884372
TXN2,0.0012095746,0.07773933,0.00020655378,0.3090302,0.06802991
TXNDC11,0.18994221,0.069396116,0.10255803,0.07012308,0.038873143
TXNDC12,0.0009644084,0.018508123,0.00029246495,0.02070766,0.041132882
TXNDC15,0.070992365,0.0154824965,0.059773818,0.023442874,0.027791029
TXNDC5,0.00048155955,0.094579205,0.00017038047,0.038832445,0.024809688
TXNDC9,0.0007720554,0.17777288,0.00013265645,0.12116299,0.12282236
TXNIP,0.00029891505,0.036349162,0.00016656746,0.027190577,0.038059134
TXNL1,0.00026881273,0.013292493,9.338294e-05,0.051949967,0.027466372
TXNL4A,0.09637399,0.05584148,0.26375967,0.07427682,0.08268752
TXNL4B,0.000651819,0.051631816,0.00015985873,0.031919457,0.14507537
TXNRD1,0.07583958,0.038451027,0.27052316,0.031919457,0.026062494
TXNRD2,0.0007012452,0.01291325,0.00015835708,0.06696403,0.018418126
TYK2,0.32061687,0.08804367,0.34217,0.052206963,0.026329253
TYMS,0.8098556,0.6417714,0.4267242,0.04057241,0.66104215
TYR,0.0017747063,0.006753368,0.002166797,0.026583076,0.010155134
TYRO3,0.44593215,0.252763,0.35888305,0.09566302,0.3009922
TYROBP,0.00045379027,0.009885679,0.00017294301,0.009741526,0.025558848
TYRP1,0.00045813448,0.02935506,0.0005631142,0.012254936,0.17023608
TYSND1,0.00030426675,0.0095536765,0.00026735943,0.049843416,0.011035995
TYW1,0.0004188007,0.023612345,0.00043017082,0.083358064,0.03219477
TYW1B,0.0048165293,0.013205456,0.0025385816,0.01804367,0.021760495
U2AF1,0.22672284,0.11227307,0.25859147,0.13846682,0.14797825
U2AF1L4,0.0005022005,0.03981516,0.00015797114,0.10439912,0.040077873
U2AF2,0.0005753365,0.05673178,0.00012305277,0.11543973,0.055186346
U2SURP,0.0006232906,0.036619175,0.00013126965,0.07296411,0.067972
UACA,0.0005895189,0.028024608,0.00023839007,0.023489706,0.039624203
UAP1,0.0005086724,0.018666126,0.00013714132,0.023442874,0.032470737
UAP1L1,0.005812901,0.031643044,0.0006529319,0.01804367,0.03786808
UBA1,0.64349383,0.6427817,0.2766445,0.36938363,0.6240355
UBA2,0.6991443,0.53462327,0.32951173,0.0570097,0.61656505
UBA3,0.6923889,0.30011982,0.23980486,0.08837106,0.38563958
UBA5,0.0012006292,0.07146754,0.00013392809,0.052206963,0.06952919
UBA52,0.23791172,0.21160829,0.6084242,0.17048424,0.08455063
UBA6,0.051089674,0.019169843,0.060332328,0.018814605,0.034014586
UBA7,0.0009451408,0.020575406,0.000572177,0.10439912,0.04566424
UBAC1,0.00014876782,0.029339125,0.00015858584,0.07368325,0.008169865
UBAC2,0.34072077,0.038235426,0.048042748,0.009173206,0.057687283
UBALD1,0.00020504756,0.0037116162,9.264058e-05,0.09978102,0.009531409
UBALD2,0.0044893925,0.009747277,0.02086595,0.01804367,0.036721457
UBAP1,0.0056962036,0.06279067,0.0047299,0.022973275,0.06620968
UBAP2,0.00097117445,0.019821642,0.00015797114,0.05802234,0.046084855
UBAP2L,0.07335068,0.03712395,0.10146207,0.024526373,0.026004104
UBASH3A,0.0005237205,0.031110348,0.0005135268,0.10903678,0.011169702
UBASH3B,0.14050029,0.10296517,0.17882466,0.08415961,0.059336957
UBB,0.123050824,0.057571363,0.5005242,0.50273085,0.022913873
UBC,0.80785346,0.8300937,0.66243577,0.54829013,0.8724228
UBD,0.15407315,0.042859074,0.398583,0.54829013,0.007442981
UBE2A,0.0010851439,0.16930304,0.00011022696,0.10852579,0.08632415
UBE2B,0.5291721,0.11535794,0.44196272,0.15077095,0.18681103
UBE2C,0.00041800874,0.059084896,0.00014182998,0.1494143,0.06083763
UBE2D1,0.3869129,0.33871254,0.26691765,0.22701168,0.03206286
UBE2D2,0.3311551,0.20492733,0.25020278,0.29532364,0.11498334
UBE2D3,0.62997866,0.56993145,0.385548,0.29532364,0.5440557
UBE2D4,0.32839563,0.10419227,0.13992336,0.08475719,0.059537515
UBE2E1,0.2111685,0.113727465,0.30163154,0.20722358,0.04834299
UBE2E2,0.001405395,0.10175309,0.00038198553,0.2155661,0.03699653
UBE2E3,0.09538406,0.08459864,0.15425825,0.18241817,0.00932801
UBE2F,0.0002159066,0.014839328,0.00020997776,0.04382802,0.016677555
UBE2G1,0.0022177927,0.06290815,0.00015858584,0.04366323,0.07605094
UBE2G2,0.0010970666,0.15911005,0.00017116907,0.067446284,0.08455982
UBE2H,0.674372,0.7053759,0.31774646,0.30383658,0.5745217
UBE2I,0.83192027,0.67462957,0.42180932,0.32497138,0.726893
UBE2J1,0.45441282,0.18883897,0.2753178,0.103299096,0.15707274
UBE2J2,0.00030979337,0.010997316,0.00010687136,0.055472553,0.019806916
UBE2K,0.14253029,0.19480321,0.18523523,0.1238187,0.07076603
UBE2L3,0.0009157582,0.097973734,0.0004328654,0.07943209,0.079508156
UBE2L6,0.7204698,0.25618428,0.23825216,0.2631919,0.35501656
UBE2M,0.13533425,0.13749275,0.14491785,0.04450586,0.12029585
UBE2N,0.8627326,0.76893294,0.25138348,0.216343,0.6582332
UBE2O,0.5466346,0.39664835,0.34143057,0.1414921,0.24236664
UBE2Q1,0.06952441,0.03651681,0.1455298,0.039135396,0.029974565
UBE2Q2,0.000156899,0.008346925,0.00019125233,0.014107352,0.009608903
UBE2QL1,0.0005887005,0.0026928126,0.0020481446,0.01804367,0.0038622553
UBE2R2,0.21639585,0.18957171,0.19177453,0.037634082,0.14024644
UBE2S,0.001105723,0.09166245,5.930031e-05,0.07007879,0.08216903
UBE2T,0.0014139095,0.12902178,0.00028788947,0.02932646,0.22620969
UBE2U,0.24677998,0.037782002,0.09906488,0.0414008,0.024855925
UBE2V1,0.0006086007,0.038693473,0.00015423552,0.15718101,0.032447536
UBE2V2,0.0005039318,0.014735189,0.00042583505,0.1535793,0.0096734315
UBE2W,0.00076807337,0.06765229,0.00039419817,0.054370027,0.071572326
UBE2Z,0.36052725,0.1865123,0.30333993,0.04819068,0.118063234
UBE3A,0.19347844,0.2217037,0.16146983,0.18241817,0.04656625
UBE3B,0.07297879,0.014238921,0.05063908,0.021392673,0.01609431
UBE3C,0.00064669276,0.025831925,0.00016991793,0.022461299,0.038337696
UBE3D,0.0020648618,0.039252356,0.00020512029,0.018586725,0.048774783
UBE4A,0.00062891975,0.027946781,0.0003839596,0.07653722,0.018560935
UBE4B,0.0942253,0.05393053,0.13825956,0.033205744,0.03232737
UBFD1,0.0007206581,0.009522064,0.00010312994,0.023442874,0.01769952
UBIAD1,0.0006653167,0.061456356,0.00016695974,0.011722919,0.101126954
UBL3,0.0002394016,0.010224456,0.00017711628,0.013998775,0.018907893
UBL4A,0.065170124,0.01870017,0.20665729,0.08084955,0.025304195
UBL4B,0.0004038629,0.003904901,0.00029246495,0.008605173,0.009887835
UBL5,0.0022180027,0.03996259,0.00016854488,0.024222368,0.20391433
UBL5,0.0022180027,0.03996259,0.00016854488,0.024222368,0.20391433
UBL7,0.0004582347,0.04671915,0.00034637313,0.050667737,0.028517645
UBLCP1,0.0009467212,0.009495135,0.00030280475,0.0698648,0.04375457
UBN1,0.00061867805,0.028051138,0.00018053579,0.06691829,0.032647952
UBN2,0.000322101,0.007747747,0.00015797114,0.01627669,0.013154891
UBOX5,0.0004222379,0.04117538,0.00015920811,0.10438378,0.017172651
UBP1,0.0006140601,0.044672534,0.0005133895,0.011245472,0.044158477
UBQLN1,0.12978517,0.13609268,0.14835736,0.15177786,0.0675816
UBQLN2,0.07399073,0.044981156,0.18356965,0.07007879,0.0111411605
UBQLN4,0.10657987,0.05285314,0.21837822,0.35492384,0.06828386
UBQLNL,0.004309713,0.014174579,0.00069404347,0.020951219,0.03360027
UBR1,0.00026192248,0.013220072,0.00029657484,0.11811116,0.013388685
UBR2,0.00080812443,0.073502794,0.00013614119,0.049743246,0.08410882
UBR3,0.00040658997,0.01323532,0.0005000996,0.039203223,0.012488806
UBR4,0.14812997,0.12873101,0.10119679,0.08425629,0.13135572
UBR5,0.000907343,0.08357007,0.0005778141,0.26152393,0.09908397
UBR7,0.00093899557,0.04894518,0.00028139027,0.07554605,0.041427974
UBTD1,0.00026099067,0.013605545,0.00016718246,0.09053533,0.01089175
UBTD2,0.00061163114,0.012373781,0.00015797114,0.024041327,0.040474594
UBTF,0.12450943,0.110924356,0.19347349,0.09361887,0.07430118
UBXN1,0.1575597,0.03586695,0.26842198,0.12222436,0.016158707
UBXN10,0.0005162334,0.011329387,0.00015797114,0.034017965,0.025830328
UBXN11,0.00075145136,0.031239424,0.00016063923,0.03375361,0.019437162
UBXN2A,0.07772904,0.019077973,0.06880754,0.04142128,0.026059698
UBXN2B,0.00040572652,0.028959021,0.000114322254,0.09053533,0.051369227
UBXN4,0.00024863443,0.020237144,0.0003849576,0.030818716,0.10764255
UBXN6,0.000588265,0.041518454,0.00015728996,0.058489792,0.07080528
UBXN7,0.00060385955,0.017630203,0.00011152115,0.03673436,0.023817051
UCHL1,0.00065444276,0.014788331,0.0001394482,0.17469093,0.0082280785
UCHL3,0.00021932051,0.006688418,0.00013176564,0.081642725,0.0057552895
UCHL5,0.14139082,0.12014215,0.36175644,0.35492384,0.040859755
UCK1,0.104327716,0.01205855,0.09569983,0.046332557,0.036028955
UCK2,0.09599974,0.0054609426,0.23214446,0.07357072,0.012781184
UCKL1,0.0021379122,0.017927988,0.00019934349,0.020175396,0.019645661
UCN,0.0003782524,0.011815186,0.000378039,0.019282114,0.019332465
UCN2,0.0008258928,0.004322986,0.00018554516,0.013398572,0.0058154864
UEVLD,0.0009895199,0.06731462,0.00039611198,0.03450911,0.09378074
UFC1,0.041606102,0.026667621,0.062809385,0.011245472,0.047634166
UFL1,0.0008718598,0.10949137,8.6497086e-05,0.06601743,0.11040423
UFM1,0.00074660295,0.03388729,0.00019701928,0.05231598,0.05332402
UFSP1,0.0011727783,0.0056353104,0.006896914,0.01804367,0.017989447
UFSP2,0.0002788026,0.03233211,0.00016771829,0.06934226,0.03691233
UGCG,0.1910505,0.097380005,0.16333279,0.027808795,0.1475501
UGDH,0.0008355734,0.10012578,7.072258e-05,0.10175656,0.031245597
UGGT1,0.0003136673,0.055811055,0.00017069415,0.062467445,0.022769589
UGGT2,0.00051798834,0.039811872,7.342402e-05,0.061874505,0.03442835
UGP2,0.00041036063,0.024925746,0.0010588221,0.08972444,0.038842373
UGT1A1,0.00024423117,0.014849901,0.00014420581,0.111641355,0.011510574
UGT1A10,0.00051897083,0.029845444,0.00028715644,0.017098881,0.061262704
UGT1A3,0.0022140362,0.004445477,0.020942124,0.01804367,0.017146187
UGT1A9,0.006309385,0.009114861,0.024726821,0.01804367,0.025836414
UGT2B15,0.0022130157,0.014691667,0.0015212101,0.01804367,0.024034258
UGT2B28,0.00566603,0.02374955,0.0067988806,0.01804367,0.06766076
UGT3A2,0.0018666622,0.0029250293,0.0035537228,0.01804367,0.014129672
UGT8,0.0003488945,0.008756135,0.0022002137,0.01804367,0.021336304
UGT8,0.0003488945,0.008756135,0.0022002137,0.01804367,0.021336304
UHMK1,0.07719263,0.014634252,0.13839449,0.047193654,0.018896172
UHRF2,0.64248663,0.65707684,0.39430267,0.61744964,0.16670746
UIMC1,0.48484808,0.33695138,0.51704764,0.49932602,0.12731864
ULBP2,0.12539746,0.04502934,0.23158313,0.029588407,0.06726397
ULBP3,0.0004418936,0.010075856,0.00056713703,0.016811235,0.01855106
ULK1,0.0005542403,0.015874716,0.000170749,0.061810248,0.009501963
ULK2,0.5648793,0.15924577,0.31637502,0.09883005,0.076597266
ULK3,0.0010548839,0.012822428,0.00043088885,0.016212763,0.02440435
ULK4,0.0010036086,0.02309085,0.0002727193,0.05802234,0.04910156
UMODL1,0.004378467,0.020897835,0.016394434,0.01804367,0.06599574
UMPS,0.7534928,0.6828822,0.23632829,0.15273304,0.7058165
UNC119,0.008828655,0.024364453,0.018197427,0.08475719,0.01124217
UNC119B,0.0027674641,0.0539754,0.005943658,0.01804367,0.123124816
UNC13B,0.025456086,0.010320508,0.20327565,0.21944964,0.005312916
UNC45A,0.07670452,0.028558489,0.07602618,0.087430954,0.033106066
UNC45B,0.0016892963,0.005303301,0.0035628676,0.01804367,0.011369896
UNC50,0.00026567446,0.015928352,0.00010449763,0.02516947,0.0397164
UNC5A,0.0011355992,0.019913124,0.00015063863,0.1012721,0.018115826
UNC5B,0.0007117874,0.01673476,0.0001669147,0.030808024,0.016709717
UNC5C,0.00060657645,0.013642397,0.00077195576,0.03940597,0.011711831
UNC79,0.00063503475,0.03994525,0.00031594856,0.032661267,0.021365182
UNG,0.56419426,0.16537425,0.42647803,0.09449163,0.086259335
UNK,0.00012325581,0.0021431423,0.00012978457,0.009077163,0.0036592642
UNKL,0.02317001,0.021524565,0.04188289,0.022454023,0.05093433
UPB1,0.0029892356,0.018150773,0.001594011,0.01804367,0.066685386
UPF1,0.34477666,0.14531858,0.31381732,0.15177786,0.12584491
UPF2,0.0027920138,0.28911835,0.00014149201,0.03507935,0.2511049
UPF3A,0.00042394354,0.06199884,0.00016063923,0.11332447,0.032486413
UPF3B,0.0008319094,0.11402389,0.00013143975,0.10790328,0.080916755
UPK1B,0.00023556105,0.007354942,0.00015345642,0.013127775,0.0071104662
UPK3A,0.00017213933,0.018322784,0.00026615057,0.013398572,0.016598985
UPK3B,0.0003898736,0.010521856,0.00043948248,0.028982447,0.015647924
UPP1,0.00038698717,0.011051873,0.0001417471,0.012868392,0.0143902935
UPP2,0.0016778726,0.06419815,0.00022472964,0.06425762,0.08127341
UQCC1,0.000579925,0.121047564,8.874339e-05,0.010989373,0.05237566
UQCC2,0.0005788813,0.017438553,0.0001502347,0.02516947,0.042240586
UQCC3,0.0012418547,0.0199559,0.0001393064,0.028985407,0.01920948
UQCR10,0.6914566,0.3916641,0.4086334,0.018289693,0.6108362
UQCR11,0.00027556613,0.0077640405,0.00038324101,0.019239094,0.010311243
UQCRB,0.15303244,0.10175837,0.063673116,0.03298475,0.15197964
UQCRC1,0.0012656697,0.077393174,0.00019637485,0.0870846,0.030534092
UQCRC2,0.0004888361,0.03275962,0.00012313199,0.05231598,0.041810114
UQCRFS1,0.00095885806,0.0844426,0.00012566146,0.055746976,0.17327079
UQCRQ,0.0006997995,0.06523161,0.000104824285,0.031371307,0.04937144
URB1,0.0009876221,0.0913821,0.000501153,0.0229092,0.14599738
URB2,0.00076933694,0.12131769,0.0003766616,0.030808024,0.051735397
URGCP,0.0013750165,0.015432243,5.9951126e-05,0.018289693,0.026034312
URI1,0.08413246,0.027923197,0.2078671,0.022461299,0.12220775
URM1,0.0005139834,0.052061506,0.00066786323,0.026363747,0.06683085
UROC1,0.0017603692,0.00516604,0.00026958375,0.015654534,0.008009762
UROD,0.00018831527,0.009978736,0.0008764167,0.051949967,0.012571239
UROS,0.0014498596,0.123932734,0.00014916214,0.009077163,0.097404
USB1,0.0004338961,0.00884766,0.0002053618,0.028985407,0.017720364
USE1,0.06180646,0.041558746,0.10290732,0.039315768,0.115506716
USF1,0.0010287288,0.03598889,0.00040702798,0.09019528,0.026905462
USF2,0.00044248687,0.08923901,0.0002951985,0.076204754,0.063576445
USH1C,0.00034631733,0.023667341,0.00012346932,0.017707363,0.022355463
USH2A,0.000894,0.02576807,0.0002347803,0.04029104,0.025035296
USHBP1,0.005908231,0.03394424,0.0061722,0.16998054,0.019937428
USP1,0.8477121,0.58763015,0.4621287,0.10308355,0.5984375
USP10,0.00084679597,0.052456696,0.00046668857,0.044195537,0.059511926
USP11,0.044893865,0.07574435,0.17347021,0.35841602,0.017854875
USP12,0.05468582,0.023279967,0.22323702,0.12518929,0.0073171095
USP13,0.0007794032,0.055908125,0.00041195683,0.06134819,0.021298233
USP14,0.00046900893,0.087856814,0.00025715792,0.040343333,0.10135231
USP15,0.009626031,0.03631555,0.008644215,0.06713583,0.063914776
USP16,0.0006713124,0.035538156,0.00012170518,0.05164654,0.061083857
USP18,0.004200145,0.08309462,0.00014016047,0.038368754,0.2897182
USP19,0.00038182698,0.03954145,0.00016928514,0.1414921,0.033131957
USP2,0.0003481371,0.0356625,0.00014831287,0.05498747,0.006684962
USP20,0.0014314702,0.07298966,0.00045107023,0.14289773,0.021662213
USP21,0.0004547815,0.02554313,0.0003503337,0.05221195,0.010459098
USP22,0.00041440382,0.024797566,0.00013695862,0.062390726,0.019451605
USP24,0.0021918986,0.036357917,8.792539e-05,0.026363747,0.08175791
USP25,0.24065125,0.07732809,0.30443287,0.17683244,0.029912356
USP26,0.00034804788,0.0066715563,0.00026224082,0.009077163,0.02263103
USP27X,0.00089681416,0.02459854,0.00043766532,0.020175396,0.013391148
USP28,0.0014391231,0.36497974,0.0003948509,0.13282922,0.6634708
USP3,0.00051895453,0.046125393,0.00011771675,0.055559758,0.02219966
USP30,0.5160564,0.16203123,0.28546616,0.031780463,0.16407138
USP31,0.0066485754,0.008368657,0.0021959757,0.01804367,0.03364804
USP32,0.0022949358,0.12098416,0.00015220579,0.045652233,0.06938764
USP33,0.6074222,0.25092512,0.18112913,0.077858046,0.30591747
USP34,0.00042352665,0.03301221,0.000113359594,0.06691829,0.056098856
USP35,0.0002548798,0.007945628,0.00029976378,0.023442874,0.01095239
USP36,0.001415686,0.15487051,0.00043265827,0.050660808,0.11650127
USP37,0.00033170843,0.031006431,9.932638e-05,0.02049774,0.050103467
USP38,0.041256018,0.008576821,0.2479579,0.05509455,0.014440481
USP39,0.5302939,0.5164311,0.36817667,0.100283764,0.47969472
USP4,0.00095433695,0.10226077,0.00012552219,0.10577711,0.04298069
USP42,0.00038457007,0.0067668115,0.0002533894,0.01019949,0.010075913
USP43,0.000289392,0.005953806,7.9114805e-05,0.008382098,0.013098666
USP44,0.0008021727,0.014753525,0.0002536715,0.026436144,0.041407786
USP45,0.0018961537,0.23712388,0.00017069415,0.0851105,0.06680657
USP46,0.0007017827,0.0794646,0.00010969817,0.15735695,0.01885148
USP47,0.0002799469,0.025968947,0.0002348197,0.09711622,0.012571363
USP48,0.00060577743,0.021183586,0.00020408792,0.030833114,0.015129919
USP49,0.088880025,0.021568565,0.14826918,0.080925874,0.019476349
USP5,0.08755719,0.10800465,0.25651106,0.064063706,0.08785777
USP50,0.0005026974,0.018688232,0.00022686702,0.06333093,0.014414329
USP51,0.0006760113,0.017644927,0.0001816653,0.025391702,0.022234626
USP53,0.003567928,0.11257983,0.0003147121,0.04372855,0.062942594
USP54,0.0010917656,0.06174539,0.00015146451,0.035744585,0.025948068
USP6,0.08454775,0.038823336,0.22118086,0.05676482,0.038888432
USP6NL,0.0010846665,0.020343298,0.0002742352,0.03830263,0.030743668
USP7,0.57467884,0.6467623,0.2314991,0.16922712,0.5192061
USP8,0.11788418,0.098394126,0.31753665,0.058270473,0.04927686
USP9X,0.18847138,0.109084904,0.21701916,0.092605285,0.1470755
USP9Y,0.59189045,0.35323846,0.23015817,0.06691829,0.29547846
USPL1,0.09789373,0.02556326,0.22995305,0.041557513,0.042440176
UST,0.00037099828,0.023964962,0.00013840814,0.014542438,0.025633171
UTP11,0.008076789,0.05209198,0.0628893,0.01804367,0.09788366
UTP14A,0.14685053,0.025483757,0.09635742,0.10339934,0.040124126
UTP14C,0.0019998148,0.044095002,0.00019008554,0.06069709,0.030120928
UTP15,0.09864301,0.05171874,0.20544419,0.06626501,0.088779554
UTP18,0.00032872087,0.053151265,0.00017600517,0.07554605,0.083660044
UTP20,0.0012962779,0.14310983,0.00020243147,0.035091348,0.10742276
UTP23,0.00038487962,0.011002104,0.00016960972,0.05676482,0.022856722
UTP25,0.029728513,0.07033487,0.0628893,0.01804367,0.07984297
UTP3,0.0005820556,0.06303075,0.00022038665,0.023720449,0.09815606
UTP4,0.10751439,0.23331714,0.0628893,0.01804367,0.19329563
UTP6,0.00096104527,0.06467764,0.00010942538,0.05164654,0.12580559
UTRN,0.00091312604,0.059830975,0.000108078406,0.037068617,0.03674497
UTS2R,0.08344178,0.021056268,0.22122663,0.014265671,0.014855043
UTY,0.0014023227,0.017575558,0.00068786036,0.02591231,0.027280001
UVRAG,0.00037253607,0.04180848,0.00031952542,0.015476917,0.026421636
UVSSA,0.00027236147,0.0057777665,0.00013768536,0.0663656,0.0036670817
UXS1,0.00087431393,0.020472765,0.00030280475,0.021941544,0.051116683
UXT,0.00093715114,0.06453703,0.0001737811,0.0766543,0.07733937
VAC14,0.00089588156,0.05766826,0.00032664248,0.049897034,0.036383078
VAMP2,0.00047819514,0.01703186,0.0001394482,0.03914628,0.013472267
VAMP3,0.00049803837,0.03929939,0.0001234871,0.048051927,0.026065532
VAMP4,0.00029513883,0.020276228,0.00019513551,0.0228724,0.01645222
VAMP5,0.041161872,0.013945465,0.13101831,0.036719054,0.008033932
VAMP7,0.00033405685,0.021929525,0.000401262,0.04778291,0.04423846
VAMP8,0.001262986,0.07898041,0.00060750416,0.06460221,0.028819112
VANGL1,0.00028310658,0.01963022,0.0001964213,0.022376817,0.03769541
VANGL2,0.000323492,0.0048873676,0.00026966547,0.0123439105,0.004569264
VAPA,0.00076304754,0.035168912,0.00014953953,0.06687419,0.04861852
VAPB,0.00094529346,0.06273576,8.012475e-05,0.05625399,0.029026588
VARS1,0.049055602,0.015215462,0.0628893,0.01804367,0.046102647
VARS2,0.00075958663,0.025299761,0.00018935688,0.050912876,0.013638747
VASH1,0.0013132936,0.019640349,0.00042612964,0.013398572,0.03977922
VASH2,0.0012783452,0.033259343,0.00013951962,0.017034966,0.080262624
VASN,0.00041096093,0.014513458,0.00038780188,0.025781035,0.042720042
VASP,0.0009687893,0.041385144,0.0003693297,0.040343333,0.012867963
VAT1,0.0009023039,0.03671666,0.0002628,0.023099316,0.026874805
VAT1L,0.0010471132,0.050364032,0.00015797114,0.011722919,0.051305473
VAV1,0.17701638,0.06828439,0.38304862,0.08628132,0.016476264
VAV2,0.00030193073,0.008207151,0.00035061923,0.11502292,0.006106021
VAV3,0.1436993,0.03181597,0.3686304,0.05625399,0.022139248
VAX1,0.00820714,0.03985598,0.0041531287,0.01804367,0.075176865
VAX2,0.001398332,0.009068916,0.012924073,0.01804367,0.037588242
VBP1,0.0007953119,0.11915682,0.00013640017,0.28078908,0.1089229
VCAM1,0.16569643,0.10492645,0.44491088,0.16620052,0.026128674
VCAN,0.00077872357,0.104787946,0.00014866261,0.033391032,0.074319534
VCL,0.00034819706,0.05664589,0.0001432999,0.050794527,0.024549598
VCP,0.3417909,0.38380638,0.43131885,0.32497138,0.34326383
VCPIP1,0.00059569796,0.02986445,0.00012256409,0.093020104,0.033434678
VCPKMT,0.000770164,0.021939708,0.00017354397,0.015654534,0.04795617
VDAC1,0.16282104,0.12494414,0.37181482,0.15061387,0.09525012
VDAC2,0.0006105999,0.14200036,0.00013336175,0.08628132,0.11806249
VDAC3,0.00086062343,0.09295457,0.00029171308,0.20399636,0.029113404
VDR,0.0010853807,0.064575195,0.00019714273,0.08411785,0.020448267
VEGFA,0.36601722,0.0829979,0.18987685,0.1344378,0.060563706
VEGFB,0.0002414049,0.0039754673,0.00012491787,0.017130291,0.0054235705
VEGFC,0.0013241475,0.03000713,0.00018488907,0.03158699,0.042514738
VENTX,0.0017344177,0.0673101,0.00094450254,0.18012077,0.031595785
VEPH1,0.0004195969,0.030035192,0.00094985985,0.03405934,0.035019215
VEZF1,0.08068892,0.016636433,0.040744744,0.012868392,0.04222348
VEZT,0.000620535,0.067552656,0.00031594856,0.01133714,0.11257054
VGF,0.0005159304,0.0040655206,0.00013910039,0.027054181,0.011939968
VGLL1,0.00073461945,0.008985849,0.00013951962,0.009173206,0.012550534
VGLL2,0.06846268,0.014018047,0.04568878,0.01992266,0.025837302
VGLL3,0.002144755,0.017194742,0.00046149633,0.008382098,0.041443232
VGLL4,0.0003262432,0.007444383,0.00038266566,0.036356807,0.031302344
VHL,0.67247564,0.6131781,0.35712343,0.4187959,0.5836928
VIL1,0.0005464921,0.009339852,0.00017123127,0.027358834,0.013726754
VILL,0.0022804162,0.0043824385,0.003164685,0.01804367,0.0069459914
VIM,0.6132339,0.3835549,0.29568374,0.38199276,0.01759931
VIP,0.00091407483,0.018396778,0.00018698178,0.01746389,0.041695904
VIPAS39,0.0007613995,0.030086558,0.00022854547,0.03756352,0.019767452
VIPR1,0.0008352004,0.06854147,0.0001874945,0.035619125,0.028538598
VIPR2,0.0006903513,0.0387384,0.00015337084,0.018664645,0.07402679
VIRMA,0.02195286,0.044367854,0.0628893,0.01804367,0.1316987
VKORC1,0.24220283,0.038651638,0.11626617,0.1731381,0.019158065
VLDLR,0.0003521088,0.026105804,0.00014097204,0.025065692,0.02836234
VMA21,0.0008164618,0.046520025,0.00027749417,0.011245472,0.042905737
VMAC,0.0039498163,0.020060578,0.00090418826,0.01804367,0.02232893
VMP1,0.06780357,0.033173613,0.061710883,0.052114382,0.10207057
VN1R1,0.001933962,0.014190405,0.0046626413,0.01804367,0.042817924
VN1R2,0.005152679,0.010052056,0.004626658,0.01804367,0.074992485
VN1R4,0.0005627335,0.0019502986,0.0075389915,0.01804367,0.00588468
VOPP1,0.0005077268,0.055467978,0.00010904998,0.110016964,0.022908563
VPREB3,0.0041342215,0.02100821,0.0020381915,0.008382098,0.049454525
VPS13A,0.0009741362,0.09871539,0.00015973895,0.020978805,0.052357357
VPS13B,0.0005201277,0.004720587,0.00035405238,0.023442874,0.014867315
VPS13C,0.06327561,0.0063414336,0.09004436,0.023442874,0.029429771
VPS13D,0.0006366922,0.05388832,0.00028219193,0.0698648,0.037606798
VPS16,0.00061625696,0.06259092,0.00018269851,0.01878011,0.053846497
VPS18,0.0009608691,0.048403785,7.934297e-05,0.13673598,0.03612689
VPS25,0.00044041287,0.07668893,0.00020442758,0.022376817,0.120897636
VPS26A,0.0011106874,0.03446166,0.0007035027,0.02621554,0.059559867
VPS26C,0.010843655,0.008595679,0.0628893,0.01804367,0.029410461
VPS28,0.0011462506,0.06532686,5.3863772e-05,0.080925874,0.088546194
VPS29,0.13439997,0.064322166,0.079519026,0.024410563,0.25202957
VPS33A,0.14595996,0.013472287,0.29138407,0.040591124,0.0147899585
VPS33B,0.0006386218,0.013603728,0.00023057245,0.076361425,0.021200133
VPS35,0.119042486,0.06671251,0.24976443,0.06992287,0.04869138
VPS35L,0.014574488,0.021816103,0.0628893,0.01804367,0.056786235
VPS36,0.00064076995,0.041908816,0.00017069415,0.022906292,0.05738453
VPS37A,0.000615917,0.04212675,0.00015016123,0.04164072,0.04947965
VPS37B,0.00036128852,0.023075258,0.00015901725,0.09711622,0.017793186
VPS37C,0.00034935982,0.013894824,0.00020807146,0.08846617,0.007870214
VPS37D,0.00082401163,0.009959577,0.00045410835,0.01020011,0.027856197
VPS41,0.0009250746,0.06609111,0.00011771675,0.029799249,0.121533394
VPS45,0.0005204344,0.09500188,0.00014916214,0.025781035,0.03542369
VPS4A,0.6113092,0.491019,0.52322453,0.053090177,0.34187704
VPS4B,0.00029193202,0.025266001,0.0004443899,0.02372016,0.04153615
VPS50,0.005451353,0.012185716,0.0628893,0.01804367,0.022023745
VPS51,0.0014684476,0.22430225,9.895787e-05,0.15795006,0.18259011
VPS52,0.071596205,0.05809979,0.26212955,0.092605285,0.035725486
VPS53,0.09308248,0.021618802,0.1128081,0.043702487,0.03574894
VPS54,0.06244896,0.040906284,0.092953846,0.015654534,0.09727833
VPS72,0.20955543,0.042731404,0.23816894,0.26076806,0.07693166
VPS8,0.0898484,0.02596505,0.06435695,0.017267942,0.06999339
VPS9D1,0.00059347367,0.00806887,0.00011596445,0.024041327,0.012419228
VRK1,0.7698425,0.40511853,0.46920907,0.12056968,0.34596285
VRK2,0.32265905,0.14770944,0.39044893,0.18898353,0.0550843
VRK3,0.7447606,0.32257903,0.45593473,0.04708287,0.25377333
VRTN,0.0023454153,0.023959225,0.003951567,0.01804367,0.031122703
VSIG10,0.00073119113,0.010903392,0.0012979895,0.023442874,0.011889075
VSIG10L,0.0023688383,0.0024156533,0.0060167224,0.01804367,0.007510389
VSIG4,0.00076606387,0.015872927,0.00011966828,0.014542438,0.0116430195
VSNL1,0.00083188363,0.02471093,0.00042612964,0.02572108,0.01794745
VSTM2L,0.0005659369,0.0072696228,0.00017170787,0.008382098,0.018116577
VSTM5,0.0021356633,0.014438256,0.0033718883,0.01804367,0.040406767
VTA1,0.00085551577,0.059236895,0.00022375405,0.09566302,0.08295814
VTCN1,0.014023472,0.007645943,0.043334536,0.028982447,0.010965729
VTI1A,0.21303146,0.035573397,0.15337363,0.031009777,0.034101352
VTI1B,0.00012074955,0.0075930385,0.00010411191,0.050731044,0.008040084
VTN,0.00045239888,0.03812506,0.00013985795,0.053786866,0.023123689
VWA1,0.000731701,0.006446013,0.00037695435,0.020270698,0.017460153
VWA3B,0.024476672,0.018209584,0.0051212916,0.01804367,0.019309498
VWA5A,0.0008579828,0.010913655,0.0003483956,0.013998775,0.011763565
VWA5B2,0.000635026,0.0135502,0.00021170563,0.010057129,0.021716652
VWA8,0.0006540845,0.0052339286,0.00020405717,0.03158699,0.014526313
VWDE,0.0007649595,0.011039857,0.0014270248,0.01804367,0.017625736
VWF,0.0006365208,0.02277787,0.00023348443,0.040255483,0.019646047
WAC,0.09418096,0.019751156,0.39371416,0.18898353,0.03525486
WAPL,0.07705804,0.020330101,0.0628893,0.01804367,0.039289474
WARS2,0.25745013,0.10393948,0.113568716,0.017034966,0.06900022
WAS,0.00055629987,0.023646878,0.0003616102,0.17271312,0.0110204965
WASF1,0.0004517165,0.0190103,0.0001181772,0.107880354,0.029304396
WASF2,0.0015502927,0.06701944,0.00013569237,0.04699973,0.04141635
WASF3,0.0009326022,0.08516667,8.768551e-05,0.07801109,0.045589533
WASHC2A,0.0052207373,0.018805545,0.0628893,0.01804367,0.054602515
WASHC2C,0.016079819,0.10109432,0.0628893,0.01804367,0.09390046
WASHC4,0.007734407,0.0053853923,0.0628893,0.01804367,0.024768617
WASHC5,0.028101528,0.016532425,0.0628893,0.01804367,0.035707124
WASL,0.0020978265,0.07791655,0.000108298154,0.10427306,0.062226057
WBP1,0.00038792315,0.022924757,0.00031594856,0.02572108,0.03543333
WBP11,0.00074387796,0.05123713,0.00029340555,0.062388398,0.049743764
WBP1L,0.0013055177,0.009094216,0.00035382496,0.018586725,0.012990901
WBP2,0.0015738463,0.07262089,0.0003515356,0.08261023,0.03100338
WBP4,0.0014530822,0.08452658,0.00031046098,0.07331041,0.06369371
WDCP,0.0075946883,0.010491141,0.0628893,0.01804367,0.026559234
WDFY3,0.000279674,0.025309611,0.0001928675,0.06295411,0.019840743
WDFY4,0.00059853646,0.008189974,0.00021170563,0.023442874,0.018112073
WDHD1,0.00040483233,0.009456627,7.384801e-05,0.022454023,0.016820334
WDPCP,0.002394174,0.004213155,0.0060997037,0.01804367,0.0421515
WDR1,0.00091777457,0.038703986,7.469635e-05,0.05132467,0.060361087
WDR11,0.00037755966,0.0065096486,0.00020132834,0.052114382,0.011715431
WDR12,0.0012902643,0.09896204,0.00010171458,0.032562852,0.16500278
WDR13,0.34842297,0.033187225,0.43389356,0.024041327,0.066240214
WDR18,0.00053367275,0.0356444,0.00024164552,0.15611528,0.056814555
WDR19,0.00023035206,0.013428243,0.00031940115,0.023442874,0.0147167025
WDR20,0.0002628842,0.03776819,0.000115192095,0.06879071,0.009484118
WDR24,0.0010019209,0.058352508,0.00034318725,0.049843416,0.09901927
WDR25,0.001122167,0.045955103,0.00029976378,0.031085582,0.08095743
WDR26,0.0009235607,0.042778857,4.6372974e-05,0.0094861295,0.12148328
WDR27,0.0036662142,0.006169667,0.0008231056,0.020951219,0.01437599
WDR3,0.10557306,0.038489126,0.1049796,0.049156703,0.05265921
WDR33,0.0017092362,0.038276512,0.00014168238,0.09476636,0.09093151
WDR35,0.0012867838,0.013134813,0.00021123764,0.013998775,0.044410907
WDR36,0.5978884,0.46487758,0.20888105,0.082227424,0.55371237
WDR37,0.11165926,0.009889329,0.12699841,0.030808024,0.01748114
WDR38,0.004862632,0.012950409,0.0022980168,0.01804367,0.020074125
WDR41,0.00070744136,0.034686487,0.00029189387,0.083358064,0.02772955
WDR43,0.00032455777,0.019685268,0.00012500225,0.011681861,0.030513048
WDR44,0.0006379204,0.04204386,0.00023988349,0.011245472,0.07387614
WDR45,0.00013357747,0.0016388329,0.00045079703,0.1012721,0.0025567636
WDR45B,0.00052806974,0.014830632,0.00010875433,0.013998775,0.029729612
WDR46,0.008526782,0.110356055,0.0009980663,0.01804367,0.06763936
WDR47,0.3518516,0.07347071,0.44506574,0.047555506,0.09198177
WDR48,0.094914675,0.061056145,0.36317933,0.15935647,0.03020143
WDR5,0.0007460094,0.16606902,0.00020118768,0.07003943,0.12837099
WDR53,0.00012388278,0.0031228499,0.00036798787,0.023442874,0.0030871301
WDR54,0.0008197349,0.019044569,0.00020700155,0.028985407,0.019801354
WDR55,0.0014590987,0.14523534,0.0001590641,0.008678562,0.11418376
WDR59,0.0005358102,0.017282374,0.00021213845,0.011185222,0.046594735
WDR5B,0.0003056122,0.04907674,0.00019149028,0.06684685,0.020539273
WDR6,0.00045808274,0.030142045,0.0002983183,0.099410556,0.035284646
WDR62,0.13980117,0.06963243,0.15072767,0.06601743,0.051061857
WDR7,0.14145613,0.030879429,0.2114388,0.022928532,0.054454684
WDR70,0.32255375,0.06155735,0.24055056,0.03619586,0.25280908
WDR72,0.0018579811,0.010660081,0.00090418826,0.01804367,0.033185102
WDR73,0.00036879297,0.014946938,0.00033340557,0.02504491,0.025466107
WDR74,0.0007049348,0.05240938,0.00015446644,0.02049774,0.05226919
WDR75,0.001082224,0.084406644,0.0002117018,0.011722919,0.16117643
WDR76,0.00081458513,0.012223052,0.00033756273,0.04624848,0.020383507
WDR77,0.66880774,0.576397,0.47335467,0.15177786,0.58778214
WDR81,0.00018676207,0.006860863,9.105246e-05,0.011722919,0.0051597655
WDR82,0.00064175297,0.059126228,8.284545e-05,0.026436144,0.081112295
WDR83,0.7069855,0.40855464,0.25951347,0.09193732,0.5159205
WDR83OS,0.00018675068,0.0042387526,0.0002469485,0.022973275,0.011147697
WDR88,0.00029973377,0.004956184,0.00046149633,0.013998775,0.015099105
WDR89,0.00047162193,0.024276813,0.00017354397,0.07290339,0.01281833
WDR90,0.00092717784,0.007390977,0.0004151333,0.01146169,0.017967185
WDR91,0.057588443,0.010691896,0.09419363,0.02678978,0.016234972
WDSUB1,0.0022837014,0.008511617,0.0058090305,0.01804367,0.036022928
WDTC1,0.00070736185,0.03275866,0.00030147337,0.046951883,0.05093446
WEE1,0.7001229,0.37684125,0.5764951,0.10913064,0.39160243
WEE2,0.007384655,0.014251999,0.00088399125,0.01804367,0.04330483
WFDC1,0.00057780615,0.07574724,0.00027662353,0.0872825,0.038642265
WFDC11,0.03070562,0.03401894,0.02086595,0.01804367,0.058313176
WFDC2,0.0002691143,0.008501446,0.00071985566,0.023442874,0.016382335
WFIKKN1,0.0012635316,0.034507237,0.00014895547,0.05977457,0.047914144
WFIKKN2,0.0003414856,0.009567792,0.00012531852,0.01481898,0.011129762
WFS1,0.00024623706,0.03283498,0.00024620118,0.09053533,0.025344241
WHAMM,0.0008793871,0.0069537354,0.0029997146,0.01804367,0.015927693
WHRN,0.025462842,0.0066088,0.0628893,0.01804367,0.015130486
WIF1,0.00079550664,0.020818643,0.00017396877,0.026706034,0.0425246
WIPF1,0.0010958862,0.017693534,0.00017292274,0.051123098,0.02275651
WIPF2,0.00023071868,0.019894252,0.00015727017,0.04708287,0.028944615
WIPF3,0.0012801625,0.025704535,0.00050599215,0.013978116,0.070455424
WIPI1,0.0005967029,0.030490737,0.0002766159,0.024526373,0.02537646
WIPI2,0.00040302853,0.019515768,0.00011771675,0.050912876,0.015675938
WIZ,0.000327426,0.017382301,7.929101e-05,0.046585087,0.011599603
WLS,0.000404457,0.009405625,8.8296685e-05,0.018289693,0.015585454
WNK1,0.03722245,0.061901398,0.28360528,0.12217736,0.02943635
WNK1,0.03722245,0.061901398,0.28360528,0.12217736,0.02943635
WNK4,0.09470791,0.02254223,0.059132285,0.09414992,0.011839367
WNT1,0.0003002918,0.010594498,0.0006422722,0.015302589,0.024742058
WNT10A,0.0010739993,0.004481276,0.0016254314,0.01804367,0.007787486
WNT10B,0.0005974578,0.004950285,0.00021729295,0.023442874,0.012812418
WNT11,0.0004400952,0.012330635,0.0001781656,0.013913607,0.014486435
WNT16,0.00030195058,0.008533729,0.00024130734,0.012736215,0.010966857
WNT2,0.00057466433,0.03162709,0.00026208084,0.0154998135,0.041646972
WNT2B,0.00026018865,0.042728994,8.6497086e-05,0.01789132,0.029657265
WNT3A,0.00047397017,0.02754122,0.0001919632,0.011717236,0.041695703
WNT4,0.0007288432,0.014387866,0.00031952542,0.015513237,0.035795372
WNT5A,0.6893798,0.20296448,0.43977326,0.047569454,0.29761204
WNT5B,0.0005676007,0.011837694,0.00041544388,0.018664645,0.021434616
WNT7A,0.0007638956,0.014031629,0.0003437852,0.009690155,0.024239382
WNT7B,0.020554243,0.0018426409,0.2738152,0.018897312,0.0070779664
WNT9A,0.001229509,0.004656323,0.013682191,0.01804367,0.012426652
WNT9B,0.00079739036,0.00568794,0.010844309,0.01804367,0.014900224
WRAP53,0.6276626,0.14633521,0.6015973,0.024041327,0.11589323
WRAP73,0.0009775795,0.03858515,0.0003692415,0.18075153,0.03421673
WRN,0.27617958,0.23324724,0.31388018,0.7388583,0.1884173
WRNIP1,0.32127765,0.089536175,0.30364394,0.12533489,0.025935665
WSB1,0.0026746667,0.14055975,0.00059209677,0.050888,0.28457776
WSB2,0.0006830612,0.023530753,0.00020052772,0.05040613,0.05616989
WSCD2,0.002048006,0.013150603,0.0013006148,0.01804367,0.0256157
WT1,0.0005056476,0.063743204,0.00032580277,0.052951206,0.025162444
WTAP,0.00037950324,0.044451874,0.000324047,0.044167247,0.08455784
WTIP,0.0003316556,0.011692646,0.00016718246,0.024101408,0.020964641
WWC1,0.057457153,0.021141222,0.17938912,0.060118027,0.012124417
WWC2,0.02813452,0.008699747,0.05498648,0.024041327,0.0092555
WWOX,0.25570744,0.046390574,0.27594697,0.06688154,0.025923982
WWP1,0.00023680883,0.054378446,0.00047906087,0.07927051,0.017252589
WWP2,0.0003174274,0.049069285,0.00029876374,0.26639286,0.006179133
WWTR1,0.00086783915,0.07899366,0.0001712401,0.04538841,0.056753907
XAB2,0.07111722,0.05402319,0.42563498,0.08055776,0.08202197
XAF1,0.0045918296,0.04195553,7.572257e-05,0.055746976,0.038360223
XAGE2,0.0010841773,0.028775029,0.00015797114,0.06815558,0.046239972
XAGE3,0.17983228,0.017486677,0.3644308,0.020826694,0.047807083
XBP1,0.05423032,0.035870403,0.08633506,0.06340116,0.020943375
XBP1,0.05423032,0.035870403,0.08633506,0.06340116,0.020943375
XIAP,0.5809477,0.3786334,0.54859626,0.22074614,0.18878576
XIRP1,0.0005197045,0.01054807,0.00016103951,0.020951219,0.02289305
XIRP2,0.0010952594,0.027003178,0.000285953,0.009077163,0.01582451
XK,0.12195617,0.009659975,0.13219298,0.020437825,0.021258779
XKR4,0.0046689743,0.004745319,0.004557877,0.01804367,0.010089591
XKR6,0.002995559,0.0035314583,0.013839268,0.01804367,0.0052485866
XKR7,0.0006927077,0.004208902,0.004921039,0.01804367,0.025462497
XKR8,0.0036546425,0.007129663,0.0038027796,0.01804367,0.01737218
XKRX,0.0032478245,0.006705159,0.006126,0.01804367,0.017032195
XPA,0.26574457,0.10665894,0.26758975,0.06344022,0.033414405
XPC,0.0011215728,0.07746816,0.00016507962,0.07597153,0.03363756
XPNPEP1,0.000645556,0.023243636,0.0004413951,0.032562852,0.025819
XPNPEP3,0.0009053983,0.027617117,0.00040797683,0.009077163,0.03984539
XPO1,0.7623865,0.64831024,0.49364,0.27842665,0.64366424
XPO4,0.17511289,0.06471942,0.18809737,0.027358834,0.035738964
XPO5,0.0005707146,0.069592334,8.455425e-05,0.05400348,0.042771697
XPO6,0.00095600006,0.09128659,0.00011121318,0.13822865,0.08094954
XPO7,0.0014091475,0.081518166,0.00013463052,0.058306362,0.06405398
XPOT,0.00080705783,0.2587441,0.00018661396,0.07534827,0.06907447
XPR1,0.0008382864,0.040706415,0.00084801967,0.023442874,0.0960443
XRCC1,0.14226666,0.025277624,0.32245085,0.12284901,0.027653996
XRCC2,0.7723104,0.585454,0.5036215,0.4611724,0.5835214
XRCC3,0.046868704,0.092558816,0.36232844,0.38381764,0.06083584
XRCC4,0.121585,0.020626834,0.3114442,0.13634203,0.00968089
XRCC5,0.20486954,0.12613958,0.63494337,0.22634348,0.045676336
XRCC6,0.10668398,0.07135728,0.6301122,0.16658272,0.05497547
XRN1,0.00055667484,0.08124763,0.00013664646,0.08255779,0.09081127
XRN2,0.053317834,0.01433447,0.22661246,0.17239588,0.01632604
XRN2,0.053317834,0.01433447,0.22661246,0.17239588,0.01632604
XRRA1,0.0022403703,0.0043985695,0.004004985,0.01804367,0.01048825
XYLT2,0.0024268678,0.03994353,0.0010332862,0.01804367,0.05594473
YAF2,0.00034733157,0.0053576212,0.0004260793,0.027190577,0.0052973125
YAP1,0.17667925,0.09041659,0.15984263,0.06761431,0.077490754
YARS2,0.00049743295,0.027731352,0.00016031315,0.028792977,0.06836336
YBEY,0.00057672936,0.04755977,0.00033535046,0.049843416,0.048083052
YBX1,0.09579578,0.12499052,0.3337786,0.13383648,0.11124266
YBX2,0.038383685,0.008428039,0.037151605,0.023442874,0.03493841
YBX3,0.0011254434,0.06461943,0.00021691085,0.03696163,0.030011524
YDJC,0.0014555459,0.02516886,0.00015797114,0.023442874,0.02466673
YEATS2,0.001192702,0.0328534,5.9133326e-05,0.011547842,0.056214865
YEATS4,0.0012087253,0.14059721,0.00016289661,0.19155264,0.109848514
YES1,0.08550874,0.06665213,0.363483,0.12541975,0.026753135
YIF1A,0.00061084435,0.03256945,7.723819e-05,0.07545655,0.03506642
YIPF1,0.0007467698,0.02863865,7.7918354e-05,0.009380428,0.03525634
YIPF2,0.00028683795,0.008884178,0.0001893251,0.020553498,0.014980063
YIPF3,0.00029952923,0.013086837,7.2006165e-05,0.042503074,0.015462421
YIPF4,0.0008913004,0.03466684,0.00036768435,0.013913607,0.046037883
YIPF5,0.000944863,0.06700986,0.00021338054,0.04225217,0.11161404
YIPF6,0.0004902829,0.012958007,0.00018315148,0.032780126,0.063826926
YJEFN3,0.0022285508,0.027714705,0.0014190259,0.01804367,0.06221498
YJU2,0.032089405,0.032574423,0.0628893,0.01804367,0.026032917
YKT6,0.0008223562,0.12084034,0.0006326923,0.024729606,0.18424375
YLPM1,0.0002609954,0.01799311,0.00013266683,0.058306362,0.016533874
YME1L1,0.2643495,0.0869317,0.26442403,0.046359513,0.111280225
YOD1,0.0010124457,0.046437513,0.000101984566,0.024358278,0.06353252
YPEL1,0.00495188,0.030998453,0.0013006148,0.01804367,0.0490865
YPEL2,0.001312762,0.029101359,0.0002280857,0.016337538,0.06511309
YPEL3,0.00024087081,0.01276269,0.00024273663,0.031919457,0.01367381
YPEL4,0.0013617896,0.0054710256,0.006523448,0.01804367,0.008416165
YPEL5,0.0007277906,0.050774056,0.00026135123,0.023442874,0.090092234
YRDC,0.0015112084,0.026093945,0.00015899345,0.012257511,0.056829415
YTHDC1,0.10592968,0.07899356,0.34161678,0.03673436,0.045122925
YTHDC2,0.0008236203,0.02302957,0.00026748178,0.04057241,0.024936887
YTHDF1,0.00030008433,0.022743592,0.00013399989,0.036235023,0.02537867
YTHDF2,0.0004616041,0.049417943,0.00017802567,0.040722523,0.07181987
YWHAB,0.4571077,0.084852785,0.14233121,0.17048424,0.029065408
YWHAE,0.104854845,0.054484736,0.24224357,0.06460228,0.07762245
YWHAG,0.17487282,0.14539632,0.42669678,0.16620052,0.0813434
YWHAH,0.18647134,0.1485779,0.24268416,0.06460228,0.051861092
YWHAQ,0.06474115,0.03809449,0.20244037,0.07635919,0.008871179
YWHAZ,0.17694083,0.104448706,0.42669678,0.32497138,0.06165667
YY1,0.21529292,0.13293307,0.18839054,0.31844148,0.076175086
YY1AP1,0.00046140858,0.02525058,6.9386595e-05,0.055472553,0.022862585
ZACN,0.0010103678,0.00757371,0.0074376105,0.01804367,0.009458199
ZAP70,0.00056231447,0.09280508,0.00033983108,0.047216956,0.104991004
ZAR1L,0.0031465297,0.0073689185,0.019586336,0.01804367,0.016862951
ZBBX,0.002019646,0.02941102,0.0005936632,0.013978116,0.08381218
ZBED2,0.0010197194,0.02021522,0.000268522,0.019577004,0.035189785
ZBED4,0.00049021095,0.01571487,0.00033035863,0.029724043,0.021766886
ZBP1,0.00032570434,0.018289125,0.00017810124,0.025065692,0.018271996
ZBTB1,0.0005441624,0.046439026,0.00033290946,0.057138085,0.039729808
ZBTB10,0.0014049989,0.071809255,0.00012052407,0.071673915,0.06363621
ZBTB11,0.0008951494,0.03557832,0.0002030402,0.035091348,0.091411345
ZBTB12,0.00073867204,0.0056423233,0.00021330731,0.04029104,0.006567154
ZBTB14,0.00092089426,0.051092803,0.00013451553,0.23182449,0.020915002
ZBTB16,0.00018183615,0.018097509,0.000103155915,0.19283855,0.014011147
ZBTB17,0.00075731357,0.1274703,0.00013392809,0.1341257,0.07168691
ZBTB18,0.0009711819,0.059285793,0.00013300501,0.028792977,0.06113524
ZBTB2,0.00084629067,0.029854737,0.00023487658,0.046035986,0.040146466
ZBTB20,0.00042584457,0.004617168,0.0008758903,0.024101408,0.008411657
ZBTB21,0.0008769968,0.046842795,0.00015657276,0.038877636,0.03759874
ZBTB22,0.0008030825,0.02224542,0.0003280897,0.08620755,0.029014014
ZBTB24,0.00080190366,0.0727927,0.0001416786,0.07621041,0.031179884
ZBTB25,0.0005937902,0.042194612,0.00016471687,0.14387847,0.02188042
ZBTB26,0.00052853307,0.01937411,0.0009946376,0.02572108,0.0349346
ZBTB3,0.00054409215,0.035184428,0.00016675275,0.09588809,0.009219928
ZBTB32,0.23811947,0.045365248,0.2899364,0.07483766,0.022938538
ZBTB33,0.0002865679,0.010540016,0.00020052772,0.09232367,0.009166266
ZBTB34,0.0009961425,0.005505876,0.006156495,0.01804367,0.020795282
ZBTB37,0.000418815,0.012459178,0.0005307913,0.022973275,0.018452551
ZBTB38,0.00027245109,0.037658107,0.00021606928,0.049953785,0.15614066
ZBTB39,0.031376082,0.0036584437,0.23284908,0.023442874,0.0048332433
ZBTB4,0.00029059494,0.01115385,0.00022864528,0.008678562,0.0132034235
ZBTB40,0.0007493107,0.041393526,0.00017593856,0.0229092,0.047089398
ZBTB41,0.050199233,0.004163489,0.11374983,0.023442874,0.026081068
ZBTB42,0.001853309,0.006521369,0.00081582414,0.01804367,0.007113601
ZBTB43,0.000762425,0.019482164,0.00020716502,0.1749634,0.03001171
ZBTB44,0.00026130065,0.015565203,6.598025e-05,0.05275088,0.013843062
ZBTB45,0.0013812127,0.0065733446,0.0007037266,0.017267942,0.011989669
ZBTB46,0.0004702496,0.013207724,0.00027471516,0.04029104,0.026291128
ZBTB47,0.0010586865,0.0298903,0.00068389624,0.009077163,0.058673836
ZBTB48,0.1427014,0.050214592,0.09061749,0.039986305,0.028173707
ZBTB49,0.00053811,0.01896162,0.0003854875,0.024729606,0.018840114
ZBTB5,0.090155885,0.012755003,0.16778414,0.08972444,0.007814621
ZBTB6,0.0009980216,0.09255489,0.00046345452,0.032562852,0.0891579
ZBTB7A,0.00028231225,0.011454178,0.000119503384,0.08986671,0.0092003895
ZBTB7B,0.00051083945,0.06840288,0.00030538006,0.10262598,0.033392563
ZBTB8A,0.0016213106,0.085469544,0.00026243067,0.11967105,0.032779325
ZBTB9,0.0003162861,0.03211051,0.00013463052,0.13282922,0.01381549
ZC2HC1A,0.00052469334,0.06037911,0.00017354397,0.024950339,0.052602854
ZC2HC1C,0.0011122545,0.075454324,0.00011655045,0.1163222,0.036614686
ZC3H10,0.033803254,0.008231542,0.22141139,0.022508346,0.006393017
ZC3H11A,0.00019783418,0.025452027,7.820367e-05,0.10114741,0.043030076
ZC3H12A,0.0005794822,0.038762733,0.0006169342,0.113731965,0.0236129
ZC3H13,0.07922855,0.0651503,0.09195555,0.07653722,0.050615013
ZC3H14,0.0007256354,0.054790508,0.00025182538,0.028792977,0.047813497
ZC3H15,0.067861445,0.017602675,0.060547113,0.044827595,0.028613215
ZC3H18,0.70763373,0.4863084,0.352605,0.070112325,0.5186378
ZC3H4,0.00026811397,0.009716548,0.0010268335,0.015654534,0.028871737
ZC3H7A,0.00051987515,0.0062030028,0.00044111646,0.011245472,0.0099737905
ZC3H7B,0.00030680036,0.008746335,0.00026886477,0.17915075,0.0067167855
ZC3HAV1,0.00065847306,0.016807444,7.647721e-05,0.014107352,0.014947057
ZC3HAV1L,0.04416322,0.014894689,0.023275437,0.022454023,0.021792142
ZC3HC1,0.00067219295,0.046849344,0.0001417471,0.026436144,0.072799414
ZCCHC10,0.0013835509,0.09640119,0.0003579782,0.10427306,0.038701933
ZCCHC12,0.0022784306,0.054264188,0.0005745041,0.06831696,0.019676719
ZCCHC13,0.10370257,0.012739279,0.27640706,0.008605173,0.0330431
ZCCHC14,0.0011248077,0.02011462,0.00020290937,0.008678562,0.03781531
ZCCHC17,0.0001319686,0.0110052945,0.00019533747,0.0324777,0.008282875
ZCCHC18,0.014846748,0.061362434,0.0059457514,0.01804367,0.06447288
ZCCHC2,0.0005430277,0.004160147,0.0002176637,0.023442874,0.012671618
ZCCHC24,0.16460392,0.014298437,0.05888277,0.010057129,0.07349188
ZCCHC3,0.035289858,0.01830039,0.20007768,0.025456108,0.016165942
ZCCHC7,0.0005227801,0.016945977,0.00041354584,0.028792977,0.038453214
ZCWPW1,0.0005021522,0.0110697225,0.00069404347,0.012661081,0.027525382
ZDHHC1,0.0004533927,0.013667689,0.0002508015,0.023442874,0.03902168
ZDHHC11,0.00097119756,0.02120181,0.00033725394,0.020270698,0.049916584
ZDHHC14,0.0017707438,0.0068542766,0.0008231056,0.01804367,0.027320521
ZDHHC15,0.0064105242,0.06282967,0.001518146,0.01804367,0.13333882
ZDHHC16,0.09775392,0.014943906,0.09894779,0.022068124,0.019894186
ZDHHC17,0.00058939104,0.01667478,0.00012550746,0.024410563,0.013429032
ZDHHC18,0.0011108377,0.011771866,0.0008231056,0.01804367,0.018775359
ZDHHC20,0.00061863975,0.011065202,0.00022131107,0.023442874,0.033523697
ZDHHC23,0.000679373,0.03388386,0.00043264733,0.020175396,0.022560678
ZDHHC24,0.00073088636,0.035546154,0.0003961641,0.009077163,0.08262278
ZDHHC4,0.0016409016,0.023323696,0.00018188661,0.02272375,0.058065914
ZDHHC5,0.00049253786,0.027909342,0.00017354397,0.023442874,0.058213208
ZDHHC6,0.0005701665,0.008157491,9.1810114e-05,0.026245482,0.019559223
ZDHHC7,0.00037918283,0.028763218,0.00025289968,0.011722919,0.023633363
ZDHHC8,0.00049368216,0.011493555,0.00032317574,0.023442874,0.009475222
ZEB1,0.0016919562,0.19066803,0.0001595616,0.024893265,0.24177502
ZEB2,0.0005050814,0.02929742,0.0001685166,0.03241387,0.049612794
ZER1,0.00026813956,0.049593486,0.00017600517,0.030070199,0.051500775
ZFAND1,0.004018705,0.01582053,0.00228441,0.01804367,0.013463151
ZFAND3,0.00026950228,0.011681531,0.0003077325,0.021392673,0.0132173905
ZFAND4,0.00047771633,0.006526997,0.00073282665,0.008382098,0.030113371
ZFAND5,0.00019060115,0.015504826,0.00017838387,0.14170903,0.010235681
ZFAND6,0.00025046433,0.01264161,0.00054492126,0.06586782,0.0067514777
ZFAT,0.00018533121,0.018853605,0.00036213855,0.009077163,0.019865388
ZFC3H1,0.13924313,0.13467422,0.15504138,0.033206817,0.10292476
ZFP1,0.0011419131,0.03301559,0.001125237,0.016212763,0.031108499
ZFP14,0.0011288647,0.02550473,0.00028707433,0.023442874,0.044440422
ZFP2,0.09237229,0.008377616,0.2788169,0.039042577,0.0151648875
ZFP28,0.0017509894,0.028459564,0.0008022334,0.011245472,0.047387157
ZFP3,0.0021743898,0.0062859724,0.0068162777,0.01804367,0.014931151
ZFP36,0.0005488061,0.026354883,0.000119957906,0.065077096,0.014865227
ZFP36L1,0.0010621409,0.062018394,0.00016454484,0.08972444,0.113538
ZFP36L2,0.0004527399,0.019270282,0.00013545761,0.06389214,0.030377682
ZFP37,0.18485798,0.022202367,0.025727132,0.027054181,0.04427906
ZFP41,0.00078859687,0.0057318932,0.0020849472,0.01804367,0.023196666
ZFP57,0.0028209852,0.0067356485,0.0015285858,0.01804367,0.021610422
ZFP62,0.0027601006,0.0064799814,0.0059523387,0.01804367,0.020987777
ZFP64,0.0006433314,0.052345462,0.00018204676,0.10677952,0.024701877
ZFP69B,0.0006920452,0.0071979985,0.00023737962,0.012661081,0.014463097
ZFP90,0.0031366856,0.0052257916,0.0019744807,0.01804367,0.024256267
ZFP91,0.00049506477,0.0195069,0.0003355633,0.03447213,0.025908232
ZFPL1,0.0004071807,0.013825889,0.00036177988,0.046332557,0.01630634
ZFPM1,0.13341579,0.04025395,0.19973196,0.028792977,0.068842486
ZFPM2,0.00051051355,0.016956044,0.00017970917,0.041839454,0.01264608
ZFR,0.053213052,0.019516468,0.035163537,0.07972228,0.017608257
ZFX,0.1767419,0.025147581,0.50846744,0.023442874,0.076439776
ZFY,0.0009046066,0.027970288,0.00015797114,0.008678562,0.069150016
ZFYVE1,0.0004854785,0.009152876,0.0002688335,0.026073754,0.023499241
ZFYVE16,0.19533284,0.031038368,0.18632933,0.011245472,0.046012055
ZFYVE19,0.0013067474,0.08570089,0.00013143549,0.07072921,0.050785605
ZFYVE21,0.00053421274,0.011427358,0.00026381697,0.04962714,0.0073981313
ZFYVE26,0.00036209988,0.039496597,0.00012728883,0.07534827,0.012676236
ZFYVE27,0.0003007686,0.015483587,0.00051176304,0.030808024,0.012516068
ZFYVE28,0.0003930505,0.0053196657,0.00020171647,0.01146169,0.005191843
ZFYVE9,0.0008900342,0.10014508,0.00025590492,0.15331545,0.04228047
ZG16B,0.0004114776,0.00788889,0.0008128828,0.024729606,0.019246299
ZGPAT,0.3553273,0.39544016,0.20269279,0.24895327,0.08281684
ZGRF1,0.00039220497,0.00886721,0.00024927148,0.013998775,0.017408734
ZHX1,0.00064338633,0.03922317,0.00032686803,0.13278525,0.022943188
ZHX2,0.10135281,0.04116322,0.1890712,0.060900383,0.024146596
ZHX3,0.0007121901,0.018883962,0.00028138733,0.04223064,0.015460925
ZIC1,0.0006382691,0.014011714,0.00015673676,0.022928532,0.040937398
ZIC2,0.0009084884,0.045868337,0.0004929425,0.02649773,0.06286628
ZIC5,0.0039827107,0.01610886,0.0008231056,0.01804367,0.020902125
ZIK1,0.0011369523,0.009829262,0.0020453697,0.013978116,0.02487791
ZIM3,0.50739294,0.16702709,0.626415,0.023442874,0.24105766
ZKSCAN1,0.0009848521,0.02128674,0.00012684125,0.018913325,0.01309972
ZKSCAN2,0.0180245,0.017043823,0.01345037,0.01804367,0.095805466
ZKSCAN3,0.00021936277,0.007977905,5.6053585e-05,0.03619586,0.020816524
ZKSCAN4,0.00094305346,0.08285944,0.00016442845,0.048723042,0.034635857
ZKSCAN5,0.0008253263,0.016077103,0.00013951962,0.008586558,0.018876247
ZKSCAN7,0.00084145524,0.014203099,0.00016171332,0.031371307,0.04042025
ZKSCAN8,0.0002864029,0.011044543,0.00017223308,0.030818716,0.0150794815
ZMAT1,0.069422714,0.02251038,0.22761391,0.015704844,0.03376933
ZMAT2,0.11605793,0.059362024,0.20370342,0.10868303,0.08444486
ZMAT3,0.0008570326,0.024324883,0.0002797169,0.03561833,0.046378355
ZMAT4,0.0011132217,0.008345441,0.00014816601,0.022075247,0.030325115
ZMIZ1,0.0666522,0.018607786,0.377858,0.08620755,0.0123709375
ZMIZ2,0.0003559751,0.02890599,0.00030603877,0.10903678,0.022724899
ZMPSTE24,0.0011307219,0.020555299,0.00018332008,0.04624848,0.067750975
ZMYM1,0.00083716214,0.03057013,0.00044104035,0.01627669,0.04128147
ZMYM2,0.14554912,0.042947732,0.25093287,0.12334042,0.03693582
ZMYM3,0.0013043979,0.09133045,7.4166855e-05,0.073217176,0.044185758
ZMYM4,0.00038755077,0.06396504,0.00019125233,0.09698627,0.042405445
ZMYM5,0.11752867,0.016544221,0.06147384,0.050640047,0.045689434
ZMYM6,0.00043433352,0.025979405,6.73211e-05,0.02623154,0.052472994
ZMYND10,0.0022356915,0.017970089,0.00014034462,0.079073355,0.013703527
ZMYND11,0.0006335072,0.07997317,0.0001189943,0.15077095,0.04277855
ZMYND19,0.00042055835,0.038103517,0.00019396574,0.049953785,0.015710484
ZMYND8,0.0022299848,0.084480084,0.00012189252,0.08261023,0.18429157
ZNF10,0.00082971447,0.026979512,0.00012443152,0.044079047,0.03276368
ZNF101,0.00037671078,0.02693864,0.00021235032,0.039042577,0.020947516
ZNF106,0.00049328536,0.026517801,0.000118710515,0.04157456,0.02056041
ZNF107,0.0014009532,0.03650719,0.0006432275,0.06691829,0.019389175
ZNF112,0.0028089443,0.013876496,0.0076180734,0.01804367,0.0411971
ZNF114,0.00084582146,0.023700403,0.0004232508,0.02678978,0.04723265
ZNF12,0.00012117239,0.0026558063,0.00018367806,0.023442874,0.0068389853
ZNF121,0.0007994141,0.051325757,0.00015797114,0.118521735,0.077976316
ZNF124,0.0005383257,0.044936646,0.00021366536,0.04754783,0.02068916
ZNF131,0.00040595964,0.03323089,0.0002949529,0.056604307,0.13688356
ZNF133,0.0006373151,0.012505913,0.00022533706,0.011722919,0.011798418
ZNF134,0.005580486,0.008266354,0.012232998,0.01804367,0.022024006
ZNF135,0.00068362843,0.013853593,0.00059359724,0.055746976,0.013599973
ZNF136,0.0010537308,0.038035467,0.0015755653,0.036136404,0.04573529
ZNF138,0.0007139644,0.033438236,0.00064358313,0.027358834,0.032288555
ZNF140,0.026831385,0.00336897,0.061349753,0.024203353,0.016133009
ZNF141,0.0004511603,0.006276719,0.00029820827,0.024041327,0.011395996
ZNF142,0.029864699,0.012306569,0.22172353,0.10439912,0.016347772
ZNF143,0.0004987336,0.02662811,0.0006203135,0.05802234,0.027328828
ZNF146,0.0010267181,0.035358958,0.0003005132,0.008678562,0.023360858
ZNF148,0.000467642,0.05976014,0.00020501061,0.058306362,0.051258147
ZNF154,0.0009920091,0.0068604825,0.0016688346,0.01804367,0.056340322
ZNF157,0.0024476969,0.016650504,0.0015425377,0.01804367,0.051941115
ZNF16,0.00025910736,0.04477821,0.00020807146,0.10953869,0.009763977
ZNF160,0.00093828054,0.052342314,0.0005952942,0.037042066,0.048476525
ZNF165,0.10664822,0.054533917,0.14630286,0.10128238,0.03312168
ZNF169,0.00015387783,0.005488481,0.00031656394,0.02516947,0.0036897156
ZNF174,0.00028179513,0.010639233,0.001009952,0.055746976,0.009020203
ZNF175,0.0017729831,0.01756908,0.00063963357,0.040591124,0.044806264
ZNF177,0.00056066,0.008080117,0.00011090722,0.013398572,0.025682587
ZNF180,0.0003529492,0.050228603,0.00015723193,0.08091924,0.049036935
ZNF181,0.00054349814,0.02533976,0.00045628153,0.023442874,0.03589518
ZNF182,0.0014441897,0.0052016443,0.009194689,0.01804367,0.018992638
ZNF184,0.0011751507,0.018719306,0.00012777002,0.043872934,0.01858078
ZNF185,0.00035866292,0.0053064963,0.00020132834,0.021392673,0.014191245
ZNF189,0.0018961313,0.010666702,0.000648107,0.01804367,0.012904014
ZNF19,0.0026183806,0.011564078,0.0016681666,0.01804367,0.043241236
ZNF195,0.0014538593,0.020659646,0.0006247328,0.028985407,0.041968115
ZNF2,0.09481379,0.022444494,0.16470243,0.05802234,0.040458284
ZNF20,0.0009846597,0.038290434,0.00043895136,0.11081539,0.029771429
ZNF200,0.0816671,0.016544214,0.08349115,0.07357072,0.019726504
ZNF202,0.00051112997,0.025671756,0.00056560687,0.05199053,0.018030848
ZNF205,0.0008070286,0.013428552,0.000399243,0.013618991,0.020368468
ZNF207,0.0334755,0.029861879,0.27884746,0.023447067,0.05085183
ZNF212,0.00066556875,0.0303746,0.00041811974,0.04754783,0.020525003
ZNF213,0.00068257545,0.011664863,0.00088329153,0.023442874,0.026018158
ZNF214,0.00231976,0.005263378,0.00090418826,0.01804367,0.015610225
ZNF215,0.00047306722,0.034239974,0.00011635978,0.042580854,0.028102614
ZNF217,0.0006727772,0.053343643,0.00018760287,0.036976393,0.09232552
ZNF219,0.00053504895,0.042067807,0.00019993434,0.12302755,0.021307737
ZNF22,0.0007424799,0.03515568,0.00017011166,0.013998775,0.06613616
ZNF223,0.00080228125,0.047840156,0.0010260176,0.013913607,0.07572539
ZNF226,0.00044322966,0.015847897,0.00014987655,0.011722919,0.01610768
ZNF227,0.00094121153,0.03906064,0.00023264045,0.043185964,0.059059184
ZNF229,0.00063158496,0.011662388,0.00015797114,0.023442874,0.04391162
ZNF23,0.0003312919,0.011138439,0.0002494417,0.044621475,0.008955484
ZNF230,0.00028521946,0.035128213,0.00017354397,0.076361425,0.01594234
ZNF232,0.0017601715,0.015889322,0.0010311091,0.06145906,0.033158492
ZNF235,0.0016370658,0.034268256,0.00012834503,0.010767184,0.027685395
ZNF236,0.00038741776,0.015884507,0.00020583246,0.023442874,0.06722254
ZNF239,0.0009819949,0.022380019,0.00020473187,0.02844312,0.02876557
ZNF24,0.00026934352,0.017575433,0.000399321,0.21963173,0.0077632354
ZNF248,0.00072070886,0.031959765,0.0004151333,0.023442874,0.020359099
ZNF25,0.0006404638,0.007826701,0.00012559701,0.023442874,0.021609219
ZNF250,0.00087579386,0.048104085,0.00016605652,0.08473335,0.025997426
ZNF251,0.00030055732,0.027089182,0.00023163541,0.075434454,0.014716861
ZNF253,0.00023682622,0.012361922,0.00016999943,0.015479423,0.03302867
ZNF256,0.00016649601,0.0027490794,0.0010769474,0.030453103,0.0018415529
ZNF26,0.0028930425,0.04322085,0.00028656572,0.07545655,0.0378896
ZNF263,0.00068680866,0.014115451,0.0011465285,0.0845049,0.007884913
ZNF264,0.00075782504,0.008056906,0.0002482952,0.103328735,0.010888135
ZNF266,0.00073393405,0.043827698,0.00035115946,0.02352963,0.055065263
ZNF267,0.001111043,0.06982428,0.0005061108,0.013913607,0.13730925
ZNF268,0.0017664732,0.013764162,0.0040322673,0.01804367,0.034566585
ZNF273,0.00081149896,0.020968229,0.00058065925,0.0722762,0.039339114
ZNF276,0.0014208812,0.01940102,0.00068389624,0.040680893,0.031957943
ZNF277,0.000323344,0.026476307,0.0003258183,0.04065353,0.012059118
ZNF280A,0.0024131965,0.014093642,0.0018913479,0.01804367,0.02261696
ZNF281,0.0002989957,0.02769825,0.00042050664,0.13136064,0.02031063
ZNF282,0.00021684404,0.028288608,4.6176247e-05,0.039315768,0.0733911
ZNF283,0.006595393,0.050515782,0.005980353,0.01804367,0.0429797
ZNF284,0.0027516258,0.024062162,0.00068569946,0.023442874,0.07543021
ZNF286A,0.0006882987,0.01807964,0.000104824285,0.010313249,0.05201942
ZNF287,0.00100176,0.02768305,0.00016492543,0.018289693,0.09234705
ZNF296,0.00820322,0.02127392,0.02093106,0.01804367,0.04539425
ZNF3,0.0002974921,0.0056966357,0.00036524303,0.02572108,0.0068053333
ZNF300,0.0007683798,0.021322334,0.00014177305,0.023442874,0.05968226
ZNF302,0.00016753576,0.0073882425,0.00036768435,0.011245472,0.008083776
ZNF304,0.0034827092,0.0054972903,0.002254922,0.01804367,0.032434806
ZNF311,0.00044579382,0.010758766,0.00036988856,0.024041327,0.020695347
ZNF317,0.07237106,0.03751221,0.013892375,0.043185964,0.013522604
ZNF318,0.0005943383,0.03316217,0.00018182333,0.04817844,0.03565599
ZNF319,0.00066825794,0.012915256,0.00020478634,0.023442874,0.034817807
ZNF32,0.14728594,0.060126923,0.08566066,0.031371307,0.06641014
ZNF320,0.0005235755,0.019646937,0.0006311863,0.026245482,0.018719245
ZNF322,0.00023723007,0.0012059899,0.0007760493,0.017034966,0.0043526464
ZNF324,0.007273578,0.006976397,0.009021891,0.01804367,0.0067511513
ZNF326,0.0006021736,0.079157405,0.0005280632,0.081108496,0.037120257
ZNF329,0.00031574682,0.0063549383,0.00029246495,0.022508346,0.0147674
ZNF330,0.00044599362,0.0096575115,0.0005588924,0.020175396,0.015585849
ZNF331,0.0006398997,0.04937412,0.00042617272,0.042708002,0.073308274
ZNF333,0.0006157793,0.0030465485,0.007818604,0.01804367,0.005869538
ZNF334,0.00041653615,0.032716468,0.00056425267,0.03158699,0.055928916
ZNF335,0.0007317474,0.09016935,0.00026184856,0.05196418,0.07629995
ZNF337,0.03580367,0.008551928,0.054348003,0.06831696,0.0072547304
ZNF34,0.0003221953,0.0059160586,0.000113198104,0.02927176,0.006107025
ZNF341,0.00164242,0.03035446,0.00048989843,0.032536555,0.032233436
ZNF343,0.00053531094,0.03132634,0.00021170563,0.024041327,0.050826553
ZNF346,0.00030835954,0.006900312,0.00017013468,0.04813071,0.007972947
ZNF35,0.00019723241,0.031746805,0.00022266438,0.039973915,0.01881196
ZNF350,0.00057834224,0.08796718,0.0007858651,0.18084718,0.023748258
ZNF354A,0.00065507076,0.06716144,0.00031073284,0.035246737,0.06979932
ZNF354B,0.016109472,0.08521186,0.008126719,0.01804367,0.08181769
ZNF354C,0.00038910576,0.014261568,0.00017223308,0.023442874,0.023685474
ZNF358,0.24711438,0.018265378,0.061628956,0.023442874,0.03969247
ZNF362,0.0002795884,0.016429048,0.00015797114,0.015654534,0.02121717
ZNF365,0.0003481008,0.028699083,0.0001743316,0.022075247,0.04393974
ZNF366,0.00093088584,0.033521645,0.00034249647,0.035091348,0.032904778
ZNF367,0.0048502404,0.017312218,0.0044614617,0.01804367,0.023911377
ZNF382,0.00067620235,0.036751483,0.00031940115,0.057006508,0.07005116
ZNF383,0.08331827,0.037367895,0.01785832,0.027054181,0.054041076
ZNF384,0.00071883696,0.0576742,0.0003356127,0.055746976,0.032084845
ZNF385A,0.0005971213,0.021695364,0.00046668857,0.037381027,0.008261602
ZNF385B,0.0014140118,0.009512331,0.0074230414,0.01804367,0.006554477
ZNF391,0.0007866994,0.024992296,0.00025026762,0.017130291,0.04839772
ZNF394,0.0006299072,0.0074072583,0.0001887521,0.011547842,0.014522204
ZNF395,0.0006100839,0.015653418,0.00017480682,0.011722919,0.012224042
ZNF396,0.00027426216,0.0039734812,0.00013951962,0.008353467,0.006927794
ZNF397,0.0003905672,0.023355234,0.00034093324,0.044621475,0.034258198
ZNF398,0.00045461245,0.012170279,0.00035861917,0.051021855,0.020101786
ZNF404,0.0009867455,0.022803158,0.00067573914,0.012629497,0.065317184
ZNF407,0.000819963,0.06181497,0.00053528155,0.055746976,0.08686528
ZNF408,0.0001895021,0.007376627,0.00019740852,0.062390726,0.0037389854
ZNF41,0.00021969013,0.00985993,0.00017810124,0.04142128,0.013947301
ZNF410,0.0001429591,0.017649952,0.00012550746,0.058206778,0.024497567
ZNF414,0.00022113557,0.017791603,0.00011120702,0.06691829,0.0402001
ZNF417,0.0004401407,0.06324298,0.00016360598,0.09829045,0.033452302
ZNF418,0.05038271,0.008968278,0.036132112,0.042580854,0.016214665
ZNF420,0.0005216467,0.099104404,9.1695416e-05,0.10202928,0.03477601
ZNF423,0.00010087394,0.00502146,0.0010389249,0.09145389,0.00439417
ZNF426,0.000425525,0.07119562,0.0003416043,0.05231598,0.027120382
ZNF428,0.0003555315,0.008590954,0.0006056469,0.04020631,0.015166996
ZNF43,0.00063454354,0.025748344,0.00015657276,0.026462918,0.043332666
ZNF432,0.012460374,0.010140075,0.011346085,0.01804367,0.011393402
ZNF433,0.0018271401,0.017453587,0.0004262296,0.015513237,0.015693739
ZNF436,0.00025998408,0.013721558,0.00039937164,0.033006966,0.015520236
ZNF438,0.0056237364,0.011398451,0.020411866,0.01804367,0.03461255
ZNF439,0.0004291074,0.061583966,0.00019396574,0.052106127,0.024274703
ZNF440,0.0007655633,0.030767823,0.00024781202,0.033040963,0.04683875
ZNF441,0.0013160318,0.017689971,0.00044678702,0.023442874,0.016951084
ZNF443,0.0038312294,0.025062166,0.0014406334,0.013998775,0.0347425
ZNF444,0.0029298365,0.01487421,0.00027368852,0.02272375,0.024824703
ZNF446,0.0012224441,0.027475638,0.00042299004,0.0955337,0.027334105
ZNF449,0.000948337,0.006757072,0.0006602363,0.018289693,0.023583477
ZNF45,0.0007774312,0.08106897,0.00013311947,0.023442874,0.08673866
ZNF451,0.39749944,0.12884867,0.21434785,0.08418299,0.104037434
ZNF454,0.00076621136,0.0053463867,0.001118347,0.023442874,0.015558335
ZNF460,0.0008311127,0.009982976,0.00073421944,0.050619364,0.035861377
ZNF461,0.00072479085,0.03456078,0.0001540327,0.10439912,0.0398413
ZNF462,0.00035182075,0.014250973,0.00027052764,0.014542438,0.01857514
ZNF467,0.0003529216,0.014188758,0.00017354397,0.023225589,0.0097871935
ZNF468,0.00042140693,0.024713555,0.00015797114,0.04713862,0.024706919
ZNF470,0.0018404794,0.010243723,0.0015633904,0.01804367,0.018071454
ZNF471,0.00089172635,0.030172532,0.00019029951,0.04057241,0.047127325
ZNF473,0.2109716,0.06209797,0.17055525,0.04877954,0.024351427
ZNF474,0.0004526773,0.0034104558,0.00020700155,0.023442874,0.007522697
ZNF48,0.0011612119,0.0053833984,0.004004985,0.01804367,0.0059291264
ZNF483,0.00036698784,0.011955425,0.00013728642,0.0489112,0.009719072
ZNF484,0.00043572215,0.008943883,0.00041354584,0.024041327,0.013704796
ZNF486,0.00037604556,0.012227625,0.0011723953,0.023442874,0.024039492
ZNF488,0.00038174182,0.016550468,0.00077145424,0.027190577,0.026540786
ZNF490,0.00049944175,0.03493414,0.00041174388,0.0570097,0.039308224
ZNF496,0.13774969,0.02721567,0.17453581,0.09711622,0.01176657
ZNF500,0.050504234,0.064845964,0.0045627123,0.01804367,0.14845231
ZNF501,0.0008237584,0.006780664,0.0010129465,0.023442874,0.010778927
ZNF502,0.00087612105,0.015481553,0.00020998258,0.05061941,0.035026316
ZNF503,0.00072068,0.0055117174,0.0006442788,0.023442874,0.012877626
ZNF511,0.6021921,0.24056149,0.56521523,0.017267942,0.3531046
ZNF512,0.042026512,0.015260469,0.047750853,0.008678562,0.022981962
ZNF512B,0.0005093987,0.03099329,0.00036260736,0.08040405,0.012880362
ZNF513,0.00042297147,0.017286384,0.0013186277,0.052283734,0.019553399
ZNF514,0.0004196961,0.0062705236,8.888237e-05,0.02272375,0.014124094
ZNF517,0.0066800877,0.008848927,0.022984847,0.01804367,0.016866311
ZNF518B,0.00064614846,0.019323505,0.0002829247,0.023442874,0.038776245
ZNF519,0.0012391018,0.025689486,0.0007700932,0.009380428,0.038718097
ZNF521,0.0004009733,0.020107543,0.001009952,0.07801109,0.031257566
ZNF524,0.0032653487,0.010990264,0.0448108,0.020270698,0.028260311
ZNF527,0.0025007569,0.013472845,0.00090418826,0.01804367,0.027276427
ZNF532,0.0026667248,0.011134937,0.0002984304,0.023442874,0.036651082
ZNF541,0.0026441668,0.011752972,0.0011028401,0.01804367,0.024986453
ZNF543,0.00052885205,0.01801327,0.0007149667,0.03589022,0.03220101
ZNF544,0.0012150042,0.023786422,0.00022053065,0.029632905,0.036987387
ZNF546,0.00090652733,0.009506757,0.0006751836,0.023442874,0.027254086
ZNF548,0.0005870241,0.006240697,0.00011595571,0.023442874,0.020997655
ZNF550,0.09494682,0.009878573,0.10258725,0.008382098,0.026876694
ZNF551,0.0005261956,0.024188273,0.0011216669,0.023442874,0.025067968
ZNF554,0.00030065016,0.0022076701,0.00015579582,0.021392673,0.008235315
ZNF555,0.0009473428,0.049987264,9.420553e-05,0.02516947,0.03615287
ZNF556,0.06995783,0.013565485,0.11321338,0.013978116,0.033718247
ZNF558,0.0012859318,0.0340195,0.00013308368,0.009077163,0.07997191
ZNF559,0.0005972861,0.01842549,0.0007008283,0.015513237,0.06335459
ZNF561,0.02112112,0.097232305,0.006251269,0.01804367,0.17416573
ZNF562,0.0043759104,0.01797587,0.0068162777,0.01804367,0.04431257
ZNF563,0.001372702,0.017792344,0.00088276784,0.023442874,0.032130804
ZNF564,0.0007718024,0.033205356,0.00029940106,0.0851105,0.03654296
ZNF565,0.0021074153,0.018189339,0.0008231056,0.01804367,0.015631478
ZNF566,0.6251775,0.16311817,0.17390491,0.12162352,0.18514124
ZNF567,0.0004870238,0.024423255,0.0010380192,0.039998848,0.01363554
ZNF568,0.011032669,0.04322012,0.0043214043,0.01804367,0.075952515
ZNF569,0.0013030104,0.08016707,0.0005488142,0.026245482,0.12060391
ZNF57,0.0006764595,0.015854487,0.001068965,0.023442874,0.032876104
ZNF570,0.20686208,0.012146174,0.072891705,0.023442874,0.024604773
ZNF571,0.0013986848,0.039258696,0.00030812,0.023442874,0.04990195
ZNF572,0.0010694253,0.09510896,0.0005166949,0.058081448,0.05269187
ZNF574,0.21592233,0.083208986,0.11112126,0.013998775,0.05126467
ZNF575,0.0070493817,0.0051343646,0.003589243,0.01804367,0.010896046
ZNF576,0.0003067957,0.009330314,0.00028176745,0.043996323,0.013462871
ZNF577,0.004028841,0.005440663,0.009580556,0.01804367,0.010508202
ZNF579,0.03484905,0.014330442,0.058806323,0.023447067,0.030884981
ZNF580,0.00045347653,0.012491517,0.00013664646,0.02852346,0.015332293
ZNF581,0.00042904707,0.034310162,0.00035581476,0.0426997,0.01669144
ZNF582,0.0019283318,0.012662166,0.009890351,0.01804367,0.021948341
ZNF583,0.0028987841,0.009717457,0.0053483597,0.01804367,0.01772953
ZNF584,0.13882026,0.056538407,0.1020234,0.017267942,0.084793724
ZNF585A,0.005162862,0.017168999,0.008070553,0.01804367,0.04319637
ZNF585B,0.0009903975,0.043955076,0.00046597442,0.020270698,0.06903039
ZNF586,0.0011736881,0.010935868,0.0007856955,0.023442874,0.027559577
ZNF587,0.00043907543,0.019684786,0.0001703548,0.04508104,0.010446693
ZNF587B,0.0003687274,0.007441917,0.00015657276,0.028985407,0.014176584
ZNF589,0.0025664505,0.012974287,0.0054828096,0.01804367,0.036288045
ZNF592,0.25247774,0.041296184,0.12004398,0.011722919,0.12977318
ZNF593,0.00046704727,0.02547081,0.00010198769,0.04708287,0.03405934
ZNF596,0.00053405843,0.007507056,0.0013433939,0.0374879,0.008955911
ZNF597,0.002414044,0.01091381,0.0007030693,0.023442874,0.022340674
ZNF599,0.001400827,0.024642244,0.00063298637,0.010767184,0.08535645
ZNF600,0.0012101359,0.026166176,0.0014406334,0.024041327,0.06477346
ZNF605,0.003818622,0.010962115,0.002822598,0.01804367,0.02864119
ZNF607,0.0014023441,0.043759678,0.0013548823,0.042580854,0.077119105
ZNF608,0.14295734,0.024912033,0.17138195,0.026462918,0.06063565
ZNF609,0.0012752175,0.02836803,0.00015797114,0.026462918,0.088667765
ZNF610,0.0010476126,0.012034233,0.0004341015,0.026462918,0.023304533
ZNF611,0.00031807018,0.006139402,9.267866e-05,0.023442874,0.021904482
ZNF613,0.006887556,0.013819057,0.0041134655,0.01804367,0.0381152
ZNF614,0.04424472,0.008074089,0.13300335,0.012257511,0.031792622
ZNF618,0.0017253853,0.003819787,0.0027513262,0.01804367,0.012609356
ZNF619,0.0010052295,0.0066564186,0.0005711069,0.008382098,0.022770213
ZNF621,0.0014611648,0.003680124,0.006790218,0.01804367,0.009433536
ZNF622,0.00054528104,0.031637788,0.00035257338,0.0324777,0.11611845
ZNF623,0.005866965,0.018616617,0.055283576,0.01804367,0.051736895
ZNF624,0.0006935611,0.019855544,0.00034520286,0.021392673,0.024220394
ZNF625,0.0003851308,0.0087451115,0.0007474469,0.046359513,0.015280655
ZNF626,0.0010843829,0.03314661,0.00023894505,0.02500289,0.08989419
ZNF627,0.00046026905,0.01611192,0.0012979895,0.018289693,0.027892258
ZNF628,0.0030584566,0.012472668,0.005980353,0.01804367,0.024297165
ZNF629,0.00047718818,0.0021412035,0.0007548817,0.023442874,0.015664626
ZNF638,0.0011715987,0.10018322,0.00024167319,0.04354087,0.13759527
ZNF639,0.0010796274,0.020682445,0.00027677047,0.026311548,0.060576327
ZNF641,0.0005481432,0.005533178,0.0001683096,0.009077163,0.014089926
ZNF644,0.0010799335,0.02019269,0.0004151333,0.01627669,0.029409332
ZNF646,0.00051804614,0.033347197,0.0002768779,0.051952936,0.017976653
ZNF649,0.0020110253,0.0087209055,0.0041918587,0.01804367,0.012843413
ZNF653,0.0018281805,0.012877785,0.0011352181,0.057230763,0.030958213
ZNF654,0.017778158,0.0552508,0.007403298,0.01804367,0.13149866
ZNF655,0.00035094126,0.01998031,0.0002838839,0.05340349,0.013882671
ZNF658,0.0019272967,0.004672976,0.010187616,0.01804367,0.021106234
ZNF660,0.0004927609,0.017172016,0.00015652813,0.023442874,0.025440192
ZNF662,0.00050275464,0.013222796,0.00033684602,0.009380428,0.037787627
ZNF668,0.0011407699,0.0071676834,0.0006716471,0.01804367,0.021570066
ZNF669,0.00052292563,0.009471468,0.0012463115,0.023442874,0.019799942
ZNF670,0.00049399683,0.0718001,0.00012559701,0.0870846,0.07747305
ZNF671,0.00085717347,0.012003182,0.0010398711,0.026073754,0.012664515
ZNF672,0.00085719797,0.0030959744,0.0017686186,0.01804367,0.0046629403
ZNF675,0.0010474904,0.016681269,0.00021458082,0.04223064,0.017552495
ZNF677,0.00084910163,0.13611996,0.0008516698,0.17404433,0.047824744
ZNF680,0.0006765856,0.04391868,0.00017354397,0.023442874,0.08852162
ZNF684,0.0004952427,0.01120826,0.00030916877,0.017034966,0.014994628
ZNF687,0.00038251738,0.013804093,0.00017354397,0.03447213,0.025953554
ZNF689,0.00050403556,0.01811779,0.00019317174,0.027808795,0.014417431
ZNF69,0.0006227384,0.0118661355,0.00062210625,0.008605173,0.021315802
ZNF691,0.0006340294,0.008388505,0.00020583246,0.015654534,0.019152211
ZNF692,0.0042089676,0.010256112,0.0044718157,0.01804367,0.024996798
ZNF697,0.0016358623,0.033289813,0.0001868996,0.032863103,0.04072842
ZNF699,0.0007530604,0.017820807,0.00013687271,0.013307749,0.017525667
ZNF7,0.00030017446,0.009534321,4.8625145e-05,0.05164654,0.014849223
ZNF703,0.00050198776,0.011506739,0.00027189162,0.009591285,0.012312095
ZNF706,0.0004438956,0.016619444,0.0003689948,0.015479423,0.014043786
ZNF707,0.0004003532,0.0076291775,0.0010264369,0.013859914,0.008737555
ZNF709,0.0009854828,0.056114182,0.00015797114,0.05293957,0.03930067
ZNF71,0.0009798809,0.012516511,0.00043017082,0.030444952,0.009282943
ZNF710,0.0043659937,0.0132412575,0.0011028401,0.01804367,0.021088852
ZNF711,0.0013059587,0.022979543,0.0001900821,0.024041327,0.025023334
ZNF713,0.0012415721,0.007370447,0.00079844537,0.023442874,0.015732702
ZNF714,0.00040227675,0.009888535,0.00019458555,0.05061941,0.0130891595
ZNF74,0.06219247,0.015569462,0.10999857,0.022454023,0.031719636
ZNF740,0.0006823468,0.014740071,0.0002649634,0.011722919,0.02793042
ZNF746,0.00027543033,0.015030991,8.6527776e-05,0.014695505,0.010573242
ZNF747,0.07930602,0.014571557,0.064604454,0.009077163,0.04293995
ZNF75A,0.0006201276,0.020159334,0.0006584169,0.017034966,0.029543936
ZNF75D,0.00043209692,0.013822807,0.00035092756,0.023442874,0.022093548
ZNF76,0.11452929,0.036105137,0.21948321,0.044827595,0.041055974
ZNF763,0.00057153247,0.010299927,0.0012979895,0.009380428,0.023916436
ZNF764,0.0007816755,0.017129729,0.0006817962,0.01568221,0.014078657
ZNF765,0.00039972036,0.007100226,0.00015797114,0.022075247,0.010954885
ZNF768,0.0009385478,0.07602931,0.0027402614,0.07548638,0.03981867
ZNF77,0.00086519454,0.008631311,0.000604091,0.023442874,0.019081391
ZNF771,0.0008947077,0.0035935463,0.0032645233,0.01804367,0.015771855
ZNF772,0.0005392951,0.015604465,0.00014886403,0.01019949,0.025190027
ZNF773,0.0007344654,0.0074345986,0.00015657276,0.016337538,0.0138254585
ZNF774,0.0006857498,0.016280714,0.00017629859,0.04223064,0.01758124
ZNF775,0.050554268,0.020732205,0.025630318,0.008353467,0.011018979
ZNF777,0.034120027,0.0056795347,0.18832667,0.011547842,0.0058368333
ZNF782,0.00068898126,0.06129956,0.00015657276,0.023442874,0.066959806
ZNF783,0.00062397355,0.0008082746,0.0017062334,0.01804367,0.0026108401
ZNF784,0.00051376154,0.010034917,0.00037202222,0.016212763,0.011199851
ZNF785,0.00073178404,0.037199754,0.0004267748,0.046521854,0.020173887
ZNF786,0.00084820885,0.013372456,0.0007008283,0.020270698,0.017029697
ZNF787,0.0012519385,0.0086700125,0.003837863,0.01804367,0.009848945
ZNF789,0.0021814343,0.0041644997,0.0011028401,0.01804367,0.013137736
ZNF79,0.0004794318,0.009486362,0.0002973163,0.02111291,0.011896768
ZNF791,0.0016516375,0.020913912,0.0011352181,0.023442874,0.03269097
ZNF792,0.0005040027,0.018976577,0.00015503203,0.044457573,0.016885156
ZNF793,0.005309978,0.030008076,0.0014335607,0.01804367,0.057541426
ZNF8,0.0008512086,0.021670572,0.0004149804,0.021743597,0.03482479
ZNF800,0.0013329872,0.033785015,0.00046149633,0.023442874,0.061040204
ZNF804A,0.00059601374,0.010328723,0.0002259321,0.03158699,0.010642365
ZNF805,0.0048843883,0.006156819,0.008179922,0.01804367,0.026134646
ZNF81,0.001567879,0.013195258,0.021481834,0.01804367,0.025267556
ZNF816,0.0006792218,0.0079256045,0.00062027154,0.023442874,0.013467604
ZNF821,0.0010719228,0.023785386,0.0005240556,0.020531666,0.044714127
ZNF823,0.0005302603,0.013054396,0.00020700155,0.07357072,0.040010545
ZNF829,0.0037966445,0.017865064,0.005980353,0.01804367,0.03798278
ZNF83,0.0017305294,0.011388371,0.00021170563,0.011777043,0.04466531
ZNF830,0.18183587,0.03651761,0.31812012,0.017519264,0.05905316
ZNF831,0.0006921761,0.0073733325,0.00041192997,0.01804367,0.026743995
ZNF839,0.0010610295,0.01874372,0.0002905897,0.0229092,0.016414722
ZNF84,0.0019737827,0.008198453,0.00027794906,0.023442874,0.020764695
ZNF844,0.0014863195,0.044014808,0.0002541118,0.07545655,0.0842087
ZNF845,0.0007788609,0.0047722138,0.00046149633,0.023442874,0.008065707
ZNF85,0.0008630645,0.018324928,0.0005935025,0.008678562,0.053597346
ZNF853,0.0022037642,0.0054198727,0.0041669407,0.01804367,0.016770922
ZNF862,0.0007923345,0.009035121,0.00023888516,0.060222674,0.012309352
ZNF865,0.00024189959,0.0032288223,0.00017354397,0.023442874,0.008068606
ZNF879,0.00068692386,0.008383672,0.0001728202,0.023442874,0.06582836
ZNF91,0.00036538442,0.010680423,0.00019754766,0.047569454,0.012962075
ZNF92,0.0011564294,0.04014394,0.0007296563,0.037554912,0.039810393
ZNHIT1,0.00072149746,0.09683861,0.0001847317,0.2722233,0.04650336
ZNHIT2,0.00087536016,0.020702332,0.0004332757,0.023442874,0.054463275
ZNHIT3,0.12081247,0.089836314,0.3132014,0.08907952,0.038377378
ZNHIT6,0.11346344,0.057937343,0.098956406,0.030614743,0.07206954
ZNRF1,0.07655632,0.029809114,0.13561511,0.024893265,0.012085705
ZNRF3,0.11177781,0.030125396,0.08731771,0.026073754,0.037925348
ZNRF4,0.00049946335,0.038324937,0.00034005582,0.051021855,0.060333475
ZP2,0.00032670042,0.008690355,0.0002482952,0.022803755,0.02112365
ZP3,0.032424502,0.0052391277,0.14601995,0.008605173,0.010492981
ZPBP2,0.006358444,0.01614307,0.0079080695,0.01804367,0.0314725
ZPR1,0.16437787,0.030774526,0.3115253,0.027204618,0.043996554
ZRANB1,0.0014241474,0.050975043,9.3051734e-05,0.1344378,0.025041629
ZRANB2,0.00044780097,0.08429309,0.00034599853,0.07368325,0.04155768
ZRANB3,0.0005393133,0.029906007,0.00022700071,0.020175396,0.06494308
ZRSR2,0.00011268869,0.041427728,0.00015258127,0.09003672,0.017020201
ZSCAN1,0.000693346,0.041991632,0.00014149201,0.12334042,0.042613026
ZSCAN16,0.0011053375,0.01773925,0.0001540327,0.052114382,0.03863641
ZSCAN18,0.00041454544,0.011432052,0.00019954621,0.022454023,0.010071419
ZSCAN20,0.00035570317,0.017193502,0.0002696115,0.018289693,0.032690093
ZSCAN21,0.0023712576,0.06848313,0.0003074334,0.024128672,0.15277031
ZSCAN22,0.00081112434,0.030055733,0.00054340024,0.07545655,0.020786827
ZSCAN23,0.0004250756,0.022345943,0.00041217013,0.008382098,0.025039678
ZSCAN25,0.007627455,0.0031537395,0.0020360257,0.01804367,0.00985361
ZSCAN29,0.0004109639,0.012907191,0.001142183,0.023442874,0.036207713
ZSCAN30,0.0010494501,0.008920375,0.001354252,0.01804367,0.018187266
ZSCAN31,0.00032046292,0.003520314,0.0002127662,0.013284302,0.009540736
ZSCAN32,0.0009522553,0.0809382,0.0016384568,0.053090177,0.07363544
ZSCAN4,0.001417786,0.033396944,0.0003250504,0.03940597,0.1216322
ZSCAN5A,0.0032539882,0.029994935,0.0009809649,0.017034966,0.051136628
ZSCAN9,0.050856017,0.0051239235,0.13062023,0.010767184,0.008974849
ZSWIM1,0.00034791484,0.009555364,0.0006311863,0.008678562,0.01349771
ZSWIM2,0.0005883491,0.0060959645,0.00017447329,0.012257511,0.01049624
ZSWIM3,0.0006309214,0.01726159,0.00073282665,0.015654534,0.022093346
ZSWIM4,0.0009095212,0.008087159,0.00185984,0.01804367,0.016205054
ZSWIM6,0.00043651267,0.011402396,7.69776e-05,0.01146169,0.024755891
ZSWIM7,0.0009748851,0.11977262,0.0001875292,0.05363804,0.034129918
ZSWIM8,0.00060907996,0.015520468,6.0889757e-05,0.009077163,0.019448558
ZW10,0.0013122751,0.029526014,0.00023648098,0.060544442,0.03156724
ZWILCH,0.0010153266,0.023708662,0.0002293256,0.011185222,0.040024534
ZWINT,0.3139443,0.07469698,0.1913105,0.08752702,0.10827327
ZXDA,0.0002570677,0.008782067,0.00015797114,0.009077163,0.028581204
ZXDB,0.011121903,0.011103746,0.0045364955,0.01804367,0.03219682
ZXDC,0.00041343176,0.026652593,0.00012550746,0.10842442,0.019383365
ZYG11A,0.00071957207,0.027249105,0.00035849182,0.023442874,0.06388329
ZYX,0.00025279605,0.070708,0.00029929372,0.07218556,0.03312382
ZZEF1,0.0010718253,0.029052243,0.000117893345,0.055746976,0.034451976
ZZZ3,0.053788222,0.03948772,0.035640445,0.08867768,0.04118522
