,BioGRID13,BioGRID15,Hetionet16,STRING21,BioGRID24
A1BG,11,12,11,20,34
A1CF,9,9,9,12,32
A2M,88,92,96,54,185
A2ML1,1,9,0,8,129
A4GALT,0,5,0,6,15
AAAS,7,20,3,169,161
AACS,2,5,2,25,25
AADAC,0,0,0,48,2
AADACL2,0,0,0,4,0
AADAT,0,0,0,62,22
AAGAB,6,16,7,1,32
AAK1,3,14,2,11,109
AAMDC,0,5,4,0,36
AAMP,19,29,14,72,73
AANAT,3,3,5,56,9
AAR2,0,20,6,9,658
AARD,0,0,0,4,15
AARSD1,38,47,0,2,119
AASDH,0,1,0,56,12
AASDHPPT,20,29,10,65,80
AASS,5,5,4,60,78
AATF,38,60,37,289,326
AATK,3,17,5,1,192
ABAT,2,29,3,108,72
ABCA1,26,23,50,46,32
ABCA13,3,5,3,3,16
ABCA2,4,16,1,4,114
ABCA3,1,10,1,4,67
ABCA4,1,1,1,8,5
ABCA5,2,2,2,0,12
ABCA7,1,5,1,8,20
ABCA8,0,0,0,0,10
ABCB1,12,14,13,22,95
ABCB4,2,2,3,9,6
ABCB5,0,0,2,8,16
ABCB6,6,12,3,11,89
ABCB7,11,24,5,16,142
ABCB8,10,12,3,4,61
ABCB9,1,1,1,2,34
ABCC1,31,48,3,7,145
ABCC10,2,3,1,0,37
ABCC12,2,1,2,1,12
ABCC2,45,44,10,9,74
ABCC3,2,9,2,6,21
ABCC4,9,12,2,4,62
ABCC5,8,9,5,2,50
ABCC6,5,5,0,9,52
ABCC8,2,2,5,16,10
ABCC9,2,3,5,13,5
ABCD1,15,20,7,4,76
ABCD2,3,3,4,1,3
ABCD3,42,59,20,8,267
ABCD4,4,4,4,9,42
ABCE1,22,235,11,38,400
ABCF1,47,58,18,10,204
ABCF3,17,26,16,8,118
ABCG1,2,4,3,24,11
ABCG2,1,6,3,29,46
ABCG4,1,1,1,1,7
ABCG5,1,1,4,19,2
ABCG8,8,8,8,20,15
ABHD1,1,1,1,3,1
ABHD10,5,9,3,3,96
ABHD11,5,3,2,9,63
ABHD13,0,0,0,1,4
ABHD14A,11,14,0,1,63
ABHD14B,1,2,1,2,32
ABHD15,0,0,0,1,33
ABHD16A,17,19,22,3,89
ABHD16B,0,0,0,1,4
ABHD17A,0,15,16,3,36
ABHD17C,0,0,1,3,7
ABHD2,1,0,2,2,4
ABHD3,1,3,1,1,23
ABHD4,3,2,3,6,15
ABHD5,3,2,3,13,34
ABHD6,3,2,3,9,24
ABHD8,0,0,0,0,10
ABI1,23,50,71,22,208
ABI2,62,70,61,16,286
ABI3,32,34,45,5,77
ABI3BP,9,8,8,0,13
ABITRAM,0,0,0,15,0
ABL1,146,172,279,88,219
ABL1,146,172,279,88,219
ABL2,28,34,31,12,103
ABLIM1,23,55,20,12,168
ABLIM2,3,4,4,6,16
ABLIM3,7,7,6,6,35
ABRAXAS1,0,0,0,18,0
ABT1,11,19,12,8,386
ABTB1,5,6,6,0,16
ABTB2,6,6,6,0,98
ABTB3,0,0,0,0,0
ACAA1,18,25,5,45,72
ACAA2,22,53,4,57,175
ACACA,55,67,18,284,300
ACACB,5,5,3,43,134
ACAD11,6,21,2,11,172
ACAD8,1,11,3,25,35
ACAD9,12,32,5,34,430
ACADM,12,49,10,55,143
ACADS,1,5,1,37,24
ACADSB,4,13,3,142,75
ACADVL,11,24,13,186,125
ACAN,5,4,18,30,7
ACAP1,5,7,14,4,18
ACAP2,3,5,2,4,48
ACAP3,2,3,4,0,19
ACAT1,38,60,21,44,220
ACAT2,21,38,17,37,62
ACBD3,18,27,6,9,271
ACBD4,1,3,1,9,14
ACBD6,4,3,4,8,20
ACCS,2,2,2,6,9
ACD,64,64,62,132,79
ACE,7,7,4,344,21
ACE2,2,5,6,50,1112
ACE2,2,5,6,50,1112
ACER1,0,0,0,4,3
ACER3,2,2,1,6,8
ACHE,2,2,12,157,3
ACIN1,74,90,16,22,297
ACKR1,0,2,8,12,3
ACKR2,0,6,18,14,80
ACKR3,0,11,4,5,19
ACKR4,0,5,12,5,7
ACLY,46,59,29,366,329
ACO1,16,17,9,72,43
ACO2,17,29,10,93,228
ACOT13,12,22,6,11,49
ACOT4,1,1,1,8,3
ACOT7,24,26,6,10,170
ACOT8,8,8,5,19,56
ACOT9,8,18,3,8,165
ACOX1,11,22,5,63,106
ACOX2,1,2,1,24,5
ACOX3,3,5,3,44,40
ACP1,18,27,22,19,93
ACP2,6,16,1,0,93
ACP4,0,0,0,3,0
ACP5,8,11,12,20,30
ACP6,10,10,9,1,33
ACR,2,2,4,60,5
ACRBP,1,1,0,7,20
ACSBG1,2,2,2,10,6
ACSF2,4,5,5,21,96
ACSF3,7,7,1,19,59
ACSL1,7,5,2,41,82
ACSL3,20,31,7,30,257
ACSL4,14,27,5,33,149
ACSL5,1,2,2,30,30
ACSL6,0,0,2,20,8
ACSM5,1,1,1,6,54
ACSS3,1,1,1,20,10
ACTA1,99,112,140,46,280
ACTA2,61,82,27,42,341
ACTB,193,222,315,721,975
ACTBL2,32,43,14,15,295
ACTC1,32,34,50,46,672
ACTG1,94,124,101,76,476
ACTG2,11,16,9,15,60
ACTL6A,63,103,65,36,260
ACTL6B,11,19,13,13,79
ACTL7A,2,1,3,2,4
ACTL7B,1,1,1,4,2
ACTL8,2,12,2,1,18
ACTN1,97,119,95,51,316
ACTN2,47,57,79,38,140
ACTN4,68,106,64,38,381
ACTR10,9,18,4,13,87
ACTR1A,28,50,16,16,268
ACTR1B,16,38,10,7,113
ACTR2,69,131,32,40,317
ACTR3,55,80,26,28,302
ACTR3B,15,17,19,11,61
ACTR5,18,36,11,8,68
ACTR6,4,16,33,6,48
ACTR8,15,18,13,11,53
ACTRT2,0,0,0,4,10
ACTRT3,0,0,0,4,1
ACVR1,21,27,70,20,58
ACVR1B,27,38,32,15,96
ACVR1C,1,2,8,7,12
ACVR2A,17,22,24,18,93
ACVR2B,21,26,26,18,105
ACVRL1,14,15,19,10,36
ACY1,9,21,9,16,47
ACY3,14,14,14,0,26
ACYP1,2,1,2,0,7
ADA,9,19,12,171,36
ADA2,0,0,0,8,0
ADAD2,1,1,1,0,8
ADAM10,18,18,15,35,90
ADAM12,4,5,13,11,43
ADAM15,32,31,40,10,71
ADAM17,11,12,18,25,57
ADAM18,0,0,0,0,15
ADAM19,4,3,13,4,34
ADAM2,3,3,4,3,8
ADAM22,7,8,12,5,26
ADAM30,0,0,0,1,54
ADAM32,0,0,0,0,25
ADAM33,4,4,4,3,77
ADAM7,0,0,0,1,35
ADAM8,0,1,2,1,4
ADAM9,7,14,13,12,115
ADAMDEC1,0,0,0,1,1
ADAMTS1,5,13,7,10,97
ADAMTS10,7,7,8,3,11
ADAMTS12,3,10,3,2,51
ADAMTS14,0,0,0,1,4
ADAMTS15,0,0,0,2,9
ADAMTS17,1,1,1,1,20
ADAMTS20,0,0,0,3,4
ADAMTS4,4,3,13,12,61
ADAMTS5,1,0,4,5,4
ADAMTS7,0,0,0,1,55
ADAMTS8,0,0,0,2,2
ADAMTS9,0,0,2,6,5
ADAMTSL2,1,1,0,1,2
ADAMTSL4,106,107,144,1,215
ADAMTSL5,4,4,3,1,8
ADAP1,16,15,25,2,21
ADAP2,8,10,6,2,14
ADAR,36,60,5,213,287
ADARB1,19,22,0,7,489
ADARB2,7,8,1,9,16
ADAT1,4,3,1,3,10
ADAT2,3,3,2,13,10
ADCK1,3,7,2,0,76
ADCK2,2,1,1,0,88
ADCK5,4,5,3,2,16
ADCY1,0,0,2,13,4
ADCY2,2,2,4,13,12
ADCY3,2,3,3,15,80
ADCY5,4,3,8,15,8
ADCY6,3,6,5,12,59
ADCY7,4,3,5,10,24
ADCY9,1,9,1,11,159
ADCYAP1,2,21,10,24,29
ADD1,23,47,26,26,158
ADD2,4,7,7,21,82
ADD3,5,21,4,21,141
ADGRA1,0,0,0,1,0
ADGRA3,0,0,1,4,0
ADGRB1,0,0,7,10,0
ADGRB2,0,0,11,4,0
ADGRD1,0,0,0,8,0
ADGRE1,0,0,0,4,0
ADGRE2,0,0,1,2,0
ADGRE5,0,0,3,5,0
ADGRF1,0,0,0,1,0
ADGRF3,0,0,0,0,0
ADGRF4,0,0,1,0,0
ADGRF5,0,0,0,6,0
ADGRG1,0,0,2,4,0
ADGRG2,0,0,0,4,0
ADGRG4,0,0,0,1,0
ADGRG5,0,0,1,1,0
ADGRG6,0,0,1,7,0
ADGRG7,0,0,2,2,0
ADGRL1,0,0,12,18,0
ADGRL2,0,0,4,21,0
ADGRL3,0,0,2,19,0
ADGRL4,0,0,0,3,0
ADGRV1,0,0,0,9,0
ADH1A,2,2,2,11,5
ADH1B,6,7,5,12,11
ADH4,4,3,3,8,5
ADH5,14,17,13,16,54
ADH6,8,8,1,10,11
ADH7,2,2,2,8,9
ADHFE1,2,2,2,21,3
ADI1,5,17,6,6,41
ADIPOR1,9,13,5,20,49
ADIPOR2,2,5,4,13,122
ADIRF,0,2,3,1,10
ADK,4,16,4,165,40
ADM,0,1,6,100,5
ADM2,0,1,0,8,2
ADNP,26,46,8,93,209
ADNP2,9,10,2,3,56
ADO,1,3,1,1,18
ADORA1,7,7,12,6,16
ADORA2A,3,3,15,20,23
ADORA2B,5,4,7,17,39
ADORA3,2,12,0,6,13
ADPGK,5,7,5,11,103
ADPRH,4,4,5,12,10
ADPRS,0,0,0,0,0
ADRA1A,0,0,10,9,26
ADRA1B,2,3,13,6,6
ADRA1D,13,13,8,11,16
ADRA2A,7,7,13,13,9
ADRA2B,3,3,5,10,7
ADRA2C,3,3,5,13,18
ADRB1,8,8,19,13,10
ADRB2,239,240,43,50,324
ADRB3,2,2,4,20,3
ADRM1,40,60,64,17,259
ADSL,32,64,7,263,185
ADSS2,0,0,0,37,0
ADTRP,0,3,3,4,5
AEBP1,1,1,4,3,6
AEBP2,16,20,11,5,47
AEN,34,33,40,6,45
AFAP1,9,26,9,6,61
AFAP1L1,2,2,2,1,18
AFAP1L2,7,7,8,5,19
AFDN,0,0,0,211,0
AFF1,27,31,18,21,63
AFF2,0,0,5,6,6
AFF3,2,2,2,15,13
AFF4,23,30,16,14,123
AFG3L2,16,45,12,34,349
AFP,11,11,13,51,22
AFTPH,4,7,9,66,53
AGA,2,7,2,49,36
AGAP1,4,9,7,1,114
AGAP2,6,5,9,2,22
AGAP3,2,6,2,1,76
AGAP9,0,0,0,0,1
AGBL4,0,0,0,2,68
AGBL5,0,1,0,0,24
AGER,5,6,11,169,18
AGFG1,27,32,16,25,109
AGFG2,3,4,3,1,18
AGGF1,12,20,10,11,58
AGK,11,17,8,125,143
AGL,24,50,16,20,102
AGMAT,10,14,0,24,44
AGO1,0,44,51,34,168
AGO2,0,87,83,64,464
AGO3,0,68,52,18,145
AGO4,0,67,77,23,117
AGPAT1,7,9,2,19,262
AGPAT2,7,7,7,27,71
AGPAT3,2,10,3,16,96
AGPS,19,23,4,13,193
AGR2,20,20,18,21,934
AGR3,7,14,7,1,39
AGRN,10,11,8,233,262
AGT,11,11,19,120,27
AGTPBP1,10,13,11,2,64
AGTR1,14,28,24,59,93
AGTR2,5,6,12,29,11
AGTRAP,71,74,88,12,166
AGXT,4,4,4,49,42
AGXT2,2,2,3,30,4
AHCTF1,9,17,12,11,148
AHCY,55,69,26,169,288
AHCYL1,112,140,18,10,387
AHCYL2,6,25,7,7,144
AHDC1,9,12,3,1,76
AHI1,3,28,4,5,54
AHNAK,30,70,21,89,329
AHNAK2,5,10,4,4,149
AHR,37,37,39,50,129
AHRR,5,5,2,8,6
AHSA1,33,156,21,15,286
AHSG,13,13,11,235,99
AHSP,6,6,9,51,14
AICDA,52,51,26,33,68
AIDA,5,11,5,0,28
AIF1,2,1,3,55,10
AIF1L,3,4,2,2,48
AIFM1,54,69,41,44,620
AIFM2,2,1,1,14,29
AIFM3,2,4,2,7,9
AIG1,1,1,1,0,65
AIM2,1,1,3,16,110
AIMP1,38,54,20,15,257
AIMP2,70,78,56,12,443
AIP,31,39,20,55,172
AIPL1,9,9,3,4,34
AIRE,67,67,64,123,96
AJAP1,2,2,2,4,3
AJUBA,20,23,21,161,82
AK1,11,26,9,34,63
AK2,18,33,16,30,171
AK3,6,8,3,22,66
AK4,8,9,4,21,171
AK5,8,8,7,16,10
AK7,1,4,1,16,7
AK8,10,10,9,19,18
AKAP1,14,26,19,13,502
AKAP10,6,6,5,5,38
AKAP11,15,26,12,4,107
AKAP12,15,23,9,14,164
AKAP13,19,26,25,19,89
AKAP14,1,11,4,6,18
AKAP3,7,8,8,2,9
AKAP4,6,5,6,9,11
AKAP5,10,27,17,8,71
AKAP6,10,10,19,8,17
AKAP7,9,9,7,9,46
AKAP8,30,47,21,4,188
AKAP8L,27,31,24,7,241
AKAP9,44,55,52,29,211
AKIP1,8,11,4,4,20
AKIRIN1,3,2,1,2,21
AKIRIN2,6,5,4,6,73
AKNA,2,1,5,16,7
AKNAD1,1,2,1,9,12
AKR1A1,4,28,4,10,60
AKR1B1,8,42,15,43,78
AKR1B10,3,12,3,18,43
AKR1C2,1,12,0,7,54
AKR1C3,5,9,7,11,38
AKR7A2,5,19,6,5,62
AKR7A3,3,8,2,5,16
AKT1,234,275,225,323,577
AKT1,234,275,225,323,577
AKT1S1,13,13,12,21,29
AKT2,40,50,54,43,118
AKT3,8,10,16,30,71
AKTIP,27,37,40,24,103
ALAD,18,18,2,86,40
ALAS1,44,45,38,34,133
ALAS2,3,3,6,27,4
ALB,157,171,165,635,378
ALCAM,4,7,4,22,85
ALDH16A1,9,16,2,10,71
ALDH18A1,28,31,13,97,192
ALDH1A1,7,4,4,27,51
ALDH1A2,2,3,3,15,40
ALDH1A3,3,2,1,13,53
ALDH1B1,16,44,5,24,193
ALDH2,15,40,18,43,132
ALDH3A1,4,8,2,19,75
ALDH3A2,13,60,9,37,322
ALDH3B2,1,6,1,12,24
ALDH4A1,4,20,3,39,103
ALDH5A1,6,19,2,35,57
ALDH6A1,2,14,4,16,59
ALDH7A1,25,37,4,35,123
ALDH8A1,1,11,1,13,13
ALDH9A1,14,15,8,34,81
ALDOA,53,106,43,210,316
ALDOB,12,13,14,128,35
ALDOC,18,67,10,97,123
ALG11,1,5,2,16,65
ALG12,3,2,3,18,26
ALG13,10,10,7,5,177
ALG2,15,16,10,12,35
ALG3,1,11,2,8,45
ALG5,1,6,1,16,63
ALG6,0,7,0,14,34
ALG8,4,6,3,13,53
ALG9,2,13,3,0,76
ALK,62,62,70,299,591
ALKBH1,2,1,2,11,4
ALKBH2,1,5,2,9,17
ALKBH3,8,48,7,9,53
ALKBH4,3,2,2,3,33
ALKBH5,4,4,2,13,49
ALKBH7,2,2,2,4,12
ALKBH8,0,2,0,3,7
ALMS1,7,30,4,8,163
ALOX12,5,5,7,7,9
ALOX12B,0,6,2,3,102
ALOX15,0,1,0,6,11
ALOX5,17,17,20,14,73
ALOX5AP,3,3,6,12,11
ALOXE3,1,8,1,2,50
ALPK1,1,3,2,5,7
ALPK2,1,0,1,1,25
ALPP,20,17,11,12,126
ALS2,3,3,7,16,24
ALS2CL,2,1,1,4,9
ALX1,2,2,5,0,23
ALX3,0,0,0,1,19
ALX4,9,12,12,1,17
ALYREF,0,115,40,410,402
AMBP,12,12,14,195,22
AMBRA1,26,85,14,22,269
AMD1,2,15,1,0,55
AMDHD2,3,4,3,10,7
AMER1,0,14,6,4,58
AMER2,0,0,1,0,7
AMFR,85,110,37,154,263
AMH,4,4,6,132,7
AMHR2,2,2,5,10,42
AMIGO1,2,11,2,1,92
AMIGO2,4,4,4,0,35
AMIGO3,2,3,2,2,20
AMMECR1,5,9,4,1,33
AMMECR1L,6,10,5,2,17
AMN,1,1,1,8,1
AMOT,83,93,51,113,315
AMOTL1,13,22,5,11,90
AMOTL2,71,73,55,11,148
AMPD1,4,4,6,27,11
AMPD1,4,4,6,27,11
AMPD2,12,13,5,18,105
AMPD3,3,2,3,16,13
AMPH,37,40,35,184,53
AMT,1,2,0,99,8
AMY2A,3,4,5,23,19
AMZ1,0,0,0,0,42
AMZ2,1,9,1,0,23
ANAPC1,34,55,26,16,146
ANAPC10,22,33,25,12,66
ANAPC11,36,30,42,14,77
ANAPC13,9,12,5,4,23
ANAPC15,0,42,0,8,125
ANAPC16,8,21,6,11,63
ANAPC2,37,44,31,11,228
ANAPC4,40,44,22,14,125
ANAPC5,39,47,22,14,137
ANAPC7,38,54,29,13,165
ANG,7,7,10,12,8
ANGEL1,1,3,1,3,56
ANGPT1,2,2,4,35,15
ANGPT2,7,6,7,35,14
ANGPTL1,0,0,2,1,0
ANGPTL3,1,1,4,19,6
ANGPTL4,4,13,2,23,29
ANGPTL6,1,1,0,2,3
ANGPTL7,1,1,1,1,23
ANK1,17,14,17,62,47
ANK2,8,17,24,58,259
ANK3,11,16,17,62,188
ANKFN1,0,0,0,0,0
ANKFY1,23,31,19,7,217
ANKH,3,2,3,25,123
ANKHD1,13,23,41,5,225
ANKIB1,4,4,4,2,11
ANKK1,0,0,0,5,31
ANKLE2,8,23,4,10,214
ANKMY1,0,0,0,1,2
ANKMY2,17,25,4,4,64
ANKRA2,12,29,8,1,32
ANKRD1,5,5,14,13,25
ANKRD10,3,3,2,6,24
ANKRD11,17,20,8,4,193
ANKRD12,6,14,10,1,37
ANKRD13A,9,24,5,2,154
ANKRD13B,3,8,2,0,11
ANKRD13C,3,4,3,1,20
ANKRD13D,5,13,4,1,69
ANKRD17,11,24,9,2,219
ANKRD2,8,8,8,5,13
ANKRD23,2,2,3,10,20
ANKRD24,4,4,5,1,9
ANKRD26,5,10,3,5,140
ANKRD27,3,9,6,6,48
ANKRD28,58,73,44,5,236
ANKRD31,0,0,0,1,6
ANKRD33,0,0,0,4,15
ANKRD34B,0,0,0,0,4
ANKRD34C,0,0,1,3,35
ANKRD37,1,0,1,0,3
ANKRD39,6,5,4,5,69
ANKRD40,12,17,5,2,77
ANKRD42,2,1,2,7,5
ANKRD44,11,20,4,0,50
ANKRD45,2,2,2,12,6
ANKRD46,2,7,1,9,128
ANKRD49,4,4,0,10,50
ANKRD50,2,5,2,0,108
ANKRD52,13,18,4,4,88
ANKRD54,2,4,1,10,30
ANKRD55,1,8,1,5,228
ANKRD6,4,3,4,3,6
ANKRD7,0,1,2,1,2
ANKS1A,13,23,8,6,160
ANKS1B,8,9,13,2,26
ANKS4B,1,1,2,0,10
ANKS6,1,5,1,1,55
ANKZF1,4,7,8,5,40
ANLN,6,143,4,362,1781
ANO1,1,1,2,12,9
ANO10,1,2,1,4,48
ANO2,1,0,1,1,2
ANO3,0,6,0,2,10
ANO8,0,0,2,1,14
ANOS1,0,0,3,3,0
ANP32A,40,54,55,13,127
ANP32B,37,52,24,5,158
ANP32D,1,0,2,0,0
ANP32E,20,29,7,13,118
ANPEP,1,0,2,47,174
ANTKMT,0,0,0,30,0
ANTXR1,2,45,5,6,135
ANTXR2,6,5,8,5,22
ANXA1,58,80,117,42,297
ANXA10,4,2,2,1,8
ANXA11,25,45,13,10,110
ANXA13,2,6,4,2,19
ANXA2,74,98,130,73,407
ANXA2R,0,1,0,2,8
ANXA3,12,13,9,4,47
ANXA4,16,16,9,2,47
ANXA5,31,38,24,111,218
ANXA6,28,34,85,11,120
ANXA7,113,130,109,4,176
ANXA8,2,4,3,26,48
ANXA9,4,3,3,1,38
AOC1,0,1,4,14,11
AOC2,2,2,0,8,12
AOC3,2,2,3,22,24
AOX1,5,5,5,10,10
AP1AR,2,2,4,2,36
AP1B1,39,58,25,19,230
AP1G1,31,46,32,19,151
AP1G2,13,17,12,11,69
AP1M1,46,57,47,19,227
AP1M2,21,33,22,16,58
AP1S1,12,19,13,16,60
AP1S2,7,28,5,16,57
AP1S3,3,4,3,16,20
AP2A1,47,84,49,39,291
AP2A2,32,52,24,32,199
AP2B1,69,94,52,43,379
AP2M1,114,200,54,48,438
AP2S1,16,23,13,33,153
AP3B1,14,36,21,27,189
AP3B2,6,7,7,5,34
AP3D1,17,36,18,10,171
AP3M1,25,49,14,5,150
AP3M2,2,3,2,4,28
AP3S1,15,29,7,12,126
AP3S2,8,10,10,3,34
AP4B1,6,8,9,17,23
AP4E1,7,17,6,19,50
AP4M1,8,31,16,15,51
AP4S1,7,20,9,6,29
AP5B1,0,8,7,4,39
AP5M1,0,5,1,3,11
AP5S1,0,0,0,3,19
AP5Z1,0,3,3,5,33
APAF1,17,18,20,42,89
APBA1,13,12,20,9,93
APBA2,11,11,13,6,45
APBA3,7,11,6,3,58
APBB1,71,80,33,16,190
APBB1IP,8,10,15,32,18
APBB2,3,27,6,9,79
APBB3,6,8,6,3,25
APC,126,166,233,198,326
APC2,16,4,19,4,16
APCDD1,0,0,3,3,5
APCS,12,12,17,35,26
APEH,34,38,8,8,86
APEX1,70,82,56,48,1262
APEX2,12,12,12,17,35
APH1A,19,19,17,15,52
APH1B,5,4,4,6,11
API5,21,37,8,9,185
APIP,21,26,21,51,45
APLF,8,30,15,13,41
APLN,4,5,9,25,7
APLP1,43,44,54,9,51
APLP2,23,22,25,17,116
APMAP,0,13,7,15,76
APOA1,72,77,74,73,180
APOA2,11,14,13,45,101
APOA4,2,3,2,42,19
APOA5,3,3,3,31,16
APOB,28,43,33,503,154
APOBEC1,6,7,7,12,15
APOBEC3B,2,8,1,15,129
APOBEC3C,11,13,9,18,188
APOBEC3F,4,4,8,18,65
APOBEC3G,6,7,10,29,18
APOBEC3H,0,1,0,15,3
APOBR,0,0,0,69,3
APOC1,4,4,4,31,36
APOC2,2,2,2,32,39
APOC3,5,5,5,50,41
APOD,10,17,14,99,167
APOE,47,50,57,516,162
APOH,12,11,15,180,28
APOL1,2,2,2,26,5
APOL2,1,19,3,1,110
APOL5,0,0,7,1,2
APOL6,6,5,6,1,14
APOLD1,1,1,0,1,6
APOM,2,2,2,25,43
APOO,1,2,1,21,142
APP,1972,2057,1906,539,2366
APPBP2,84,94,98,8,193
APPL1,37,63,55,18,175
APPL2,15,32,11,1,72
APRT,14,26,12,265,103
APTX,24,24,18,113,76
AQP1,40,41,47,11,135
AQP11,1,1,1,0,1
AQP11,1,1,1,0,1
AQP12B,0,0,0,0,39
AQP2,1,0,2,16,63
AQP3,3,3,3,9,238
AQP4,2,2,8,0,6
AQP5,7,8,10,9,11
AQP7,0,0,0,8,4
AQR,19,35,10,148,189
AR,223,231,238,505,946
ARAF,45,87,50,198,371
ARAP1,18,22,8,4,46
ARAP2,0,1,0,1,34
ARAP3,3,5,2,1,63
ARC,3,2,2,54,25
ARCN1,21,34,16,14,236
AREG,6,9,10,49,13
AREL1,0,10,7,4,31
ARF1,37,70,55,40,219
ARF3,15,16,15,24,126
ARF4,21,46,12,9,280
ARF5,12,42,10,7,224
ARF6,41,44,140,41,569
ARFGAP1,31,43,34,10,132
ARFGAP2,3,14,3,8,128
ARFGAP3,5,17,5,5,105
ARFGEF1,10,19,18,10,154
ARFGEF2,13,25,18,8,131
ARFIP1,19,51,7,3,135
ARFIP2,28,35,27,6,100
ARFRP1,2,2,2,7,26
ARG1,14,18,10,47,138
ARG2,1,2,2,30,18
ARGLU1,13,25,9,8,171
ARHGAP1,13,32,26,28,213
ARHGAP10,5,8,6,2,28
ARHGAP11A,4,16,3,28,68
ARHGAP12,6,6,4,4,66
ARHGAP15,6,6,7,5,21
ARHGAP17,31,43,18,8,94
ARHGAP19,6,5,2,1,67
ARHGAP20,1,1,1,1,29
ARHGAP21,5,31,13,11,182
ARHGAP22,2,2,2,4,64
ARHGAP24,1,1,5,6,480
ARHGAP25,1,28,1,5,51
ARHGAP26,8,9,9,10,65
ARHGAP27,4,3,4,1,11
ARHGAP29,8,8,8,5,65
ARHGAP30,1,0,0,4,7
ARHGAP31,2,2,5,7,44
ARHGAP32,34,38,44,16,140
ARHGAP33,2,2,2,3,9
ARHGAP35,10,12,9,26,97
ARHGAP4,4,4,4,4,26
ARHGAP44,5,5,4,0,36
ARHGAP45,0,0,0,4,0
ARHGAP5,11,11,11,10,58
ARHGAP6,1,1,1,10,7
ARHGAP8,1,5,5,2,24
ARHGAP9,9,8,19,9,44
ARHGDIA,65,89,65,174,176
ARHGDIB,11,13,16,13,40
ARHGDIG,7,11,7,39,18
ARHGEF1,19,28,20,14,135
ARHGEF10,6,13,1,4,87
ARHGEF10L,0,0,5,5,60
ARHGEF11,12,16,25,8,68
ARHGEF12,12,21,16,21,95
ARHGEF15,8,8,9,4,47
ARHGEF16,5,5,6,6,93
ARHGEF18,5,6,4,9,33
ARHGEF19,1,0,5,5,54
ARHGEF2,35,48,26,20,215
ARHGEF25,4,5,4,20,30
ARHGEF26,0,10,0,7,43
ARHGEF28,0,5,0,11,29
ARHGEF3,10,8,8,9,16
ARHGEF33,0,1,0,3,4
ARHGEF35,2,1,1,2,7
ARHGEF38,0,0,0,6,5
ARHGEF39,0,4,5,4,55
ARHGEF4,7,7,77,8,61
ARHGEF40,6,6,6,3,66
ARHGEF5,18,19,19,6,75
ARHGEF6,16,19,30,21,87
ARHGEF7,23,29,36,39,121
ARHGEF9,5,4,5,12,26
ARID1A,44,53,22,34,222
ARID1B,23,33,21,21,209
ARID2,16,24,14,13,151
ARID3A,17,18,17,5,120
ARID3B,9,18,6,1,112
ARID4A,23,24,38,12,69
ARID4B,14,26,12,16,194
ARID5A,21,20,21,1,131
ARID5B,10,11,1,6,69
ARIH1,31,41,14,15,252
ARIH2,59,66,47,2,295
ARK2N,0,0,0,0,0
ARL1,16,16,20,6,193
ARL10,1,9,1,0,190
ARL11,2,1,3,0,43
ARL13A,4,0,4,2,2
ARL13B,1,21,1,18,323
ARL14,1,1,4,0,116
ARL14EP,0,5,5,3,31
ARL15,14,13,17,2,111
ARL16,4,3,5,2,83
ARL2,15,17,12,14,83
ARL2BP,10,11,6,2,38
ARL3,10,9,15,14,74
ARL4A,6,5,7,1,16
ARL4C,3,2,3,4,135
ARL4D,15,14,23,1,135
ARL5A,6,6,6,0,79
ARL5B,1,8,2,1,56
ARL6,7,6,9,2,35
ARL6IP1,41,43,66,26,131
ARL6IP4,12,31,10,2,112
ARL6IP5,14,31,11,1,195
ARL6IP6,2,14,3,0,84
ARL8A,3,8,3,0,97
ARL8B,8,19,7,6,209
ARMC1,6,40,7,3,67
ARMC10,2,1,2,1,33
ARMC2,1,1,0,2,6
ARMC3,0,0,0,5,5
ARMC5,4,4,1,2,198
ARMC6,10,49,13,0,148
ARMC7,23,23,23,8,81
ARMC8,11,25,10,4,228
ARMC9,9,8,4,0,20
ARMCX1,4,3,4,1,13
ARMCX2,2,2,4,0,32
ARMCX3,19,26,8,2,139
ARMCX5,3,2,2,0,29
ARMCX6,0,0,0,1,6
ARMH3,0,0,0,0,0
ARMT1,0,0,8,0,0
ARNT,38,42,41,161,229
ARNT2,60,59,10,16,83
ARPC1A,27,33,5,12,108
ARPC1B,44,58,16,16,215
ARPC2,50,68,18,18,186
ARPC3,37,67,29,18,181
ARPC4,46,63,18,9,165
ARPC5,27,37,13,10,112
ARPC5L,19,36,7,7,82
ARPP19,5,7,5,4,19
ARPP21,3,2,0,5,2
ARR3,26,10,27,12,15
ARRB1,238,240,270,80,300
ARRB2,317,336,324,70,440
ARRDC1,10,34,10,2,66
ARRDC2,1,1,1,3,52
ARRDC3,23,23,17,5,224
ARRDC5,0,1,0,1,42
ARSA,4,14,7,74,73
ARSB,2,7,1,50,51
ARSF,1,1,1,11,31
ARSH,0,0,0,5,3
ARSI,1,1,1,7,5
ARSJ,4,4,4,36,5
ARSK,0,13,0,29,94
ART3,2,24,1,5,28
ART4,2,2,1,3,13
ARTN,1,1,1,64,1
ARVCF,4,4,7,4,51
ARX,0,17,0,52,27
AS3MT,1,1,1,5,5
ASAH1,7,15,7,19,80
ASAP1,22,23,42,13,69
ASAP2,14,13,29,3,38
ASAP3,6,7,6,1,25
ASB10,25,25,3,6,32
ASB13,17,17,9,4,32
ASB15,19,19,29,6,33
ASB16,19,19,5,7,20
ASB17,20,20,2,3,23
ASB2,35,35,13,12,43
ASB3,32,35,6,2,82
ASB4,26,26,7,6,32
ASB6,31,29,15,3,96
ASB7,17,21,8,4,55
ASB8,19,22,6,2,31
ASB9,34,35,9,8,44
ASCC1,11,29,9,10,69
ASCC2,38,52,42,9,116
ASCC3,20,27,18,18,178
ASCL1,5,5,9,15,37
ASCL2,8,7,9,5,8
ASCL3,2,2,5,1,10
ASCL4,2,3,2,1,15
ASF1A,37,48,45,17,245
ASF1B,37,42,56,43,108
ASGR1,12,13,15,17,55
ASGR2,11,41,7,7,88
ASH1L,5,7,14,12,59
ASH2L,54,57,65,25,247
ASIC1,0,5,6,1,61
ASIC2,0,2,5,4,14
ASIC3,0,7,10,3,7
ASIC4,0,1,0,1,132
ASIC5,0,0,0,1,8
ASIP,0,0,6,11,8
ASL,15,16,9,37,26
ASNS,45,82,20,156,178
ASNSD1,2,1,2,10,28
ASPDH,0,9,0,2,13
ASPH,8,14,7,69,333
ASPHD1,0,0,0,3,5
ASPM,9,43,12,281,145
ASPRV1,2,9,3,1,27
ASPSCR1,19,36,9,11,81
ASRGL1,5,5,5,4,22
ASS1,37,77,18,52,192
ASTE1,2,11,1,2,15
ASTN2,0,2,0,5,9
ASXL1,11,14,17,18,291
ATAD1,5,9,3,8,95
ATAD2,14,20,26,35,59
ATAD2B,2,1,2,1,17
ATAD3A,34,57,20,18,338
ATAD3B,22,37,114,6,230
ATAD5,9,12,7,32,73
ATAT1,2,2,0,2,21
ATCAY,2,2,4,1,7
ATF1,12,18,29,11,53
ATF2,193,201,197,27,238
ATF3,50,58,47,32,90
ATF4,74,71,73,34,93
ATF4,74,71,73,34,93
ATF5,12,10,17,9,19
ATF6,20,27,17,32,120
ATF6B,10,24,9,13,66
ATF7,18,24,42,11,65
ATF7,18,24,42,11,65
ATF7IP,18,21,79,5,81
ATF7IP2,3,3,3,1,17
ATG10,11,11,17,6,16
ATG101,0,38,39,11,88
ATG12,28,28,59,24,85
ATG13,16,17,12,15,205
ATG14,14,15,7,11,349
ATG16L1,39,44,25,19,1137
ATG16L2,2,4,4,2,11
ATG2A,11,14,15,1,41
ATG2B,3,11,2,2,93
ATG3,33,32,24,15,78
ATG4A,5,13,4,2,31
ATG4B,24,23,20,6,122
ATG4D,5,4,3,4,14
ATG5,25,28,76,47,413
ATG7,43,50,18,49,189
ATG9A,12,18,14,8,448
ATIC,49,69,21,273,159
ATL1,1,1,4,4,53
ATL1,1,1,4,4,53
ATL2,2,20,2,4,100
ATL3,5,64,3,6,185
ATM,115,158,98,542,316
ATMIN,3,3,3,22,12
ATN1,94,94,102,17,181
ATOH1,0,0,1,6,77
ATOH7,0,0,0,4,1
ATOH8,2,2,2,1,2
ATOSA,0,0,0,0,0
ATOSB,0,0,0,0,0
ATOX1,6,13,7,12,29
ATP10A,0,1,0,2,6
ATP10B,0,0,0,0,4
ATP11B,2,1,1,0,26
ATP11C,2,12,0,1,116
ATP12A,5,31,5,21,180
ATP13A1,3,7,3,7,198
ATP13A2,48,56,45,14,108
ATP13A3,1,5,1,2,169
ATP13A4,0,0,1,0,1
ATP1A1,42,115,62,16,550
ATP1A2,7,16,4,9,44
ATP1A3,5,34,42,14,236
ATP1A4,4,5,4,11,28
ATP1B1,25,71,21,12,163
ATP1B2,1,7,2,7,20
ATP1B3,8,99,5,10,254
ATP1B4,0,37,0,4,59
ATP2A1,9,11,11,21,413
ATP2A2,42,65,27,25,351
ATP2B1,9,30,9,9,250
ATP2B2,7,29,11,9,184
ATP2B4,8,30,13,9,173
ATP2C1,3,12,2,2,118
ATP2C2,1,0,2,6,1
ATP4B,5,4,5,5,7
ATP5F1A,0,0,0,74,0
ATP5F1B,0,0,0,66,0
ATP5F1C,0,0,0,58,0
ATP5F1D,0,0,0,43,0
ATP5IF1,0,0,0,10,0
ATP5MC1,0,0,0,26,0
ATP5MC2,0,0,0,16,0
ATP5ME,0,0,0,12,0
ATP5PD,0,0,0,25,0
ATP5PO,0,0,0,42,0
ATP6AP1,10,23,7,12,135
ATP6AP2,7,106,6,11,310
ATP6V0A1,22,46,7,12,240
ATP6V0A2,9,20,2,12,161
ATP6V0A4,2,1,2,11,39
ATP6V0B,7,7,4,25,33
ATP6V0C,9,12,12,30,149
ATP6V0D1,9,66,3,23,213
ATP6V0D2,5,8,5,18,59
ATP6V0E1,0,0,1,13,31
ATP6V0E2,1,1,1,14,2
ATP6V1A,48,87,10,26,287
ATP6V1B1,81,93,6,23,110
ATP6V1C1,43,55,3,13,107
ATP6V1D,22,41,7,17,109
ATP6V1E1,42,55,21,23,130
ATP6V1E2,3,4,3,21,16
ATP6V1F,40,50,3,25,120
ATP6V1G1,11,18,9,17,82
ATP6V1G2,3,4,2,14,37
ATP6V1H,29,42,7,18,151
ATP7A,6,11,8,18,93
ATP7B,9,10,9,10,61
ATP8A1,2,1,0,0,38
ATP9A,3,15,3,0,88
ATP9B,1,0,1,0,20
ATPAF1,3,3,2,2,128
ATPAF2,22,26,23,2,117
ATR,79,96,73,390,212
ATRAID,0,1,4,15,16
ATRIP,39,39,32,149,95
ATRN,5,6,3,38,66
ATRX,45,48,20,412,225
ATXN1,257,254,269,29,469
ATXN10,22,32,28,9,130
ATXN1L,63,64,60,5,148
ATXN2,38,54,32,34,300
ATXN2L,25,36,18,12,273
ATXN3,61,80,55,23,435
ATXN3L,7,8,6,15,17
ATXN7,79,78,85,11,110
ATXN7L1,5,6,6,4,80
ATXN7L2,7,8,5,4,58
ATXN7L3,17,30,15,7,53
ATXN7L3B,1,2,1,0,14
AUH,1,2,1,112,305
AUNIP,0,5,0,27,13
AUP1,37,56,21,15,259
AURKA,170,262,59,503,664
AURKAIP1,6,8,6,11,283
AURKB,137,150,71,504,749
AURKC,13,25,10,118,40
AUTS2,4,20,0,7,43
AVEN,6,8,5,11,26
AVIL,2,1,2,18,33
AVP,5,5,7,35,26
AVPI1,9,10,9,2,47
AVPR2,15,13,11,23,122
AXIN1,54,61,61,38,147
AXIN2,11,15,10,26,73
AXL,18,17,22,206,341
AZGP1,8,11,9,28,143
AZI2,14,14,17,5,38
AZIN1,9,16,8,18,19
AZIN2,0,1,1,13,14
B2M,15,22,37,94,87
B3GALNT1,1,24,1,6,29
B3GALNT2,3,8,2,6,33
B3GALT1,1,1,2,2,2
B3GALT2,1,10,1,2,11
B3GALT4,3,3,4,4,31
B3GALT6,2,3,1,6,45
B3GAT1,2,2,2,15,376
B3GAT3,3,18,1,6,117
B3GNT2,2,21,3,6,517
B3GNT3,0,20,0,4,83
B3GNT4,1,1,1,3,3
B3GNT6,0,0,0,0,0
B3GNT9,2,2,3,1,3
B3GNTL1,1,0,2,3,3
B4GALNT1,1,1,1,5,22
B4GALNT2,0,0,0,7,6
B4GALNT3,0,1,0,1,20
B4GALNT4,0,1,0,2,8
B4GALT1,8,14,8,10,49
B4GALT3,3,25,3,5,81
B4GALT4,2,7,0,4,38
B4GALT5,2,7,1,6,60
B4GALT6,0,0,0,8,22
B4GALT7,3,17,3,11,72
B4GAT1,0,2,4,9,126
B9D1,3,23,3,0,30
B9D2,0,60,2,1,72
BAALC,2,3,3,3,15
BAAT,4,4,3,6,26
BABAM1,55,59,47,9,94
BACE1,13,15,22,45,34
BACE2,3,5,3,13,83
BACH1,33,43,18,6,106
BACH2,13,12,12,10,86
BAD,35,41,49,74,100
BAG1,54,68,35,14,473
BAG2,58,93,43,5,625
BAG3,413,447,28,30,636
BAG4,35,64,20,12,225
BAG5,24,35,21,3,366
BAG6,136,254,120,20,455
BAHD1,23,24,18,1,61
BAIAP2,32,52,35,36,189
BAIAP2L1,14,24,14,12,131
BAIAP2L2,1,0,0,13,7
BAIAP3,1,1,1,0,5
BAK1,28,27,26,20,37
BAMBI,11,10,10,54,15
BANF1,57,64,55,22,202
BANK1,3,3,4,4,9
BANP,85,98,74,34,271
BAP1,41,57,31,14,1284
BARD1,253,262,235,47,326
BARHL1,3,3,3,0,3
BARX1,5,7,5,3,9
BARX2,1,0,2,0,2
BASP1,13,39,5,10,300
BATF,18,18,23,25,21
BATF2,17,17,9,6,30
BATF3,17,20,28,16,53
BAX,47,66,39,172,123
BAZ1A,19,29,15,5,125
BAZ1B,53,38,57,12,207
BAZ2A,11,16,30,7,74
BAZ2B,9,9,9,1,60
BBC3,4,5,11,13,29
BBOF1,0,0,0,1,0
BBS1,18,21,25,8,111
BBS10,13,13,14,6,20
BBS2,15,17,18,10,53
BBS4,17,20,20,13,44
BBS5,2,3,3,3,18
BBS7,7,13,10,4,87
BBS9,0,3,4,4,19
BBX,11,16,5,33,114
BCAM,5,3,6,1,49
BCAN,8,13,11,97,31
BCAP29,4,12,4,3,55
BCAP31,41,69,38,19,585
BCAR1,63,63,74,58,540
BCAR3,11,35,45,4,65
BCAS1,2,2,3,5,9
BCAS2,54,68,25,21,256
BCAT1,11,29,2,45,69
BCAT2,5,9,5,47,38
BCCIP,38,52,20,119,142
BCDIN3D,4,3,3,2,8
BCHE,1,2,1,118,62
BCKDHA,3,6,3,145,177
BCKDHB,1,5,2,55,65
BCKDK,15,18,17,84,140
BCL10,49,51,48,30,83
BCL11A,27,30,17,20,107
BCL11B,16,15,16,17,71
BCL2,89,90,111,185,129
BCL2,89,90,111,185,129
BCL2A1,14,15,21,25,21
BCL2L1,78,84,93,102,189
BCL2L10,5,5,10,9,18
BCL2L11,36,42,32,54,70
BCL2L12,3,5,5,3,39
BCL2L13,12,11,37,4,138
BCL2L14,2,16,5,6,120
BCL2L15,3,3,3,3,10
BCL2L2,17,18,15,16,71
BCL3,43,39,41,28,49
BCL6,105,110,128,43,226
BCL6B,17,18,16,5,31
BCL7A,9,19,4,4,124
BCL7B,4,26,1,2,96
BCL7C,16,29,3,2,113
BCL9,5,6,5,5,86
BCL9L,3,5,3,4,50
BCLAF1,43,81,24,36,338
BCOR,27,46,21,81,294
BCORL1,12,14,5,9,90
BCR,49,55,73,141,217
BCS1L,7,11,5,35,118
BDH1,3,10,1,9,58
BDH2,2,1,2,13,39
BDKRB1,1,0,2,26,31
BDKRB2,4,4,12,28,27
BDNF,8,9,16,515,42
BEAN1,1,1,0,1,3
BECN1,56,76,46,59,198
BEGAIN,22,26,25,59,55
BEND2,2,2,2,1,11
BEND3,12,15,9,2,118
BEND5,19,19,20,1,31
BEND6,0,0,0,2,5
BEND7,28,36,37,2,94
BEST1,1,1,2,11,8
BEST1,1,1,2,11,8
BEST4,0,0,0,2,0
BET1,11,18,14,12,388
BET1L,8,9,14,10,44
BEX1,5,15,6,2,51
BEX2,27,32,29,3,105
BEX4,1,1,2,0,20
BEX5,3,4,2,1,26
BFAR,18,19,16,19,28
BFSP1,3,3,5,11,49
BFSP2,3,3,4,9,67
BGLAP,1,1,5,212,8
BGN,9,10,16,45,20
BHLHA15,1,2,2,3,73
BHLHA9,0,0,0,2,12
BHLHE40,58,55,68,22,116
BHLHE41,10,36,8,12,40
BHMT,5,9,5,34,11
BHMT2,1,4,1,25,7
BICC1,0,2,0,2,28
BICD1,5,9,15,2,228
BICD2,13,19,11,5,422
BICDL1,0,0,0,3,0
BICRAL,0,0,0,2,0
BID,47,50,59,77,130
BIK,13,13,14,62,124
BIN1,45,55,40,37,104
BIN3,4,12,3,4,42
BIRC2,104,119,84,47,230
BIRC3,72,76,58,49,1321
BIRC5,33,37,20,64,95
BIRC6,20,44,25,28,253
BIRC7,22,30,22,15,56
BLCAP,3,3,3,6,21
BLK,13,43,20,139,188
BLM,65,75,52,289,200
BLMH,26,41,19,62,130
BLNK,33,33,25,19,41
BLOC1S1,13,16,33,13,49
BLOC1S2,18,21,18,9,80
BLOC1S3,6,8,7,11,18
BLOC1S4,0,6,9,9,18
BLOC1S5,0,14,13,2,42
BLOC1S6,0,40,40,16,78
BLTP2,0,0,0,0,0
BLVRA,4,13,8,72,83
BLVRB,6,8,4,149,53
BLZF1,48,54,45,4,127
BMAL2,0,0,0,0,0
BMF,16,16,17,39,29
BMI1,357,360,51,41,626
BMP1,3,3,16,21,97
BMP10,4,4,1,4,61
BMP15,0,4,2,8,6
BMP2,8,9,23,44,16
BMP2K,7,30,3,10,100
BMP3,2,2,5,5,4
BMP4,7,6,20,55,124
BMP5,0,0,4,9,4
BMP6,5,4,13,19,15
BMP7,20,31,26,34,75
BMP8A,0,0,0,4,19
BMPR1A,29,36,30,23,247
BMPR1B,19,20,67,18,26
BMPR2,31,30,54,19,87
BMS1,10,15,8,29,227
BMX,27,19,30,4,78
BNC1,1,1,5,0,5
BNC2,2,1,2,3,12
BNIP1,8,19,7,11,130
BNIP2,16,15,15,9,70
BNIP3,17,19,33,33,95
BNIP3L,28,29,32,16,62
BNIPL,14,13,15,3,15
BOC,5,5,9,3,21
BOD1,4,10,2,2,27
BOD1L1,0,25,3,10,130
BOK,4,4,4,33,8
BOLA1,5,11,5,6,33
BOLA3,1,4,0,9,36
BOLL,9,12,10,2,40
BOP1,34,47,10,20,188
BORA,8,17,7,150,47
BPGM,10,16,10,25,29
BPHL,4,6,1,2,49
BPIFB1,0,1,1,2,54
BPIFB2,0,0,0,5,9
BPNT2,0,0,0,0,0
BPTF,26,32,22,154,193
BRAF,38,39,49,510,165
BRAP,24,48,20,53,90
BRAT1,6,17,3,3,106
BRCA1,513,513,265,178,1222
BRCA2,52,66,48,79,235
BRCC3,46,51,28,13,123
BRD1,12,20,14,16,345
BRD2,12,29,22,22,420
BRD3,9,18,7,24,495
BRD4,57,66,55,106,1595
BRD7,34,43,75,6,625
BRD8,19,25,32,14,142
BRD9,4,7,1,5,106
BRDT,4,4,14,3,78
BRF1,14,18,18,5,88
BRF2,28,27,59,2,36
BRI3,1,1,1,0,6
BRI3BP,3,15,3,0,123
BRINP1,0,24,9,2,33
BRIP1,13,18,12,43,89
BRIX1,30,78,20,24,304
BRK1,8,12,8,12,123
BRMS1,38,52,37,6,93
BRMS1L,18,19,19,4,127
BRPF1,8,16,4,2,75
BRPF3,2,3,5,12,163
BRSK1,5,4,8,1,35
BRSK2,9,8,8,5,37
BRWD1,10,13,10,2,48
BRWD3,2,4,2,4,44
BSCL2,10,31,7,10,191
BSDC1,3,3,2,0,22
BSG,27,125,27,195,802
BSN,6,6,7,7,24
BSND,2,2,4,4,63
BSPH1,0,0,0,0,0
BST1,1,1,2,17,13
BST2,10,12,8,11,52
BSX,0,0,0,3,1
BTAF1,10,25,7,10,135
BTBD1,12,17,10,1,107
BTBD10,7,8,10,2,16
BTBD17,0,0,0,1,2
BTBD2,30,33,33,1,69
BTBD3,3,5,2,1,17
BTBD6,4,4,2,2,21
BTBD7,2,2,0,1,13
BTBD8,2,2,2,4,4
BTBD9,7,16,7,6,51
BTC,2,3,7,127,23
BTF3,19,38,20,23,752
BTF3L4,21,25,3,5,94
BTG1,18,17,15,0,21
BTG2,18,17,16,7,25
BTG3,5,6,9,0,97
BTG4,2,1,2,2,1
BTK,65,68,78,462,100
BTLA,2,2,4,17,30
BTN2A1,1,32,1,4,67
BTN2A2,3,11,5,3,102
BTN3A3,3,3,4,6,25
BTRC,175,336,83,391,751
BUB1,25,38,20,66,126
BUB1B,43,77,33,74,159
BUB3,45,68,37,45,227
BUD13,4,12,3,20,114
BUD31,23,40,13,23,112
BYSL,90,118,81,404,353
BZW1,18,34,13,0,178
BZW2,22,35,6,0,122
C10ORF62,0,0,0,0,0
C10ORF67,0,0,0,0,0
C10ORF88,0,0,0,0,0
C10ORF90,0,0,0,0,0
C10ORF95,0,0,0,0,0
C11ORF21,0,0,0,0,0
C11ORF24,0,0,0,0,0
C11ORF52,0,0,0,0,0
C11ORF54,0,0,0,0,0
C11ORF58,0,0,0,0,0
C11ORF65,0,0,0,0,0
C11ORF68,0,0,0,0,0
C11ORF71,0,0,0,0,0
C11ORF87,0,0,0,0,0
C11ORF91,0,0,0,0,0
C12ORF50,0,0,0,0,0
C12ORF54,0,0,0,0,0
C12ORF56,0,0,0,0,0
C12ORF57,0,0,0,0,0
C12ORF71,0,0,0,0,0
C12ORF75,0,0,0,0,0
C14ORF119,0,0,0,0,0
C14ORF39,0,0,0,0,0
C14ORF93,0,0,0,0,0
C15ORF39,0,0,0,0,0
C15ORF40,0,0,0,0,0
C15ORF61,0,0,0,0,0
C15ORF62,0,0,0,0,0
C16ORF74,0,0,0,0,0
C16ORF78,0,0,0,0,0
C16ORF87,0,0,0,0,0
C16ORF89,0,0,0,0,0
C16ORF90,0,0,0,0,0
C16ORF92,0,0,0,0,0
C16ORF96,0,0,0,0,0
C17ORF107,0,0,0,0,0
C17ORF50,0,0,0,0,0
C17ORF58,0,0,0,0,0
C17ORF75,0,0,0,0,0
C18ORF32,0,0,0,0,0
C18ORF54,0,0,0,0,0
C18ORF63,0,0,0,0,0
C19ORF12,0,0,0,0,0
C19ORF18,0,0,0,0,0
C19ORF25,0,0,0,0,0
C19ORF33,0,0,0,0,0
C19ORF44,0,0,0,0,0
C19ORF47,0,0,0,0,0
C19ORF53,0,0,0,0,0
C19ORF73,0,0,0,0,0
C19ORF84,0,0,0,0,0
C1D,11,16,12,11,53
C1GALT1,3,3,3,0,52
C1GALT1C1,3,10,4,0,38
C1ORF105,0,0,0,0,0
C1ORF115,0,0,0,0,0
C1ORF122,0,0,0,0,0
C1ORF159,0,0,0,0,0
C1ORF174,0,0,0,0,0
C1ORF198,0,0,0,0,0
C1ORF21,0,0,0,0,0
C1ORF210,0,0,0,0,0
C1ORF216,0,0,0,0,0
C1ORF35,0,0,0,0,0
C1ORF43,0,0,0,0,0
C1ORF50,0,0,0,0,0
C1ORF52,0,0,0,0,0
C1ORF53,0,0,0,0,0
C1ORF54,0,0,0,0,0
C1ORF56,0,0,0,0,0
C1ORF74,0,0,0,0,0
C1ORF87,0,0,0,0,0
C1ORF94,0,0,0,0,0
C1QA,17,18,29,25,60
C1QB,6,16,11,16,81
C1QBP,121,148,116,27,802
C1QC,2,2,9,13,27
C1QL1,2,5,0,1,38
C1QL2,0,0,0,1,1
C1QL3,0,0,1,0,6
C1QL4,0,1,0,0,71
C1QTNF1,6,6,6,1,46
C1QTNF2,5,28,6,3,60
C1QTNF3,0,2,0,1,9
C1QTNF4,0,0,0,0,5
C1QTNF5,0,0,2,1,3
C1QTNF6,1,4,1,3,9
C1QTNF8,0,0,0,0,17
C1QTNF9,0,15,16,2,36
C1QTNF9B,0,1,0,1,50
C1S,5,5,8,23,10
C2,1,1,9,7,12
C20ORF141,0,0,0,0,0
C21ORF58,0,0,0,0,0
C21ORF91,0,0,0,0,0
C22ORF23,0,0,0,0,0
C22ORF39,0,0,0,0,0
C2CD2,2,5,0,1,51
C2CD2L,1,0,2,2,109
C2CD3,1,11,1,2,36
C2CD4A,0,0,0,3,12
C2CD4B,0,0,0,1,44
C2CD5,0,24,2,1,93
C2ORF15,0,0,0,0,0
C2ORF42,0,0,0,0,0
C2ORF49,0,0,0,0,0
C2ORF68,0,0,0,0,0
C2ORF69,0,0,0,0,0
C2ORF88,0,0,0,0,0
C3,13,21,37,68,137
C3AR1,1,1,3,25,97
C3ORF18,0,0,0,0,0
C3ORF20,0,0,0,0,0
C3ORF33,0,0,0,0,0
C3ORF52,0,0,0,0,0
C3ORF62,0,0,0,0,0
C4B,1,2,7,28,14
C4BPA,8,11,10,24,29
C4BPB,1,13,2,5,29
C4ORF17,0,0,0,0,0
C4ORF33,0,0,0,0,0
C4ORF46,0,0,0,0,0
C5,8,7,10,29,33
C5AR1,6,5,9,32,150
C5AR2,0,0,3,1,74
C5ORF15,0,0,0,0,0
C5ORF22,0,0,0,0,0
C5ORF34,0,0,0,0,0
C6,4,4,9,7,15
C6ORF118,0,0,0,0,0
C6ORF120,0,0,0,0,0
C6ORF141,0,0,0,0,0
C6ORF163,0,0,0,0,0
C6ORF47,0,0,0,0,0
C6ORF62,0,0,0,0,0
C6ORF89,0,0,0,0,0
C7,3,4,3,8,9
C7ORF25,0,0,0,0,0
C8B,2,2,4,11,7
C8G,1,1,2,12,9
C8ORF33,0,0,0,0,0
C8ORF48,0,0,0,0,0
C8ORF74,0,0,0,0,0
C8ORF76,0,0,0,0,0
C8ORF88,0,0,0,0,0
C9,3,4,3,23,15
C9ORF153,0,0,0,0,0
C9ORF43,0,0,0,0,0
C9ORF50,0,0,0,0,0
C9ORF72,0,0,0,0,0
C9ORF78,0,0,0,0,0
C9ORF85,0,0,0,0,0
CA1,3,3,3,16,10
CA10,0,26,0,11,45
CA11,0,4,3,1,10
CA12,6,5,12,5,16
CA14,1,44,1,3,70
CA2,13,13,16,13,66
CA4,3,3,5,10,8
CA5A,1,0,1,4,7
CA8,10,27,11,4,37
CA9,32,30,3,24,211
CAAP1,0,8,5,3,44
CAB39,13,32,18,5,65
CAB39L,4,8,5,3,28
CABIN1,20,23,18,7,81
CABLES1,3,5,11,1,43
CABLES2,4,6,4,1,19
CABP1,7,7,11,3,10
CABP2,2,2,3,4,59
CABP4,1,1,1,1,9
CABP7,0,0,0,1,5
CABS1,0,9,0,1,15
CABYR,2,2,3,51,6
CACHD1,3,3,8,2,75
CACNA1A,94,97,91,16,99
CACNA1B,7,7,12,6,12
CACNA1C,15,14,19,27,42
CACNA1D,1,1,4,9,10
CACNA1E,3,2,4,2,7
CACNA1F,1,1,2,9,3
CACNA1G,2,2,2,8,8
CACNA1H,3,4,5,4,14
CACNA1I,1,1,4,1,4
CACNA1S,4,4,6,16,10
CACNA2D1,4,22,0,16,103
CACNA2D2,2,8,1,5,78
CACNA2D3,0,0,3,5,11
CACNB1,5,4,9,6,13
CACNB2,1,0,3,11,10
CACNB3,2,3,4,7,27
CACNB4,6,6,10,5,14
CACNG2,8,18,12,9,26
CACNG3,1,3,2,5,9
CACNG4,1,17,0,4,57
CACNG5,0,0,0,4,41
CACUL1,0,0,2,5,21
CACYBP,38,54,37,62,278
CAD,46,99,39,150,404
CADM1,4,7,7,25,44
CADM3,1,0,2,5,3
CADM4,4,4,4,3,48
CADPS,9,10,13,2,65
CADPS2,12,13,13,2,23
CAGE1,6,7,7,4,19
CALB1,5,5,7,31,8
CALB2,1,4,3,31,8
CALCA,4,4,9,17,14
CALCB,0,1,0,11,9
CALCOCO1,23,27,23,5,76
CALCOCO2,156,165,147,15,487
CALD1,24,35,15,22,269
CALM1,206,225,308,54,562
CALM2,30,38,314,23,196
CALM3,29,29,307,134,312
CALML3,11,38,11,119,230
CALML4,0,0,0,113,2
CALML5,10,25,12,118,187
CALML6,1,1,0,111,7
CALR,79,114,63,439,402
CALR3,1,10,0,9,139
CALU,81,113,7,72,351
CAMK1,12,21,14,3,87
CAMK1D,20,29,10,3,50
CAMK1G,2,3,4,1,9
CAMK2A,33,45,55,46,218
CAMK2B,31,39,43,21,144
CAMK2D,32,40,42,15,199
CAMK2G,18,33,37,20,183
CAMK2N1,1,1,1,2,7
CAMK4,7,6,17,12,50
CAMKK1,5,19,13,3,45
CAMKK2,26,25,30,15,67
CAMKMT,18,27,1,8,35
CAMKV,5,9,6,22,110
CAMLG,7,13,11,52,127
CAMSAP1,4,24,5,5,94
CAMSAP2,5,19,6,5,165
CAMSAP3,2,15,7,4,125
CAMTA1,2,1,1,3,8
CAMTA2,4,6,4,2,17
CAND1,676,688,589,16,948
CAND1,676,688,589,16,948
CAND2,8,20,6,2,99
CANT1,3,9,1,10,86
CANX,80,155,80,478,1259
CAP1,35,40,9,10,200
CAP2,12,15,9,6,62
CAPG,4,22,3,32,77
CAPN1,69,92,60,28,193
CAPN10,4,5,5,9,29
CAPN11,4,6,4,2,10
CAPN12,0,0,0,2,23
CAPN15,0,4,1,4,32
CAPN2,42,46,15,16,151
CAPN3,5,6,22,24,37
CAPN5,2,1,2,3,12
CAPN6,0,0,2,6,16
CAPN7,8,9,8,3,39
CAPNS1,55,59,26,11,119
CAPNS2,1,8,2,8,49
CAPRIN1,28,35,28,17,447
CAPRIN2,4,6,4,1,15
CAPS,0,1,0,11,24
CAPS2,0,0,0,0,0
CAPSL,1,1,1,38,14
CAPZA1,49,82,36,34,361
CAPZA2,21,243,8,33,413
CAPZA3,1,0,3,5,1
CAPZB,48,96,29,305,1029
CARD10,5,11,5,7,127
CARD11,20,21,22,29,33
CARD14,4,6,3,9,14
CARD19,0,0,0,2,0
CARD6,5,4,4,0,10
CARD8,3,40,7,8,52
CARD9,66,71,65,17,162
CARF,0,3,4,20,3
CARHSP1,18,27,20,2,55
CARM1,72,85,53,32,264
CARMIL1,0,0,0,7,0
CARMIL3,0,0,0,0,0
CARNMT1,0,0,0,0,0
CARS1,0,0,0,26,0
CARS2,2,4,1,24,100
CASC3,9,32,12,19,143
CASD1,1,1,0,3,7
CASK,50,62,48,223,199
CASKIN2,2,2,3,1,48
CASP1,25,30,57,79,70
CASP10,42,41,46,21,49
CASP14,17,17,14,14,160
CASP2,25,26,34,31,47
CASP3,75,91,173,191,128
CASP4,32,33,55,13,48
CASP5,1,1,7,12,4
CASP6,18,18,45,33,36
CASP7,46,45,70,33,64
CASP8,95,132,150,97,171
CASP9,32,33,46,68,58
CASQ1,0,0,1,11,3
CASQ2,1,44,5,19,68
CASR,9,8,9,237,20
CAST,19,26,28,47,100
CASTOR2,0,0,0,10,0
CASZ1,2,11,1,1,44
CAT,15,46,12,13,169
CATIP,0,10,10,2,16
CATSPER1,33,33,33,3,119
CAV1,118,144,114,124,723
CAV2,12,11,12,15,115
CAV3,18,16,19,34,61
CAVIN1,0,0,0,35,0
CAVIN3,0,0,0,3,0
CBFA2T2,23,25,25,3,46
CBFA2T3,23,23,20,4,75
CBFB,16,23,27,274,97
CBL,215,231,166,369,468
CBLB,49,56,45,14,91
CBLC,35,35,41,42,73
CBLL1,12,13,5,12,74
CBLN1,0,0,1,3,2
CBLN2,0,0,1,2,0
CBLN3,0,0,3,2,0
CBLN4,1,1,2,3,124
CBR1,16,35,23,15,138
CBR3,7,16,7,9,39
CBR4,2,4,1,10,43
CBS,44,64,20,282,139
CBX1,57,61,49,17,264
CBX2,45,48,32,11,123
CBX3,95,100,77,34,613
CBX4,66,82,61,12,199
CBX5,153,160,107,28,329
CBX6,54,58,27,5,281
CBX7,26,29,31,4,43
CBX8,98,127,62,11,244
CBY1,8,9,9,2,179
CC2D1A,6,30,4,2,161
CC2D1B,5,9,1,1,37
CC2D2B,0,0,0,1,6
CCAR1,19,42,27,19,197
CCAR2,0,97,52,13,340
CCBE1,5,5,5,1,19
CCDC102A,0,14,0,1,60
CCDC102B,52,54,51,2,150
CCDC106,13,18,16,2,56
CCDC107,3,3,3,1,66
CCDC110,3,3,4,0,16
CCDC112,7,11,7,1,30
CCDC116,9,10,11,0,35
CCDC117,5,9,1,1,25
CCDC12,3,20,3,14,105
CCDC120,18,18,15,2,167
CCDC122,0,1,0,1,9
CCDC124,7,17,3,5,118
CCDC125,0,0,0,0,66
CCDC127,2,3,2,1,23
CCDC13,0,0,0,1,53
CCDC134,4,5,3,2,28
CCDC136,62,63,61,5,168
CCDC137,5,11,4,4,201
CCDC138,3,34,2,2,121
CCDC14,13,67,11,3,130
CCDC146,35,36,34,2,83
CCDC148,2,8,6,0,11
CCDC149,3,2,1,1,5
CCDC15,2,4,2,0,12
CCDC150,2,2,2,2,17
CCDC157,1,1,0,0,7
CCDC158,9,11,10,3,22
CCDC159,1,1,1,3,2
CCDC160,1,0,0,4,1
CCDC17,4,4,4,0,11
CCDC172,0,11,10,0,27
CCDC175,0,0,0,1,8
CCDC178,0,0,0,0,5
CCDC180,0,0,0,2,30
CCDC185,0,11,11,0,61
CCDC186,0,4,4,1,29
CCDC22,15,70,11,7,148
CCDC24,5,5,5,0,37
CCDC25,6,12,3,3,37
CCDC28A,8,8,8,0,30
CCDC28B,2,2,3,4,22
CCDC33,92,94,90,0,174
CCDC34,0,1,0,1,10
CCDC38,0,0,0,2,4
CCDC39,2,2,1,6,15
CCDC42,5,4,4,0,11
CCDC43,4,7,3,2,44
CCDC47,17,33,15,8,459
CCDC50,5,9,9,3,66
CCDC51,4,27,2,2,74
CCDC54,0,0,0,1,1
CCDC59,11,13,16,5,107
CCDC6,23,41,7,10,289
CCDC60,2,2,2,1,14
CCDC66,1,14,1,2,32
CCDC70,3,4,3,0,18
CCDC71L,0,1,1,0,24
CCDC77,2,24,1,1,64
CCDC78,0,0,1,4,4
CCDC8,541,544,3,3,662
CCDC80,1,1,1,6,10
CCDC85A,3,3,3,0,64
CCDC85B,133,142,131,1,165
CCDC85C,3,34,1,1,124
CCDC86,5,17,3,5,153
CCDC87,12,13,7,0,22
CCDC88A,17,56,16,5,225
CCDC88B,1,2,3,0,43
CCDC88C,8,10,5,3,71
CCDC9,6,16,4,6,85
CCDC90B,29,30,30,0,220
CCDC91,6,6,7,1,26
CCDC92,8,27,7,2,52
CCDC93,9,36,8,1,101
CCDC97,5,12,2,3,54
CCDC9B,0,0,0,2,0
CCHCR1,57,66,58,5,228
CCIN,1,1,2,11,8
CCK,3,2,7,61,4
CCKBR,4,4,12,12,17
CCL13,2,2,11,8,21
CCL14,5,4,8,2,14
CCL15,0,0,7,1,6
CCL16,0,0,6,2,8
CCL18,6,6,8,7,19
CCL19,3,2,15,22,14
CCL2,11,11,26,126,30
CCL20,3,3,8,22,14
CCL21,4,4,10,14,35
CCL22,6,6,9,13,40
CCL25,1,1,4,4,11
CCL26,1,1,3,6,35
CCL28,3,3,6,3,23
CCL3,4,4,14,52,169
CCL4,2,2,11,37,25
CCL5,14,25,30,74,58
CCL7,7,7,18,11,12
CCM2,4,8,6,7,39
CCM2L,0,1,2,1,6
CCN1,0,0,0,18,0
CCN2,0,0,0,53,0
CCN3,0,0,0,4,0
CCN4,0,0,0,5,0
CCN5,0,0,0,2,0
CCNA1,50,48,78,46,59
CCNA2,67,101,67,90,165
CCNB1,73,113,95,107,229
CCNB1IP1,9,10,11,4,17
CCNB2,10,29,8,63,64
CCNB3,2,2,2,11,14
CCNC,48,66,54,152,183
CCND1,74,83,92,130,263
CCND2,22,23,24,23,146
CCND3,42,49,44,19,81
CCNDBP1,72,87,98,4,134
CCNE1,67,68,65,44,140
CCNE2,14,13,13,31,24
CCNF,10,12,4,215,2068
CCNG1,27,35,27,12,47
CCNG2,9,8,8,6,14
CCNH,47,51,42,268,91
CCNI,7,8,5,39,18
CCNI2,0,6,0,0,6
CCNJ,2,2,0,12,8
CCNJL,6,35,6,1,44
CCNK,31,36,29,172,115
CCNL1,11,8,6,2,60
CCNL2,6,44,8,23,91
CCNO,7,5,5,5,30
CCNT1,57,58,40,25,219
CCNT2,15,15,7,20,55
CCNY,4,9,7,3,46
CCP110,29,57,12,13,167
CCPG1,2,15,2,3,94
CCR1,4,14,23,25,346
CCR10,5,1,14,7,3
CCR2,0,0,14,45,41
CCR3,7,7,22,13,9
CCR4,6,6,9,3,37
CCR5,17,17,49,39,21
CCR6,1,1,6,17,84
CCR7,2,1,3,40,3
CCR8,0,0,7,10,14
CCRL2,0,6,1,19,9
CCS,5,13,5,78,41
CCSER1,0,1,1,2,24
CCSER2,0,14,11,1,65
CCT2,117,180,69,46,650
CCT3,108,195,49,37,590
CCT4,90,150,54,36,520
CCT5,103,141,58,41,515
CCT6A,78,156,50,29,569
CCT6B,15,69,3,6,201
CCT7,93,158,60,43,567
CCT8,90,143,47,40,542
CD101,3,3,4,1,6
CD109,0,14,0,7,109
CD14,9,25,18,17,45
CD151,7,6,12,12,59
CD160,3,3,3,8,47
CD163,2,2,5,38,7
CD164,4,4,7,1,8
CD164L2,0,5,0,0,9
CD180,2,1,2,7,1
CD19,12,15,23,53,21
CD1A,4,4,4,12,70
CD1B,1,48,3,17,76
CD1D,5,5,9,30,6
CD1E,1,1,3,13,36
CD2,16,16,22,34,19
CD200,2,2,3,11,6
CD209,8,13,7,31,17
CD22,12,11,16,24,20
CD226,5,4,5,17,52
CD244,2,23,5,14,37
CD247,26,25,42,38,35
CD248,1,1,1,7,1
CD27,9,31,8,32,71
CD274,3,46,3,66,382
CD276,2,3,0,16,40
CD28,11,9,19,43,17
CD2AP,61,88,44,28,195
CD2BP2,54,64,47,13,235
CD300C,3,5,3,11,14
CD300LB,1,1,1,7,6
CD300LD,1,1,1,1,2
CD300LF,1,1,3,5,3
CD300LG,2,2,2,0,7
CD302,2,2,2,2,11
CD320,3,6,4,10,60
CD33,7,10,13,36,27
CD34,3,1,5,88,2
CD36,15,15,20,99,29
CD38,6,6,7,39,8
CD3D,9,9,14,34,77
CD3E,19,25,24,30,58
CD4,77,74,110,174,95
CD40,39,42,43,62,141
CD40LG,10,9,13,50,11
CD44,37,48,56,135,226
CD46,11,10,16,20,40
CD47,5,11,21,39,63
CD48,4,6,9,26,32
CD53,6,6,14,12,95
CD55,20,22,7,31,77
CD58,4,10,3,9,26
CD59,11,20,16,33,95
CD6,6,6,6,13,152
CD63,16,20,22,44,108
CD68,2,15,5,71,29
CD69,1,1,2,32,22
CD7,6,6,9,18,19
CD70,3,2,2,11,167
CD72,5,6,7,5,26
CD74,4,10,17,72,144
CD79A,12,10,20,26,244
CD79B,9,8,16,21,112
CD81,196,196,32,34,298
CD82,22,23,33,9,41
CD83,2,1,3,12,64
CD84,5,4,3,3,6
CD8A,13,13,30,134,17
CD9,23,22,32,36,80
CD93,10,10,26,15,30
CD96,0,12,0,11,15
CDA,10,26,11,127,50
CDAN1,7,7,6,4,33
CDC123,6,13,2,7,1836
CDC14A,10,11,4,14,106
CDC14B,3,3,5,0,155
CDC16,45,60,36,17,227
CDC20,128,146,64,79,226
CDC20B,12,18,12,21,34
CDC23,69,100,58,21,235
CDC25A,53,51,54,46,120
CDC25B,29,33,34,20,117
CDC25C,31,32,24,54,149
CDC26,13,21,15,10,48
CDC27,72,97,58,22,232
CDC34,52,51,53,25,320
CDC37,153,210,138,46,637
CDC37L1,24,25,6,4,29
CDC40,21,26,8,30,115
CDC42,133,191,217,154,1285
CDC42BPA,3,13,9,14,148
CDC42BPB,9,15,13,15,107
CDC42BPG,5,4,6,2,36
CDC42EP1,13,13,13,9,132
CDC42EP2,7,7,8,2,16
CDC42EP3,8,7,8,3,19
CDC42EP4,10,23,12,6,76
CDC42EP5,1,1,2,1,2
CDC42SE1,9,8,4,0,16
CDC42SE2,4,9,3,3,23
CDC45,27,32,37,68,126
CDC5L,156,578,111,56,838
CDC6,43,48,45,62,116
CDC7,27,29,28,36,119
CDC73,70,91,59,36,379
CDCA2,6,17,5,37,79
CDCA3,12,22,10,39,177
CDCA4,13,18,10,0,45
CDCA5,18,53,10,45,140
CDCA7,2,5,2,29,9
CDCA7L,37,39,33,6,82
CDCA8,20,44,20,76,115
CDCP1,3,3,9,6,20
CDCP2,0,0,0,0,3
CDH1,95,84,109,121,720
CDH10,4,4,6,3,6
CDH11,2,2,4,12,13
CDH13,1,12,2,11,43
CDH15,4,5,11,4,14
CDH16,2,2,4,5,27
CDH17,1,0,1,50,6
CDH18,4,3,6,2,4
CDH19,0,0,1,3,29
CDH2,49,53,39,61,124
CDH20,0,0,0,2,1
CDH22,1,1,1,2,1
CDH23,2,4,2,11,67
CDH24,3,3,4,3,6
CDH26,0,0,0,2,3
CDH3,6,6,10,9,20
CDH4,3,4,1,4,11
CDH4,3,4,1,4,11
CDH5,12,13,24,69,96
CDH5,12,13,24,69,96
CDH6,2,2,6,6,2
CDH7,2,2,6,3,9
CDH8,1,1,1,2,21
CDH8,1,1,1,2,21
CDH9,3,3,6,3,5
CDHR1,2,2,1,5,5
CDHR4,0,0,0,2,68
CDHR5,0,0,0,1,16
CDIN1,0,0,0,0,0
CDIP1,0,2,6,2,17
CDIPT,16,19,12,159,165
CDK1,152,191,207,149,526
CDK10,6,9,6,7,51
CDK12,21,29,15,31,182
CDK13,17,52,8,15,152
CDK14,10,15,15,11,44
CDK15,11,23,3,6,116
CDK16,20,32,18,16,129
CDK17,16,25,9,11,63
CDK18,35,54,22,13,130
CDK19,50,57,38,13,86
CDK2,560,649,553,101,764
CDK20,30,31,10,4,113
CDK2AP1,19,50,13,1,115
CDK2AP2,16,16,17,1,47
CDK3,29,42,27,12,104
CDK4,122,143,127,82,267
CDK5,74,84,81,41,197
CDK5R1,30,34,38,14,54
CDK5R2,1,1,5,2,19
CDK5RAP1,5,6,4,7,102
CDK5RAP2,35,51,22,12,186
CDK5RAP3,32,35,31,2,166
CDK6,103,114,104,58,207
CDK7,62,75,58,33,492
CDK8,73,103,75,20,214
CDK9,169,176,74,52,666
CDKAL1,8,15,3,14,237
CDKL1,3,9,2,0,22
CDKL2,2,6,2,0,68
CDKL3,18,19,17,1,65
CDKL4,0,11,0,0,12
CDKL5,4,14,6,9,29
CDKN1A,254,262,217,81,347
CDKN1B,67,75,81,46,129
CDKN1C,14,18,18,12,35
CDKN2A,135,145,137,105,328
CDKN2AIP,18,45,7,1,143
CDKN2AIPNL,2,9,1,0,30
CDKN2B,16,16,18,19,71
CDKN2C,28,37,30,12,90
CDKN2D,12,11,13,8,79
CDKN3,5,4,9,35,51
CDO1,3,2,3,13,14
CDON,5,6,6,4,22
CDPF1,0,3,2,0,36
CDR2,42,44,41,2,136
CDR2,42,44,41,2,136
CDR2L,1,2,2,2,94
CDS1,2,4,2,13,63
CDS2,4,5,3,14,111
CDSN,7,9,6,112,123
CDT1,51,60,43,57,74
CDX1,4,4,2,1,74
CDX2,9,11,19,19,28
CDX4,6,6,6,0,9
CDYL,20,26,19,154,90
CEACAM1,11,11,19,8,11
CEACAM16,0,0,0,5,13
CEACAM3,0,0,5,2,4
CEACAM5,5,5,8,47,10
CEACAM6,6,6,6,8,256
CEBPA,92,89,74,436,1171
CEBPB,66,65,115,451,1420
CEBPD,24,21,91,201,53
CEBPE,43,43,50,84,49
CEBPG,21,21,33,66,59
CEBPZ,23,46,19,263,247
CELA1,0,0,6,6,17
CELF1,16,21,12,33,282
CELF2,7,7,4,11,47
CELF3,7,7,7,4,12
CELF4,2,2,2,1,13
CELF6,0,0,0,2,4
CELSR2,2,10,7,6,105
CELSR3,4,7,19,3,39
CEMIP,0,2,2,12,66
CEMIP2,0,0,0,3,0
CEMP1,1,0,1,4,5
CEND1,3,3,2,1,12
CENPA,66,80,40,418,364
CENPA,66,80,40,418,364
CENPB,22,35,25,89,120
CENPC,0,20,7,121,99
CENPE,15,32,16,314,83
CENPF,18,26,20,250,117
CENPH,17,26,14,154,93
CENPI,10,10,3,211,36
CENPK,10,15,6,164,37
CENPM,12,13,1,175,103
CENPN,11,12,2,199,58
CENPO,17,31,6,93,45
CENPP,17,18,11,77,45
CENPQ,10,31,5,84,105
CENPT,9,12,10,106,34
CENPU,0,47,26,182,107
CENPV,4,13,5,6,121
CENPX,0,0,0,101,0
CEP104,0,71,1,2,84
CEP112,1,2,0,0,30
CEP120,2,91,2,13,107
CEP126,0,0,98,1,0
CEP128,2,275,1,4,302
CEP131,0,67,4,10,202
CEP135,6,164,3,15,264
CEP162,0,131,4,2,163
CEP164,0,74,9,16,133
CEP170,18,157,11,13,318
CEP170B,0,15,2,0,70
CEP19,13,103,13,2,156
CEP192,0,63,5,16,186
CEP250,226,233,14,10,291
CEP290,0,100,12,13,169
CEP295,0,12,2,6,50
CEP350,17,47,3,11,151
CEP43,0,0,0,0,0
CEP44,44,121,43,11,189
CEP55,62,91,60,47,258
CEP57,110,110,16,6,158
CEP57L1,71,73,71,0,94
CEP63,0,110,38,9,168
CEP68,4,7,6,8,21
CEP70,0,141,172,5,261
CEP72,0,59,19,8,106
CEP76,143,151,52,9,219
CEP78,8,14,1,3,95
CEP85,7,35,2,6,167
CEP85L,3,4,1,2,35
CEP89,2,86,1,8,143
CEP95,9,17,8,0,50
CEP97,15,50,8,15,165
CEPT1,3,19,2,16,68
CERK,6,38,6,71,91
CERS1,2,2,2,4,39
CERS2,22,30,18,7,224
CERS3,0,0,0,5,59
CERS4,0,0,0,4,67
CERS5,1,2,1,5,36
CERS6,1,8,1,8,105
CERT1,0,0,0,10,0
CERT1,0,0,0,10,0
CES1,1,2,3,17,15
CES2,0,0,0,7,29
CES4A,0,0,0,1,2
CETN1,9,8,6,15,60
CETN2,18,52,11,25,127
CETN3,8,17,12,17,74
CETP,2,2,5,33,3
CFAP126,0,0,0,3,0
CFAP184,0,0,0,0,0
CFAP20,0,6,4,8,89
CFAP298,0,0,0,2,0
CFAP36,0,2,3,0,22
CFAP410,0,0,0,8,0
CFAP45,0,3,0,2,15
CFAP52,0,4,4,2,10
CFAP53,0,9,9,2,30
CFAP58,0,7,4,1,18
CFAP97,0,35,1,0,58
CFB,6,9,6,126,42
CFD,3,2,5,63,4
CFDP1,6,10,5,6,77
CFH,10,11,18,150,132
CFHR1,2,2,4,15,4
CFHR2,1,1,1,7,2
CFHR3,2,2,2,10,5
CFHR4,2,2,3,9,2
CFHR5,1,1,1,13,22
CFI,2,3,2,105,11
CFL1,59,137,60,70,374
CFL2,11,39,11,58,120
CFLAR,35,35,52,163,63
CFP,4,4,4,16,42
CFTR,190,188,209,436,1472
CGA,5,5,10,13,27
CGGBP1,6,14,7,0,53
CGN,13,19,12,69,151
CGNL1,6,4,8,5,51
CGREF1,0,0,1,2,30
CGRRF1,3,23,4,0,105
CH25H,0,0,0,15,4
CHAC1,2,1,2,9,3
CHAC2,3,5,2,4,21
CHAD,0,2,3,9,4
CHAF1A,67,72,63,30,192
CHAF1B,23,28,27,25,156
CHAMP1,16,30,3,4,146
CHAT,0,2,9,139,8
CHCHD10,0,0,0,16,74
CHCHD2,17,24,14,11,247
CHCHD3,42,58,38,11,276
CHCHD4,16,18,4,13,133
CHCHD5,0,0,0,5,13
CHCHD6,7,15,9,2,84
CHCHD7,0,0,1,13,7
CHD1,22,27,17,17,125
CHD1L,32,53,32,15,106
CHD2,11,12,11,1,66
CHD3,130,145,111,23,766
CHD4,99,118,71,59,959
CHD6,9,14,8,7,74
CHD7,24,22,19,16,151
CHD8,27,46,25,19,292
CHD9,8,12,8,11,71
CHEK1,58,74,61,115,193
CHEK2,54,89,59,58,219
CHERP,42,56,28,101,267
CHFR,42,41,49,52,52
CHGA,6,7,6,34,13
CHGB,29,29,33,15,38
CHI3L2,1,1,1,3,9
CHIA,0,16,0,81,38
CHIC1,1,0,1,0,12
CHIC2,28,28,27,1,71
CHID1,4,6,3,4,76
CHKA,6,5,8,81,11
CHKB,1,1,1,38,3
CHL1,0,0,3,4,8
CHLSN,0,0,0,0,0
CHM,7,13,14,158,54
CHML,5,11,6,135,57
CHMP1A,15,27,9,8,103
CHMP1B,19,25,18,8,42
CHMP2A,19,32,16,12,97
CHMP2B,13,24,15,17,78
CHMP3,17,21,17,13,59
CHMP4A,26,29,17,11,71
CHMP4B,23,95,22,14,725
CHMP4C,10,13,9,11,684
CHMP5,23,34,22,9,96
CHMP6,10,10,12,13,31
CHMP7,5,11,4,10,80
CHN1,6,6,13,2,27
CHN2,4,7,8,7,25
CHODL,0,0,0,0,32
CHORDC1,26,53,8,3,122
CHP1,0,12,12,7,86
CHP2,5,5,5,3,13
CHPF,10,10,10,5,53
CHPF2,1,4,0,6,79
CHPT1,2,11,1,16,69
CHRAC1,25,23,8,7,54
CHRD,24,24,28,133,89
CHRDL1,0,0,1,2,9
CHRDL2,1,1,7,6,33
CHRFAM7A,0,0,0,0,1
CHRM1,3,3,4,19,4
CHRM2,3,3,10,11,14
CHRM3,4,4,12,8,76
CHRM4,0,0,3,2,89
CHRNA10,0,0,0,3,8
CHRNA2,0,0,3,4,0
CHRNA3,0,0,2,7,35
CHRNA4,2,3,7,4,153
CHRNA5,2,3,4,4,53
CHRNA7,3,3,5,3,26
CHRNA9,1,66,1,2,73
CHRNB1,1,0,3,4,28
CHRNB2,0,0,4,1,101
CHRNB4,0,0,5,3,68
CHRND,1,1,2,8,67
CHST10,3,11,2,2,51
CHST11,0,2,1,6,20
CHST12,2,12,2,5,70
CHST13,0,0,0,5,5
CHST14,1,1,1,5,58
CHST15,2,20,4,9,28
CHST2,0,0,0,3,4
CHST3,2,1,1,5,15
CHST6,0,0,0,4,17
CHST7,1,2,1,5,30
CHSY1,1,11,0,7,59
CHSY3,0,4,0,3,46
CHTF18,19,24,16,17,89
CHTF8,9,12,8,7,28
CHTOP,18,37,12,150,213
CHUK,121,124,182,365,209
CHURC1,3,4,3,4,20
CIAO1,72,74,55,11,293
CIAO2A,0,0,0,2,0
CIAO3,0,0,0,10,0
CIAPIN1,16,44,6,12,90
CIART,0,5,4,4,14
CIB1,17,16,25,17,66
CIB2,0,1,1,5,85
CIB3,16,16,16,5,65
CIBAR2,0,0,0,0,0
CIC,13,16,15,33,674
CIDEB,3,4,3,38,76
CIDEC,1,1,1,17,15
CIITA,21,24,24,20,39
CILK1,0,0,0,0,0
CILP2,1,1,0,2,31
CINP,11,13,10,45,63
CIP2A,0,0,0,18,0
CIPC,0,10,4,2,17
CIRBP,52,61,34,15,158
CIRSR,0,0,0,0,0
CISD1,7,25,3,11,91
CISD2,6,18,5,12,241
CISD3,1,1,0,4,89
CISH,21,24,21,18,31
CIT,15,15,14,123,1414
CITED1,8,8,13,5,34
CITED2,12,13,14,5,16
CITED4,4,4,6,2,5
CIZ1,9,15,4,9,54
CKAP2,3,30,1,30,130
CKAP2L,2,4,1,28,24
CKAP4,34,72,19,10,602
CKAP5,26,78,11,32,291
CKB,57,77,25,14,264
CKLF,1,0,1,2,5
CKM,11,19,10,105,48
CKMT2,8,10,6,14,52
CKS1B,41,42,34,30,96
CKS2,18,22,11,36,48
CLASRP,12,17,12,63,78
CLC,0,0,1,33,0
CLCA1,2,2,4,5,4
CLCA2,1,2,2,1,6
CLCC1,2,15,2,3,205
CLCF1,3,3,2,5,12
CLCN2,3,19,3,5,42
CLCN3,4,9,4,2,71
CLCN5,2,3,4,15,42
CLCN7,1,18,4,7,156
CLDN1,9,7,15,23,21
CLDN10,1,3,1,2,23
CLDN11,1,0,5,10,11
CLDN12,5,4,5,4,9
CLDN15,1,1,1,1,4
CLDN16,1,1,3,4,1
CLDN18,0,0,1,9,4
CLDN19,1,1,4,4,67
CLDN2,9,9,10,5,29
CLDN20,1,2,1,0,10
CLDN3,6,4,10,5,20
CLDN4,2,2,4,9,72
CLDN5,4,2,5,26,39
CLDN6,1,1,1,1,7
CLDN7,6,4,6,16,83
CLDN8,3,4,3,3,13
CLDN9,0,0,0,1,17
CLDND1,1,13,1,1,70
CLEC12B,0,0,0,2,183
CLEC16A,1,2,1,8,625
CLEC1A,0,1,2,0,16
CLEC2B,1,1,1,1,146
CLEC2L,2,2,2,0,2
CLEC3B,15,15,17,10,17
CLEC4F,1,1,1,1,9
CLEC4G,20,20,21,4,30
CLEC5A,0,16,1,2,19
CLEC7A,21,21,22,22,52
CLGN,11,36,4,6,280
CLHC1,0,4,2,7,9
CLIC1,33,49,34,3,164
CLIC2,5,6,4,4,19
CLIC3,4,8,4,1,61
CLIC4,8,43,12,7,132
CLIC5,3,7,7,9,16
CLINT1,36,68,28,22,213
CLIP1,16,20,24,18,181
CLIP2,4,6,4,3,31
CLIP3,9,9,10,4,15
CLIP4,8,7,25,2,46
CLK1,18,162,20,11,209
CLK2,63,66,34,5,195
CLK3,54,57,16,10,215
CLK4,15,17,11,6,44
CLMN,1,1,2,18,67
CLN3,89,91,44,16,121
CLN5,33,40,2,6,67
CLN6,6,5,3,4,102
CLN8,30,30,27,3,32
CLNK,2,28,2,2,29
CLNS1A,77,86,75,9,190
CLOCK,10,31,10,125,82
CLP1,13,15,21,18,64
CLP1,13,15,21,18,64
CLPB,13,18,13,264,224
CLPP,3,8,6,422,563
CLPS,0,0,4,4,1
CLPTM1,3,8,2,2,147
CLPTM1L,8,15,3,8,122
CLPX,14,26,10,147,192
CLRN2,0,0,0,1,75
CLSPN,26,29,22,221,84
CLSTN1,10,14,19,7,119
CLSTN3,1,1,1,1,73
CLTA,23,57,26,218,349
CLTB,6,64,11,126,182
CLTC,122,276,127,464,668
CLTCL1,18,42,16,35,181
CLU,71,102,63,317,252
CLUAP1,9,13,6,5,227
CLUH,0,28,3,39,138
CLUL1,0,0,1,1,2
CLYBL,3,2,3,7,14
CMA1,2,2,9,22,37
CMAS,6,14,3,26,110
CMBL,10,13,11,6,85
CMC1,0,0,0,1,10
CMC2,0,1,1,6,18
CMC4,0,0,2,2,5
CMIP,4,3,4,46,29
CMKLR1,0,0,2,6,98
CMPK1,4,9,8,26,104
CMPK2,1,0,1,18,0
CMSS1,0,17,69,5,127
CMTM1,1,1,0,1,3
CMTM2,1,1,2,0,17
CMTM3,6,6,8,1,29
CMTM4,2,4,2,0,36
CMTM5,46,50,48,3,237
CMTM6,9,15,9,3,91
CMTM8,0,0,1,0,65
CMTR1,0,10,3,10,211
CMTR2,0,1,1,9,21
CMYA5,6,9,11,9,33
CNBP,46,55,49,144,273
CNDP1,1,13,2,13,17
CNDP2,38,44,4,14,132
CNEP1R1,0,3,1,1,5
CNFN,0,0,0,5,16
CNGA2,0,0,4,0,0
CNGA3,1,1,1,6,33
CNIH1,0,0,0,11,34
CNIH2,0,0,0,12,10
CNIH3,0,0,0,13,28
CNIH4,2,5,6,3,66
CNKSR1,12,12,22,14,42
CNKSR2,7,7,19,13,15
CNN1,9,10,15,25,28
CNN2,15,21,4,13,78
CNN3,4,8,6,6,75
CNNM1,0,6,0,4,75
CNNM2,2,3,1,6,38
CNNM3,28,28,24,4,187
CNNM4,3,4,3,7,74
CNOT1,29,78,21,18,275
CNOT10,14,29,10,3,144
CNOT11,0,14,3,2,110
CNOT2,14,46,16,12,171
CNOT3,16,29,11,10,149
CNOT4,13,14,13,7,61
CNOT6,13,19,11,6,56
CNOT6L,12,18,15,6,91
CNOT7,21,44,21,8,133
CNOT8,13,23,23,5,70
CNOT9,0,0,0,10,0
CNP,11,18,9,105,195
CNPPD1,1,0,1,0,8
CNPY1,0,0,0,2,0
CNPY2,3,4,7,5,52
CNPY3,0,15,2,2,195
CNPY4,0,2,2,1,19
CNR1,4,4,7,16,10
CNR2,0,0,1,5,107
CNRIP1,2,8,2,2,21
CNST,12,13,10,5,23
CNTD1,1,1,0,3,4
CNTF,10,10,14,35,25
CNTFR,8,8,15,107,11
CNTLN,4,6,1,101,23
CNTN1,9,17,20,14,55
CNTN2,34,7,30,17,16
CNTN3,0,0,2,5,0
CNTN4,4,4,2,8,7
CNTN5,0,0,1,5,1
CNTN6,0,0,5,6,1
CNTNAP1,8,5,18,13,71
CNTNAP2,9,8,12,16,18
CNTNAP3,2,15,2,1,118
CNTNAP3B,1,8,1,1,50
CNTNAP4,6,6,6,5,23
CNTRL,4,155,6,102,195
CNTROB,10,120,5,9,165
COA1,0,9,2,2,36
COA3,0,1,1,4,88
COA5,2,2,2,2,22
COA7,0,16,1,3,131
COA8,0,0,0,2,0
COASY,13,25,10,198,94
COBL,5,24,1,43,75
COBLL1,2,13,1,1,67
COCH,1,9,3,29,49
COG1,10,18,9,7,80
COG2,9,21,9,13,89
COG3,19,34,7,19,89
COG4,14,23,15,5,110
COG5,14,23,12,5,64
COG6,11,16,8,12,160
COG7,16,23,12,5,72
COG8,11,14,18,6,39
COIL,83,85,81,128,551
COL10A1,3,4,4,13,35
COL11A1,2,1,7,14,22
COL11A2,4,4,3,12,9
COL12A1,1,1,2,14,49
COL13A1,0,0,6,3,11
COL14A1,4,15,6,9,93
COL16A1,1,0,3,6,16
COL17A1,8,8,13,16,33
COL18A1,6,15,11,218,89
COL19A1,1,1,1,5,1
COL1A1,27,35,40,61,112
COL1A2,10,15,38,42,54
COL22A1,0,0,0,8,9
COL25A1,1,1,3,8,9
COL26A1,0,1,3,4,4
COL27A1,0,0,0,4,6
COL28A1,0,0,0,5,4
COL2A1,14,17,31,18,41
COL3A1,8,9,11,38,32
COL4A1,11,12,29,26,31
COL4A2,10,25,28,20,54
COL4A3,5,4,22,18,15
COL4A4,1,0,15,7,9
COL4A5,9,16,21,8,55
COL4A6,2,4,12,5,17
COL5A1,7,12,11,23,46
COL5A2,0,2,4,22,17
COL6A1,9,13,9,30,105
COL6A2,3,12,6,27,80
COL6A3,0,1,9,23,16
COL7A1,10,12,16,16,19
COL8A1,18,19,25,9,128
COL8A2,2,14,2,7,42
COL9A2,4,4,5,10,14
COL9A3,1,1,3,8,8
COLEC12,2,14,2,3,70
COLGALT1,0,17,5,2,159
COLGALT2,0,16,2,1,65
COLQ,2,1,3,9,30
COMMD1,51,54,46,16,120
COMMD10,9,13,7,7,44
COMMD2,6,25,6,11,81
COMMD3,7,25,7,5,71
COMMD4,8,46,6,6,113
COMMD5,5,11,5,10,54
COMMD6,9,15,5,8,55
COMMD7,6,13,5,5,25
COMMD8,12,20,9,8,66
COMMD9,7,13,4,6,40
COMP,1,1,6,15,12
COMT,13,19,17,29,170
COMTD1,3,59,2,2,208
COPA,53,80,157,118,413
COPB1,60,83,53,20,297
COPB2,33,44,42,18,371
COPE,28,48,16,106,324
COPG1,0,63,37,10,225
COPRS,0,19,40,4,69
COPS2,87,101,77,19,229
COPS3,62,80,34,20,231
COPS4,74,82,34,15,177
COPS5,781,793,721,40,1081
COPS6,295,300,272,21,393
COPS7A,54,74,32,14,152
COPS7B,31,39,15,15,135
COPS8,38,40,26,13,112
COPS9,0,0,0,2,0
COPZ1,20,24,11,8,132
COQ10A,0,0,0,0,3
COQ10B,2,1,1,0,18
COQ2,1,0,1,31,84
COQ3,0,4,0,29,45
COQ4,2,1,1,9,37
COQ6,7,6,6,20,54
COQ8B,0,0,0,5,0
COQ9,2,2,2,15,216
CORO1A,18,39,20,27,158
CORO1B,28,63,9,16,197
CORO1C,47,85,10,19,338
CORO2A,4,18,5,7,60
CORO2B,3,3,5,5,21
CORO6,2,3,1,5,37
COTL1,9,24,9,7,55
COX10,0,0,0,29,7
COX11,2,2,2,10,34
COX15,13,12,2,25,355
COX16,0,6,0,6,24
COX17,12,23,16,12,65
COX18,0,0,0,13,7
COX19,1,0,0,11,7
COX20,0,7,2,2,48
COX4I1,7,49,12,60,424
COX4I2,2,2,2,26,24
COX5A,14,41,15,38,229
COX5B,20,35,18,38,156
COX6A1,2,1,2,22,56
COX6A2,5,5,5,22,5
COX6B1,5,17,2,21,103
COX6B2,1,2,1,19,3
COX6C,5,9,6,21,130
COX7A1,0,0,0,13,13
COX7A2,2,5,1,16,108
COX7A2L,4,7,2,5,89
COX7B,1,1,2,10,20
COX7C,2,0,1,26,93
COX8A,3,2,3,10,323
CP,5,7,12,53,59
CPB1,0,0,1,15,0
CPD,11,15,4,80,177
CPE,11,14,21,58,45
CPEB1,2,3,5,16,138
CPEB3,1,1,2,10,4
CPED1,0,1,1,0,2
CPLX2,2,2,6,4,22
CPM,1,16,3,27,42
CPN1,3,3,6,7,8
CPN2,2,2,3,2,3
CPNE1,14,16,23,3,60
CPNE2,13,15,20,0,89
CPNE3,12,22,5,4,113
CPNE4,0,1,16,1,29
CPNE5,1,0,1,3,40
CPNE6,12,13,14,3,17
CPNE7,13,13,9,1,74
CPNE8,9,16,2,11,102
CPNE9,1,1,1,0,19
CPO,0,0,0,1,0
CPOX,7,10,3,82,95
CPPED1,2,5,1,6,19
CPS1,20,36,3,32,139
CPSF1,52,58,29,31,251
CPSF2,37,49,18,22,161
CPSF3,24,44,19,27,137
CPSF4,12,19,5,14,89
CPSF6,68,83,43,48,512
CPSF7,54,74,25,18,340
CPT1A,31,35,10,40,181
CPT1C,1,0,0,20,4
CPT2,2,17,1,33,70
CPTP,0,7,7,1,8
CPVL,11,38,5,35,659
CPXCR1,0,0,0,2,6
CPXM1,1,1,1,1,2
CR1,1,1,7,12,2
CR2,7,7,12,23,13
CRABP1,2,2,3,10,13
CRABP2,7,7,7,13,77
CRACR2A,0,9,11,4,59
CRACR2B,0,5,2,1,22
CRADD,19,19,22,35,24
CRAMP1,0,0,0,4,0
CRAT,3,1,2,70,47
CRB1,3,3,7,2,9
CRB2,2,2,2,5,4
CRB3,3,3,4,7,28
CRBN,18,21,10,160,197
CRCP,15,24,8,114,88
CRCT1,20,20,21,4,65
CREB1,89,127,178,108,221
CREB3,27,189,260,16,236
CREB3L1,22,23,28,11,202
CREB3L2,15,12,11,8,22
CREB3L3,9,13,14,17,58
CREB3L4,8,8,10,8,13
CREB5,40,45,61,15,164
CREBBP,286,292,327,515,531
CREBL2,1,2,0,0,10
CREBZF,16,14,13,26,30
CREG1,6,6,6,2,26
CREG2,0,0,0,0,3
CRELD1,10,16,11,1,169
CRELD2,5,9,30,5,65
CREM,18,21,22,13,72
CRHR1,7,7,11,27,18
CRHR2,2,2,5,15,4
CRIM1,3,2,6,3,25
CRIP1,5,39,6,6,51
CRIP2,13,15,18,1,43
CRIPT,6,13,8,53,27
CRISP3,1,1,1,8,9
CRISPLD2,1,2,1,1,2
CRK,160,251,197,313,347
CRKL,69,108,85,239,208
CRLF1,4,4,3,2,71
CRLF3,13,14,2,3,37
CRLS1,3,2,3,12,3
CRMP1,82,90,79,14,127
CRNKL1,17,41,12,30,169
CRNN,3,11,0,42,75
CROCC,5,8,3,97,53
CROT,4,7,2,8,16
CRP,14,15,35,453,68
CRTAC1,3,3,3,0,27
CRTAM,0,0,2,9,0
CRTAP,12,21,3,83,119
CRTC1,7,8,5,9,26
CRTC2,15,17,23,14,60
CRTC3,5,18,5,2,60
CRX,43,43,41,11,250
CRY1,19,135,15,22,150
CRY2,16,148,11,22,188
CRYAA,14,14,17,55,186
CRYAB,70,93,54,26,165
CRYBA2,2,3,8,4,25
CRYBB2,5,5,8,4,7
CRYBB3,2,2,3,5,61
CRYGA,1,1,2,4,5
CRYGC,7,8,7,13,11
CRYGD,3,3,3,41,15
CRYGN,0,0,0,3,11
CRYM,3,4,4,61,11
CRYZ,10,20,5,88,157
CRYZL1,6,5,2,6,28
CS,19,23,23,516,466
CSAD,11,12,11,8,15
CSAG1,3,3,3,1,4
CSDC2,2,2,5,2,4
CSDE1,28,38,25,21,277
CSE1L,80,105,36,16,311
CSF1,8,6,9,67,14
CSF1R,18,18,26,66,54
CSF2,10,10,14,93,14
CSF2RB,15,14,34,26,19
CSF3,0,0,4,72,12
CSF3R,14,13,27,35,13
CSGALNACT1,2,13,0,4,63
CSGALNACT2,1,10,3,4,118
CSK,43,52,65,215,145
CSMD1,1,1,2,5,5
CSMD2,0,0,5,0,4
CSN1S1,12,10,13,5,31
CSN2,19,19,22,13,33
CSN2,19,19,22,13,33
CSN3,6,7,8,5,15
CSNK1A1,71,87,47,27,361
CSNK1A1L,7,10,5,5,57
CSNK1D,34,58,33,36,247
CSNK1G1,13,14,11,1,39
CSNK1G2,13,20,14,5,114
CSNK1G3,5,10,4,4,135
CSNK2A1,335,378,394,52,865
CSNK2A2,123,184,114,26,670
CSNK2B,207,248,225,28,600
CSPG4,5,10,14,24,71
CSPG5,1,2,1,11,33
CSPP1,6,49,5,1,93
CSRNP1,7,7,6,7,20
CSRNP2,4,3,5,0,5
CSRP1,12,20,4,5,68
CSRP3,6,7,10,26,15
CST11,1,1,1,1,73
CST2,5,12,5,5,52
CST3,6,6,10,47,25
CST6,2,17,1,6,90
CST9L,6,6,6,0,77
CSTA,19,25,17,18,138
CSTB,18,23,20,50,96
CSTF1,13,31,14,11,96
CSTF2,49,73,33,27,163
CSTF3,17,32,14,29,134
CSTPP1,0,0,0,0,0
CT83,0,0,1,1,0
CTAG2,3,2,3,1,33
CTBP1,111,147,90,47,345
CTBP1,111,147,90,47,345
CTBP2,85,98,77,37,366
CTBS,2,1,2,30,30
CTC1,3,4,4,12,56
CTCF,37,41,36,403,424
CTCFL,8,9,15,9,40
CTDNEP1,4,12,2,0,70
CTDP1,45,53,16,26,197
CTDSP1,5,13,8,2,103
CTDSP2,4,22,5,5,61
CTDSPL,3,4,3,33,89
CTDSPL2,2,14,1,0,68
CTF1,3,3,6,14,11
CTH,10,34,7,55,69
CTIF,3,3,0,34,72
CTLA4,10,11,14,61,106
CTNNA1,50,60,54,28,347
CTNNA2,4,13,4,14,58
CTNNA3,6,6,2,18,112
CTNNAL1,10,10,14,6,66
CTNNB1,255,280,312,269,969
CTNNBIP1,20,19,22,4,39
CTNNBL1,45,51,42,34,144
CTNND1,42,52,42,32,248
CTNND2,8,9,22,10,28
CTNS,0,0,0,32,8
CTPS1,0,61,26,54,192
CTPS2,22,27,8,34,117
CTR9,31,91,20,16,223
CTRB1,0,1,5,33,2
CTRB2,0,0,0,32,2
CTRL,0,4,3,19,13
CTSA,20,27,6,91,119
CTSB,28,34,38,303,224
CTSD,15,41,31,277,153
CTSE,1,1,5,49,13
CTSF,0,4,1,16,44
CTSG,7,14,30,189,70
CTSH,4,7,5,78,58
CTSK,3,7,8,33,14
CTSL,0,20,32,168,225
CTSO,1,5,1,27,13
CTSS,2,2,10,327,138
CTSV,0,10,1,12,103
CTSW,0,1,2,14,2
CTSZ,9,8,7,132,47
CTTN,83,103,62,334,426
CTTNBP2,23,23,24,8,48
CTTNBP2NL,27,30,21,3,71
CTU1,6,18,5,22,71
CTXN1,1,0,1,0,32
CTXN2,0,0,0,0,0
CUEDC1,5,15,5,0,84
CUEDC2,15,19,8,7,42
CUL1,652,666,606,48,882
CUL2,440,448,409,27,594
CUL3,1179,1192,1060,44,3150
CUL4A,257,275,270,29,825
CUL4B,319,336,97,21,730
CUL5,416,421,401,15,527
CUL7,637,644,15,72,845
CUL9,8,8,11,3,169
CUTA,8,10,8,1,48
CUTC,17,16,14,3,31
CUX1,19,41,23,12,202
CUX2,0,0,3,3,15
CWC22,8,20,8,21,104
CWC25,4,5,4,16,63
CWF19L1,3,7,2,4,75
CWF19L2,28,38,26,27,179
CX3CR1,1,1,1,28,4
CXADR,12,14,9,47,364
CXCL1,2,7,5,52,22
CXCL10,1,1,11,68,18
CXCL11,2,2,8,14,23
CXCL12,5,5,13,85,30
CXCL13,4,4,8,21,8
CXCL14,4,4,4,2,40
CXCL2,3,3,11,22,22
CXCL3,0,0,2,9,11
CXCL5,2,2,8,14,24
CXCL6,1,1,4,3,34
CXCL8,0,8,40,137,15
CXCL9,7,7,10,24,78
CXCR1,5,5,18,19,9
CXCR2,6,6,26,24,19
CXCR3,6,5,11,24,10
CXCR4,23,24,55,95,241
CXCR5,8,6,10,26,6
CXORF58,0,0,0,0,0
CXXC1,28,34,18,2,134
CXXC4,3,8,4,3,13
CXXC5,7,7,7,2,19
CYB561,3,3,4,5,63
CYB561A3,0,2,2,2,24
CYB561D1,0,0,0,2,5
CYB561D2,2,3,2,0,30
CYB5A,12,15,19,22,125
CYB5B,10,29,4,12,289
CYB5D1,1,1,1,3,2
CYB5R1,5,10,4,17,127
CYB5R2,8,8,8,16,29
CYB5R3,12,27,6,21,338
CYBA,10,9,14,117,61
CYBB,4,2,17,335,17
CYBC1,0,0,0,2,0
CYBRD1,2,15,3,9,48
CYC1,26,73,13,53,238
CYCS,21,34,42,527,176
CYFIP1,29,47,30,25,195
CYGB,3,3,2,41,12
CYLD,42,57,35,207,855
CYP11A1,4,4,5,23,6
CYP17A1,7,14,9,19,16
CYP19A1,0,0,2,27,40
CYP1A1,1,62,2,20,76
CYP1A2,2,2,2,19,10
CYP1B1,2,2,2,14,15
CYP20A1,1,1,2,4,24
CYP24A1,1,1,1,11,55
CYP27A1,1,6,1,25,13
CYP27B1,0,0,0,126,2
CYP27C1,1,0,1,2,7
CYP2A6,2,2,2,7,7
CYP2C18,5,10,4,6,26
CYP2C19,1,1,1,10,5
CYP2C8,12,13,11,7,17
CYP2C9,9,10,8,12,103
CYP2D6,3,3,0,13,4
CYP2E1,16,15,17,24,18
CYP2J2,2,3,2,4,32
CYP2S1,3,3,3,3,86
CYP2U1,0,0,0,3,6
CYP2W1,2,4,2,1,14
CYP39A1,4,4,4,9,5
CYP3A4,9,11,7,28,16
CYP3A5,3,3,4,7,10
CYP46A1,0,2,0,19,4
CYP4F11,2,1,3,5,5
CYP4F2,3,1,7,9,37
CYP4X1,1,1,1,4,18
CYP51A1,3,19,4,25,147
CYRIA,0,0,0,0,0
CYSLTR1,1,1,2,19,2
CYSRT1,0,4,1,2,509
CYSTM1,0,9,1,0,24
CYTH1,11,11,9,4,46
CYTH2,14,14,26,2,45
CYTH3,7,11,9,2,30
CYTH4,10,9,10,5,43
CYTIP,3,8,4,5,16
CYTL1,0,0,1,0,1
CZIB,0,0,0,14,0
DAAM1,5,10,18,22,59
DAB1,63,63,75,7,85
DAB2,59,79,41,25,122
DAB2IP,19,26,6,8,86
DACH1,18,23,19,6,98
DACH2,1,1,2,2,12
DACT1,11,15,12,2,25
DACT2,0,4,0,1,15
DACT3,0,0,0,0,17
DAD1,5,12,6,11,97
DAD1,5,12,6,11,97
DAG1,30,40,37,39,128
DAGLA,2,3,0,4,21
DAGLB,2,12,1,22,59
DALRD3,6,6,3,11,22
DAO,3,3,5,137,9
DAP,5,1,3,18,9
DAP3,33,63,20,27,320
DAP3,33,63,20,27,320
DAPK1,23,48,34,14,200
DAPK2,2,6,5,6,14
DAPK3,19,37,21,12,80
DAPP1,5,16,13,8,25
DARS1,0,0,0,10,0
DARS2,10,19,7,32,145
DAW1,0,2,2,5,10
DAXX,104,137,128,275,347
DAZAP1,29,77,14,16,143
DAZAP2,92,94,117,6,181
DAZL,5,4,6,127,143
DBF4,18,18,18,17,28
DBF4B,9,12,10,6,34
DBH,2,4,2,88,10
DBI,9,17,10,103,42
DBN1,57,210,25,30,402
DBNDD1,0,0,0,1,3
DBNDD2,5,5,6,1,10
DBNL,42,48,22,92,171
DBP,9,11,10,12,13
DBR1,4,10,4,6,32
DBT,11,34,5,210,190
DBX2,0,0,0,0,8
DCAF10,7,19,4,3,124
DCAF11,19,22,9,7,136
DCAF12,7,6,7,10,104
DCAF12L1,0,1,0,3,3
DCAF12L2,2,2,2,3,13
DCAF15,3,19,2,5,253
DCAF16,11,16,6,6,64
DCAF17,6,7,4,10,16
DCAF4,8,14,7,3,378
DCAF5,5,25,5,5,98
DCAF6,17,25,16,5,208
DCAF8,33,35,12,6,163
DCAKD,2,8,1,50,92
DCBLD1,2,2,2,2,31
DCBLD2,5,9,2,6,51
DCC,39,37,25,73,63
DCD,26,30,28,6,209
DCDC2,3,4,4,4,30
DCDC2B,5,5,5,2,20
DCHS1,2,1,3,3,18
DCHS2,1,1,1,2,3
DCK,20,21,6,167,59
DCLK1,2,14,1,9,120
DCLK2,3,4,3,0,30
DCLRE1A,5,6,5,22,21
DCLRE1B,6,14,4,22,34
DCLRE1C,12,33,13,20,40
DCN,14,19,30,305,26
DCP1B,19,27,12,3,103
DCP2,47,56,23,18,95
DCPS,34,37,5,38,388
DCST1,2,2,0,0,19
DCST2,0,0,1,0,2
DCTD,11,11,10,11,27
DCTN1,56,207,76,40,478
DCTN2,52,87,36,19,325
DCTN3,15,28,6,7,123
DCTN4,13,23,15,7,129
DCTN5,4,13,4,7,85
DCTN6,5,18,4,8,63
DCTPP1,22,23,11,8,59
DCUN1D1,226,237,201,6,274
DCUN1D2,11,11,9,5,30
DCUN1D3,12,11,7,2,26
DCUN1D4,10,11,7,7,30
DCUN1D5,14,24,10,5,78
DCX,24,31,22,152,82
DCXR,4,14,6,25,57
DDA1,74,75,49,4,366
DDAH1,6,7,5,0,47
DDAH2,25,33,24,3,69
DDB1,197,234,191,44,637
DDB1,197,234,191,44,637
DDB2,48,68,30,19,140
DDC,2,3,4,25,5
DDHD1,1,0,1,4,35
DDHD2,2,6,2,4,43
DDI1,5,13,9,3,64
DDIAS,0,1,1,23,16
DDIT3,71,69,65,33,117
DDIT4,13,13,10,26,21
DDIT4L,5,6,5,3,156
DDN,3,3,4,23,6
DDOST,42,83,110,154,387
DDR1,12,14,20,7,114
DDR2,6,10,8,10,127
DDRGK1,7,26,3,8,1249
DDX1,113,127,31,28,448
DDX10,6,17,6,18,182
DDX11,8,13,8,20,69
DDX17,109,141,58,47,409
DDX18,25,98,119,26,334
DDX19A,13,26,4,2,83
DDX19B,14,93,89,3,247
DDX20,50,59,119,23,228
DDX21,96,110,51,49,719
DDX23,36,68,20,21,488
DDX24,45,113,43,16,582
DDX27,17,58,10,15,304
DDX28,23,30,2,19,223
DDX31,6,17,3,11,259
DDX39A,29,75,22,27,1114
DDX39B,61,78,40,62,567
DDX3X,124,146,148,45,637
DDX3Y,17,17,5,8,102
DDX4,9,9,10,13,22
DDX41,17,21,14,19,150
DDX42,38,40,16,13,210
DDX43,2,8,2,0,18
DDX46,23,37,8,23,233
DDX47,18,45,117,17,180
DDX49,4,6,3,17,66
DDX5,165,202,156,66,530
DDX50,21,27,18,12,263
DDX51,5,12,2,10,104
DDX52,15,29,15,17,170
DDX53,2,3,1,7,6
DDX54,21,43,15,18,362
DDX55,5,18,5,13,168
DDX56,45,82,51,42,303
DDX6,62,79,44,35,495
DDX60,2,4,1,7,85
DEAF1,21,21,19,3,48
DECR1,12,28,6,21,81
DECR2,5,9,5,15,56
DEDD,20,19,34,50,27
DEDD2,12,12,11,4,15
DEF6,14,31,20,5,58
DEF8,1,0,1,1,53
DEFA6,2,2,2,0,21
DEFB1,1,1,6,5,10
DEFB110,0,0,0,0,14
DEFB116,0,0,0,0,6
DEGS1,7,21,17,6,73
DEGS2,0,0,0,5,1
DEK,48,51,50,169,208
DELE1,0,0,0,3,0
DENND10,0,0,0,4,0
DENND11,0,0,0,1,0
DENND1A,2,10,0,12,100
DENND1B,0,2,0,7,20
DENND1C,2,2,1,5,8
DENND2A,0,1,0,2,5
DENND2B,0,0,0,4,0
DENND2D,2,24,1,4,35
DENND3,2,1,2,3,4
DENND4A,9,10,12,4,93
DENND4B,0,0,0,2,12
DENND4C,3,7,1,5,137
DENND5A,6,5,4,4,21
DENND6B,0,2,1,2,11
DENR,14,24,13,219,73
DEPDC1,3,4,1,32,30
DEPDC1B,3,7,2,53,193
DEPDC7,4,9,5,0,15
DEPP1,0,0,0,1,0
DEPTOR,15,18,14,14,82
DERA,5,14,3,39,38
DERL1,44,65,19,18,454
DERL2,22,38,9,16,126
DERL3,3,3,3,9,24
DES,34,34,31,97,149
DESI2,0,1,1,0,15
DET1,11,16,7,8,154
DFFA,39,42,25,46,67
DFFB,13,13,11,55,28
DGAT1,4,6,2,41,39
DGCR2,3,8,2,5,183
DGCR6,61,61,1,2,72
DGCR6L,12,12,13,3,30
DGCR8,31,44,6,26,237
DGKA,6,4,6,76,11
DGKB,2,2,2,7,4
DGKD,6,5,10,70,22
DGKE,9,11,9,86,77
DGKG,2,2,2,66,32
DGKH,4,8,3,67,30
DGKQ,8,8,2,14,17
DGKZ,19,19,24,90,84
DGLUCY,0,0,0,13,0
DGUOK,4,65,4,156,89
DHCR24,3,14,3,29,176
DHCR7,9,12,102,32,186
DHDDS,4,5,4,109,10
DHDH,0,2,0,7,46
DHFR,11,9,12,232,130
DHH,0,0,3,132,40
DHODH,12,12,3,144,29
DHPS,32,37,16,61,98
DHRS1,9,8,9,6,42
DHRS11,0,5,0,17,8
DHRS12,1,1,0,3,20
DHRS13,1,3,1,4,40
DHRS2,10,17,70,6,94
DHRS3,2,1,1,6,42
DHRS4,5,15,2,10,85
DHRS7,2,20,4,1,140
DHRS7B,7,11,5,6,106
DHTKD1,3,6,0,28,64
DHX15,124,180,148,61,485
DHX16,34,47,11,23,174
DHX29,13,20,6,5,98
DHX30,53,50,185,14,520
DHX32,2,3,2,17,44
DHX34,6,6,4,13,29
DHX35,1,13,1,16,64
DHX36,33,42,162,15,300
DHX37,11,18,9,12,178
DHX38,32,42,15,26,168
DHX40,15,18,3,9,247
DHX57,20,30,18,5,251
DHX58,14,13,13,20,24
DHX8,36,62,19,30,286
DHX9,197,220,248,73,679
DIABLO,37,38,31,136,268
DIAPH1,28,48,21,38,157
DIAPH2,5,6,6,20,50
DIAPH3,15,27,12,46,108
DICER1,41,63,180,55,178
DIDO1,29,29,12,9,183
DIMT1,33,43,114,22,187
DIO2,14,13,7,27,16
DIO3,3,3,2,15,20
DIP2A,19,28,24,7,99
DIP2B,5,6,5,8,64
DIP2C,2,1,2,7,9
DIPK1A,0,0,0,1,0
DIPK1B,0,0,0,0,0
DIRAS1,2,2,2,0,27
DIS3,25,39,26,22,179
DIS3L2,8,9,4,12,32
DISC1,114,115,128,27,424
DISP2,0,0,0,3,3
DIXDC1,7,12,6,2,20
DKC1,47,96,20,50,390
DKK1,7,15,9,23,23
DKK2,0,0,1,5,48
DKK3,1,8,3,8,75
DKK4,0,0,0,7,9
DKKL1,3,3,6,1,109
DLAT,26,38,14,261,232
DLC1,13,14,4,7,58
DLC1,13,14,4,7,58
DLD,37,80,12,336,480
DLEU7,0,0,0,1,1
DLG1,46,50,86,27,203
DLG1,46,50,86,27,203
DLG2,23,22,46,24,45
DLG3,40,56,62,20,104
DLG4,80,78,116,87,134
DLG5,10,28,11,7,174
DLGAP1,18,17,30,6,23
DLGAP2,7,7,20,1,21
DLGAP3,8,8,20,3,23
DLGAP4,10,11,26,2,67
DLGAP5,10,13,8,50,63
DLK1,3,66,5,22,95
DLK2,4,4,4,1,35
DLL1,6,5,15,16,24
DLL3,0,0,0,11,7
DLST,26,31,28,200,476
DLX2,14,12,10,6,18
DLX3,2,2,3,6,4
DLX4,1,2,116,0,4
DLX5,5,13,11,8,17
DLX6,1,1,1,3,33
DMAC1,0,0,0,0,0
DMAC2,0,0,0,3,0
DMAP1,43,58,38,17,182
DMBX1,1,1,2,0,2
DMC1,9,14,14,8,27
DMD,27,33,35,43,107
DMP1,1,0,4,14,2
DMPK,15,14,21,59,21
DMRT1,1,1,2,8,7
DMRT3,26,26,26,2,86
DMRTA1,3,3,4,1,3
DMRTA2,0,0,0,0,0
DMRTB1,13,17,43,4,94
DMRTC2,2,2,2,2,2
DMTF1,2,3,7,1,6
DMTN,0,17,14,18,35
DMWD,37,44,38,42,93
DMXL1,2,6,4,6,59
DMXL2,3,8,5,2,69
DNAAF2,3,67,2,4,102
DNAAF5,0,49,20,3,163
DNAH1,0,0,1,3,19
DNAH11,2,1,0,4,12
DNAH14,3,4,2,0,32
DNAH5,0,0,1,6,27
DNAH6,2,3,1,2,34
DNAH9,1,3,1,3,19
DNAI4,0,0,0,0,0
DNAJA1,89,145,67,22,533
DNAJA2,40,76,45,15,542
DNAJA3,58,70,61,20,367
DNAJA4,17,42,2,5,81
DNAJB1,57,82,47,31,306
DNAJB11,58,80,38,21,351
DNAJB12,9,10,3,8,174
DNAJB13,0,0,0,3,46
DNAJB14,3,5,4,5,70
DNAJB2,10,35,7,9,105
DNAJB4,20,46,12,4,143
DNAJB5,8,18,13,4,116
DNAJB6,32,44,27,16,368
DNAJB7,2,3,1,2,34
DNAJB9,15,27,12,11,201
DNAJC1,4,15,7,3,373
DNAJC10,22,32,16,33,265
DNAJC11,6,36,10,6,233
DNAJC12,2,11,2,2,60
DNAJC13,12,24,9,5,158
DNAJC14,3,6,9,3,46
DNAJC15,3,6,2,0,164
DNAJC16,1,6,1,2,249
DNAJC17,1,13,1,4,131
DNAJC18,0,1,1,4,84
DNAJC19,9,13,5,19,201
DNAJC2,3,16,4,11,216
DNAJC21,6,10,4,4,81
DNAJC22,1,0,1,1,39
DNAJC24,0,2,0,4,9
DNAJC25,0,0,0,5,284
DNAJC27,1,1,1,3,14
DNAJC28,3,4,2,3,95
DNAJC3,6,16,10,10,221
DNAJC30,1,8,3,2,218
DNAJC4,3,3,3,2,56
DNAJC5,7,7,6,21,379
DNAJC5B,1,1,7,7,82
DNAJC5G,0,0,0,1,9
DNAJC6,2,4,3,19,59
DNAJC7,32,85,22,11,434
DNAJC8,19,31,32,16,226
DNAJC9,16,30,19,3,292
DNAL4,9,9,9,3,37
DNALI1,6,6,7,2,18
DNASE1,1,1,4,5,2
DNASE1L1,0,4,0,2,123
DNASE2,8,7,3,8,18
DNASE2B,2,31,2,4,43
DNER,0,0,4,10,4
DNHD1,6,6,2,0,16
DNLZ,1,5,1,25,31
DNM1,44,51,67,28,107
DNM1L,34,48,14,42,321
DNM2,64,88,82,42,277
DNM3,6,33,9,10,87
DNMBP,23,27,26,6,109
DNMT1,73,83,62,53,238
DNMT3A,52,49,50,35,104
DNMT3B,66,68,44,30,104
DNMT3L,12,81,28,16,83
DNPEP,25,27,19,57,84
DNPH1,0,9,4,3,15
DNTT,10,9,10,172,13
DNTTIP1,15,26,5,4,95
DNTTIP2,18,18,32,16,143
DOC2A,3,8,3,4,17
DOCK10,3,2,4,5,27
DOCK2,27,28,28,19,65
DOCK3,3,4,15,8,54
DOCK4,11,12,9,32,69
DOCK5,1,6,13,8,104
DOCK6,8,18,1,3,56
DOCK7,43,60,21,11,259
DOCK8,30,35,25,13,119
DOCK9,6,5,15,4,61
DOHH,2,8,2,105,19
DOK1,31,32,39,13,40
DOK2,20,30,25,19,110
DOK3,6,26,9,9,44
DOK4,8,35,10,7,66
DOK5,5,15,12,6,16
DOK6,5,5,5,5,23
DOLK,2,5,4,68,51
DOLPP1,2,10,0,5,49
DONSON,3,3,1,88,25
DORIP1,0,0,0,0,0
DOT1L,25,37,11,17,800
DPAGT1,4,3,3,15,14
DPCD,7,8,4,1,29
DPEP3,1,1,0,0,8
DPF1,8,9,3,3,92
DPF2,37,45,33,6,341
DPH1,11,22,9,4,61
DPH2,4,17,3,2,46
DPH3,3,4,4,3,11
DPH5,4,13,1,8,20
DPM1,13,20,16,30,168
DPM2,3,3,7,25,48
DPM3,1,3,2,20,15
DPP3,20,22,10,9,41
DPP4,5,7,28,42,434
DPP7,10,9,2,13,37
DPP8,15,18,5,6,53
DPP9,19,30,2,5,103
DPPA2,16,18,18,4,42
DPPA4,17,31,18,6,138
DPT,1,1,4,6,2
DPY19L1,1,4,1,1,75
DPY19L2,0,1,1,3,1
DPY19L3,0,3,0,1,25
DPY19L4,5,6,2,7,47
DPY30,32,48,16,15,185
DPYD,4,9,3,32,17
DPYSL2,22,44,19,31,217
DPYSL3,16,24,9,16,80
DPYSL4,8,14,9,8,61
DPYSL5,4,11,9,15,66
DR1,34,35,10,11,74
DRAM1,2,3,5,1,12
DRAM2,1,1,0,1,5
DRAP1,27,28,26,6,67
DRC1,0,3,0,2,7
DRC7,0,2,1,2,5
DRD1,8,8,11,18,16
DRD1,8,8,11,18,16
DRD2,11,13,26,36,99
DRD3,10,10,14,12,29
DRD4,10,10,12,11,23
DRD5,3,3,5,9,9
DRD5,3,3,5,9,9
DRG1,31,43,27,13,376
DRG2,10,12,3,6,63
DROSHA,28,37,10,384,172
DRP2,5,3,5,4,5
DSC1,23,27,17,11,124
DSC2,8,13,6,12,165
DSC3,8,8,6,11,116
DSCAML1,3,3,3,5,8
DSCC1,5,13,6,39,47
DSE,3,6,3,33,35
DSEL,1,1,0,3,5
DSG1,23,29,22,20,190
DSG2,16,31,8,25,280
DSG3,3,3,4,10,31
DSN1,19,43,16,28,92
DSP,50,77,60,145,411
DST,37,54,33,72,286
DSTN,68,91,18,67,176
DSTYK,13,20,14,23,66
DTD1,7,11,4,0,28
DTD2,0,3,1,1,8
DTL,41,46,17,278,120
DTNA,17,25,23,22,124
DTNB,30,32,36,10,103
DTNBP1,56,123,70,15,158
DTWD1,2,2,2,1,14
DTX1,20,19,26,11,29
DTX2,40,41,44,6,336
DTX3,24,33,31,2,106
DTX3L,33,34,34,3,69
DTX4,3,3,2,3,21
DTYMK,5,8,4,135,37
DUOX1,0,0,2,10,9
DUOX2,0,0,2,8,30
DUS1L,0,1,1,8,17
DUS2,0,3,6,5,17
DUS3L,18,21,1,4,54
DUS4L,1,1,1,1,12
DUSP1,17,16,24,20,96
DUSP10,11,11,15,5,68
DUSP12,13,14,13,8,63
DUSP14,7,20,5,4,174
DUSP15,2,1,8,1,33
DUSP16,7,7,8,1,236
DUSP18,0,1,0,0,23
DUSP19,5,13,4,0,95
DUSP2,2,1,5,4,78
DUSP21,4,4,4,0,84
DUSP22,4,1,7,5,138
DUSP23,24,24,24,1,117
DUSP26,2,2,11,1,56
DUSP28,1,3,0,1,60
DUSP3,9,10,16,1,72
DUSP4,6,6,10,6,115
DUSP5,3,2,3,11,52
DUSP6,9,10,10,8,122
DUSP7,4,8,6,2,68
DUSP8,3,3,2,3,40
DUSP9,8,10,8,2,98
DUT,14,71,18,147,122
DUXA,0,0,0,2,11
DVL1,36,52,42,36,124
DVL2,66,123,87,36,535
DVL3,55,67,54,18,265
DXO,0,13,8,3,20
DYDC1,15,15,14,1,35
DYDC2,1,1,9,0,11
DYM,1,5,1,30,86
DYNC1H1,103,135,52,19,490
DYNC1I1,43,43,42,10,104
DYNC1I2,33,49,12,18,288
DYNC1LI1,28,37,11,14,231
DYNC1LI2,24,30,4,12,151
DYNC2LI1,3,8,4,4,40
DYNLL1,77,159,108,26,461
DYNLL2,27,33,27,14,265
DYNLRB1,19,23,13,5,84
DYNLRB2,2,2,2,2,15
DYNLT1,18,99,21,7,236
DYNLT3,14,13,8,2,31
DYRK1A,57,67,21,28,1097
DYRK1B,56,58,20,4,86
DYRK2,49,50,25,5,167
DYRK3,4,4,3,0,40
DYRK4,15,15,7,0,32
DYSF,5,7,45,90,58
DZANK1,2,2,2,1,7
DZIP1,2,2,2,4,41
DZIP1L,5,4,5,2,20
DZIP3,47,49,62,4,177
E2F1,108,110,110,72,159
E2F2,20,23,19,9,35
E2F3,28,33,27,16,63
E2F4,43,45,45,23,477
E2F5,6,7,19,3,22
E2F6,25,37,22,12,184
E2F7,4,6,3,27,43
E2F8,6,7,6,31,30
E4F1,16,16,13,3,98
EAF1,22,60,33,10,123
EAF2,8,15,8,10,36
EAPP,5,16,5,43,74
EARS2,1,2,1,31,91
EBAG9,2,3,2,1,298
EBF1,5,5,8,18,13
EBF3,1,3,2,2,23
EBF4,3,3,3,2,4
EBI3,5,5,7,1,14
EBLN2,6,6,9,1,8
EBNA1BP2,51,100,136,20,318
EBP,11,18,6,50,248
ECD,12,34,8,28,128
ECE1,19,21,6,14,111
ECEL1,3,4,1,3,132
ECH1,22,52,19,20,231
ECHDC1,3,5,3,22,54
ECHDC2,3,11,3,18,20
ECHS1,34,58,31,51,234
ECI1,6,9,5,27,69
ECI2,12,17,2,28,109
ECM1,9,15,16,11,133
ECPAS,0,0,0,4,0
ECSIT,45,97,42,123,234
ECT2,138,147,43,55,885
EDA,13,53,14,31,100
EDA2R,4,10,8,9,19
EDARADD,12,12,11,3,15
EDC3,18,27,17,11,160
EDC4,37,53,13,12,218
EDC4,37,53,13,12,218
EDEM1,16,28,8,9,204
EDEM2,2,13,2,6,100
EDEM3,2,5,2,8,120
EDF1,15,22,23,10,89
EDIL3,3,8,2,5,33
EDN1,4,4,10,76,5
EDN2,0,0,3,10,0
EDN3,1,1,5,24,103
EDNRA,10,21,11,21,48
EDNRB,6,5,8,28,35
EDRF1,0,29,9,1,97
EEA1,20,22,25,30,741
EED,458,468,50,287,575
EEF1A1,294,364,400,75,708
EEF1A2,50,89,105,32,300
EEF1AKMT1,0,0,0,3,0
EEF1AKMT3,0,0,0,5,0
EEF1B2,50,58,101,30,200
EEF1D,71,102,98,18,339
EEF1E1,32,46,9,3,127
EEF1G,133,154,116,47,459
EEF2,124,170,110,96,545
EEF2K,33,34,26,5,52
EEF2KMT,0,11,2,5,25
EEIG1,0,0,0,0,0
EEPD1,3,5,2,3,32
EFCAB11,3,2,1,1,15
EFCAB12,0,2,1,0,6
EFCAB13,0,0,0,2,6
EFCAB14,0,4,0,0,10
EFCAB2,1,1,0,1,14
EFCAB6,4,4,5,3,9
EFCC1,0,1,1,1,2
EFEMP1,21,20,21,13,118
EFEMP2,50,50,53,10,133
EFHC1,6,8,6,5,79
EFHC2,30,30,44,2,111
EFHD1,6,7,7,1,71
EFHD2,16,26,3,7,122
EFL1,0,0,0,28,0
EFNA1,6,6,16,10,96
EFNA3,6,6,9,9,105
EFNA5,5,5,12,25,72
EFNB1,14,25,22,12,254
EFNB2,3,55,21,21,126
EFNB3,7,9,8,12,52
EFR3A,3,8,2,0,111
EFR3B,1,4,1,1,70
EFS,19,19,26,5,35
EFTUD2,117,137,53,90,1446
EGF,13,14,17,554,19
EGFL6,2,2,2,2,21
EGFL8,3,9,3,2,50
EGFR,511,829,401,675,1729
EGLN1,23,30,28,25,88
EGLN2,18,19,12,17,36
EGLN3,32,34,26,17,1292
EGR1,23,33,329,57,54
EGR2,16,17,19,33,163
EGR3,0,0,1,10,2
EGR4,0,1,2,5,4
EHBP1,7,10,7,9,130
EHBP1L1,10,10,1,2,52
EHD1,39,64,12,8,149
EHD2,15,21,15,8,65
EHD3,5,6,4,5,27
EHD4,22,36,10,3,128
EHF,4,7,2,8,13
EHHADH,27,28,27,229,145
EHMT1,27,35,17,13,175
EHMT2,89,99,97,23,272
EID1,22,38,41,2,49
EID2,14,15,9,1,21
EID2B,3,5,3,1,9
EID3,16,28,6,2,33
EIF1,5,7,8,14,32
EIF1AD,15,15,13,2,92
EIF1AX,8,30,15,25,107
EIF1AY,5,4,6,17,29
EIF1B,35,37,168,6,54
EIF2A,0,42,75,4,141
EIF2AK1,5,7,7,11,27
EIF2AK2,78,88,59,42,347
EIF2AK3,10,21,9,42,156
EIF2AK4,5,11,8,22,71
EIF2B1,19,51,22,13,129
EIF2B2,39,52,13,11,127
EIF2B3,30,45,9,14,124
EIF2B4,7,33,34,8,137
EIF2B5,8,26,13,13,162
EIF2D,8,22,4,5,52
EIF2S1,50,62,36,48,262
EIF2S2,32,65,29,23,236
EIF2S3,29,39,21,24,301
EIF3A,91,99,67,22,368
EIF3B,54,70,95,30,350
EIF3D,51,59,99,15,249
EIF3E,85,90,123,16,264
EIF3F,65,82,66,17,302
EIF3G,39,47,34,32,251
EIF3H,56,70,43,14,254
EIF3I,72,82,127,29,252
EIF3J,22,27,24,10,128
EIF3K,43,48,86,14,173
EIF3L,46,57,27,15,249
EIF3M,23,33,86,16,183
EIF4A1,76,81,43,48,341
EIF4A2,50,60,121,30,162
EIF4A3,230,246,295,64,493
EIF4B,53,76,72,15,399
EIF4E,41,49,50,57,200
EIF4E2,56,60,52,8,242
EIF4E3,2,4,0,4,10
EIF4EBP1,27,37,39,18,81
EIF4EBP2,5,9,2,9,35
EIF4EBP3,8,8,4,8,9
EIF4ENIF1,23,38,31,4,297
EIF4G1,59,82,57,35,425
EIF4G2,21,30,26,15,142
EIF4G3,16,32,14,2,138
EIF4H,33,53,9,24,118
EIF5,40,53,18,16,203
EIF5A,37,41,19,34,240
EIF5A2,16,20,11,20,55
EIF5AL1,2,7,7,22,23
EIF5B,21,44,20,46,207
EIF6,113,142,123,30,347
EIPR1,0,0,0,2,0
ELAC1,0,0,0,5,4
ELAC2,24,44,14,22,177
ELANE,8,8,58,223,24
ELAPOR2,0,0,0,0,0
ELAVL1,1752,1763,172,77,2028
ELAVL2,11,19,11,11,168
ELAVL3,9,10,10,5,58
ELAVL4,5,5,9,16,36
ELF1,8,7,28,3,120
ELF2,8,13,7,3,150
ELF3,26,27,49,8,48
ELF4,8,8,10,2,111
ELF5,8,8,8,8,47
ELK1,26,26,47,4,104
ELK3,4,3,17,0,114
ELK4,5,6,12,6,86
ELL,18,30,13,162,70
ELL2,15,23,9,10,32
ELL3,4,16,2,9,24
ELMO1,7,15,9,16,39
ELMO2,4,8,3,15,59
ELMO3,1,8,1,3,34
ELMOD2,3,2,3,5,16
ELMOD3,1,3,1,1,14
ELN,14,14,23,256,20
ELOA,0,0,0,152,0
ELOB,0,0,0,372,0
ELOC,0,0,0,405,0
ELOF1,7,7,6,13,27
ELOVL1,9,9,3,6,52
ELOVL3,2,2,1,11,6
ELOVL5,3,4,2,13,362
ELOVL6,2,1,1,20,6
ELOVL7,3,3,1,4,18
ELP1,0,0,0,18,0
ELP2,26,31,12,11,86
ELP3,15,30,27,9,95
ELP4,12,15,9,13,55
ELP5,0,9,5,3,18
ELP6,0,25,2,3,49
ELSPBP1,14,5,12,1,90
EMB,1,9,2,1,38
EMC1,0,33,9,7,433
EMC10,0,12,1,4,54
EMC2,0,102,12,10,404
EMC3,0,28,2,7,126
EMC3,0,28,2,7,126
EMC6,0,9,1,1,62
EMC7,0,26,3,3,156
EMC8,0,26,4,3,198
EMC9,0,4,1,1,162
EMD,138,158,102,175,793
EME1,7,22,9,26,48
EME2,3,3,0,15,5
EMID1,1,5,3,0,30
EMILIN1,18,18,16,11,102
EMILIN2,2,2,2,1,26
EMILIN3,2,8,1,0,53
EML1,4,8,4,2,29
EML2,6,11,7,1,37
EML3,4,7,4,0,57
EML4,5,13,4,42,140
EMP1,3,3,3,6,62
EMP2,1,1,1,0,5
EMP3,2,2,3,2,68
EMSY,0,0,0,67,0
EMX1,7,7,8,6,9
EMX2,3,3,6,5,34
EN1,2,2,4,3,107
EN2,1,2,1,1,7
ENAH,24,37,19,62,114
ENC1,10,10,10,7,21
ENDOD1,5,8,1,4,98
ENDOG,7,14,1,92,61
ENDOV,1,10,2,15,16
ENG,11,11,18,51,205
ENGASE,1,0,1,4,7
ENHO,0,0,0,0,0
ENKD1,0,39,35,1,222
ENO1,218,279,136,105,710
ENO2,43,84,32,76,133
ENO3,10,42,14,48,86
ENOPH1,4,21,3,7,38
ENOSF1,1,0,1,1,11
ENOX1,13,12,13,1,19
ENOX2,12,12,8,0,32
ENPP1,2,7,3,37,81
ENPP3,1,1,0,23,7
ENPP4,0,5,0,2,36
ENSA,9,10,11,44,61
ENTPD1,2,1,1,31,14
ENTPD3,1,1,1,17,16
ENTPD6,3,11,3,10,54
ENTREP3,0,0,0,0,0
ENY2,11,15,10,19,178
EOGT,0,7,1,34,61
EOLA1,0,0,0,0,0
EOLA2,0,0,0,0,0
EOMES,1,1,1,23,5
EP300,419,450,461,148,1317
EP400,25,36,26,22,178
EPAS1,104,101,37,51,161
EPB41,25,29,141,22,131
EPB41L1,36,46,17,12,162
EPB41L2,17,25,23,3,286
EPB41L3,27,93,32,12,251
EPB41L4A,3,4,3,1,127
EPB41L4B,3,12,2,4,84
EPB41L5,7,18,5,6,301
EPB42,6,6,15,13,10
EPC1,16,24,30,11,72
EPC2,10,17,22,9,59
EPCAM,3,3,3,296,36
EPDR1,1,3,1,4,95
EPG5,1,0,2,2,13
EPG5,1,0,2,2,13
EPHA1,3,3,6,13,232
EPHA10,4,4,4,0,85
EPHA2,34,54,34,52,722
EPHA3,15,17,24,7,108
EPHA4,13,21,19,10,185
EPHA5,3,4,8,3,145
EPHA6,1,1,3,3,42
EPHA7,8,15,13,5,298
EPHA8,11,10,13,8,156
EPHB1,13,12,17,11,30
EPHB2,16,16,41,21,191
EPHB3,10,10,11,15,37
EPHB4,4,10,8,16,140
EPHB6,11,11,21,10,76
EPHX1,8,22,6,14,114
EPHX2,4,4,5,44,18
EPHX4,0,1,0,0,28
EPM2A,12,22,9,7,51
EPM2AIP1,17,18,17,0,72
EPN1,46,63,33,25,120
EPN2,6,9,10,35,92
EPN3,8,28,3,23,57
EPO,2,2,4,58,14
EPOR,30,33,44,180,36
EPRS1,0,0,0,102,0
EPS15,106,130,51,51,211
EPS15L1,17,22,10,31,130
EPS8,55,59,66,22,103
EPS8L1,4,5,5,2,43
EPS8L2,6,12,7,8,59
EPS8L3,4,3,5,4,6
ERAL1,14,26,6,31,238
ERAP1,6,12,8,13,75
ERAP2,0,1,3,5,28
ERAS,2,2,4,8,4
ERBB2,113,162,144,145,686
ERBB3,63,141,68,67,325
ERBB4,47,48,52,60,176
ERBIN,0,0,0,180,0
ERC1,28,55,11,13,182
ERC2,15,15,15,5,36
ERCC1,20,30,16,45,57
ERCC2,24,32,21,52,78
ERCC3,40,46,39,42,165
ERCC4,20,25,84,32,83
ERCC5,15,18,14,26,58
ERCC6,40,47,40,37,226
ERCC6L,9,18,7,43,83
ERCC6L2,0,2,2,9,8
ERCC8,34,35,14,17,113
EREG,2,5,2,174,12
ERF,4,16,8,1,108
ERG,78,79,16,30,217
ERG28,0,0,0,10,0
ERGIC1,20,26,2,3,267
ERGIC2,1,7,1,6,245
ERGIC3,3,53,1,5,351
ERH,41,42,37,180,252
ERI2,0,2,0,0,4
ERI3,3,3,3,3,24
ERICH3,0,0,1,0,6
ERICH4,0,0,0,0,2
ERICH6,0,1,0,0,5
ERLEC1,13,30,5,14,148
ERLIN1,24,35,8,10,181
ERLIN2,60,90,0,17,274
ERMAP,1,1,1,36,25
ERMARD,0,0,0,9,1
ERMN,2,2,4,11,6
ERMP1,4,12,2,0,176
ERN1,21,21,18,31,59
ERN2,0,1,0,6,24
ERP27,4,4,5,5,28
ERP29,8,12,9,6,126
ERP44,31,43,10,7,180
ERRFI1,10,49,6,6,105
ERVFRD1,0,0,0,0,0
ERVW1,0,0,0,0,0
ESCO1,8,12,16,19,29
ESCO2,13,19,10,45,71
ESD,8,30,7,68,75
ESF1,7,19,8,12,154
ESPL1,14,25,10,59,79
ESR1,547,683,807,168,2291
ESR2,91,99,89,51,2291
ESRP1,4,3,2,16,77
ESRP2,5,6,2,8,78
ESRRA,43,33,40,115,62
ESRRB,7,92,6,114,100
ESRRG,29,27,34,8,69
ESS2,0,0,0,6,0
ESX1,2,2,2,6,3
ESYT1,13,32,9,16,454
ESYT2,9,21,4,6,385
ETAA1,1,5,1,12,28
ETF1,16,41,16,21,130
ETFA,19,74,18,234,289
ETFB,9,20,5,35,183
ETFBKMT,0,0,0,23,0
ETFRF1,0,0,0,1,0
ETHE1,9,9,9,17,45
ETNK1,2,2,2,10,24
ETNK2,2,4,4,6,20
ETNPPL,0,1,3,11,7
ETS1,41,51,98,36,108
ETS2,23,29,30,15,51
ETV1,16,18,17,10,20
ETV2,2,1,2,1,2
ETV3,6,10,3,1,132
ETV4,14,11,13,12,66
ETV5,19,20,13,7,31
ETV6,29,32,21,28,104
ETV7,5,6,6,3,27
EVA1A,0,2,4,1,15
EVA1B,0,1,1,1,67
EVA1C,0,35,2,4,64
EVC,2,2,0,5,5
EVI2A,4,9,3,3,20
EVI2B,0,0,0,7,34
EVI5,5,12,4,4,54
EVI5L,5,10,6,2,65
EVL,21,25,26,50,64
EVPL,8,16,15,102,95
EVX1,1,1,1,2,1
EVX2,0,0,0,2,9
EWSR1,220,642,201,52,841
EXD1,1,1,2,1,2
EXD2,4,6,1,3,398
EXD3,3,3,6,3,9
EXO1,19,24,20,100,53
EXO5,0,1,2,0,20
EXOC1,31,43,36,8,143
EXOC2,24,35,15,16,102
EXOC3,17,27,17,8,142
EXOC3L1,0,0,0,0,16
EXOC3L2,0,0,0,3,11
EXOC4,23,40,22,7,202
EXOC5,37,47,39,5,132
EXOC6,17,32,20,7,92
EXOC7,30,43,35,10,128
EXOC8,34,42,29,9,156
EXOG,1,2,1,21,54
EXOSC1,28,53,33,19,106
EXOSC10,55,67,56,41,219
EXOSC2,29,50,33,29,158
EXOSC3,19,27,21,19,99
EXOSC4,38,80,37,22,180
EXOSC5,37,64,38,19,157
EXOSC6,40,50,37,16,115
EXOSC7,18,35,21,31,123
EXOSC8,48,64,44,18,184
EXOSC9,20,45,24,17,132
EXPH5,5,5,4,7,57
EXT1,4,10,5,3,59
EXT2,21,21,22,5,89
EXTL1,1,1,2,1,6
EXTL3,2,10,8,3,131
EYA1,6,5,9,9,45
EYA2,7,7,9,4,121
EYA3,5,7,7,7,70
EYA4,0,2,1,13,246
EZH1,8,8,5,3,82
EZH2,237,272,94,99,1457
EZR,90,133,87,371,534
F10,9,8,19,27,26
F11,3,2,7,19,9
F11R,10,12,19,20,54
F12,9,13,17,19,68
F13A1,10,10,13,14,14
F13B,2,2,2,19,2
F2,15,16,44,66,41
F2R,14,19,21,23,30
F2RL1,4,9,15,14,172
F2RL2,1,0,16,11,0
F2RL3,0,0,2,14,5
F3,5,8,6,35,24
F5,6,9,10,25,20
F7,11,12,12,27,17
F8,9,10,18,26,19
F9,1,1,6,25,38
FA2H,2,4,4,16,45
FAAH,2,2,2,140,22
FAAH2,1,1,1,19,3
FAAP100,0,0,11,20,0
FAAP20,0,0,0,15,0
FAAP24,0,0,5,21,0
FABP1,5,5,5,35,14
FABP12,0,0,0,2,0
FABP3,5,10,12,24,31
FABP4,10,10,13,40,19
FABP6,0,0,0,6,2
FADD,56,59,60,243,110
FADS1,4,7,3,12,88
FADS2,4,8,2,9,75
FADS3,1,0,1,5,40
FAF1,95,123,64,19,329
FAF2,75,234,37,18,461
FAH,7,11,8,17,21
FAHD2A,2,10,1,3,49
FAIM,3,2,2,5,43
FAIM2,1,2,1,7,10
FAM107A,24,24,28,1,70
FAM110A,16,17,22,0,101
FAM110B,2,3,1,5,62
FAM110C,5,5,1,0,11
FAM110D,0,0,0,1,25
FAM111A,1,3,1,4,63
FAM111B,5,8,3,1,27
FAM114A1,16,17,10,0,27
FAM114A2,4,8,3,10,87
FAM117A,2,3,0,0,13
FAM117B,7,11,3,2,39
FAM118A,11,12,13,1,18
FAM118B,26,32,26,0,77
FAM120A,19,36,9,7,347
FAM120AOS,1,1,0,0,18
FAM120B,6,5,6,9,40
FAM120C,4,7,4,3,189
FAM124A,27,28,28,0,46
FAM124B,29,29,30,2,72
FAM131A,2,2,1,1,6
FAM131C,10,10,9,1,16
FAM133A,8,8,8,0,81
FAM133B,3,6,1,1,29
FAM136A,2,4,2,1,102
FAM13A,1,5,5,8,31
FAM13B,4,6,5,2,24
FAM13C,12,16,12,2,21
FAM149B1,0,1,0,1,4
FAM151A,1,1,1,1,1
FAM161A,65,69,62,7,158
FAM161B,1,1,1,0,79
FAM162A,15,17,7,0,77
FAM162B,0,0,0,0,0
FAM163B,0,0,0,3,17
FAM167A,1,1,1,4,95
FAM167B,0,0,0,0,0
FAM168A,25,29,23,0,142
FAM168B,1,0,1,0,57
FAM169A,3,3,2,7,34
FAM170A,0,13,0,3,19
FAM171A1,0,2,2,3,88
FAM171A2,3,8,3,0,102
FAM171B,2,3,2,2,55
FAM174A,1,2,2,1,221
FAM174C,0,0,0,1,0
FAM177A1,1,23,2,1,55
FAM181B,0,0,0,0,1
FAM184A,9,11,5,0,69
FAM185A,0,0,0,0,10
FAM186A,0,0,0,0,11
FAM193A,1,1,1,0,69
FAM193B,12,16,12,1,28
FAM199X,3,7,1,4,22
FAM200A,3,3,2,0,11
FAM200B,0,0,0,1,4
FAM20B,2,8,1,3,78
FAM20C,7,7,8,23,188
FAM210A,3,5,1,2,32
FAM210B,1,4,1,4,101
FAM216A,0,1,1,0,9
FAM219A,0,27,6,3,48
FAM219B,0,8,0,1,22
FAM220A,0,0,0,1,3
FAM221B,0,0,0,0,23
FAM222A,0,1,0,2,12
FAM222B,0,1,0,2,41
FAM227B,0,0,1,2,15
FAM228A,0,0,0,0,21
FAM229A,0,0,0,0,1
FAM234A,0,0,0,0,0
FAM234B,0,0,0,0,0
FAM32A,3,3,4,12,30
FAM3A,6,9,8,0,24
FAM3C,18,26,3,3,124
FAM43A,0,13,0,0,35
FAM43B,1,0,1,0,2
FAM47B,1,1,1,0,13
FAM47E,0,0,0,1,3
FAM50A,7,8,6,2,95
FAM50B,16,15,12,3,64
FAM53A,1,1,1,1,4
FAM53B,0,1,1,4,17
FAM53C,7,11,7,7,68
FAM76A,2,1,1,0,21
FAM76B,18,19,13,1,98
FAM78A,1,3,1,0,5
FAM78B,0,0,0,0,5
FAM83A,4,7,3,1,40
FAM83D,8,16,6,21,82
FAM83G,7,9,1,2,26
FAM89B,1,1,0,2,6
FAM8A1,3,12,1,1,93
FAM90A1,33,49,34,2,211
FAM98A,12,21,10,7,240
FAM98B,14,30,10,5,109
FAM9B,118,118,113,0,166
FAM9C,1,1,1,0,63
FAN1,16,34,15,18,56
FANCA,65,69,72,188,167
FANCB,9,9,8,14,24
FANCC,38,38,36,129,85
FANCD2,40,61,36,62,841
FANCD2OS,0,0,0,0,25
FANCE,15,15,11,494,29
FANCF,14,14,14,87,22
FANCG,40,44,39,120,103
FANCI,34,49,32,330,227
FANCL,32,29,31,104,67
FANCM,28,32,24,348,63
FAR1,11,10,10,7,110
FAR2,2,5,2,2,52
FARP1,2,10,1,6,135
FARP2,4,5,5,5,88
FARS2,34,39,28,11,136
FARSA,29,38,20,175,171
FARSB,33,39,76,192,160
FAS,55,96,69,270,352
FASLG,77,82,88,354,92
FASN,54,85,31,487,405
FASTK,7,7,10,35,25
FASTKD1,1,6,1,7,95
FASTKD2,3,13,6,13,274
FASTKD3,4,9,3,14,138
FASTKD5,9,14,16,5,295
FAT1,6,23,9,11,109
FAT2,0,0,1,2,7
FAT4,5,9,2,11,78
FATE1,49,54,53,2,99
FAU,52,57,14,517,203
FAXC,0,5,0,16,117
FAXDC2,0,0,0,9,36
FBF1,56,146,65,10,164
FBH1,0,0,0,22,0
FBL,122,225,162,514,635
FBLIM1,6,8,7,8,49
FBLN1,28,40,22,17,127
FBLN2,13,13,22,10,52
FBLN5,6,7,11,13,157
FBN1,8,8,18,29,31
FBN2,5,9,12,10,56
FBN3,13,13,13,7,15
FBP1,20,22,20,46,346
FBXL12,21,35,22,0,61
FBXL13,2,2,78,0,42
FBXL14,6,6,6,1,39
FBXL15,16,19,14,5,29
FBXL16,3,6,1,1,24
FBXL17,8,10,3,6,84
FBXL18,33,33,38,0,58
FBXL19,9,15,5,3,104
FBXL2,13,17,10,5,31
FBXL20,2,1,1,2,14
FBXL22,4,4,3,2,12
FBXL3,11,12,7,10,23
FBXL4,5,7,3,11,104
FBXL5,20,20,13,10,45
FBXL6,3,10,4,0,581
FBXL7,5,8,2,6,25
FBXL8,4,4,5,0,11
FBXO10,3,5,4,0,45
FBXO11,15,30,21,5,128
FBXO15,3,6,3,8,12
FBXO16,1,0,2,1,15
FBXO2,20,28,15,5,407
FBXO21,14,23,7,2,67
FBXO24,1,5,2,0,13
FBXO25,189,193,11,0,196
FBXO27,8,8,3,1,19
FBXO28,12,26,10,4,106
FBXO3,14,15,12,3,70
FBXO30,7,15,7,3,50
FBXO31,8,23,4,2,42
FBXO32,13,12,15,11,250
FBXO33,3,2,10,0,16
FBXO34,9,9,9,2,52
FBXO36,0,1,0,0,2
FBXO38,12,13,2,2,144
FBXO4,12,12,13,5,35
FBXO40,2,1,3,12,12
FBXO41,1,1,2,0,3
FBXO42,8,7,5,4,255
FBXO43,3,2,0,7,73
FBXO44,11,16,8,3,38
FBXO45,10,15,6,6,87
FBXO46,11,16,2,1,31
FBXO5,27,28,20,37,49
FBXO6,613,620,139,10,721
FBXO7,22,48,19,16,590
FBXO8,6,5,4,3,13
FBXO9,6,7,10,1,14
FBXW10,1,2,0,1,135
FBXW11,139,375,72,22,464
FBXW2,14,17,9,3,37
FBXW4,44,50,10,4,58
FBXW5,31,37,29,10,168
FBXW7,89,163,50,58,941
FBXW8,37,41,12,5,154
FBXW9,6,5,6,1,22
FCAMR,1,1,1,4,1
FCAR,3,4,7,55,6
FCER1A,3,2,6,17,35
FCER1G,3,2,14,25,86
FCER2,4,4,11,10,7
FCGR1A,5,7,13,36,46
FCGR2A,11,27,16,39,46
FCGR2B,2,5,19,33,15
FCGR3A,5,9,13,57,32
FCHO1,7,8,6,12,71
FCHO2,3,17,0,11,79
FCHSD1,7,7,6,6,19
FCHSD2,29,27,25,4,62
FCMR,0,0,3,30,0
FCN1,2,15,4,22,32
FCN2,2,3,4,13,3
FCN3,0,0,0,12,43
FCRL2,1,1,1,1,11
FCRL3,4,4,4,5,13
FCRL6,0,0,0,2,1
FDFT1,17,22,14,45,146
FDPS,16,36,8,104,125
FDX1,6,8,6,39,39
FDXACB1,2,3,1,9,12
FDXR,2,8,5,171,73
FECH,14,17,7,204,126
FEM1A,5,7,5,6,101
FEM1B,19,28,16,8,86
FEM1C,9,8,8,5,21
FEN1,40,59,24,92,195
FER,14,19,24,20,38
FERD3L,4,4,5,1,15
FERMT1,0,9,1,11,32
FERMT2,36,50,7,20,181
FERMT3,8,33,8,21,57
FES,22,22,46,15,34
FEZ1,55,54,58,6,81
FEZ2,20,21,18,3,34
FEZF2,1,1,0,6,5
FFAR1,0,0,2,14,234
FFAR2,2,2,5,14,118
FFAR2,2,2,5,14,118
FFAR4,0,0,0,14,0
FGA,19,21,21,239,93
FGB,20,23,18,189,191
FGD1,4,13,5,11,41
FGD3,3,2,2,4,7
FGD4,0,1,1,7,21
FGD5,2,2,0,1,206
FGD6,3,7,3,6,37
FGF1,13,24,16,45,39
FGF10,1,6,3,64,12
FGF11,0,0,0,4,169
FGF12,13,14,15,4,75
FGF13,3,4,4,49,117
FGF17,0,0,4,62,41
FGF18,1,1,5,62,2
FGF19,1,1,2,26,3
FGF2,19,21,32,116,45
FGF20,0,0,1,63,2
FGF21,5,6,6,39,10
FGF23,1,2,4,42,4
FGF3,4,4,6,60,62
FGF4,0,0,5,65,39
FGF5,0,4,4,62,6
FGF6,0,0,4,62,4
FGF7,4,4,14,70,5
FGF8,1,3,4,64,106
FGF9,1,1,4,64,13
FGFBP1,4,4,8,4,254
FGFBP2,1,1,1,3,5
FGFBP3,0,0,0,0,0
FGFR1,29,49,59,60,614
FGFR1OP2,24,47,15,4,92
FGFR2,18,34,28,50,227
FGFR3,32,36,39,38,291
FGFR4,4,22,18,28,442
FGFRL1,1,1,1,0,52
FGG,10,16,14,189,96
FGGY,0,2,0,71,4
FGL1,2,68,2,9,76
FGL2,0,11,0,10,16
FGR,20,21,30,197,82
FH,38,77,12,365,172
FHIP2A,0,0,0,0,0
FHIP2B,0,0,0,0,0
FHIT,8,7,13,86,18
FHL1,34,32,42,8,124
FHL2,97,113,104,21,385
FHL3,85,114,95,3,270
FHL5,8,16,13,1,94
FHOD1,20,27,31,6,75
FHOD1,20,27,31,6,75
FIBCD1,2,1,2,0,6
FIBP,12,18,15,21,64
FICD,2,2,2,16,8
FIGLA,0,0,0,4,17
FIGN,1,2,1,12,11
FIGNL1,5,10,3,6,63
FILIP1,5,4,6,6,29
FILIP1L,0,0,2,4,17
FIP1L1,28,58,15,18,211
FIRRM,0,0,0,0,0
FIS1,21,21,19,20,211
FITM1,1,1,1,1,1
FJX1,2,2,2,0,4
FKBP10,19,19,6,9,111
FKBP11,2,2,1,2,26
FKBP14,4,15,3,2,82
FKBP15,10,24,4,3,97
FKBP1A,24,56,27,35,109
FKBP1B,9,28,9,15,31
FKBP2,15,47,14,13,78
FKBP3,37,40,21,14,129
FKBP4,60,74,45,22,276
FKBP5,71,93,25,26,416
FKBP6,17,36,9,11,80
FKBP8,76,85,31,28,546
FKBP9,22,23,1,2,75
FKBPL,15,16,4,39,30
FKRP,0,6,0,19,44
FKTN,1,2,0,83,12
FLAD1,20,25,16,20,114
FLCN,7,12,4,112,98
FLG,7,13,13,143,106
FLG2,9,10,110,10,117
FLI1,19,17,21,9,58
FLII,33,59,15,67,298
FLNA,120,257,123,428,619
FLNB,57,91,39,213,304
FLNC,64,76,56,258,219
FLOT1,68,89,29,34,506
FLOT2,37,63,13,26,314
FLRT2,0,0,2,2,22
FLRT3,0,0,1,1,21
FLT1,11,11,30,54,158
FLT3,11,10,18,58,189
FLT3LG,0,1,3,68,3
FLT4,10,17,15,29,253
FLVCR1,1,10,1,10,134
FLVCR2,2,2,0,4,43
FLYWCH1,4,6,3,0,31
FLYWCH2,3,18,2,1,59
FMC1,0,0,0,1,0
FMN1,1,3,1,6,12
FMN2,0,6,0,5,65
FMNL1,62,65,12,10,90
FMNL2,9,9,7,7,181
FMNL3,6,6,4,20,38
FMO1,0,0,6,1,11
FMO3,0,0,2,2,5
FMO5,0,0,0,3,6
FMOD,4,4,3,19,41
FMR1,30,44,123,62,287
FN1,716,725,126,204,807
FN3KRP,5,10,4,3,62
FNBP1,20,24,26,19,118
FNBP1L,11,18,8,11,54
FNBP4,14,11,10,3,64
FNDC3A,2,20,1,1,296
FNDC3B,7,9,8,4,166
FNDC4,1,18,1,2,20
FNDC9,0,0,0,0,88
FNIP1,8,11,11,17,33
FNIP2,0,2,0,13,20
FNTA,14,18,21,55,76
FNTB,7,33,15,34,96
FOCAD,0,8,3,1,66
FOLH1,3,4,4,15,15
FOLR1,8,7,5,23,225
FOLR2,0,0,1,14,1
FOS,96,129,203,543,264
FOSB,4,7,13,172,44
FOSL1,28,28,29,27,67
FOSL2,16,56,25,22,83
FOXA1,9,39,6,29,518
FOXA2,9,18,9,30,26
FOXA3,4,47,6,5,50
FOXC1,5,42,7,11,227
FOXC2,6,33,6,6,42
FOXE3,0,0,0,5,7
FOXF1,0,14,0,9,33
FOXF2,2,8,5,4,53
FOXG1,8,73,18,12,84
FOXH1,9,40,11,5,102
FOXI1,2,12,2,6,92
FOXJ1,7,17,8,8,25
FOXJ2,3,75,2,0,79
FOXJ3,8,16,3,3,41
FOXK1,18,79,5,5,241
FOXK2,8,111,6,2,229
FOXL2,5,56,5,9,67
FOXM1,26,60,24,58,116
FOXN1,0,24,0,6,39
FOXN2,4,10,1,3,16
FOXN3,4,10,3,2,54
FOXN4,0,0,0,1,7
FOXO1,34,53,38,94,331
FOXO3,43,61,46,73,84
FOXO3B,0,4,0,0,5
FOXO4,18,20,20,23,29
FOXP1,10,38,9,7,254
FOXP2,15,16,16,13,77
FOXP3,24,68,18,52,86
FOXP4,6,13,6,2,99
FOXQ1,0,105,0,2,137
FOXR1,4,39,4,6,42
FOXR2,2,35,1,6,41
FOXRED2,7,27,6,3,96
FOXS1,3,77,4,2,85
FPGS,1,3,1,103,27
FPR1,1,1,6,23,140
FPR2,0,0,1,16,136
FRA10AC1,26,28,26,3,46
FRAS1,1,14,1,4,104
FRAT1,15,17,15,3,17
FRAT2,1,2,1,1,26
FREM2,2,12,0,3,59
FREM3,0,0,0,5,4
FRG1,9,10,9,10,58
FRK,8,10,9,39,48
FRMD4A,3,4,2,2,19
FRMD4B,0,1,2,1,6
FRMD5,1,16,2,1,69
FRMD6,21,27,21,9,55
FRMD7,0,0,0,3,3
FRMD8,6,6,5,2,17
FRMPD1,1,2,1,4,6
FRRS1,0,0,0,1,2
FRRS1L,0,0,0,3,1
FRS2,17,20,27,30,93
FRS3,17,28,20,13,112
FRY,3,3,2,1,15
FRYL,13,17,11,51,58
FSBP,0,0,4,9,5
FSCB,0,0,0,3,1
FSCN1,23,37,38,29,252
FSCN2,0,0,0,13,6
FSD1,2,41,4,0,71
FSD2,42,42,42,2,113
FSHB,1,1,5,20,1
FSHR,15,14,18,25,35
FSIP1,2,2,3,2,9
FSIP2,2,1,1,2,25
FST,8,8,14,25,26
FSTL1,1,5,15,9,66
FSTL3,2,1,7,6,4
FSTL4,1,0,1,1,33
FTCD,4,4,5,28,27
FTH1,44,49,44,28,172
FTL,35,38,29,140,344
FTO,16,14,2,177,84
FTSJ1,4,14,96,11,82
FTSJ3,57,99,17,21,398
FUBP1,64,97,26,36,312
FUBP3,29,60,18,11,297
FUCA1,7,7,7,17,27
FUCA2,4,3,4,5,44
FUNDC1,15,15,14,11,31
FUNDC2,15,19,13,1,100
FURIN,6,8,32,302,236
FUS,288,316,50,412,757
FUT1,1,1,4,3,35
FUT10,1,0,1,2,10
FUT11,3,14,3,2,73
FUT2,1,1,0,7,1
FUT4,1,2,3,24,11
FUT8,5,14,0,4,131
FUZ,2,3,3,17,22
FXN,4,3,5,201,54
FXR1,32,58,84,37,630
FXR2,110,115,199,23,428
FXYD1,3,3,8,4,15
FXYD2,0,0,1,6,5
FXYD3,5,7,7,0,92
FXYD5,1,0,1,1,1
FXYD6,14,14,27,1,86
FXYD7,4,3,5,1,3
FYCO1,25,46,25,8,110
FYN,133,151,327,510,370
FYTTD1,20,55,2,8,153
FZD1,5,8,7,9,26
FZD10,0,0,0,5,63
FZD2,4,11,3,11,67
FZD3,1,1,3,7,22
FZD4,5,4,10,16,11
FZD5,8,11,11,11,18
FZD6,3,8,3,8,54
FZD7,4,4,9,13,74
FZD8,4,4,6,11,33
FZD9,3,3,6,4,5
FZR1,86,115,59,25,1120
G0S2,1,1,1,5,19
G2E3,4,3,6,10,16
G3BP1,85,115,64,45,832
G3BP2,47,61,38,18,508
G6PC3,0,0,0,35,17
G6PD,39,60,4,76,203
GAA,15,24,7,10,119
GAB1,21,25,42,35,161
GAB2,31,32,36,42,120
GAB3,6,6,8,7,7
GABARAP,45,59,88,23,127
GABARAPL1,71,76,90,32,147
GABARAPL2,77,82,135,36,164
GABBR1,10,10,21,10,42
GABBR2,5,5,8,10,13
GABPA,24,24,21,74,128
GABPB1,23,24,28,8,36
GABPB2,5,6,15,2,14
GABRA1,3,3,14,9,134
GABRA3,3,3,11,6,31
GABRA4,3,3,10,3,4
GABRA5,1,0,0,6,1
GABRB1,6,5,9,5,6
GABRB2,3,2,16,8,13
GABRB3,6,6,15,11,16
GABRE,0,41,0,2,50
GABRG1,0,0,1,3,3
GABRG2,2,2,9,7,21
GABRG3,0,0,8,8,3
GABRP,0,0,0,1,2
GABRR1,7,6,11,0,6
GAD1,7,7,15,39,26
GAD2,8,8,9,39,47
GAD2,8,8,9,39,47
GADD45A,71,72,92,18,92
GADD45B,9,7,19,12,26
GADD45G,54,54,59,5,76
GADD45GIP1,26,46,14,8,279
GADL1,0,0,0,9,8
GAK,9,74,16,221,174
GAL,2,4,4,138,24
GAL3ST1,1,7,2,3,10
GAL3ST2,1,1,1,1,17
GAL3ST3,0,0,0,0,1
GAL3ST4,1,1,1,0,3
GALC,1,8,0,85,35
GALE,5,20,2,117,50
GALK1,12,16,7,33,91
GALK2,1,7,1,14,21
GALNS,1,11,3,52,85
GALNT1,5,7,5,2,64
GALNT10,2,3,2,0,58
GALNT11,0,9,1,0,37
GALNT12,4,10,5,2,97
GALNT14,4,4,4,0,31
GALNT15,0,1,2,0,18
GALNT17,0,0,0,2,0
GALNT18,0,6,0,2,60
GALNT2,10,16,4,7,114
GALNT3,1,2,1,5,32
GALNT4,2,3,2,0,17
GALNT5,2,1,1,1,20
GALNT6,4,4,5,0,72
GALNT7,2,12,2,0,80
GALNT8,0,0,0,0,9
GALNT9,0,0,0,1,44
GALR1,0,0,1,15,3
GALR2,0,0,2,13,0
GALR3,1,1,0,14,5
GALT,4,7,3,50,22
GAMT,6,6,6,10,31
GAN,10,195,9,101,250
GANAB,65,78,37,154,371
GANC,1,2,1,2,6
GAP43,4,7,13,25,37
GAPDH,157,195,199,747,689
GAPDHS,3,20,5,255,167
GAPVD1,17,32,7,8,190
GAR1,18,67,13,23,209
GAREM1,0,0,0,1,0
GARRE1,0,0,0,0,0
GART,38,60,8,507,227
GAS1,3,2,5,6,15
GAS1,3,2,5,6,15
GAS2,2,2,3,8,7
GAS2L1,2,24,0,5,44
GAS2L2,1,1,1,2,55
GAS2L3,2,8,0,13,37
GAS6,4,9,3,16,75
GAS7,21,21,25,11,38
GAS8,4,6,4,4,120
GASK1B,0,0,0,0,0
GAST,1,1,6,32,36
GATA1,54,60,69,46,146
GATA2,31,36,38,48,188
GATA3,19,21,22,56,180
GATA4,21,22,28,35,399
GATA5,1,1,3,5,9
GATA6,5,6,10,17,23
GATAD1,18,20,3,3,126
GATAD2A,22,39,36,11,223
GATAD2B,39,61,55,8,275
GATB,0,2,1,189,94
GATM,1,1,1,8,10
GBA1,0,0,0,0,0
GBA2,1,10,3,9,37
GBE1,10,22,6,38,73
GBF1,19,34,13,8,387
GBGT1,0,0,0,3,0
GBP1,12,10,6,6,37
GBP2,31,32,23,6,54
GBP3,2,1,1,3,11
GBP6,0,0,0,1,19
GBP7,0,0,12,0,9
GBX2,0,0,0,1,4
GC,9,10,13,135,59
GCA,8,10,5,2,45
GCAT,6,12,4,41,59
GCC1,38,46,36,15,100
GCC2,5,13,5,15,126
GCDH,15,17,14,162,94
GCFC2,4,18,5,21,59
GCG,2,2,11,74,25
GCGR,3,3,5,15,106
GCH1,29,29,17,25,61
GCHFR,3,3,1,2,18
GCK,3,7,6,216,10
GCLC,6,8,8,158,30
GCLM,10,15,16,121,54
GCM1,14,12,12,5,67
GCM2,4,4,4,5,35
GCN1,0,0,0,12,0
GCNT1,0,2,1,2,37
GCNT2,1,9,0,5,22
GCNT3,4,4,3,1,21
GCNT4,0,0,0,0,3
GCSAM,0,1,3,3,5
GCSH,4,8,4,103,58
GDA,20,32,5,19,60
GDAP1,9,9,3,7,39
GDAP1L1,0,0,0,2,4
GDE1,3,15,5,6,36
GDF10,0,0,0,1,6
GDF11,0,5,6,5,45
GDF15,3,7,3,24,69
GDF3,0,2,0,6,12
GDF5,6,7,10,11,31
GDF6,3,3,5,6,4
GDF9,39,39,47,6,56
GDI1,33,65,29,13,140
GDI2,23,42,29,15,176
GDPD2,4,4,4,2,5
GDPD3,1,1,1,5,38
GDPD5,5,6,5,3,54
GDPGP1,0,11,1,2,16
GEM,39,41,51,20,145
GEMIN2,29,36,141,20,109
GEMIN4,57,65,209,17,258
GEMIN5,45,73,29,24,246
GEMIN6,15,21,19,16,73
GEMIN7,17,34,23,15,66
GEMIN8,8,10,3,13,65
GEN1,2,3,1,18,29
GET1,0,0,0,7,0
GET3,0,0,0,10,0
GET4,30,44,27,12,155
GFAP,44,57,49,77,218
GFER,9,17,11,123,71
GFI1,15,14,30,14,21
GFI1B,76,76,74,6,101
GFM1,7,9,7,48,314
GFM2,5,9,7,10,177
GFOD1,9,40,7,4,53
GFOD2,1,1,0,3,8
GFPT1,24,56,8,38,161
GFPT2,4,21,2,25,64
GFRA1,6,5,6,16,47
GFRA2,3,3,2,10,4
GFRA3,1,1,1,8,12
GFUS,0,0,0,0,0
GGA1,40,49,42,9,117
GGA2,33,33,33,11,82
GGA3,32,33,32,19,109
GGCT,3,9,3,46,72
GGCX,3,7,8,50,68
GGH,10,23,4,55,243
GGN,3,3,5,10,24
GGNBP2,1,3,2,10,14
GGPS1,2,12,3,25,61
GGT1,4,6,3,18,21
GGT5,0,0,0,15,5
GGT6,1,1,0,15,13
GGT7,6,6,6,15,121
GGTLC1,0,0,1,1,3
GH1,6,5,85,27,13
GHDC,0,10,0,1,77
GHITM,3,18,4,9,149
GHR,30,40,42,24,42
GHRHR,1,1,3,96,2
GID4,0,14,0,4,71
GID8,0,24,8,3,121
GIGYF1,9,15,5,3,253
GIGYF2,47,53,34,10,265
GIMAP4,2,1,2,3,5
GIMAP5,13,12,7,2,75
GIMAP6,2,2,2,1,5
GIMAP8,2,2,1,2,28
GIN1,2,2,2,5,12
GINS1,4,5,3,37,35
GINS2,18,18,5,44,49
GINS4,25,29,9,16,65
GIPC1,34,38,46,14,108
GIPC2,6,9,7,3,27
GIPC3,4,3,2,4,7
GIT1,53,57,60,30,153
GIT2,43,47,47,18,137
GJA1,19,30,27,60,583
GJA3,3,3,6,5,17
GJA4,3,3,0,6,9
GJA5,4,6,5,10,36
GJA8,1,1,2,7,158
GJA9,1,1,0,0,2
GJB1,7,7,14,9,78
GJB2,6,19,9,12,65
GJB3,3,2,4,9,18
GJB4,1,0,0,0,10
GJB5,6,6,5,0,72
GJB6,1,1,2,6,15
GJB7,0,0,0,0,54
GJC1,2,7,5,0,48
GJC3,0,0,0,0,2
GJD2,0,0,0,3,2
GJD3,1,1,1,0,452
GK,12,25,12,99,104
GK5,2,1,1,5,6
GKAP1,12,16,13,3,43
GLA,15,14,4,91,78
GLB1,11,16,11,25,119
GLB1L,2,2,2,1,24
GLDC,4,10,4,54,309
GLDN,0,0,0,3,0
GLE1,8,17,6,25,150
GLG1,8,16,20,3,126
GLI1,21,59,21,39,121
GLI2,8,9,10,21,60
GLI3,15,19,22,25,70
GLI4,0,0,0,2,126
GLIPR1,1,2,0,4,18
GLIPR2,7,7,3,4,19
GLIS1,0,0,0,7,15
GLIS2,13,12,8,2,103
GLIS3,2,8,2,11,23
GLMN,18,30,10,127,177
GLMP,0,0,0,17,0
GLO1,11,38,4,33,104
GLOD4,6,33,8,27,81
GLP1R,46,45,13,31,119
GLRA2,3,24,6,2,28
GLRX,8,20,10,28,42
GLRX2,2,6,1,15,11
GLRX3,73,83,65,21,190
GLRX5,2,9,4,16,79
GLS,12,27,11,105,213
GLS2,2,3,11,24,14
GLTP,3,2,2,5,27
GLTPD2,1,1,1,1,1
GLUD1,23,27,17,60,247
GLUD2,6,10,5,42,34
GLUL,20,25,27,314,140
GLYAT,5,5,7,8,10
GLYCTK,14,14,15,17,61
GLYR1,19,43,9,11,232
GM2A,3,12,4,10,72
GMCL1,60,86,62,0,161
GMDS,13,20,4,90,61
GMEB1,6,6,14,2,37
GMEB2,6,7,6,4,51
GMFB,4,9,13,1,29
GMIP,2,3,3,18,32
GML,0,0,0,18,57
GMNC,0,0,0,22,1
GMNN,25,35,29,212,106
GMPPA,9,9,7,14,48
GMPPB,13,35,4,133,65
GMPR2,5,7,3,12,23
GMPS,31,39,19,468,157
GNA11,15,28,19,38,108
GNA12,28,26,33,20,45
GNA13,34,45,36,25,132
GNA15,5,4,20,14,10
GNAI1,43,62,67,29,168
GNAI2,67,97,135,25,246
GNAI3,56,81,50,23,228
GNAL,5,5,5,9,18
GNAO1,17,32,37,10,84
GNAQ,39,57,49,448,114
GNAS,34,67,33,399,236
GNAT1,1,0,5,6,10
GNAT2,4,14,3,5,21
GNAZ,9,28,17,10,68
GNB1,68,78,63,48,285
GNB1L,1,7,2,5,55
GNB2,59,87,51,33,496
GNB3,20,23,19,35,44
GNB4,26,46,24,32,125
GNB5,26,34,25,34,45
GNE,25,23,18,122,99
GNG10,7,14,20,23,42
GNG11,8,10,22,23,12
GNG12,14,20,21,27,104
GNG13,5,5,21,24,35
GNG2,21,29,36,40,60
GNG3,5,5,18,26,20
GNG4,8,12,21,27,23
GNG5,13,22,26,27,76
GNG7,8,12,20,26,18
GNG8,5,5,16,21,124
GNGT1,5,6,23,28,22
GNGT2,5,6,20,24,12
GNL1,9,21,5,14,89
GNL2,18,35,14,24,352
GNL3,64,76,167,19,332
GNL3L,15,30,7,23,127
GNLY,1,1,1,16,39
GNMT,17,18,18,16,37
GNPAT,7,16,8,113,90
GNPDA1,29,35,5,18,59
GNPDA2,6,14,5,17,38
GNPNAT1,3,10,4,9,30
GNPTAB,9,16,9,9,61
GNPTG,2,10,3,9,37
GNRH1,1,1,2,31,8
GNRH2,1,1,1,11,1
GNS,20,23,8,76,126
GOLGA2,287,311,292,28,734
GOLGA3,14,27,15,4,230
GOLGA4,8,18,16,10,226
GOLGA5,4,20,3,7,241
GOLGA7,3,5,3,7,67
GOLGA7B,0,3,0,1,10
GOLGA8N,0,0,0,0,1
GOLGB1,17,28,23,17,221
GOLIM4,4,26,1,4,109
GOLM1,13,19,29,4,148
GOLM2,0,0,0,0,0
GOLPH3,3,20,3,33,144
GOLPH3L,8,11,6,2,75
GOLT1A,0,0,0,14,31
GOLT1B,3,173,1,15,224
GON4L,4,4,3,3,46
GON7,0,0,0,3,0
GOPC,65,80,62,100,293
GORAB,13,15,10,1,88
GORASP1,14,19,16,12,102
GORASP2,85,96,74,11,373
GOSR1,16,26,20,19,128
GOSR2,9,16,16,14,134
GOT1,15,57,8,57,273
GOT2,16,19,17,103,112
GP1BA,9,8,22,28,19
GP1BB,6,17,7,14,59
GP2,2,2,7,14,5
GP5,1,1,3,14,63
GP9,3,3,6,16,91
GPAA1,7,15,11,22,97
GPAM,2,4,3,106,26
GPANK1,12,15,13,3,105
GPAT3,0,0,0,12,0
GPATCH1,6,39,2,9,103
GPATCH2,1,3,1,1,33
GPATCH2L,0,27,21,1,71
GPATCH8,11,25,7,2,111
GPBAR1,0,0,0,12,27
GPBP1,5,6,7,1,70
GPBP1L1,5,7,3,2,84
GPC1,4,6,10,26,175
GPC2,0,0,1,7,9
GPC3,2,6,6,19,72
GPC6,0,8,0,8,35
GPCPD1,1,1,1,5,7
GPD1,2,5,4,32,20
GPD1L,2,23,2,29,66
GPER1,0,0,0,23,1
GPHA2,0,21,1,7,23
GPHN,17,23,17,160,73
GPI,21,40,8,361,202
GPKOW,24,31,24,135,115
GPLD1,2,5,5,15,7
GPM6B,3,9,3,1,25
GPN1,56,63,10,7,118
GPN2,2,10,1,4,20
GPN3,7,38,8,6,106
GPNMB,3,2,1,15,17
GPR101,1,2,0,4,25
GPR107,1,2,1,2,57
GPR108,2,3,4,0,29
GPR119,2,1,1,14,4
GPR12,1,1,2,0,92
GPR132,0,0,0,4,0
GPR137,0,0,0,0,8
GPR137B,0,6,0,2,10
GPR137C,0,0,0,0,2
GPR139,0,0,0,5,0
GPR141,0,0,0,1,21
GPR142,1,1,1,2,2
GPR143,2,2,4,25,3
GPR146,0,0,0,0,2
GPR148,0,0,0,1,2
GPR149,0,0,0,1,1
GPR150,0,0,0,2,9
GPR151,0,0,1,1,51
GPR152,0,0,0,0,197
GPR153,1,0,1,2,1
GPR155,1,0,1,0,6
GPR156,0,0,0,0,70
GPR158,1,0,2,2,6
GPR160,0,0,0,1,2
GPR161,2,3,1,8,30
GPR173,0,1,0,1,49
GPR174,0,0,0,0,0
GPR176,1,0,1,1,2
GPR179,1,0,1,0,3
GPR18,0,12,1,5,13
GPR180,1,4,0,1,34
GPR182,0,0,0,2,454
GPR183,2,34,2,2,39
GPR19,0,0,0,0,2
GPR20,3,3,3,2,3
GPR21,1,1,1,1,80
GPR22,3,3,3,1,3
GPR25,7,7,8,2,31
GPR26,1,1,1,0,1
GPR3,4,5,3,2,10
GPR31,0,0,0,1,0
GPR34,0,0,0,0,14
GPR35,0,5,0,3,132
GPR37,17,16,9,15,77
GPR37L1,0,0,1,11,56
GPR39,1,1,1,6,1
GPR4,0,0,0,3,4
GPR45,0,0,4,1,299
GPR50,5,7,7,4,57
GPR52,1,29,0,1,34
GPR55,0,4,0,8,66
GPR6,0,0,0,1,2
GPR61,1,1,1,0,21
GPR62,0,0,0,2,0
GPR63,0,0,2,1,0
GPR65,0,0,0,4,1
GPR75,0,0,0,0,1
GPR78,1,1,1,1,1
GPR82,0,0,0,1,0
GPR83,0,0,0,4,2
GPR84,0,3,0,2,24
GPR85,0,1,0,0,4
GPR87,0,0,0,0,0
GPRASP1,29,28,50,0,38
GPRC5A,7,17,1,0,86
GPRC5B,3,5,2,2,98
GPRC5C,2,5,4,0,108
GPRC5D,0,2,0,0,71
GPRC6A,0,0,0,7,0
GPRIN1,0,6,0,0,90
GPRIN2,12,13,11,5,27
GPRIN3,0,0,0,0,45
GPS1,44,52,22,18,212
GPS2,36,59,31,10,140
GPSM1,15,24,12,14,55
GPSM2,6,13,10,18,27
GPSM3,7,8,10,16,81
GPT,2,5,2,409,16
GPT2,4,12,4,51,37
GPX1,8,15,3,0,66
GPX1,8,15,3,0,66
GPX2,3,3,3,80,5
GPX3,1,1,1,78,4
GPX3,1,1,1,78,4
GPX4,4,38,4,45,90
GPX4,4,38,4,45,90
GPX7,10,10,4,75,65
GPX8,1,1,1,70,284
GRAMD1A,3,15,2,2,184
GRAMD1C,2,6,2,1,20
GRAMD2A,0,0,0,0,0
GRAMD2B,0,0,0,3,0
GRAMD4,3,2,3,2,65
GRAP,9,8,16,75,12
GRAP2,29,48,35,29,96
GRB10,33,36,33,32,154
GRB14,10,14,17,11,24
GRB2,472,514,893,129,730
GRB7,35,37,45,25,173
GREB1,0,11,0,5,28
GREM1,0,0,2,11,4
GREM2,0,0,2,5,34
GRHL2,3,3,3,1,19
GRHL3,5,5,2,5,10
GRHPR,15,32,7,192,101
GRIA1,18,18,29,38,40
GRIA2,15,28,22,29,56
GRIA3,5,5,13,11,30
GRIA4,6,6,13,10,27
GRID1,0,1,3,2,14
GRID2,7,7,12,5,11
GRID2IP,1,1,2,1,6
GRIK1,6,4,7,5,31
GRIK2,12,13,19,10,21
GRIK3,4,1,5,2,4
GRIK4,2,2,2,3,8
GRIK5,7,6,11,5,12
GRIN1,11,11,64,31,55
GRIN2A,15,14,27,28,64
GRIN2B,24,23,50,47,72
GRIN2C,4,3,6,8,15
GRIN2D,4,2,36,12,8
GRIN3A,3,2,8,8,8
GRIN3B,2,2,3,5,26
GRINA,0,0,0,34,12
GRIP1,38,40,52,12,85
GRIPAP1,9,12,14,3,188
GRK2,0,0,0,29,0
GRK2,0,0,0,29,0
GRK3,0,0,0,2,0
GRK4,6,5,10,2,30
GRK5,171,169,166,19,174
GRK6,17,17,23,4,134
GRK7,2,2,4,2,22
GRM1,5,6,16,21,47
GRM2,2,4,7,6,363
GRM3,4,4,8,10,9
GRM4,0,0,6,6,3
GRM5,4,8,19,22,24
GRM6,0,1,1,8,1
GRM7,4,5,15,7,9
GRN,47,71,45,40,234
GRPEL1,16,41,8,29,207
GRPEL2,2,10,2,21,26
GRPR,1,1,1,18,60
GRSF1,50,50,9,17,517
GRWD1,26,40,23,23,394
GRXCR2,0,0,0,9,1
GSAP,0,4,1,5,6
GSC,1,1,4,44,78
GSDMA,3,6,1,7,110
GSDMB,7,8,8,54,11
GSDMD,2,1,3,13,21
GSDME,0,0,0,52,0
GSE1,0,35,34,1,155
GSK3A,35,45,41,28,457
GSK3B,228,251,244,146,826
GSKIP,0,5,5,11,21
GSN,36,56,40,253,192
GSPT1,27,34,29,13,298
GSPT2,20,20,7,7,107
GSR,25,30,7,332,100
GSS,25,26,5,63,43
GSTA1,7,12,7,7,21
GSTA3,2,4,2,4,4
GSTA4,4,5,3,4,11
GSTK1,37,42,98,3,112
GSTM1,5,7,5,13,14
GSTM2,2,5,4,8,20
GSTM3,13,22,16,8,149
GSTM4,12,13,12,4,15
GSTO1,12,35,9,16,103
GSTO1,12,35,9,16,103
GSTO2,3,8,3,8,26
GSTO2,3,8,3,8,26
GSTP1,34,43,34,28,205
GSTT2B,0,1,1,3,10
GSTZ1,3,5,8,4,21
GSX1,0,0,0,0,46
GSX2,0,0,1,1,3
GTDC1,1,1,1,2,1
GTF2A1,49,52,23,4,84
GTF2A1L,19,19,25,1,19
GTF2A2,8,7,10,7,17
GTF2B,63,84,71,19,121
GTF2E1,46,48,33,7,100
GTF2E2,30,34,26,10,167
GTF2F1,62,82,41,37,209
GTF2F2,38,46,48,27,132
GTF2H1,50,53,49,27,90
GTF2H3,15,17,12,20,53
GTF2H4,19,21,19,26,72
GTF2H5,4,17,10,22,32
GTF2I,86,103,87,14,375
GTF2IRD1,8,17,9,1,89
GTF3A,5,5,11,6,10
GTF3C1,61,72,137,11,242
GTF3C2,17,34,14,5,170
GTF3C3,28,49,20,4,207
GTF3C4,44,54,120,2,192
GTF3C5,27,42,21,8,159
GTF3C6,10,10,3,2,28
GTPBP1,8,24,8,14,121
GTPBP10,7,9,7,8,136
GTPBP3,11,11,10,18,83
GTPBP4,35,87,120,37,409
GTPBP8,1,2,0,6,20
GTSE1,8,122,6,39,213
GTSF1,1,1,1,1,11
GUCA1C,0,0,0,2,3
GUCA2A,0,0,1,9,14
GUCD1,0,9,8,1,89
GUCY1A2,11,11,10,7,17
GUCY2C,1,1,4,11,2
GUCY2D,0,1,6,11,11
GUF1,2,1,1,23,104
GUK1,5,7,4,28,54
GULP1,5,7,10,6,39
GUSB,4,8,5,42,73
GXYLT1,1,0,5,2,107
GXYLT2,0,2,0,0,24
GYG1,9,18,11,5,44
GYG2,6,7,6,8,29
GYPA,2,3,3,26,173
GYPC,1,1,3,93,15
GYS1,17,28,31,28,116
GZF1,4,8,1,2,75
GZMA,15,15,18,231,15
GZMB,16,16,38,445,16
GZMK,12,12,11,15,15
GZMM,5,5,5,65,7
H10,0,0,0,0,0
H110,0,0,0,0,0
H12,0,0,0,0,0
H13,0,0,0,0,0
H13,0,0,0,0,0
H14,0,0,0,0,0
H18,0,0,0,0,0
H2AC1,0,0,0,8,0
H2AC11,0,0,0,6,0
H2AC12,0,0,0,5,0
H2AC25,0,0,0,0,0
H2AC8,0,0,0,34,0
H2AJ,0,0,0,29,0
H2AX,0,0,0,84,0
H2AZ1,0,0,0,63,0
H2AZ2,0,0,0,35,0
H2BC17,0,0,0,44,0
H2BC18,0,0,0,16,0
H2BC6,0,0,0,20,0
H2BC7,0,0,0,19,0
H2BC8,0,0,0,21,0
H33B,0,0,0,0,0
H35,0,0,0,0,0
H3C10,0,0,0,12,0
H3C4,0,0,0,12,0
H3C6,0,0,0,20,0
H3C7,0,0,0,14,0
H3C8,0,0,0,12,0
H4C1,0,0,0,29,0
H4C16,0,0,0,0,0
H4C5,0,0,0,28,0
H4C6,0,0,0,117,0
H4C7,0,0,0,29,0
H4C8,0,0,0,28,0
HAAO,5,5,3,45,6
HABP2,0,0,9,18,5
HABP4,20,22,32,12,143
HACD1,0,0,0,6,0
HACD2,0,0,4,6,0
HACD3,0,0,21,9,0
HACE1,10,10,5,5,28
HACL1,6,8,5,20,37
HADH,9,23,7,188,115
HADHA,52,64,36,43,526
HADHB,45,64,34,247,448
HAGH,6,8,5,66,79
HAGHL,2,1,1,24,5
HAL,1,17,2,52,136
HAMP,2,2,5,111,3
HAND1,8,10,12,0,15
HAND2,13,13,16,8,30
HAO2,1,1,1,30,29
HAP1,65,66,62,9,107
HAPLN1,3,2,9,4,4
HAPLN3,0,2,0,0,37
HARBI1,0,0,0,4,2
HARS1,0,0,0,13,0
HARS2,9,16,4,14,185
HAS1,4,5,3,7,9
HAS2,2,1,0,15,3
HAS3,2,1,1,9,12
HASPIN,0,0,0,90,0
HAT1,31,41,46,8,233
HAUS1,85,103,75,8,177
HAUS2,66,94,5,11,126
HAUS3,8,36,6,11,98
HAUS4,6,32,1,8,98
HAUS5,10,31,6,10,139
HAUS6,15,48,13,15,157
HAUS7,7,64,5,9,109
HAUS8,4,44,4,9,126
HAVCR1,1,1,2,18,26
HAVCR2,3,3,3,32,81
HAX1,41,109,31,14,397
HBB,20,36,13,30,181
HBD,4,19,6,13,78
HBE1,2,3,6,18,15
HBEGF,8,8,13,262,14
HBM,0,0,0,7,26
HBP1,17,21,26,1,120
HBS1L,12,25,8,13,116
HBZ,18,18,16,14,51
HCAR1,0,1,0,4,4
HCAR2,0,0,0,5,0
HCCS,2,22,1,73,120
HCFC1,78,90,67,16,273
HCFC1R1,2,2,3,1,3
HCFC2,7,9,8,5,90
HCK,47,57,78,258,154
HCLS1,19,19,25,59,60
HCN2,3,2,7,0,8
HCN3,3,3,2,0,5
HDAC1,449,495,332,128,1099
HDAC10,21,21,7,3,40
HDAC11,132,131,7,4,151
HDAC2,278,300,190,65,842
HDAC3,187,195,169,55,287
HDAC4,132,129,139,38,394
HDAC5,334,338,329,28,358
HDAC6,190,231,111,43,916
HDAC7,55,67,37,15,135
HDAC8,33,35,37,16,41
HDAC9,59,55,55,8,70
HDC,2,2,2,78,3
HDDC2,1,1,1,2,21
HDDC3,11,13,10,17,56
HDGF,210,211,189,88,325
HDGFL1,0,0,0,3,1
HDGFL2,0,0,0,2,0
HDHD2,3,3,13,1,16
HDHD3,3,3,2,3,57
HDHD5,0,0,0,1,0
HDLBP,51,70,12,111,864
HDX,3,3,4,4,26
HEATR1,24,51,16,22,231
HEATR3,6,22,6,2,171
HEATR5B,3,9,1,4,49
HEATR6,1,10,3,2,109
HEBP1,2,6,1,1,26
HEBP2,5,4,4,2,15
HECA,1,1,0,17,11
HECTD1,19,44,11,3,985
HECTD2,2,4,1,0,8
HECTD3,12,25,9,2,126
HECW1,14,20,13,2,34
HECW2,284,290,4,3,320
HEG1,1,2,1,0,11
HELB,4,4,4,10,20
HELLS,15,35,12,221,183
HELQ,4,3,1,75,15
HELZ,14,23,9,62,257
HELZ2,0,6,5,23,53
HEMGN,1,17,2,10,43
HEMK1,2,3,2,7,32
HENMT1,2,1,2,3,12
HEPACAM,0,0,0,1,5
HEPACAM2,0,34,0,4,38
HEPH,1,1,0,8,5
HERC1,16,27,12,4,144
HERC2,45,210,24,11,471
HERC3,13,34,14,5,69
HERC4,21,27,7,3,74
HERC5,20,33,77,6,248
HERC6,7,6,8,4,13
HERPUD1,27,27,26,10,164
HES1,33,33,38,13,51
HES4,7,6,13,1,24
HES5,3,2,3,11,2
HES6,3,3,4,1,46
HES7,1,0,1,0,9
HESX1,5,6,4,8,13
HEXA,25,32,5,13,95
HEXA,25,32,5,13,95
HEXB,19,25,3,40,61
HEXIM1,31,48,23,18,910
HEXIM2,17,20,17,5,82
HEY1,12,16,9,17,137
HEY2,19,23,15,13,50
HEYL,17,20,19,3,27
HFE,5,3,6,82,114
HGD,6,4,5,19,6
HGF,7,9,19,399,38
HGFAC,0,0,6,58,21
HGH1,0,17,14,9,38
HGS,186,198,155,209,525
HGSNAT,0,0,0,34,12
HHAT,1,0,1,33,1
HHATL,1,1,1,19,21
HHEX,11,10,17,4,44
HHLA2,0,0,0,1,14
HIBADH,4,8,3,25,93
HIBCH,5,31,2,245,68
HIC1,26,25,11,8,34
HIC2,4,9,5,0,58
HID1,0,6,8,1,21
HIF1A,117,145,85,182,430
HIF1AN,24,33,19,13,313
HIF3A,2,2,6,11,5
HIGD1A,4,8,7,13,87
HIGD1B,1,1,2,4,1
HIGD2A,1,2,1,5,20
HIKESHI,0,0,0,73,0
HILPDA,2,1,2,0,3
HINFP,35,36,32,40,39
HINT1,14,70,13,13,176
HINT2,4,3,2,4,347
HINT3,5,5,2,1,27
HIP1,15,21,26,18,90
HIP1R,9,41,13,18,150
HIPK1,17,16,16,3,35
HIPK3,31,30,35,6,36
HIPK4,29,29,3,1,36
HIRA,23,25,19,89,157
HIRIP3,29,33,24,4,81
HIVEP1,37,46,40,6,184
HIVEP2,8,6,10,4,30
HIVEP3,7,8,9,7,20
HJURP,16,19,18,216,105
HK1,42,42,9,43,224
HK2,24,39,15,40,125
HK3,3,8,9,30,35
HKDC1,2,1,2,20,48
HLAA,0,0,0,0,0
HLAB,0,0,0,0,0
HLAC,0,0,0,0,0
HLADMA,0,0,0,0,0
HLADMB,0,0,0,0,0
HLADOB,0,0,0,0,0
HLADPA1,0,0,0,0,0
HLADPB1,0,0,0,0,0
HLADQA1,0,0,0,0,0
HLADQB1,0,0,0,0,0
HLADRA,0,0,0,0,0
HLADRB1,0,0,0,0,0
HLADRB5,0,0,0,0,0
HLAE,0,0,0,0,0
HLAF,0,0,0,0,0
HLAG,0,0,0,0,0
HLCS,5,5,4,86,38
HLF,3,3,13,13,7
HLTF,29,43,22,172,138
HLX,2,2,4,24,37
HM13,12,21,6,10,152
HMBOX1,51,53,46,1,134
HMBS,4,12,3,157,21
HMCES,0,9,5,4,48
HMCN1,3,4,1,4,11
HMG20A,29,54,21,4,237
HMG20B,26,31,33,5,120
HMGA1,71,82,57,22,408
HMGA2,21,23,19,19,137
HMGB1,63,71,82,50,459
HMGB2,30,39,24,9,251
HMGB3,21,26,4,1,90
HMGB4,3,3,3,0,6
HMGCL,8,19,8,39,68
HMGCR,10,27,7,349,113
HMGCS1,10,26,3,42,115
HMGCS2,3,2,2,35,12
HMGN1,18,23,16,22,166
HMGN2,7,8,14,18,221
HMGN3,8,8,10,1,57
HMGN4,5,5,4,17,100
HMGN5,3,6,2,0,150
HMGXB3,8,6,8,1,9
HMGXB4,12,28,5,4,113
HMHB1,0,0,0,0,0
HMMR,17,30,17,236,108
HMOX1,10,21,14,83,130
HMOX2,32,47,39,20,302
HMX2,0,0,0,1,6
HMX3,2,2,2,3,8
HNF1A,37,38,51,24,61
HNF1B,5,5,15,7,188
HNF4A,65,63,73,65,262
HNF4G,14,14,14,2,18
HNMT,5,6,3,6,11
HNRNPA0,90,95,32,36,349
HNRNPA1,248,514,107,87,938
HNRNPA2B1,149,179,127,79,748
HNRNPA3,80,112,35,39,493
HNRNPAB,71,88,17,168,359
HNRNPC,148,163,212,503,644
HNRNPD,169,268,144,316,622
HNRNPDL,0,108,23,292,370
HNRNPF,127,155,176,208,584
HNRNPH1,142,176,123,54,1572
HNRNPH2,59,109,114,27,300
HNRNPH3,70,87,16,35,303
HNRNPK,217,242,141,470,718
HNRNPL,84,105,145,284,1977
HNRNPLL,0,27,12,14,159
HNRNPM,220,240,68,345,725
HNRNPR,157,191,37,302,536
HNRNPU,280,503,202,352,993
HNRNPUL1,101,111,68,22,353
HNRNPUL2,33,54,9,12,276
HOMER1,14,28,22,14,89
HOMER2,8,10,12,7,26
HOMER3,26,32,32,11,124
HOMEZ,32,32,31,1,144
HOOK1,19,23,23,7,239
HOOK2,34,46,33,6,190
HOOK3,10,18,8,7,210
HOPX,10,9,7,6,13
HORMAD1,2,2,0,5,8
HORMAD2,0,0,0,2,28
HOXA1,87,64,73,5,353
HOXA10,9,15,15,6,44
HOXA11,6,5,7,3,12
HOXA13,1,0,7,0,14
HOXA2,5,5,2,1,16
HOXA3,8,8,7,2,13
HOXA4,0,0,0,4,10
HOXA5,11,17,12,0,87
HOXA6,1,0,1,0,1
HOXA7,4,3,6,2,21
HOXA9,12,11,21,18,27
HOXB1,4,5,9,5,33
HOXB13,8,15,7,2,20
HOXB2,1,1,5,0,33
HOXB3,2,2,3,4,7
HOXB4,4,4,5,5,6
HOXB5,5,48,5,2,109
HOXB6,8,9,12,3,54
HOXB7,10,12,16,5,20
HOXB8,2,2,4,0,15
HOXB9,24,38,31,4,123
HOXC10,7,6,6,0,17
HOXC11,13,14,13,0,22
HOXC12,0,0,0,0,5
HOXC13,7,16,8,1,20
HOXC4,12,22,9,1,36
HOXC5,1,0,1,0,45
HOXC6,3,9,4,0,14
HOXC8,9,8,19,2,118
HOXC9,15,19,18,4,55
HOXD1,1,1,1,2,2
HOXD10,3,5,6,1,11
HOXD11,1,1,2,0,13
HOXD12,7,7,8,0,18
HOXD13,3,35,9,2,76
HOXD3,4,3,6,0,11
HOXD4,17,17,21,3,25
HOXD8,5,5,5,0,11
HOXD9,8,9,9,1,10
HP,17,22,24,241,100
HP1BP3,57,67,16,2,328
HPCA,4,7,5,7,41
HPCAL1,17,23,17,7,86
HPCAL4,6,10,5,6,28
HPD,5,6,5,98,18
HPDL,15,14,0,50,18
HPF1,0,0,0,4,0
HPGD,1,1,1,11,8
HPGDS,3,3,4,17,8
HPN,2,1,2,10,96
HPRT1,26,26,26,43,118
HPS4,1,1,2,5,4
HPS5,1,11,3,4,38
HPS6,6,7,10,2,40
HPSE,0,4,0,5,42
HR,10,10,12,1,46
HRAS,57,69,86,518,687
HRH1,1,1,2,9,15
HRH3,1,1,1,4,4
HRH4,0,0,4,5,1
HRK,6,6,8,38,6
HRNR,15,20,71,46,141
HROB,0,0,0,13,0
HS1BP3,3,6,3,2,46
HS2ST1,0,13,0,3,148
HS3ST1,3,2,2,2,37
HS3ST3A1,1,1,0,2,3
HS6ST1,0,4,0,3,34
HS6ST2,0,7,0,1,66
HSBP1,15,18,17,1,58
HSBP1L1,0,0,1,2,11
HSCB,4,5,4,149,810
HSD11B2,4,4,4,10,8
HSD17B1,0,1,0,16,17
HSD17B10,28,102,20,26,429
HSD17B11,4,4,5,4,388
HSD17B12,13,42,6,20,221
HSD17B13,0,3,0,4,139
HSD17B14,15,19,18,8,46
HSD17B2,0,2,2,5,10
HSD17B3,0,6,1,15,29
HSD17B4,27,36,13,32,185
HSD17B6,0,11,0,4,15
HSD17B7,7,9,7,16,38
HSD17B8,1,13,2,14,34
HSD3B1,0,0,0,25,8
HSD3B2,1,1,0,20,19
HSD3B7,13,12,12,16,383
HSDL1,1,8,2,10,70
HSDL2,6,14,2,48,124
HSF1,84,85,62,17,599
HSF1,84,85,62,17,599
HSF2,16,34,18,0,72
HSF4,17,16,12,6,50
HSF5,2,2,0,0,4
HSP90AA1,738,771,608,209,1281
HSP90AB1,230,286,673,178,997
HSP90B1,84,138,68,61,656
HSPA12A,2,13,3,8,103
HSPA13,9,11,9,18,120
HSPA14,6,13,5,10,87
HSPA1L,95,129,55,19,300
HSPA2,46,61,59,18,417
HSPA4,277,311,127,159,668
HSPA4L,28,58,19,10,256
HSPA5,244,391,165,132,1546
HSPA6,45,67,28,14,338
HSPA8,273,353,301,135,2180
HSPA9,134,194,122,82,690
HSPB1,107,392,81,58,710
HSPB2,21,96,18,40,133
HSPB3,17,17,22,38,19
HSPB6,3,8,3,9,13
HSPB7,11,11,11,7,22
HSPB8,14,17,17,9,167
HSPB9,0,9,3,1,11
HSPBAP1,5,6,5,0,20
HSPBP1,39,52,13,30,173
HSPD1,151,206,229,79,1006
HSPE1,35,118,39,63,295
HSPG2,15,25,33,50,74
HSPH1,54,84,30,9,442
HTATIP2,3,2,4,10,59
HTATSF1,30,38,23,14,143
HTN3,0,1,3,3,29
HTR1A,6,5,11,15,27
HTR1D,3,3,4,3,3
HTR1E,3,5,3,2,8
HTR2A,4,4,19,19,7
HTR2B,3,3,6,10,28
HTR2C,6,6,10,16,126
HTR4,1,0,15,2,17
HTR5A,0,0,0,5,2
HTR6,1,26,4,5,53
HTR7,4,4,4,3,6
HTRA1,6,8,18,14,39
HTRA2,46,57,45,34,259
HTRA3,0,1,0,2,17
HTT,131,140,137,470,331
HUNK,4,3,6,10,106
HUS1,22,26,28,23,68
HUS1,22,26,28,23,68
HUS1B,3,3,4,5,17
HUWE1,389,445,44,28,1067
HYAL1,2,1,2,8,27
HYAL2,3,7,5,7,82
HYAL3,2,2,2,1,9
HYAL4,0,1,0,3,4
HYDIN,1,1,1,98,23
HYI,4,11,4,9,27
HYKK,0,3,2,6,8
HYLS1,3,3,3,2,5
HYOU1,32,66,19,22,307
HYPK,0,17,13,45,115
IAPP,0,0,7,133,3
IARS1,0,0,0,32,0
IARS2,20,33,5,34,262
IBTK,17,65,18,36,123
ICA1,10,12,11,1,25
ICAM1,137,140,19,113,249
ICAM2,4,17,9,8,54
ICAM3,5,5,10,8,21
ICAM4,3,4,10,7,39
ICAM5,3,14,4,8,55
ICE2,0,34,1,12,65
ICMT,4,3,5,46,62
ID1,21,39,24,10,62
ID2,34,51,39,16,91
ID3,31,30,42,4,46
ID4,1,2,11,2,18
IDE,26,41,13,132,186
IDH1,37,49,7,99,122
IDH2,8,13,5,89,199
IDH3A,19,48,11,43,105
IDH3B,11,27,10,42,97
IDH3G,16,22,3,38,58
IDI1,3,3,2,20,36
IDI2,2,12,2,14,13
IDNK,0,0,0,12,0
IDO1,4,3,7,23,7
IDS,0,40,2,10,124
IDUA,0,0,1,16,66
IER2,6,28,3,5,37
IER3,9,8,14,6,23
IER3IP1,8,7,7,4,58
IER5,3,4,2,2,10
IER5L,1,0,1,0,4
IFFO1,8,9,7,2,54
IFFO2,1,1,1,0,18
IFI16,12,344,14,15,712
IFI27,2,0,4,2,8
IFI27L1,0,0,0,1,64
IFI30,2,34,2,14,74
IFI35,7,7,6,22,33
IFI44,1,0,2,6,5
IFI44L,0,1,0,7,14
IFI6,2,2,5,5,49
IFIH1,11,10,10,42,39
IFIT1,41,43,10,15,63
IFIT2,39,38,11,7,63
IFIT3,54,66,27,9,79
IFIT5,21,20,18,4,76
IFITM1,5,4,5,10,354
IFITM2,3,2,5,3,9
IFITM3,5,4,4,14,515
IFNA1,1,1,12,59,12
IFNA10,0,0,0,24,6
IFNA14,0,7,6,25,16
IFNA16,1,1,1,24,6
IFNA2,1,6,7,34,10
IFNA5,1,15,2,25,20
IFNA6,0,2,0,25,7
IFNA7,0,0,4,26,8
IFNA8,1,8,3,25,13
IFNAR1,12,13,29,28,67
IFNAR2,9,11,23,15,27
IFNB1,0,0,15,51,7
IFNE,1,1,0,9,26
IFNG,3,3,12,598,17
IFNGR1,11,12,17,21,94
IFNGR2,6,6,8,14,63
IFNLR1,0,1,4,12,46
IFNW1,1,1,2,10,7
IFRD1,10,11,8,6,38
IFRD2,12,15,6,4,33
IFT122,1,10,1,9,60
IFT140,4,7,5,4,53
IFT172,3,7,3,5,54
IFT20,28,32,30,2,139
IFT22,0,9,2,1,49
IFT27,3,6,2,2,44
IFT43,3,4,2,2,23
IFT46,2,9,1,4,41
IFT52,2,5,2,4,36
IFT57,6,48,10,8,90
IFT70A,0,0,0,0,0
IFT74,3,27,2,3,132
IFT80,1,7,1,2,30
IFT81,3,25,2,2,72
IFT88,4,13,5,13,52
IFTAP,0,0,0,0,0
IGBP1,112,123,23,11,151
IGDCC3,0,0,1,2,2
IGF1,12,13,16,119,23
IGF1R,50,65,72,96,422
IGF2,15,15,22,71,36
IGF2BP1,59,68,176,25,482
IGF2BP2,26,32,15,26,365
IGF2BP3,69,78,115,29,564
IGF2R,19,26,22,48,335
IGFBP1,1,1,11,21,24
IGFBP2,3,3,8,23,13
IGFBP3,14,16,31,45,46
IGFBP4,4,4,7,8,34
IGFBP5,10,11,19,17,120
IGFBP6,2,2,4,7,48
IGFBP7,10,9,14,15,18
IGFL2,0,0,1,0,3
IGFLR1,0,0,3,0,0
IGFN1,1,1,2,2,45
IGHMBP2,1,5,2,8,33
IGIP,1,2,0,0,2
IGLON5,0,0,13,4,0
IGSF1,12,12,11,4,23
IGSF10,1,1,1,0,13
IGSF21,30,30,31,1,38
IGSF22,0,0,0,0,3
IGSF23,0,0,0,0,0
IGSF3,2,5,0,2,91
IGSF5,3,3,2,4,12
IGSF6,1,1,1,7,8
IGSF8,169,184,12,3,236
IGSF9,1,1,1,0,9
IGSF9B,0,0,0,0,8
IHH,1,1,4,13,1
IK,68,74,29,126,200
IKBIP,21,31,10,12,179
IKBKB,116,129,176,393,210
IKBKE,62,69,375,189,100
IKBKG,289,303,398,340,439
IKZF1,87,88,83,33,285
IKZF2,16,14,15,4,25
IKZF3,81,90,86,13,303
IKZF4,14,14,16,1,34
IKZF5,5,5,7,1,62
IL10,2,2,6,141,17
IL10RA,5,4,5,24,20
IL10RB,3,2,8,11,7
IL11,1,1,7,24,9
IL11RA,0,0,3,17,2
IL12A,1,1,7,10,9
IL12B,2,2,6,11,4
IL12RB1,3,16,7,22,77
IL13,1,0,6,61,15
IL13RA1,5,4,9,11,17
IL13RA2,1,12,3,15,131
IL15,4,4,8,52,9
IL15RA,7,8,11,6,8
IL16,26,19,46,12,107
IL17B,3,2,3,0,77
IL17D,0,0,0,8,4
IL17F,1,2,2,17,30
IL17RA,5,7,5,8,153
IL17RB,5,5,9,6,36
IL17RC,2,1,0,1,51
IL17RD,0,1,5,14,16
IL17REL,0,0,0,0,1
IL18,6,5,9,69,29
IL18,6,5,9,69,29
IL18R1,2,2,5,11,6
IL18RAP,1,1,3,8,4
IL1A,3,4,11,105,70
IL1B,10,12,26,210,45
IL1F10,0,0,1,3,8
IL1R1,17,16,18,34,32
IL1R2,1,2,4,4,59
IL1RAP,14,13,23,8,46
IL1RAPL1,2,2,3,3,6
IL1RL1,7,7,8,10,20
IL2,2,2,24,120,5
IL20,0,0,2,8,14
IL20RA,0,0,5,9,33
IL21,2,3,4,13,7
IL21R,4,2,6,16,4
IL22,3,3,4,32,6
IL22RA1,2,3,3,10,24
IL23A,5,7,7,18,7
IL23R,3,3,5,18,11
IL24,5,24,7,11,31
IL25,2,2,1,2,40
IL26,1,1,2,3,8
IL27,0,2,5,3,5
IL27RA,5,4,7,12,64
IL2RA,3,3,14,38,47
IL2RB,18,18,29,30,25
IL2RG,13,18,29,36,25
IL3,3,3,7,53,5
IL31RA,0,0,2,6,26
IL32,13,13,2,12,29
IL33,5,6,14,27,9
IL34,1,1,2,7,3
IL36B,1,1,0,0,3
IL36G,0,3,0,0,42
IL36RN,7,7,8,3,44
IL4,3,2,18,108,3
IL4I1,0,0,0,18,13
IL4R,18,17,22,23,45
IL5,2,1,2,54,3
IL5RA,6,6,7,19,123
IL6,2,4,9,236,10
IL6R,5,5,10,30,19
IL6ST,28,28,40,24,65
IL7R,96,95,16,46,129
IL9R,4,21,6,11,25
ILDR1,0,0,0,5,9
ILF2,198,267,192,52,589
ILF3,316,332,168,51,896
ILK,122,210,97,210,307
ILKAP,3,23,3,35,109
ILRUN,0,0,0,2,0
ILVBL,20,41,11,24,199
IMMP1L,0,2,0,6,243
IMMP2L,1,1,0,10,383
IMMT,88,117,203,209,480
IMP3,11,27,10,38,110
IMP4,6,15,5,22,108
IMPA1,7,17,5,15,27
IMPA2,4,31,6,12,74
IMPDH1,8,30,5,30,133
IMPDH2,39,85,30,38,421
INA,11,19,12,43,134
INAFM1,0,0,0,1,0
INAVA,0,0,0,17,0
INCA1,33,33,32,0,238
INCENP,14,18,15,241,77
INF2,8,28,4,15,292
ING1,47,48,61,12,105
ING2,29,29,26,14,64
ING3,26,44,32,13,85
ING4,27,37,28,5,74
ING5,47,48,36,3,107
INHA,2,6,6,63,9
INHBA,8,8,15,82,21
INHBB,5,6,10,8,10
INHBC,0,0,6,3,0
INHBE,4,5,2,27,44
INIP,0,10,4,28,46
INO80,25,27,20,15,84
INO80B,19,19,16,9,170
INO80C,20,20,3,9,35
INO80D,14,14,10,8,25
INO80E,27,31,22,11,74
INPP1,13,12,4,3,20
INPP4A,3,4,4,4,15
INPP4B,3,2,2,5,27
INPP5A,2,7,3,5,32
INPP5B,2,9,3,7,23
INPP5E,1,0,5,9,65
INPP5F,1,1,0,4,41
INPP5J,6,6,6,5,19
INPP5K,21,24,22,10,67
INPPL1,77,91,20,24,204
INS,11,11,23,628,508
INSC,1,1,5,2,27
INSIG1,19,18,14,29,125
INSIG2,36,35,9,16,177
INSL4,0,0,0,0,6
INSM1,5,5,8,3,8
INSM2,1,2,1,3,4
INSR,52,61,87,297,334
INSRR,3,2,5,53,89
INTS1,39,48,5,10,177
INTS10,20,21,4,4,49
INTS12,10,21,4,4,121
INTS14,0,0,0,2,0
INTS3,46,57,7,7,141
INTS4,15,29,8,8,103
INTS6L,0,0,0,1,0
INTS7,15,39,2,7,106
INTS8,10,11,2,8,62
INTS9,14,18,3,10,64
INTU,0,2,0,113,50
INVS,7,8,9,8,20
IP6K1,9,10,5,4,43
IP6K2,9,10,6,4,20
IP6K3,0,11,0,3,31
IPCEF1,4,4,4,0,10
IPMK,1,1,1,31,11
IPO11,44,55,19,2,164
IPO13,23,29,27,8,96
IPO4,39,54,72,15,219
IPO5,56,93,45,15,409
IPO7,37,78,25,13,309
IPO8,14,48,55,18,196
IPO9,28,70,63,4,236
IPP,3,8,4,19,30
IPPK,2,1,1,29,108
IQCB1,192,204,182,7,279
IQCC,0,0,0,12,14
IQCE,14,15,3,31,33
IQCF6,0,0,0,0,0
IQCG,2,2,2,1,8
IQCK,1,1,1,2,2
IQGAP1,98,249,60,74,560
IQGAP2,9,15,38,3,118
IQGAP3,9,17,4,26,153
IQSEC1,8,13,1,8,99
IQSEC2,2,3,0,2,34
IQUB,17,18,17,45,77
IRAK1,83,116,61,39,303
IRAK1BP1,2,2,3,2,14
IRAK2,34,32,33,21,51
IRAK3,19,18,22,10,32
IRAK4,25,25,26,22,42
IREB2,15,19,7,33,58
IRF1,34,31,82,52,62
IRF2,30,27,44,13,104
IRF2BP1,12,19,9,0,85
IRF2BP2,12,16,4,2,112
IRF2BPL,13,15,5,0,65
IRF3,42,66,55,48,130
IRF4,21,23,37,41,79
IRF5,32,33,31,18,48
IRF6,8,6,6,3,16
IRF7,40,38,41,32,90
IRF8,22,21,43,40,54
IRF9,22,23,37,11,38
IRGC,1,1,1,0,19
IRGM,0,9,0,3,23
IRGQ,1,6,2,3,25
IRS1,57,58,84,96,109
IRS2,31,39,45,53,76
IRS4,88,92,35,18,287
IRX1,1,1,1,2,2
IRX2,0,0,0,1,6
IRX3,0,0,0,3,1
IRX4,2,1,2,4,5
IRX5,0,0,1,2,5
ISCA1,2,16,1,17,90
ISCA2,1,2,1,12,69
ISCU,14,16,16,174,41
ISG15,188,187,162,32,488
ISG20,1,0,5,8,12
ISG20L2,1,4,8,5,44
ISL1,18,25,20,20,36
ISL2,4,8,5,2,44
ISLR,0,54,0,3,137
ISM1,0,0,0,3,1
ISOC1,32,40,2,9,76
ISOC2,6,9,6,10,64
IST1,19,33,10,6,92
ISX,2,2,3,2,31
ISY1,11,34,3,17,133
ISYNA1,5,34,7,14,74
ITCH,129,163,91,259,359
ITFG1,10,13,9,5,546
ITGA1,7,11,16,33,47
ITGA10,1,1,1,21,4
ITGA11,1,1,2,22,4
ITGA2,14,18,24,39,98
ITGA2B,10,11,16,60,20
ITGA3,16,14,24,36,66
ITGA4,495,502,498,48,549
ITGA5,22,27,45,44,127
ITGA6,12,23,24,45,155
ITGA7,6,15,8,31,105
ITGA8,3,10,5,23,73
ITGA9,1,1,7,31,25
ITGAE,3,2,5,25,7
ITGAL,6,5,14,272,9
ITGAM,9,9,23,100,59
ITGAV,20,27,39,278,161
ITGAX,1,1,13,451,6
ITGB1,66,80,104,99,329
ITGB1BP1,11,12,17,8,29
ITGB1BP2,10,10,14,7,21
ITGB2,24,26,60,73,55
ITGB3,17,18,57,70,54
ITGB3BP,24,41,43,27,70
ITGB4,20,32,31,44,108
ITGB5,21,27,55,34,133
ITGB6,5,5,10,28,10
ITGB7,5,4,23,29,21
ITGB8,1,7,5,25,37
ITIH2,5,9,3,17,91
ITIH3,1,5,2,20,29
ITIH4,4,4,7,33,29
ITK,25,26,38,211,51
ITM2A,3,2,3,0,20
ITM2B,6,29,9,15,108
ITM2C,4,6,9,1,102
ITPK1,7,12,7,8,28
ITPKA,1,2,8,49,6
ITPKB,3,8,7,4,25
ITPKC,2,3,1,48,19
ITPR1,29,35,39,38,125
ITPR2,4,14,6,14,133
ITPR3,18,31,18,29,224
ITPRID1,0,0,0,1,0
ITPRID2,0,0,0,5,0
ITPRIP,2,6,2,16,66
ITSN1,98,103,52,43,260
ITSN2,76,85,21,45,150
IVD,5,3,0,26,65
IVL,8,18,8,12,133
IVNS1ABP,56,61,12,7,150
IWS1,18,30,10,12,118
JADE1,0,22,17,3,70
JADE2,0,22,8,0,46
JADE3,0,11,2,0,53
JAG1,9,9,11,36,34
JAG2,8,12,8,20,115
JAGN1,6,14,6,4,159
JAK1,70,79,90,57,222
JAK2,88,91,113,104,136
JAK3,32,72,45,36,114
JAKMIP1,1,1,5,2,37
JAKMIP2,12,12,15,0,21
JAM2,9,9,12,1,11
JAM3,5,5,9,11,30
JARID2,16,17,9,16,40
JAZF1,4,5,4,15,60
JCAD,0,0,0,3,0
JDP2,14,13,24,11,24
JKAMP,9,8,1,0,13
JMJD1C,12,13,8,3,87
JMJD4,4,9,1,0,62
JMJD6,68,74,3,9,198
JMJD8,2,10,0,2,32
JMY,3,6,5,6,39
JOSD1,24,25,22,7,56
JOSD2,8,12,6,7,37
JPH1,4,19,6,2,245
JPH2,1,1,1,9,25
JPH4,0,0,0,4,67
JPT1,0,0,0,0,0
JRKL,0,5,0,1,10
JSRP1,1,8,1,3,20
JTB,4,3,6,13,31
JUN,182,209,347,609,422
JUNB,40,41,54,125,110
JUND,28,34,51,202,71
JUP,93,116,62,288,478
KALRN,15,15,20,248,41
KANK1,6,9,12,13,40
KANK2,30,44,26,5,286
KANK3,0,0,0,1,4
KANK4,1,0,1,4,23
KANSL1,0,38,36,11,98
KANSL1L,0,0,1,3,4
KANSL2,3,7,3,5,70
KANSL3,0,4,3,4,78
KARS1,0,0,0,41,0
KAT2A,102,103,92,26,174
KAT2B,164,173,159,44,243
KAT5,195,209,190,50,319
KAT6A,28,37,45,10,508
KAT6B,7,7,6,7,33
KAT7,52,58,70,12,141
KAT8,35,38,40,9,81
KATNA1,17,40,13,4,66
KATNAL1,9,8,9,1,30
KATNB1,10,11,5,8,59
KATNBL1,0,8,7,0,46
KAZALD1,0,0,0,1,12
KAZN,5,4,4,17,44
KBTBD11,1,0,2,0,6
KBTBD12,0,0,0,2,3
KBTBD13,2,1,0,3,2
KBTBD2,4,4,2,1,12
KBTBD3,2,1,1,3,8
KBTBD4,4,5,6,1,311
KBTBD6,11,30,13,3,96
KBTBD7,45,80,46,5,214
KBTBD8,2,1,2,4,19
KCMF1,28,57,4,2,155
KCNA1,7,7,11,13,20
KCNA2,16,16,20,12,116
KCNA3,11,12,10,9,728
KCNA4,18,18,20,9,59
KCNA5,27,28,16,8,57
KCNA6,1,11,2,5,16
KCNAB1,9,11,13,6,15
KCNAB2,12,27,11,9,44
KCNAB3,3,7,3,3,10
KCNB1,15,14,15,11,27
KCNB2,4,4,5,5,54
KCNC1,7,7,6,9,18
KCNC4,0,1,0,4,34
KCND1,0,0,2,4,1
KCND2,11,10,12,9,20
KCND3,28,30,3,7,38
KCNE1,5,5,5,8,20
KCNE3,10,10,10,5,294
KCNE5,0,0,1,3,0
KCNG1,3,3,4,7,20
KCNG3,4,4,4,4,8
KCNH2,20,21,22,16,39
KCNH4,0,0,0,1,5
KCNH6,0,0,0,3,0
KCNH7,0,0,1,2,4
KCNIP2,5,9,4,3,14
KCNIP3,20,20,18,5,30
KCNIP4,4,10,6,3,23
KCNJ1,6,4,8,5,4
KCNJ10,5,16,8,8,35
KCNJ11,5,5,8,18,21
KCNJ16,0,0,3,0,1
KCNJ2,4,3,15,8,29
KCNJ3,8,5,8,4,10
KCNJ4,11,10,13,3,14
KCNJ9,2,2,6,7,5
KCNK1,4,4,7,1,75
KCNK15,0,0,7,0,0
KCNK2,0,0,1,4,0
KCNK3,3,3,10,4,5
KCNK4,2,2,2,0,8
KCNK5,3,2,3,0,35
KCNK7,0,0,0,0,4
KCNK9,2,2,7,4,2
KCNMA1,9,9,7,7,34
KCNMB1,4,4,7,6,8
KCNMB2,1,1,1,3,10
KCNMB4,0,0,0,3,5
KCNN1,1,0,2,1,7
KCNN2,5,4,7,1,6
KCNN3,6,5,6,3,10
KCNN4,5,4,8,4,61
KCNQ1,15,14,20,15,19
KCNQ2,5,6,7,11,19
KCNQ3,2,2,6,6,35
KCNQ4,6,6,7,12,6
KCNQ5,2,5,6,10,30
KCNRG,6,6,9,146,8
KCNS2,1,1,1,3,7
KCNS3,2,2,3,3,36
KCNV1,2,2,2,5,5
KCTD1,19,17,14,0,34
KCTD10,16,28,13,5,174
KCTD11,2,2,2,1,8
KCTD12,16,21,12,1,114
KCTD13,20,25,18,8,50
KCTD14,3,4,3,0,17
KCTD15,11,9,9,6,65
KCTD17,18,58,12,5,125
KCTD18,5,4,5,0,14
KCTD19,1,1,1,13,8
KCTD2,5,11,2,12,55
KCTD20,5,7,5,4,17
KCTD21,1,4,1,0,35
KCTD3,15,25,11,1,161
KCTD5,17,25,15,3,91
KCTD6,23,22,20,5,68
KCTD7,3,2,3,4,79
KCTD8,1,1,2,0,4
KCTD9,31,31,31,1,219
KDELR1,10,10,12,15,99
KDELR2,3,8,2,13,103
KDELR3,1,6,1,10,49
KDF1,0,0,0,3,192
KDM1A,285,301,81,40,803
KDM1B,8,21,4,8,59
KDM2A,17,28,22,9,95
KDM2B,19,19,18,14,155
KDM3A,12,24,11,12,62
KDM3B,14,20,8,8,98
KDM4A,19,19,34,12,60
KDM4B,13,17,2,4,64
KDM4C,11,10,16,3,65
KDM4D,5,5,3,1,41
KDM4E,0,0,0,0,0
KDM5A,24,25,16,21,68
KDM5B,63,60,59,18,101
KDM5C,20,42,1,22,129
KDM5D,3,2,3,12,6
KDM6A,23,25,23,44,157
KDM6B,12,11,13,29,116
KDM7A,0,0,0,8,4
KDM8,0,2,1,2,29
KDR,31,39,53,507,133
KDSR,3,16,3,57,115
KEAP1,85,104,73,64,290
KEL,4,4,8,8,13
KGD4,0,0,0,0,0
KHDC1,0,0,0,1,15
KHDC3L,0,0,0,1,0
KHDC4,0,0,0,0,0
KHDRBS1,134,160,116,53,370
KHDRBS2,71,73,30,9,129
KHDRBS3,33,37,33,9,91
KHK,13,16,14,53,25
KHNYN,1,1,2,2,20
KHSRP,54,76,43,227,277
KIAA0232,6,11,5,0,98
KIAA0319L,2,11,2,5,97
KIAA0408,27,26,26,2,58
KIAA0513,1,3,4,4,8
KIAA0753,8,101,7,3,157
KIAA0930,8,14,8,9,26
KIAA1143,2,9,2,3,59
KIAA1191,6,19,3,2,48
KIAA1217,16,22,16,1,103
KIAA1328,1,6,1,4,41
KIAA1549,8,13,10,13,80
KIAA1549L,0,2,2,0,6
KIAA1614,1,0,0,5,4
KIAA1671,6,35,1,2,197
KIAA1958,12,11,12,0,20
KIDINS220,5,26,12,7,208
KIF11,22,116,10,65,253
KIF12,0,2,0,7,5
KIF13A,8,10,12,3,38
KIF13B,9,10,8,6,142
KIF14,6,47,6,52,1811
KIF15,11,25,8,48,93
KIF16B,3,4,1,2,80
KIF18A,4,23,3,48,47
KIF18B,4,8,0,27,63
KIF1A,27,33,8,13,100
KIF1B,16,28,21,22,160
KIF1C,9,26,11,10,118
KIF20A,11,34,9,56,1053
KIF20B,4,17,5,34,90
KIF21B,3,29,2,6,49
KIF22,13,53,11,37,125
KIF23,26,50,24,71,1018
KIF24,2,6,3,5,35
KIF26A,2,2,6,5,14
KIF26B,10,20,8,3,51
KIF27,0,3,0,7,16
KIF2A,10,57,17,19,231
KIF2B,0,0,1,11,50
KIF2C,18,61,14,60,172
KIF3A,17,32,24,18,128
KIF3B,13,15,15,10,49
KIF3C,4,5,4,5,20
KIF4A,14,21,12,47,104
KIF5A,18,25,28,16,78
KIF5B,71,98,55,30,343
KIF6,1,4,2,3,7
KIF9,13,13,13,4,69
KIFAP3,19,52,20,13,104
KIFBP,0,0,0,23,0
KIFC1,5,14,4,38,94
KIFC2,3,3,6,5,9
KIFC3,92,113,86,5,249
KIN,6,9,4,66,68
KIR2DL1,1,1,3,9,27
KIR2DL3,2,2,9,8,62
KIR2DL4,6,5,5,3,92
KIR3DL1,1,4,8,7,10
KIRREL2,2,10,2,2,14
KIRREL3,0,0,1,5,2
KISS1,2,2,7,43,11
KISS1R,1,1,3,16,3
KIT,40,42,61,516,99
KITLG,2,5,9,306,19
KLB,0,0,2,81,9
KLC1,34,60,26,31,249
KLC2,29,59,21,23,169
KLC3,33,66,38,21,107
KLC4,33,55,23,21,121
KLF1,16,16,20,18,35
KLF10,18,19,19,6,44
KLF11,16,15,11,3,20
KLF12,4,6,4,0,188
KLF13,10,9,12,6,18
KLF14,1,0,1,1,0
KLF16,6,19,1,0,422
KLF17,1,1,1,6,2
KLF2,11,11,9,20,13
KLF2,11,11,9,20,13
KLF3,11,9,7,2,225
KLF4,21,25,15,50,153
KLF5,27,46,30,19,188
KLF6,18,16,22,20,90
KLF7,3,2,2,4,5
KLF8,8,13,8,0,326
KLF9,5,4,4,7,94
KLHDC10,9,11,7,5,53
KLHDC2,10,21,9,7,75
KLHDC4,9,10,3,1,31
KLHDC8B,1,0,1,1,8
KLHDC9,1,1,1,1,8
KLHL1,4,3,7,3,16
KLHL10,1,1,2,0,44
KLHL11,3,5,3,3,73
KLHL12,50,51,46,11,101
KLHL13,21,27,14,4,89
KLHL14,2,8,2,1,65
KLHL15,11,24,9,2,84
KLHL17,1,2,2,1,12
KLHL18,8,13,6,0,40
KLHL2,20,22,14,8,88
KLHL20,19,61,17,5,220
KLHL21,8,9,5,5,47
KLHL22,14,13,14,3,128
KLHL24,6,9,5,3,57
KLHL25,4,4,5,5,15
KLHL26,6,14,8,1,81
KLHL28,2,1,2,2,24
KLHL29,12,12,1,0,24
KLHL3,13,16,12,4,35
KLHL32,10,10,10,1,11
KLHL33,0,0,0,0,25
KLHL34,1,1,2,0,61
KLHL35,2,3,2,1,10
KLHL36,4,10,5,0,38
KLHL38,23,23,24,3,91
KLHL4,1,1,1,2,32
KLHL40,0,11,5,9,50
KLHL41,0,6,8,12,20
KLHL42,0,29,21,3,90
KLHL5,7,6,7,2,18
KLHL6,3,2,4,2,22
KLHL8,10,9,8,5,79
KLHL9,16,16,13,5,81
KLK1,1,1,4,10,42
KLK10,2,9,3,0,179
KLK11,0,26,0,7,32
KLK15,2,9,3,9,149
KLK2,7,11,14,8,32
KLK3,4,9,19,32,49
KLK4,2,3,3,25,8
KLK5,1,45,2,8,106
KLK6,1,5,13,7,29
KLK7,3,16,4,7,73
KLK8,4,14,3,7,34
KLK9,1,11,1,0,19
KLKB1,2,2,8,19,10
KLLN,0,0,0,1,2
KLRB1,0,0,2,17,54
KLRC1,3,3,6,15,159
KLRC4,0,0,6,0,37
KLRG1,2,2,4,18,7
KLRG2,0,2,0,0,108
KMT2A,0,92,48,42,294
KMT2B,0,30,38,8,122
KMT2C,0,22,24,28,143
KMT2D,0,30,24,28,161
KMT2E,0,34,7,15,61
KMT5B,0,0,0,3,0
KNCN,0,0,0,0,0
KNDC1,2,3,1,0,22
KNG1,12,28,29,90,45
KNL1,0,0,0,52,0
KNSTRN,0,30,6,106,89
KNTC1,6,14,5,46,100
KPNA1,57,100,69,23,347
KPNA2,147,166,155,44,507
KPNA3,43,66,64,12,243
KPNA4,36,67,28,13,217
KPNA5,13,20,14,9,90
KPNA6,27,53,24,11,171
KPNB1,127,208,170,35,530
KPRP,5,14,3,91,293
KPTN,7,35,8,65,57
KRAS,37,70,37,575,1284
KRCC1,2,2,1,0,8
KREMEN1,0,0,1,4,0
KREMEN2,1,0,1,2,24
KRI1,10,21,9,10,231
KRIT1,13,14,11,5,42
KRR1,23,63,96,24,382
KRT1,58,63,43,19,234
KRT10,45,53,30,10,192
KRT12,3,2,2,3,22
KRT13,56,56,53,6,117
KRT14,39,37,26,24,185
KRT15,118,119,125,6,178
KRT16,26,32,18,7,195
KRT18,87,88,96,34,406
KRT19,52,49,53,39,272
KRT2,42,51,25,5,238
KRT20,28,27,34,15,61
KRT23,2,1,2,1,30
KRT24,11,11,9,1,60
KRT25,1,0,1,0,33
KRT26,1,1,1,0,34
KRT27,0,0,4,1,194
KRT28,2,1,2,0,28
KRT3,14,15,5,3,97
KRT31,198,198,195,0,456
KRT32,3,4,3,2,39
KRT33B,17,16,17,0,99
KRT34,5,6,4,0,285
KRT35,6,5,5,0,108
KRT36,8,9,8,0,71
KRT37,1,1,2,0,99
KRT38,46,46,44,0,172
KRT4,19,19,17,5,72
KRT40,313,313,298,0,434
KRT5,48,53,35,31,184
KRT6A,35,38,28,7,149
KRT6B,26,31,21,3,138
KRT6C,19,19,14,0,79
KRT7,10,11,13,23,73
KRT71,11,10,10,1,42
KRT72,4,6,5,0,56
KRT73,9,10,3,0,52
KRT75,16,17,12,0,185
KRT76,10,9,8,1,84
KRT77,14,16,9,1,84
KRT78,10,10,9,7,90
KRT79,18,19,8,0,59
KRT8,54,52,58,33,435
KRT80,7,8,3,1,66
KRT81,13,11,12,1,52
KRT82,9,11,8,0,36
KRT84,5,5,4,1,47
KRT85,19,18,20,0,66
KRT86,7,6,4,1,82
KRT9,39,40,25,5,164
KRTAP101,0,0,0,0,0
KRTAP1011,0,0,0,0,0
KRTAP102,0,0,0,0,0
KRTAP103,0,0,0,0,0
KRTAP105,0,0,0,0,0
KRTAP108,0,0,0,0,0
KRTAP109,0,0,0,0,0
KRTAP121,0,0,0,0,0
KRTAP122,0,0,0,0,0
KRTAP124,0,0,0,0,0
KRTAP131,0,0,0,0,0
KRTAP194,0,0,0,0,0
KRTAP195,0,0,0,0,0
KRTAP241,0,0,0,0,0
KRTAP261,0,0,0,0,0
KRTAP271,0,0,0,0,0
KRTAP32,0,0,0,0,0
KRTAP33,0,0,0,0,0
KRTAP411,0,0,0,0,0
KRTAP42,0,0,0,0,0
KRTAP48,0,0,0,0,0
KRTAP55,0,0,0,0,0
KRTAP56,0,0,0,0,0
KRTAP59,0,0,0,0,0
KRTAP93,0,0,0,0,0
KRTCAP2,3,9,5,4,70
KRTCAP3,1,0,1,1,33
KSR1,9,15,15,25,122
KSR2,5,4,8,14,44
KTI12,2,4,2,5,31
KTN1,26,42,23,9,338
KXD1,39,44,40,4,173
KY,0,0,4,12,2
KYAT3,0,0,0,23,0
KYNU,32,45,2,17,68
L1CAM,15,18,22,25,49
L3MBTL1,20,19,33,3,107
L3MBTL2,25,32,29,9,205
L3MBTL3,28,35,25,1,123
L3MBTL4,2,2,5,3,22
LACC1,0,28,0,8,41
LACRT,8,20,6,4,88
LACTB2,13,20,3,12,80
LAD1,3,3,3,0,53
LAG3,0,0,2,24,14
LAGE3,35,45,8,7,110
LAIR1,4,3,5,11,7
LAIR2,2,2,2,3,47
LALBA,6,4,10,52,5
LAMA1,10,25,22,11,52
LAMA2,2,3,4,23,23
LAMA3,4,9,8,13,54
LAMA4,14,19,21,17,37
LAMA5,13,15,19,10,100
LAMB1,19,30,15,10,135
LAMB2,13,17,14,7,116
LAMB3,3,20,10,12,87
LAMB4,1,2,1,2,4
LAMC1,20,27,18,14,131
LAMC2,5,5,11,10,22
LAMC3,21,20,23,6,41
LAMP1,20,22,9,70,647
LAMP2,39,40,7,42,594
LAMP5,0,0,0,3,11
LAMTOR1,19,22,7,31,731
LAMTOR2,20,21,4,17,108
LAMTOR3,76,76,19,14,143
LAMTOR4,0,9,1,13,44
LAMTOR5,0,47,22,19,152
LANCL1,6,18,4,6,119
LANCL2,12,16,6,1,94
LANCL3,0,0,0,2,2
LAP3,19,28,9,21,107
LAPTM4A,7,7,6,3,35
LAPTM4B,4,11,7,4,49
LAPTM5,23,23,26,10,57
LARGE2,0,0,0,7,0
LARP1,57,81,25,16,471
LARP1B,8,16,3,5,141
LARP4,13,19,2,7,214
LARP4B,12,19,11,2,238
LARP6,2,2,4,3,11
LARP7,35,54,14,51,1114
LARS1,0,0,0,34,0
LARS2,4,6,0,35,145
LAS1L,26,30,108,10,175
LASP1,32,58,38,16,233
LAT,32,34,36,18,111
LAT2,5,4,8,8,8
LATS1,87,95,46,14,444
LATS2,145,156,22,18,289
LAX1,6,6,8,3,8
LBH,2,2,2,0,22
LBHD1,0,1,2,1,12
LBP,17,16,19,66,17
LBR,28,34,40,164,301
LBX1,1,1,1,3,24
LCA5,4,113,3,5,124
LCA5L,5,5,3,0,35
LCAT,5,5,2,32,6
LCE1B,22,22,22,4,82
LCE1D,0,0,0,3,69
LCE2B,0,0,0,5,81
LCE2C,0,0,0,4,87
LCE2D,14,14,13,3,73
LCE3A,1,1,0,6,75
LCE3C,16,16,16,6,66
LCE3D,2,2,2,8,72
LCE3E,19,19,19,5,59
LCE4A,23,23,23,5,79
LCK,79,82,210,477,395
LCMT1,5,10,4,4,28
LCMT2,1,10,1,2,28
LCN2,1,6,7,39,155
LCN8,0,0,0,2,8
LCOR,12,21,12,7,212
LCP1,5,14,9,17,98
LCP2,29,29,48,38,45
LCT,2,2,3,36,5
LDB1,29,35,33,7,118
LDB2,11,11,16,5,31
LDHA,70,139,31,365,384
LDHAL6A,4,26,2,42,41
LDHB,59,128,23,0,318
LDHD,4,40,4,17,48
LDLR,18,23,21,147,143
LDLRAD1,16,16,15,5,198
LDLRAD4,0,46,1,1,58
LDLRAP1,7,11,8,25,31
LDOC1,62,62,81,1,112
LEF1,33,34,31,42,59
LEFTY1,0,0,0,6,3
LEFTY2,1,2,10,6,4
LEKR1,0,1,0,0,5
LEMD2,2,15,1,11,117
LEMD3,9,30,5,17,276
LENG1,36,43,36,4,116
LENG8,17,24,21,5,162
LENG9,1,3,1,1,7
LEO1,33,47,16,21,125
LEP,3,1,11,511,13
LEPR,11,12,19,208,32
LEPROT,1,1,1,9,13
LETM1,8,9,7,7,240
LETM2,1,1,1,0,77
LETMD1,5,15,3,0,66
LFNG,1,4,3,5,10
LGALS1,38,72,28,15,328
LGALS13,3,4,7,5,13
LGALS14,15,15,15,1,48
LGALS2,7,7,9,5,10
LGALS3,26,158,52,65,355
LGALS3BP,70,119,37,14,277
LGALS4,4,4,5,38,21
LGALS7,14,17,11,3,137
LGALS7B,1,2,7,3,91
LGALS8,14,104,22,9,182
LGALS9,3,72,14,15,586
LGALS9B,3,5,3,8,44
LGALSL,6,5,5,9,24
LGI1,2,2,2,9,52
LGI3,0,0,0,4,2
LGI4,0,0,0,0,0
LGMN,12,16,5,23,47
LGR4,197,198,1,5,264
LGR5,0,2,1,25,11
LGR6,1,1,1,0,4
LGSN,0,1,0,23,3
LHB,0,0,4,61,4
LHCGR,4,4,13,26,9
LHFPL1,0,0,0,2,12
LHFPL2,1,0,1,0,22
LHFPL4,0,0,0,2,31
LHFPL5,2,2,4,4,141
LHFPL6,0,0,0,3,0
LHPP,0,2,0,5,36
LHX1,3,5,5,6,99
LHX2,4,5,5,6,178
LHX3,7,7,8,9,176
LHX4,12,30,15,5,165
LHX5,0,0,0,2,0
LHX6,1,22,1,4,56
LHX8,5,8,4,4,51
LHX9,2,7,5,5,14
LIAS,0,0,2,94,15
LIF,1,1,2,217,8
LIFR,7,9,13,17,41
LIG1,7,14,12,47,109
LIG3,23,52,22,35,214
LIG4,129,129,101,33,151
LILRB1,6,7,8,13,9
LILRB4,2,0,3,4,24
LIMA1,29,181,16,19,441
LIMCH1,13,32,2,2,95
LIMD1,24,37,8,8,121
LIMD2,2,1,2,1,13
LIME1,0,2,4,8,59
LIMK1,23,38,32,25,85
LIMK2,9,29,12,4,78
LIMS1,16,32,29,13,90
LIMS2,14,13,13,5,20
LIN28A,84,88,0,24,414
LIN28B,27,34,2,9,217
LIN37,27,29,46,5,92
LIN52,7,7,5,2,48
LIN54,15,19,46,3,92
LIN7A,19,29,23,11,53
LIN7B,8,9,12,7,37
LIN7C,15,35,13,8,106
LIN9,16,21,16,5,113
LINGO1,6,7,9,12,54
LINGO2,1,1,1,3,18
LINGO3,0,0,0,0,0
LIPA,2,1,1,61,42
LIPC,4,4,3,42,8
LIPE,4,3,9,203,13
LIPG,2,2,2,93,64
LIPH,1,49,1,22,57
LIPJ,0,0,0,4,0
LIPK,0,0,0,0,7
LIPT1,2,7,3,20,16
LIPT2,0,0,0,11,2
LITAF,13,17,16,10,73
LIX1,0,2,0,4,5
LIX1L,2,6,0,0,12
LLGL1,15,25,17,10,141
LLGL2,5,64,5,5,129
LLPH,4,8,4,74,141
LMAN1,30,65,10,24,446
LMAN2,15,27,7,17,127
LMAN2L,2,4,1,13,97
LMBR1L,1,5,3,1,945
LMBRD1,2,1,1,11,23
LMCD1,7,8,6,0,20
LMF1,3,18,0,6,51
LMF2,6,15,6,2,117
LMNA,208,221,82,346,1259
LMNB1,62,73,43,55,604
LMNB2,17,33,11,32,230
LMNTD1,0,2,1,0,3
LMO1,37,37,36,16,152
LMO2,95,94,102,16,252
LMO3,32,32,32,2,147
LMO4,56,60,54,0,155
LMO7,20,38,16,16,181
LMOD1,0,0,1,13,9
LMTK2,6,7,8,5,119
LMTK3,1,1,1,1,96
LMX1A,3,4,5,4,4
LMX1B,3,16,4,5,30
LNP1,1,1,0,3,24
LNPEP,10,28,9,73,217
LNPK,0,0,0,29,0
LNX1,237,235,221,16,568
LNX2,22,44,55,8,101
LONP1,31,46,25,25,461
LONP2,5,9,3,12,60
LONRF1,32,33,39,2,106
LONRF2,2,2,2,1,27
LONRF3,3,5,5,1,21
LOXHD1,1,1,1,7,6
LOXL1,3,3,4,10,15
LOXL2,11,17,3,8,410
LOXL3,0,0,1,4,22
LOXL4,14,15,12,3,100
LPA,4,5,9,110,6
LPAR1,3,95,4,19,210
LPAR3,1,1,3,13,66
LPAR4,2,2,1,7,35
LPAR5,0,0,0,7,2
LPAR6,0,53,0,10,66
LPCAT1,12,19,1,11,129
LPCAT3,1,4,1,10,87
LPCAT4,2,3,1,7,50
LPGAT1,4,13,1,3,70
LPIN1,5,7,3,25,31
LPIN3,0,1,0,10,72
LPL,18,17,19,69,34
LPP,42,45,6,32,120
LPXN,24,23,26,51,65
LRATD1,0,0,0,2,0
LRATD2,0,0,0,2,0
LRBA,12,19,4,8,179
LRCH4,12,12,10,5,36
LRFN1,2,7,4,4,133
LRFN2,1,1,0,2,8
LRFN3,0,14,0,5,59
LRFN4,2,9,1,6,67
LRGUK,0,0,0,194,2
LRIF1,132,149,135,2,250
LRIG1,10,15,4,13,64
LRIG2,1,2,1,0,64
LRIG3,1,9,1,10,58
LRP1,53,56,78,41,167
LRP10,1,7,2,5,123
LRP12,1,3,6,3,58
LRP1B,2,9,7,16,70
LRP2,33,38,52,54,138
LRP2BP,1,1,7,0,22
LRP3,1,1,2,1,50
LRP4,5,9,4,6,82
LRP5,8,16,10,25,103
LRP6,22,31,23,23,129
LRP8,20,34,22,23,85
LRPAP1,19,17,24,8,175
LRPPRC,72,103,138,188,825
LRR1,22,24,10,17,42
LRRC1,11,18,9,2,90
LRRC10B,0,0,0,4,3
LRRC14,9,8,4,5,15
LRRC15,3,25,1,1,142
LRRC18,1,1,1,5,6
LRRC2,0,1,1,6,3
LRRC20,2,1,2,3,16
LRRC24,0,0,0,1,15
LRRC25,1,1,1,2,183
LRRC26,0,0,0,0,0
LRRC27,0,0,0,0,24
LRRC3,1,0,2,2,17
LRRC32,1,0,0,3,26
LRRC36,0,0,0,0,13
LRRC4,1,1,39,3,19
LRRC40,8,13,3,3,86
LRRC41,9,15,13,4,83
LRRC42,10,12,3,1,19
LRRC43,0,0,0,0,2
LRRC45,5,5,3,3,21
LRRC47,23,34,7,11,116
LRRC4C,2,2,3,2,77
LRRC52,0,1,0,1,18
LRRC58,1,2,1,4,8
LRRC59,20,36,104,10,833
LRRC61,2,2,1,1,43
LRRC66,0,0,0,1,3
LRRC7,10,9,14,6,36
LRRC70,1,0,1,2,3
LRRC72,0,0,0,3,0
LRRC75A,0,0,0,0,1
LRRC75B,0,0,0,0,1
LRRC8A,3,10,1,4,88
LRRC8B,1,1,0,6,35
LRRC8C,1,4,1,3,35
LRRC8D,2,2,2,4,34
LRRC8E,3,7,3,3,101
LRRCC1,1,1,5,3,26
LRRFIP1,21,24,4,6,152
LRRFIP2,9,20,6,2,113
LRRIQ1,0,0,1,0,44
LRRIQ3,2,4,1,1,8
LRRK1,31,31,7,9,102
LRRK2,126,137,42,77,482
LRRN1,1,0,1,3,7
LRRN2,1,1,1,0,24
LRRN4CL,1,1,1,0,62
LRRTM1,0,0,0,2,42
LRRTM2,0,11,0,3,19
LRSAM1,48,51,42,7,86
LRTM1,0,1,0,1,7
LRWD1,10,39,4,6,115
LSAMP,2,3,3,28,11
LSM1,33,35,28,13,97
LSM12,15,25,9,6,157
LSM14A,13,17,3,12,246
LSM14B,4,14,2,2,106
LSM2,53,63,45,16,171
LSM3,36,46,35,32,113
LSM4,47,57,33,21,175
LSM5,18,18,15,17,70
LSM6,24,30,22,17,87
LSM7,30,39,29,18,106
LSM8,0,60,36,21,93
LSMEM1,0,3,3,1,10
LSMEM2,0,3,3,0,49
LSP1,9,15,7,6,38
LSR,8,25,7,52,189
LSS,5,8,3,105,65
LTA,7,7,12,208,23
LTA4H,12,22,13,3,58
LTB,2,2,4,22,2
LTB4R,2,2,3,11,4
LTB4R2,1,1,0,4,48
LTBP1,5,12,9,9,82
LTBP2,0,0,5,12,84
LTBP3,9,8,12,9,27
LTBR,11,69,16,167,86
LTC4S,3,3,3,3,12
LTF,12,20,17,63,145
LTK,7,7,9,13,149
LTN1,11,51,8,7,211
LUC7L,22,107,12,17,240
LUC7L2,92,160,66,17,348
LUC7L3,39,50,20,28,180
LUM,3,4,6,34,30
LURAP1,0,17,18,0,132
LURAP1L,0,10,2,1,21
LUZP1,5,53,3,5,190
LUZP4,12,90,12,7,98
LVRN,0,0,1,0,0
LXN,15,15,16,22,38
LY6D,3,3,4,5,17
LY6E,1,1,3,7,14
LY6G5B,7,6,2,1,26
LY75,0,0,0,10,1
LY86,2,2,3,12,216
LY9,3,3,5,6,8
LYAR,54,63,164,258,376
LYL1,8,9,69,4,11
LYN,169,181,127,430,690
LYPD2,0,0,0,5,8
LYPD3,2,112,3,6,139
LYPD4,0,0,0,4,122
LYPD5,0,0,0,4,12
LYPD6,0,30,0,1,31
LYPD6B,1,1,0,5,36
LYPLA1,6,17,7,12,66
LYPLA2,7,20,7,3,54
LYRM1,1,1,1,0,10
LYRM2,2,2,2,2,27
LYRM4,2,6,2,21,69
LYRM7,3,11,3,14,51
LYRM9,0,0,0,2,0
LYSMD1,3,3,3,0,13
LYSMD4,0,0,0,0,18
LYST,24,34,27,62,56
LYZ,21,23,25,26,121
LZIC,2,3,2,2,22
LZTFL1,10,19,6,1,49
LZTR1,51,54,52,10,108
LZTS1,2,3,3,1,117
LZTS2,178,207,165,3,517
LZTS3,0,5,0,1,27
M1AP,0,2,3,1,16
M6PR,21,21,7,23,75
MAB21L1,1,10,1,1,13
MAB21L2,6,14,6,1,141
MAB21L3,8,9,8,2,29
MACF1,39,54,28,14,217
MACIR,0,0,0,0,0
MACO1,0,0,0,5,0
MACROD1,1,14,2,8,55
MACROD2,3,2,0,6,7
MACROH2A2,0,0,0,5,0
MAD1L1,43,55,40,14,139
MAD2L1,39,62,38,63,252
MAD2L1BP,22,23,18,2,60
MAD2L2,35,43,35,36,320
MADCAM1,1,1,3,6,4
MADD,8,16,12,60,86
MAEA,11,18,7,47,145
MAEL,1,15,0,3,20
MAF,22,20,19,193,56
MAF1,9,15,9,18,31
MAFA,4,8,6,30,15
MAFB,13,19,19,20,243
MAFF,23,32,14,55,44
MAFG,29,26,33,72,39
MAFK,16,15,22,68,32
MAG,11,11,19,122,16
MAGEA1,23,77,19,4,94
MAGEA10,1,38,1,2,49
MAGEA11,98,97,91,4,134
MAGEA12,17,16,17,3,24
MAGEA4,18,31,17,5,57
MAGEA6,49,49,76,1,90
MAGEB1,7,7,4,0,8
MAGEB18,8,8,9,0,9
MAGEB2,25,25,44,1,349
MAGEB4,17,19,17,0,60
MAGEB6,4,5,4,1,10
MAGED1,91,104,94,10,288
MAGED2,55,67,10,3,245
MAGEE2,0,6,0,0,10
MAGEF1,9,9,5,0,32
MAGEH1,19,18,15,6,21
MAGI1,24,25,32,12,134
MAGI2,8,9,20,8,32
MAGI3,13,17,17,16,58
MAGIX,0,23,0,13,33
MAGOH,180,186,189,287,251
MAGOHB,24,30,24,226,159
MAGT1,11,30,1,11,325
MAIP1,0,0,0,6,0
MAK,9,10,8,31,40
MAK16,7,16,4,15,153
MAL,9,9,11,4,81
MALL,9,9,9,14,149
MALSU1,0,16,5,13,174
MALT1,32,31,21,23,66
MAMDC2,0,4,0,3,10
MAML1,14,19,12,19,70
MAML2,6,6,8,15,15
MAML3,9,9,14,17,16
MAMLD1,0,0,0,8,6
MAMSTR,0,0,1,3,0
MAN1A1,0,3,0,9,65
MAN1A2,2,4,5,9,57
MAN1B1,3,3,3,11,74
MAN1C1,1,1,1,5,6
MAN2A2,6,15,7,5,95
MAN2B1,9,16,2,18,60
MAN2B2,2,3,1,4,71
MAN2C1,5,8,3,16,34
MANBA,1,10,0,21,83
MANEAL,0,7,0,4,45
MANF,3,7,2,82,81
MANSC1,0,0,0,0,104
MANSC4,0,0,0,2,1
MAOA,2,1,2,38,17
MAOB,3,2,3,41,37
MAP10,0,0,0,0,28
MAP1A,18,18,29,23,99
MAP1B,40,55,57,31,522
MAP1LC3A,107,113,63,25,238
MAP1LC3B,79,86,102,45,547
MAP1LC3C,19,26,50,5,73
MAP1S,16,33,14,15,106
MAP2,34,40,32,33,77
MAP2K1,42,56,64,77,247
MAP2K2,21,27,36,38,261
MAP2K3,23,28,25,14,241
MAP2K4,35,38,46,21,63
MAP2K5,18,19,32,16,110
MAP2K6,18,23,24,9,56
MAP2K7,32,45,49,15,176
MAP3K1,61,129,159,35,151
MAP3K10,24,23,45,3,42
MAP3K11,35,35,32,15,55
MAP3K12,13,12,24,3,19
MAP3K13,8,7,8,0,44
MAP3K19,0,1,0,3,7
MAP3K2,25,28,37,11,69
MAP3K20,0,0,0,4,0
MAP3K3,38,46,207,18,74
MAP3K4,24,41,34,3,75
MAP3K5,70,76,88,28,129
MAP3K6,6,8,14,6,49
MAP3K7,109,129,133,37,366
MAP3K7CL,0,6,6,0,11
MAP3K8,19,20,53,11,20
MAP3K9,1,1,3,2,29
MAP4,47,59,30,3,320
MAP4K1,24,23,32,11,116
MAP4K2,16,15,15,2,98
MAP4K3,5,8,22,7,80
MAP4K4,24,40,51,10,237
MAP6D1,0,0,0,1,1
MAP7,12,25,7,2,242
MAP7D1,9,23,10,1,160
MAP7D3,5,30,1,0,134
MAP9,4,7,1,1,51
MAPDA,0,0,0,0,0
MAPK1,187,210,250,116,436
MAPK10,40,42,46,0,52
MAPK11,26,29,35,29,40
MAPK12,17,23,27,27,62
MAPK13,13,17,106,26,34
MAPK14,147,185,194,66,304
MAPK15,15,15,9,2,55
MAPK1IP1L,16,18,18,1,44
MAPK3,122,174,171,181,340
MAPK4,14,13,8,1,66
MAPK6,174,173,217,3,473
MAPK7,57,61,30,19,138
MAPK8,136,167,163,96,221
MAPK8IP1,26,25,31,5,48
MAPK8IP3,22,24,29,7,56
MAPK9,75,96,90,48,174
MAPKAP1,22,20,16,19,123
MAPKAPK2,33,35,38,8,117
MAPKAPK3,18,20,18,3,46
MAPKAPK5,15,18,32,5,46
MAPKBP1,28,29,32,0,68
MAPRE1,61,154,45,34,515
MAPRE2,21,30,17,10,122
MAPRE3,14,20,16,18,221
MAPT,73,91,77,509,947
MARCHF2,0,0,0,7,0
MARCHF3,0,0,0,1,0
MARCHF5,0,0,0,9,0
MARCHF6,0,0,0,10,0
MARCHF7,0,0,0,1,0
MARCHF9,0,0,0,0,0
MARCKS,22,27,20,80,600
MARCKSL1,23,27,5,6,125
MARK1,12,11,18,9,71
MARK2,58,86,48,27,268
MARK3,33,47,43,19,239
MARK4,47,47,54,10,72
MARS1,0,0,0,40,0
MARS2,1,7,1,14,44
MARVELD2,4,5,0,11,71
MARVELD3,1,0,0,3,3
MAS1,1,1,2,4,84
MAS1L,0,0,0,2,1
MASP1,17,21,20,14,23
MASP2,4,4,8,18,10
MAST1,36,39,38,1,225
MAST2,17,20,27,4,53
MAST3,5,43,5,3,127
MAST4,1,1,1,0,25
MASTL,4,20,2,97,49
MAT1A,4,11,1,34,31
MAT2A,25,35,15,34,215
MAT2B,34,39,7,19,105
MATK,11,11,13,111,31
MATN1,4,4,5,3,8
MATN2,11,10,18,3,104
MATN3,6,6,7,8,11
MATN4,4,3,3,4,20
MATR3,66,175,158,35,645
MAU2,5,8,2,5,137
MAVS,54,63,52,38,321
MAX,65,95,101,120,227
MAZ,10,12,7,74,86
MB,3,3,2,41,17
MBD1,27,29,32,1,74
MBD2,31,42,26,2,148
MBD3,63,72,42,7,296
MBD3L1,10,23,10,0,69
MBD4,19,19,12,13,82
MBD5,2,15,3,4,102
MBD6,3,4,2,2,92
MBIP,53,70,52,72,165
MBL2,4,5,10,26,30
MBLAC2,2,4,1,6,74
MBNL1,24,29,12,45,250
MBNL2,5,7,1,16,28
MBNL3,6,6,3,12,15
MBOAT1,0,31,0,24,32
MBOAT2,0,2,0,20,28
MBOAT7,5,22,4,3,196
MBP,50,47,69,210,84
MBTPS1,12,15,12,10,65
MBTPS2,1,3,3,15,16
MC1R,11,10,25,19,17
MC4R,6,6,11,26,17
MCAM,5,13,6,45,469
MCAT,15,27,3,167,111
MCC,41,43,245,188,213
MCCC1,11,17,2,40,177
MCCC2,18,23,4,46,151
MCEE,3,3,3,127,10
MCF2,9,9,13,17,16
MCF2L,8,7,108,5,20
MCFD2,7,42,5,11,78
MCHR1,0,0,3,25,1
MCHR2,0,0,1,23,0
MCIDAS,0,0,1,3,6
MCL1,41,53,41,66,126
MCM10,38,49,36,62,124
MCM2,87,898,82,55,1060
MCM3,89,106,64,59,353
MCM3AP,23,31,24,8,106
MCM4,67,86,108,70,301
MCM5,58,227,123,58,419
MCM6,77,81,55,61,285
MCM7,126,150,103,62,407
MCM8,6,10,5,24,56
MCM9,3,6,0,17,49
MCMBP,22,38,10,73,153
MCOLN1,2,3,2,9,34
MCOLN2,0,1,0,2,40
MCOLN3,2,55,2,1,67
MCPH1,23,26,20,14,103
MCRIP2,0,0,0,0,0
MCRS1,55,60,58,18,229
MCTP2,2,1,0,3,12
MCTS1,25,30,6,6,120
MCU,7,15,3,74,205
MCUR1,0,2,0,2,189
MDC1,180,186,61,62,418
MDFI,223,227,257,41,426
MDFIC,5,5,5,3,14
MDGA1,1,1,1,6,3
MDGA2,1,0,1,4,6
MDH1,21,36,10,0,148
MDH1,21,36,10,0,148
MDH2,32,47,19,71,522
MDK,13,13,22,15,80
MDM1,1,3,0,0,8
MDM2,712,390,284,118,623
MDM4,54,61,44,29,102
MDN1,20,39,9,8,210
ME1,13,20,1,46,64
ME2,3,4,7,37,97
ME3,1,1,3,36,4
MEA1,10,9,4,3,24
MEAF6,19,26,14,8,93
MEAK7,0,0,0,2,0
MECOM,19,25,16,128,360
MECP2,46,58,33,35,1265
MECR,4,8,5,106,24
MED1,88,93,77,67,188
MED1,88,93,77,67,188
MED10,53,53,73,21,92
MED11,26,30,31,11,65
MED12,61,83,53,30,176
MED12L,1,8,1,7,46
MED13,33,43,38,22,82
MED13L,11,22,31,17,104
MED14,56,67,57,38,134
MED15,44,59,50,20,111
MED16,46,64,42,17,105
MED17,54,73,49,26,192
MED18,37,36,37,11,75
MED19,52,54,113,10,104
MED20,23,118,37,13,183
MED21,56,62,66,27,149
MED22,26,29,34,12,79
MED23,46,165,50,17,220
MED24,54,70,50,29,115
MED25,39,36,28,16,88
MED26,81,83,68,18,103
MED27,28,41,35,15,100
MED28,77,77,72,13,102
MED29,53,55,84,10,100
MED30,38,41,38,15,81
MED31,68,75,86,23,126
MED4,73,350,64,17,437
MED6,45,55,48,24,97
MED7,42,58,52,24,77
MED8,44,53,50,15,99
MED9,43,43,71,11,99
MEF2A,30,50,37,16,71
MEF2B,5,4,3,3,8
MEF2C,25,26,65,24,36
MEF2D,33,35,53,12,81
MEFV,3,12,9,21,19
MEGF10,5,6,24,6,14
MEGF6,6,6,7,0,14
MEGF8,6,9,5,1,57
MEGF9,0,0,0,2,6
MEIOB,0,2,0,8,4
MEIS1,13,17,35,15,31
MEIS2,14,24,14,2,87
MELK,7,11,13,201,107
MELTF,0,0,0,29,0
MEMO1,14,31,12,6,59
MEN1,58,59,33,41,1023
MEOX1,28,32,24,0,104
MEOX2,211,212,182,3,694
MEP1B,4,4,15,6,5
MEPCE,177,182,156,194,855
MEPE,1,1,9,51,8
MERTK,6,6,11,12,119
MESD,0,0,0,25,0
MESP1,0,0,0,2,9
MEST,18,18,21,50,44
MET,32,38,56,419,235
METAP1,6,10,3,20,49
METAP2,11,22,19,24,251
METRN,0,0,0,24,45
METRNL,0,1,0,5,54
METTL1,31,36,4,22,48
METTL13,7,26,4,0,75
METTL14,5,5,2,22,556
METTL15,3,6,1,9,275
METTL16,5,8,2,10,29
METTL17,21,22,13,8,401
METTL18,44,44,4,4,61
METTL21A,19,20,7,4,35
METTL25,0,2,1,0,11
METTL25B,0,0,0,0,0
METTL2A,4,3,4,1,20
METTL2B,2,3,4,3,23
METTL3,4,13,2,26,283
METTL4,1,0,1,6,0
METTL5,1,1,1,7,15
METTL8,2,4,1,1,18
METTL9,3,10,2,0,71
MEX3A,1,2,4,1,382
MEX3B,14,14,11,5,219
MEX3D,7,7,2,2,44
MFAP1,61,64,51,33,274
MFAP2,4,4,5,6,8
MFAP3,1,15,1,2,72
MFAP5,0,0,4,8,44
MFF,5,4,1,90,182
MFGE8,3,5,3,26,54
MFHAS1,0,3,0,2,103
MFN1,6,9,6,27,48
MFN2,8,10,5,44,141
MFNG,0,0,5,24,22
MFSD1,2,1,1,0,22
MFSD10,1,4,1,3,244
MFSD12,0,1,0,6,83
MFSD14B,0,0,0,0,0
MFSD3,5,4,5,1,45
MFSD5,6,7,5,3,426
MFSD6,0,0,0,0,65
MGA,21,34,11,90,231
MGAM,2,1,2,31,9
MGARP,0,2,2,1,221
MGAT1,3,7,3,5,35
MGAT2,1,1,0,3,47
MGAT3,1,1,1,1,3
MGAT4A,0,0,0,1,2
MGAT4B,6,7,2,3,29
MGAT4C,0,0,0,0,37
MGAT5B,21,21,20,5,117
MGLL,1,4,1,188,33
MGME1,0,8,2,9,114
MGMT,75,74,10,179,89
MGP,1,1,1,84,5
MGRN1,28,30,19,7,91
MGST1,3,5,3,5,131
MGST2,0,0,2,3,37
MGST3,10,14,4,8,273
MIA,3,3,2,18,4
MIA2,1,1,1,4,19
MIA3,10,29,10,4,236
MIB1,33,53,15,6,297
MIB2,11,16,10,8,66
MICA,2,20,5,28,96
MICAL1,15,17,16,2,72
MICAL2,1,0,2,0,26
MICAL3,5,14,4,2,79
MICALL1,11,17,7,7,95
MICALL2,3,7,2,0,140
MICB,3,2,4,101,80
MICOS10,0,0,0,11,0
MICOS13,0,0,0,6,0
MICU1,3,7,3,7,84
MID1,41,62,32,5,119
MID1IP1,7,7,7,2,73
MID2,113,131,115,2,264
MIDN,5,5,4,8,625
MIEF1,0,10,6,5,51
MIEF2,0,6,10,9,35
MIEN1,3,4,2,5,19
MIER1,12,20,8,2,80
MIER2,4,27,2,3,36
MIF,24,55,35,142,258
MIF4GD,15,18,10,3,43
MIGA1,0,0,0,4,0
MIGA2,0,0,0,3,0
MIIP,4,8,5,2,50
MINAR1,0,0,0,2,0
MINDY1,0,0,0,5,0
MINDY2,0,0,0,2,0
MINDY4,0,0,0,2,0
MINK1,4,8,23,7,174
MINPP1,1,8,2,11,56
MIOS,3,15,2,84,70
MIOX,0,0,0,5,12
MIP,5,5,11,7,51
MIPEP,6,8,3,75,85
MIPOL1,36,37,33,4,99
MIS12,26,32,14,23,87
MIS18A,8,18,7,28,94
MIS18BP1,4,8,4,25,55
MISP,0,19,1,14,166
MITD1,5,14,4,2,39
MITF,23,24,30,151,50
MIXL1,0,0,0,7,0
MKI67,24,40,23,51,656
MKKS,9,10,5,59,16
MKLN1,10,24,7,6,120
MKNK1,24,37,41,2,66
MKNK2,12,38,16,4,50
MKRN1,11,17,8,10,165
MKRN2,8,19,7,4,384
MKRN3,56,56,73,4,210
MKX,7,7,7,2,49
MLANA,3,2,3,9,5
MLC1,9,8,4,0,19
MLEC,3,15,4,8,117
MLF1,5,37,10,18,114
MLF2,35,39,13,5,132
MLH1,117,135,115,55,246
MLH1,117,135,115,55,246
MLH3,7,7,5,19,60
MLKL,7,13,9,117,54
MLLT1,28,36,20,22,123
MLLT10,11,13,8,12,50
MLLT11,4,3,3,2,44
MLLT3,35,40,14,31,86
MLLT6,23,27,20,9,100
MLNR,1,1,4,71,64
MLPH,8,6,6,44,20
MLST8,22,35,15,21,106
MLX,15,14,16,30,58
MLXIPL,2,5,4,33,43
MLYCD,1,2,1,14,30
MMACHC,2,2,2,50,16
MMADHC,1,4,1,38,33
MMD,1,1,0,0,24
MME,76,75,152,261,136
MMEL1,0,0,0,21,5
MMGT1,15,109,2,4,387
MMP1,6,6,32,42,14
MMP13,1,1,14,28,16
MMP14,10,9,37,40,58
MMP15,1,1,5,3,32
MMP16,0,0,4,5,2
MMP17,0,0,3,2,3
MMP19,0,0,1,3,8
MMP2,18,19,43,92,57
MMP21,0,0,0,2,2
MMP23B,1,2,2,1,2
MMP24,0,0,1,2,4
MMP25,1,1,3,6,3
MMP28,0,2,0,1,9
MMP3,4,13,23,52,20
MMP7,4,23,22,37,24
MMP8,2,1,10,18,6
MMP9,5,5,50,147,38
MMRN1,2,13,3,6,27
MMS19,182,186,162,14,316
MMS22L,17,15,7,6,64
MMUT,0,0,0,135,0
MN1,2,2,1,3,29
MNAT1,53,56,76,23,116
MND1,2,3,2,33,47
MNDA,3,6,6,144,181
MNS1,2,3,2,1,38
MNT,8,11,4,34,26
MOAP1,17,16,21,2,44
MOB1A,49,50,29,8,83
MOB1B,32,33,11,4,60
MOB3A,6,7,8,0,26
MOB3B,7,7,7,0,31
MOB3C,12,12,12,1,364
MOB4,62,76,70,5,148
MOBP,6,6,6,10,23
MOCOS,3,15,3,19,38
MOCS1,1,5,1,14,32
MOCS2,1,3,4,7,20
MOG,1,1,3,138,20
MOGAT3,1,1,1,13,22
MOGS,23,32,7,122,165
MOK,7,9,6,30,26
MON1A,7,9,7,4,14
MON1B,9,8,8,4,21
MON2,8,10,6,1,159
MORC2,6,13,4,1,89
MORC3,6,15,3,3,75
MORC4,11,10,5,2,78
MORF4L1,84,105,64,16,214
MORF4L2,75,88,55,10,165
MORN1,1,0,1,3,4
MORN2,1,2,2,0,4
MORN3,15,15,15,2,70
MORN4,15,15,15,2,32
MOS,28,36,32,31,74
MOSMO,0,0,0,2,0
MOSPD2,2,12,1,8,108
MOSPD3,0,0,0,3,23
MOV10,978,991,117,23,1287
MOXD1,4,15,4,1,55
MPC1,0,1,4,5,9
MPC2,0,4,3,7,59
MPDU1,11,10,8,16,61
MPDZ,15,24,24,108,89
MPG,55,65,41,52,94
MPHOSPH10,11,37,7,25,173
MPHOSPH6,14,25,28,1,69
MPHOSPH8,11,59,7,4,95
MPHOSPH9,6,29,6,5,96
MPI,3,18,2,101,49
MPL,5,5,9,134,34
MPLKIP,0,17,0,4,34
MPND,2,2,2,99,11
MPO,1,2,3,327,52
MPP1,20,41,19,14,113
MPP2,7,9,5,12,42
MPP3,25,26,36,13,35
MPP4,1,1,2,4,2
MPP7,2,7,2,16,106
MPPE1,3,3,3,16,83
MPPED1,5,26,6,3,37
MPPED2,6,9,8,0,21
MPRIP,22,47,20,69,222
MPST,16,15,3,67,65
MPV17,48,48,1,7,54
MPV17L,2,2,1,1,2
MPV17L2,1,1,1,1,3
MPZ,2,2,4,0,6
MPZL1,7,21,6,8,122
MPZL2,4,5,4,0,17
MRAP,2,2,7,5,3
MRAP2,1,1,7,2,76
MRAS,10,10,12,13,13
MRC1,2,1,3,35,5
MRE11,0,0,0,45,0
MRE11,0,0,0,45,0
MREG,1,8,1,3,17
MRFAP1,18,18,19,3,91
MRFAP1L1,38,37,38,1,111
MRGBP,0,55,31,94,102
MRGPRD,0,0,0,40,0
MRGPRE,0,0,0,1,0
MRGPRF,0,0,0,26,1
MRGPRG,0,0,0,0,0
MRGPRX1,4,4,4,4,4
MRGPRX2,0,0,1,7,0
MRGPRX3,0,0,0,0,2
MRGPRX4,0,0,0,1,5
MRI1,6,7,2,12,37
MRM1,4,37,3,8,349
MRM2,0,0,0,15,0
MRM3,0,0,0,16,0
MRNIP,0,0,0,500,0
MROH1,0,1,0,2,39
MROH2B,0,1,0,1,7
MROH6,0,2,1,4,7
MROH9,0,0,0,0,3
MRPL1,20,77,6,23,201
MRPL10,24,33,9,11,175
MRPL11,50,59,22,35,395
MRPL12,56,59,14,43,344
MRPL13,36,50,4,50,220
MRPL14,27,40,7,4,119
MRPL15,38,54,8,16,208
MRPL16,16,33,3,22,177
MRPL17,12,33,5,31,158
MRPL18,6,34,2,4,196
MRPL19,33,46,11,31,165
MRPL2,22,41,6,33,225
MRPL20,16,32,14,25,170
MRPL21,13,25,2,27,176
MRPL22,15,35,2,32,174
MRPL23,49,55,8,13,215
MRPL24,29,55,5,29,209
MRPL27,5,22,5,24,183
MRPL28,23,62,19,7,247
MRPL3,24,46,4,47,175
MRPL32,28,41,1,27,119
MRPL33,2,10,1,26,47
MRPL34,1,14,1,12,56
MRPL35,2,9,1,6,92
MRPL36,3,2,3,26,9
MRPL36,3,2,3,26,9
MRPL37,32,67,6,4,212
MRPL38,40,60,11,11,244
MRPL39,33,75,7,15,209
MRPL4,29,119,11,45,275
MRPL40,41,62,13,17,176
MRPL41,30,38,7,14,200
MRPL42,26,36,3,4,233
MRPL43,17,33,5,22,155
MRPL44,47,60,22,20,226
MRPL45,26,42,6,9,204
MRPL46,13,32,2,22,184
MRPL48,10,26,4,6,159
MRPL49,27,38,9,16,180
MRPL50,25,98,3,4,228
MRPL51,19,26,3,6,131
MRPL51,19,26,3,6,131
MRPL52,23,30,1,4,157
MRPL53,48,52,24,3,198
MRPL58,0,0,0,42,0
MRPL9,29,82,7,20,207
MRPS10,17,31,3,38,214
MRPS11,13,35,8,42,216
MRPS12,6,11,7,43,238
MRPS14,20,31,4,32,206
MRPS15,10,20,82,35,142
MRPS16,23,24,87,34,183
MRPS17,3,7,4,10,228
MRPS18B,28,38,7,8,304
MRPS2,19,42,82,34,272
MRPS21,18,24,6,7,108
MRPS22,34,59,109,19,279
MRPS23,27,43,89,5,295
MRPS24,7,16,4,7,272
MRPS25,18,30,6,13,266
MRPS26,38,50,6,7,445
MRPS27,32,60,108,15,330
MRPS28,38,48,3,11,226
MRPS30,6,73,2,3,201
MRPS31,15,50,8,8,307
MRPS33,1,13,5,8,166
MRPS34,20,27,8,20,313
MRPS35,23,45,2,18,300
MRPS5,23,53,81,42,284
MRPS6,10,15,10,28,175
MRPS7,26,51,5,48,348
MRPS9,44,74,10,34,374
MRRF,16,30,8,399,296
MRS2,1,12,1,3,84
MRTO4,27,56,10,52,173
MS4A1,13,13,13,17,53
MS4A10,0,0,0,0,7
MS4A12,3,3,4,3,8
MS4A2,3,4,12,9,7
MS4A7,2,2,2,3,11
MSANTD1,0,0,0,1,1
MSANTD2,0,2,2,1,19
MSANTD3,0,3,1,0,22
MSANTD4,0,1,1,2,14
MSC,3,3,6,4,13
MSH2,93,115,54,62,296
MSH3,24,30,15,34,98
MSH4,10,10,9,11,14
MSH5,4,6,4,10,25
MSH6,57,77,38,58,261
MSI1,4,3,3,7,115
MSI2,16,35,6,7,173
MSL1,28,35,7,6,71
MSL1,28,35,7,6,71
MSL2,21,20,31,8,35
MSL3,14,16,32,6,28
MSLN,12,12,2,104,46
MSMB,2,2,2,11,46
MSMO1,9,9,3,17,92
MSN,71,117,51,69,318
MSRA,1,1,0,116,34
MSRB1,0,3,16,18,11
MSRB2,5,5,1,15,61
MSRB3,6,10,6,9,89
MST1,4,2,6,5,10
MST1R,19,20,21,20,184
MSTN,4,3,7,146,29
MSTO1,4,9,4,1,57
MSX1,14,13,25,9,16
MSX2,19,20,23,13,184
MT1A,2,1,5,3,1
MT1E,1,1,1,18,6
MT1F,3,2,3,2,10
MT1G,3,2,3,0,8
MT1H,2,1,3,2,4
MT1HL1,0,0,0,0,1
MT1M,2,2,1,0,17
MT1X,6,5,4,3,20
MT2A,13,15,19,9,35
MTA1,71,92,62,17,316
MTA2,93,107,60,11,480
MTA3,33,54,13,8,174
MTAP,22,48,8,23,91
MTARC2,0,0,0,0,0
MTBP,3,4,3,41,22
MTCH1,6,48,2,1,225
MTCH2,9,59,4,11,458
MTCL1,0,22,3,2,82
MTCP1,5,5,4,4,5
MTDH,17,21,12,56,504
MTERF1,0,8,11,10,17
MTERF3,0,22,8,12,351
MTERF4,0,7,6,12,25
MTF1,3,3,2,3,113
MTF1,3,3,2,3,113
MTF2,13,18,10,4,78
MTFMT,0,2,1,183,94
MTFP1,1,3,3,3,34
MTFR1,7,12,3,6,70
MTFR1L,0,7,3,0,63
MTFR2,0,8,7,10,47
MTG1,5,6,5,13,152
MTG2,0,3,3,10,275
MTHFD1,53,71,23,46,269
MTHFD1L,13,23,14,29,157
MTHFD2,12,13,5,53,106
MTHFS,2,1,2,11,13
MTHFSD,6,8,4,3,11
MTIF2,2,18,27,41,341
MTIF3,3,3,3,9,296
MTM1,4,4,4,8,68
MTMR1,5,9,2,11,104
MTMR10,4,3,3,2,41
MTMR11,1,1,1,1,19
MTMR12,2,5,3,3,45
MTMR14,3,5,3,4,114
MTMR2,12,12,5,6,69
MTMR3,3,9,5,4,63
MTMR6,9,15,9,5,89
MTMR7,1,1,1,4,62
MTMR9,14,15,12,5,66
MTNR1A,23,23,27,5,161
MTNR1B,2,2,22,8,130
MTO1,3,9,0,11,80
MTOR,101,137,77,546,327
MTPAP,6,14,4,49,148
MTPN,15,32,17,61,156
MTR,18,25,6,173,122
MTRES1,0,0,0,5,0
MTREX,0,0,0,456,0
MTRF1,2,2,0,7,239
MTRF1L,1,4,0,6,242
MTRFR,0,0,0,0,0
MTRR,6,10,2,83,16
MTSS1,8,7,4,8,28
MTTP,1,4,3,104,11
MTURN,0,2,2,0,35
MTUS1,4,15,3,18,85
MTUS2,169,174,201,17,369
MTX1,6,13,9,3,117
MTX2,8,21,10,7,161
MUC1,28,30,27,60,157
MUC12,2,2,2,2,4
MUC16,3,6,3,13,16
MUC20,2,2,3,7,24
MUC21,0,0,0,1,0
MUC4,0,0,4,5,7
MUC5B,4,7,6,15,39
MUC6,0,0,1,7,1
MUC7,3,8,18,5,24
MUL1,26,33,22,11,110
MUL1,26,33,22,11,110
MUS81,11,19,9,42,58
MUSK,5,3,7,70,76
MUTYH,9,8,11,137,27
MVB12A,0,19,4,7,54
MVB12B,0,10,2,6,17
MVD,26,31,6,74,52
MVK,10,11,3,104,55
MVP,68,78,21,35,166
MX1,11,34,20,27,52
MX2,4,3,7,8,19
MXD1,14,21,26,9,37
MXD3,8,7,6,5,39
MXD4,6,5,7,6,10
MXI1,17,17,16,15,48
MXRA7,4,3,2,1,73
MXRA8,1,0,2,4,10
MYADM,2,10,3,3,103
MYADML2,0,0,0,1,11
MYB,50,48,77,200,125
MYBBP1A,85,94,151,31,431
MYBL2,34,41,36,41,148
MYBPC1,10,10,21,11,39
MYBPC2,0,1,31,8,42
MYBPC3,10,10,10,16,11
MYBPH,3,5,6,45,9
MYBPHL,2,7,1,2,13
MYC,470,492,411,676,2979
MYCBP,22,29,65,4,107
MYCBPAP,3,4,5,17,29
MYCL,0,1,2,76,46
MYCN,19,17,17,298,1369
MYCT1,0,0,0,0,11
MYD88,53,53,50,73,80
MYDGF,0,0,8,20,0
MYEF2,19,44,10,3,141
MYF5,6,4,11,16,30
MYF6,6,3,10,10,15
MYH1,5,19,11,13,61
MYH10,59,64,48,21,360
MYH11,22,44,11,46,135
MYH13,2,25,1,5,48
MYH14,24,40,11,11,200
MYH2,7,14,10,17,45
MYH3,3,9,8,12,48
MYH4,5,13,5,9,64
MYH7,7,32,13,29,98
MYH9,96,299,72,52,751
MYL1,7,8,7,16,55
MYL10,1,3,1,7,28
MYL12A,38,45,25,11,197
MYL12B,15,18,13,19,133
MYL2,5,5,10,30,23
MYL3,5,4,4,21,21
MYL5,2,2,2,8,4
MYL6,35,51,102,20,250
MYL6B,15,20,8,10,108
MYL7,1,1,2,13,8
MYL9,10,17,6,27,63
MYLIP,15,19,17,64,49
MYLK,10,14,19,103,101
MYLK2,12,16,12,14,100
MYLK3,3,4,4,7,9
MYLK4,2,8,3,9,90
MYNN,5,5,3,25,13
MYO10,8,10,22,10,138
MYO15A,4,4,4,13,13
MYO16,1,1,3,1,12
MYO18A,11,156,13,9,290
MYO18B,2,2,6,5,15
MYO1A,5,6,13,6,25
MYO1B,21,39,13,5,277
MYO1C,40,172,28,18,400
MYO1D,17,21,18,2,198
MYO1F,7,7,3,14,39
MYO1G,6,6,5,8,12
MYO3A,1,3,2,10,14
MYO3B,3,2,4,8,47
MYO5A,19,42,18,18,191
MYO5B,15,36,15,11,104
MYO5C,8,85,5,13,177
MYO6,34,62,42,27,417
MYO6,34,62,42,27,417
MYO7A,12,12,15,19,26
MYO9A,6,11,5,4,104
MYO9B,8,17,12,14,114
MYOC,42,42,41,78,44
MYOCD,15,14,14,123,16
MYOD1,67,67,87,42,164
MYOF,12,19,1,42,103
MYOG,30,33,38,34,62
MYOM1,0,1,7,7,23
MYOM2,1,2,15,28,28
MYOM3,0,0,2,1,10
MYOT,11,9,15,26,16
MYOZ1,15,15,15,15,45
MYOZ2,11,13,14,13,18
MYOZ3,3,3,9,4,69
MYPOP,0,0,1,0,52
MYRF,0,0,1,51,11
MYRIP,2,2,9,31,8
MYSM1,15,13,12,19,52
MYT1,4,4,5,1,10
MYT1L,2,2,5,2,67
MYZAP,0,0,16,2,3
MZB1,2,1,3,5,10
MZF1,7,8,10,3,28
MZT2A,7,17,2,2,22
MZT2B,12,18,5,2,77
N4BP1,8,7,7,4,36
N4BP2,9,9,8,3,86
N4BP2L1,0,0,0,1,6
N4BP2L2,8,12,8,4,77
NAA10,32,50,31,18,166
NAA15,20,39,15,6,158
NAA16,8,13,5,1,34
NAA25,6,11,3,6,52
NAA35,1,3,1,4,47
NAA38,60,15,52,7,37
NAA40,5,8,1,3,976
NAA50,5,23,5,16,91
NAA60,0,0,0,1,3
NAAA,2,50,1,39,220
NAALADL2,7,17,8,3,18
NAB1,10,10,4,3,26
NAB2,39,37,32,4,131
NABP1,0,18,7,1,24
NABP2,0,35,6,4,71
NACA,32,42,28,159,211
NACA2,14,21,3,9,22
NACAD,9,11,9,118,20
NACC1,19,29,13,1,97
NACC2,10,10,2,2,47
NADK,13,13,9,133,77
NADSYN1,7,5,7,22,37
NAE1,33,39,81,16,93
NAF1,18,55,11,6,136
NAGA,3,4,4,34,61
NAGK,44,52,30,45,152
NAGLU,2,11,2,45,76
NAGPA,4,6,5,26,29
NAGS,0,0,1,87,8
NAIF1,7,7,4,5,14
NAMPT,21,26,13,241,124
NANOG,7,6,4,451,239
NANOS1,1,3,3,1,17
NANOS2,2,4,2,3,24
NANOS3,1,3,0,6,16
NANP,1,9,0,37,21
NANS,26,37,4,15,98
NAP1L1,65,109,57,14,346
NAP1L2,4,4,4,1,33
NAP1L3,1,5,3,0,22
NAP1L4,33,56,33,4,208
NAP1L5,12,27,11,7,52
NAPA,27,43,28,240,196
NAPB,12,16,17,159,50
NAPG,9,21,5,171,82
NAPSA,1,5,4,15,10
NARF,8,12,4,20,23
NARS1,0,0,0,11,0
NARS2,0,4,0,17,81
NASP,36,49,57,168,204
NAT1,2,2,3,6,7
NAT10,26,53,119,32,303
NAT14,4,9,4,2,70
NAT2,1,20,2,5,23
NAT8,0,0,4,2,30
NAT8L,0,4,0,4,13
NAT9,10,9,11,5,18
NAV1,10,21,4,7,149
NAV2,12,12,10,1,41
NAV3,5,4,2,1,31
NBAS,1,10,2,107,114
NBEA,5,7,7,6,77
NBEAL1,1,8,1,2,22
NBEAL2,2,5,1,5,25
NBL1,4,4,4,4,16
NBN,62,76,40,213,178
NBPF3,5,4,6,1,6
NBR1,25,32,26,25,371
NCALD,6,11,10,85,52
NCAM2,2,1,5,1,19
NCAN,5,5,7,15,15
NCAPD2,24,38,13,39,214
NCAPD3,14,43,8,18,155
NCAPG,21,39,13,221,201
NCAPG2,7,12,7,38,101
NCAPH,17,42,13,205,311
NCAPH2,11,32,14,7,170
NCBP1,65,116,46,70,341
NCBP2,15,43,15,69,127
NCDN,18,20,14,4,109
NCF1,34,35,42,30,84
NCF2,20,18,20,18,29
NCF4,7,6,13,19,8
NCK1,62,82,236,44,200
NCK2,79,125,86,28,250
NCKAP1,20,34,22,23,197
NCKAP5,3,3,6,0,32
NCKAP5L,4,21,2,1,118
NCKIPSD,14,22,23,76,129
NCL,191,225,265,501,789
NCLN,8,19,8,97,185
NCOA1,72,98,88,39,137
NCOA2,60,63,71,38,122
NCOA3,99,102,102,55,182
NCOA4,11,23,12,16,47
NCOA5,21,30,12,3,120
NCOA6,76,77,79,26,139
NCOA7,7,7,12,4,41
NCOR1,141,149,158,62,297
NCOR2,98,102,110,52,246
NCR1,3,5,3,18,22
NCR3LG1,0,10,0,5,79
NCS1,14,20,10,2,77
NCSTN,76,118,23,105,186
NDC1,0,23,2,26,214
NDC80,51,64,52,65,306
NDC80,51,64,52,65,306
NDEL1,66,77,59,17,152
NDFIP1,7,24,4,5,112
NDFIP2,12,16,8,3,59
NDN,55,54,25,98,384
NDNF,0,0,0,1,15
NDOR1,11,10,9,11,50
NDP,5,5,3,4,104
NDRG1,87,105,69,9,216
NDRG2,2,6,5,2,45
NDRG3,7,9,0,4,36
NDRG4,4,7,4,4,50
NDST1,1,8,0,5,45
NDST2,0,8,1,2,41
NDUFA1,3,3,4,18,42
NDUFA10,13,44,3,35,161
NDUFA12,19,66,3,37,205
NDUFA13,9,48,10,29,155
NDUFA2,45,68,2,35,197
NDUFA3,1,9,1,20,90
NDUFA4,11,14,46,17,316
NDUFA4L2,10,10,15,11,15
NDUFA5,17,30,9,39,226
NDUFA6,4,14,12,35,155
NDUFA7,51,67,5,22,209
NDUFA8,4,55,3,29,176
NDUFA9,21,72,17,49,314
NDUFAB1,5,18,6,79,154
NDUFAF1,3,24,24,8,155
NDUFAF2,8,9,2,8,131
NDUFAF3,17,31,7,9,123
NDUFAF4,8,14,2,6,185
NDUFAF6,0,0,0,17,6
NDUFAF7,0,6,2,4,68
NDUFB1,3,8,3,12,39
NDUFB11,18,27,5,20,104
NDUFB2,1,1,1,12,10
NDUFB3,5,10,3,25,110
NDUFB4,12,30,2,22,92
NDUFB5,14,29,1,28,129
NDUFB6,12,17,11,22,64
NDUFB7,15,32,5,31,111
NDUFB8,18,49,7,36,125
NDUFB9,34,52,11,28,147
NDUFC1,0,0,0,12,1
NDUFC2,2,7,1,20,84
NDUFS1,38,74,13,56,357
NDUFS2,31,54,16,60,295
NDUFS3,34,85,21,66,380
NDUFS4,24,71,3,42,202
NDUFS5,1,49,12,26,151
NDUFS6,28,48,6,36,237
NDUFS7,20,36,10,39,304
NDUFS8,26,48,7,83,265
NDUFV1,36,77,4,63,300
NDUFV2,30,52,7,51,209
NDUFV3,10,30,2,18,179
NEB,18,21,25,26,95
NEBL,22,26,20,49,72
NECAB1,1,1,1,0,33
NECAB2,53,56,55,3,101
NECAB3,4,3,4,2,10
NECAP1,7,17,9,16,73
NECAP2,13,29,9,12,60
NECTIN1,0,0,0,13,0
NECTIN2,0,0,0,13,0
NECTIN3,0,0,0,7,0
NECTIN4,0,0,0,5,0
NEDD1,60,134,3,15,216
NEDD4,259,278,194,34,564
NEDD4L,158,172,133,23,314
NEDD8,747,256,265,45,364
NEDD9,37,40,48,23,78
NEFH,3,12,11,24,42
NEFM,12,23,22,110,184
NEIL1,4,4,4,24,272
NEIL2,7,6,5,15,20
NEIL3,1,18,1,51,98
NEK1,13,19,15,12,82
NEK10,2,2,2,3,14
NEK11,3,5,5,1,24
NEK2,29,36,28,56,123
NEK3,4,6,6,3,22
NEK4,1,19,0,6,578
NEK6,61,60,69,2,156
NEK7,3,3,3,7,157
NEK8,6,28,13,5,62
NEK9,18,26,24,7,103
NELFA,0,20,11,129,85
NELFB,0,47,26,126,112
NELFCD,0,39,44,184,99
NELFE,0,32,19,146,197
NELL1,4,5,14,5,34
NEMF,4,17,1,118,86
NEMP1,0,0,1,2,0
NEMP2,0,0,1,2,0
NENF,31,35,1,2,87
NEO1,3,3,9,9,44
NES,9,52,5,57,137
NET1,8,7,5,6,34
NETO2,1,23,0,1,60
NEU1,11,11,10,11,67
NEU3,3,4,3,4,23
NEU4,8,8,13,9,27
NEURL1,0,7,4,0,13
NEURL1B,0,0,0,0,4
NEURL2,0,0,5,2,7
NEURL4,25,38,6,2,119
NEUROD1,9,15,14,20,18
NEUROD2,2,2,2,2,10
NEUROD4,2,2,2,0,10
NEUROD6,1,0,2,5,4
NEUROG1,6,6,7,5,15
NEUROG3,2,2,2,14,146
NEXN,5,20,3,76,95
NF1,20,24,14,70,178
NF2,31,191,38,31,333
NFAM1,0,1,3,3,12
NFASC,1,0,15,89,25
NFAT5,1,0,10,7,37
NFATC1,24,67,35,35,156
NFATC2,27,27,32,17,192
NFATC3,8,11,9,9,42
NFATC4,11,15,18,8,36
NFE2,17,16,31,25,18
NFE2L1,14,18,18,14,42
NFE2L2,60,61,49,83,159
NFE2L3,10,11,4,14,18
NFIA,34,41,1,10,721
NFIB,9,10,3,87,673
NFIC,14,19,17,99,812
NFIL3,11,11,19,17,33
NFIX,13,18,13,58,592
NFKB1,126,140,260,153,274
NFKB2,48,45,189,34,112
NFKBIA,96,131,152,513,208
NFKBIB,25,34,95,141,79
NFKBID,4,4,4,9,120
NFKBIE,13,19,64,140,30
NFKBIL1,15,19,19,6,93
NFRKB,23,31,5,79,118
NFS1,2,19,5,32,141
NFU1,7,8,8,24,51
NFX1,43,40,11,10,452
NFXL1,5,6,1,2,121
NFYA,37,46,47,127,96
NFYB,26,29,35,109,54
NFYC,35,39,52,82,155
NGB,9,9,12,68,159
NGDN,5,13,3,306,118
NGEF,9,11,12,13,75
NGF,5,5,13,433,9
NGFR,37,34,55,271,59
NGLY1,15,17,14,9,70
NGRN,2,14,3,32,234
NHEJ1,4,5,5,18,14
NHERF2,0,0,0,0,0
NHLH1,8,8,10,5,84
NHLH2,1,1,2,5,23
NHLRC1,18,15,12,5,23
NHLRC2,9,11,2,6,371
NHLRC3,1,8,1,0,41
NHLRC4,0,0,0,0,20
NHP2,24,28,13,52,124
NHS,2,13,2,4,48
NIBAN2,0,0,0,4,0
NICN1,0,1,0,2,22
NICOL1,0,0,0,0,0
NID1,11,11,24,25,31
NID2,9,17,10,8,75
NIF3L1,100,115,100,7,173
NIFK,0,140,8,384,429
NIM1K,0,1,1,0,8
NIN,7,106,11,17,356
NINJ1,2,2,2,0,22
NINJ2,2,2,2,2,80
NINL,55,207,46,10,456
NIPA2,1,0,1,3,18
NIPAL1,0,0,0,1,142
NIPBL,26,32,12,198,197
NIPSNAP1,25,61,13,5,232
NIPSNAP3A,11,16,12,0,99
NIPSNAP3B,0,0,1,3,20
NISCH,7,7,8,70,167
NIT1,4,15,4,7,67
NIT1,4,15,4,7,67
NIT2,15,24,1,17,72
NKAIN1,0,0,0,1,64
NKAP,23,28,22,104,137
NKAPD1,0,0,0,3,0
NKAPL,4,3,1,1,24
NKD1,0,0,4,4,20
NKD2,13,18,12,4,37
NKG7,3,4,4,16,49
NKIRAS1,4,3,9,4,13
NKIRAS2,4,5,7,5,28
NKTR,3,9,6,6,91
NKX12,0,0,0,0,0
NKX21,0,0,0,0,0
NKX22,0,0,0,0,0
NKX23,0,0,0,0,0
NKX25,0,0,0,0,0
NKX28,0,0,0,0,0
NKX31,0,0,0,0,0
NKX32,0,0,0,0,0
NKX61,0,0,0,0,0
NKX62,0,0,0,0,0
NLE1,8,19,5,15,205
NLGN1,6,6,7,14,21
NLGN2,7,9,8,10,64
NLGN3,7,8,7,21,89
NLGN4X,1,1,2,16,4
NLK,59,55,30,53,68
NLN,3,13,3,34,60
NLRC4,13,12,12,22,22
NLRC5,5,4,3,10,22
NLRP1,7,11,13,11,40
NLRP10,2,2,6,2,12
NLRP12,5,5,7,5,9
NLRP14,0,1,0,2,8
NLRP2,10,19,27,8,46
NLRP3,5,48,8,40,114
NLRP4,5,6,4,4,6
NLRX1,12,17,7,11,82
NMB,2,2,3,16,31
NMD3,10,57,7,23,115
NME1,49,56,42,32,193
NME2,41,69,73,36,185
NME3,9,9,11,17,104
NME4,17,19,10,14,183
NME5,2,2,2,8,10
NME6,3,3,3,17,17
NME7,34,63,28,16,157
NME8,0,1,1,34,12
NME9,1,0,0,1,1
NMI,61,66,51,42,115
NMNAT1,11,17,10,14,125
NMNAT2,1,1,1,8,23
NMNAT3,0,2,0,6,7
NMRAL1,9,12,3,12,240
NMRK1,0,2,2,12,7
NMRK2,0,3,7,9,5
NMT1,39,63,16,5,155
NMT2,11,19,13,3,72
NMUR1,1,1,2,21,1
NMUR2,6,6,6,20,29
NNAT,3,2,2,8,2
NNMT,4,6,4,38,14
NNT,23,40,4,60,183
NOA1,10,11,16,12,99
NOB1,11,25,4,18,112
NOC2L,30,70,32,20,279
NOC3L,13,31,4,14,219
NOC4L,24,37,19,23,179
NOCT,0,0,0,41,0
NOD1,24,25,28,21,29
NOD2,29,32,30,37,98
NODAL,0,0,0,8,8
NOL10,4,20,3,17,155
NOL11,11,19,6,13,120
NOL12,9,83,13,9,146
NOL3,28,28,24,6,35
NOL4,7,8,10,1,59
NOL4L,0,4,3,0,13
NOL6,12,36,6,22,208
NOL7,7,8,7,5,68
NOL8,7,14,5,7,117
NOL9,13,21,7,9,136
NOLC1,62,96,22,24,321
NOM1,10,13,7,7,132
NOMO1,17,19,13,6,185
NOMO2,8,8,7,6,43
NONO,129,142,67,220,539
NOP10,12,16,5,21,86
NOP14,12,17,6,19,179
NOP16,16,22,6,8,180
NOP2,79,129,25,28,417
NOP53,0,0,0,25,0
NOP56,126,248,17,41,571
NOP58,66,99,14,39,292
NOS1,14,12,37,41,35
NOS1AP,11,35,12,11,110
NOS2,146,145,155,26,162
NOS3,44,44,55,58,50
NOSIP,9,23,9,1,90
NOSTRIN,4,4,3,16,12
NOTCH1,174,175,68,92,340
NOTCH2,25,45,19,31,432
NOTCH3,42,47,22,35,111
NOTCH4,9,8,15,21,12
NOTO,0,0,0,0,31
NOTUM,0,0,0,4,2
NOVA1,4,9,2,10,16
NOVA2,1,2,0,4,14
NOX1,1,1,2,21,11
NOX5,5,4,2,3,13
NOXA1,12,12,15,4,61
NOXO1,0,0,3,4,17
NOXRED1,0,1,0,1,1
NPAS1,0,0,0,5,243
NPAS2,20,26,17,17,40
NPAS3,1,2,0,7,9
NPAT,14,21,12,50,64
NPB,1,1,2,70,27
NPBWR1,2,2,2,11,4
NPBWR2,10,10,12,11,17
NPC1,10,11,6,25,368
NPC2,12,13,9,24,49
NPDC1,21,29,22,1,68
NPEPL1,1,20,1,4,41
NPEPPS,44,46,19,53,185
NPFF,1,1,3,14,2
NPFFR1,0,0,1,8,2
NPFFR2,0,0,3,8,4
NPHP1,17,81,21,7,93
NPHP3,3,7,4,3,34
NPHP4,7,38,5,5,63
NPHS1,9,8,18,23,17
NPHS2,4,3,5,13,7
NPL,2,3,2,6,7
NPLOC4,72,96,18,22,203
NPM1,366,565,318,113,1248
NPM2,5,5,5,3,12
NPM3,14,23,9,4,264
NPNT,1,1,1,23,7
NPPB,11,10,13,22,27
NPR1,5,4,7,19,9
NPR2,5,4,6,12,7
NPR3,4,3,4,12,11
NPR3,4,3,4,12,11
NPRL2,9,15,7,12,90
NPSR1,0,0,0,43,34
NPTN,8,8,1,58,261
NPTX1,8,15,6,7,83
NPTX2,0,0,3,9,18
NPTXR,0,0,2,36,30
NPY,6,6,17,51,7
NPY1R,3,3,4,14,3
NPY5R,2,2,5,14,2
NQO1,20,23,9,35,85
NQO2,12,9,8,6,28
NR0B1,15,14,15,21,20
NR0B2,55,57,55,30,66
NR1D1,9,8,10,9,21
NR1D2,17,21,23,5,60
NR1H2,55,57,54,17,69
NR1H3,32,36,34,27,51
NR1H4,26,24,47,40,29
NR1I2,35,32,21,21,47
NR1I3,15,29,18,8,40
NR2C1,28,27,9,3,84
NR2C2,30,40,22,10,1401
NR2C2AP,5,6,4,2,10
NR2E1,16,30,6,7,36
NR2F1,18,26,24,5,53
NR2F2,17,28,21,10,139
NR2F6,14,18,25,2,39
NR3C1,145,155,199,74,949
NR3C2,22,25,17,16,42
NR4A1,90,94,114,24,202
NR4A2,16,14,25,17,21
NR4A3,4,4,6,13,46
NR5A1,24,25,33,22,34
NR5A2,21,18,24,6,34
NR6A1,3,4,3,3,6
NRAP,4,4,6,70,13
NRARP,1,1,2,2,2
NRAS,17,18,24,512,685
NRBF2,13,24,13,6,67
NRBP1,17,20,16,2,128
NRBP2,1,4,1,0,63
NRCAM,7,8,9,19,32
NRDC,0,0,0,37,0
NREP,0,6,5,0,17
NRF1,13,16,14,14,75
NRG1,5,64,31,32,100
NRG2,2,2,2,15,5
NRGN,4,6,7,53,14
NRIP1,54,54,61,23,153
NRIP2,4,4,6,1,7
NRIP3,3,4,2,1,13
NRM,5,4,4,19,70
NRN1,0,0,0,6,39
NRN1L,0,0,0,4,3
NRP1,14,24,19,29,314
NRP2,2,8,8,9,54
NRROS,0,1,1,31,25
NRSN2,1,2,3,1,14
NRTN,3,3,3,67,3
NRXN1,10,10,28,23,113
NRXN2,5,5,9,16,10
NRXN3,5,7,5,9,29
NSA2,4,47,3,22,224
NSD1,30,33,11,14,125
NSD2,0,0,0,15,0
NSDHL,5,19,2,201,162
NSF,39,60,58,256,242
NSFL1C,50,77,19,14,164
NSG1,0,4,3,1,39
NSL1,18,26,13,10,54
NSMAF,11,23,15,1,40
NSMCE1,10,14,6,3,33
NSMCE2,19,25,9,9,40
NSMCE4A,14,23,4,1,53
NSMF,0,4,3,1,32
NSRP1,13,17,8,6,202
NSUN2,55,64,13,21,290
NSUN3,1,0,1,8,35
NSUN5,5,13,4,10,65
NT5C,1,2,1,21,38
NT5C2,23,27,17,19,107
NT5C3A,0,8,3,17,97
NT5C3B,0,4,1,18,12
NT5DC1,5,8,1,1,26
NT5DC2,4,8,7,3,115
NT5DC3,1,3,1,0,48
NT5E,8,45,5,66,92
NT5M,0,0,0,20,0
NTAN1,0,2,0,5,12
NTF3,4,9,5,32,27
NTF4,3,5,5,24,10
NTHL1,16,18,10,35,48
NTM,7,14,7,8,34
NTMT1,0,18,8,6,55
NTN1,2,2,6,13,19
NTN3,0,0,1,3,4
NTNG1,1,1,1,8,102
NTPCR,16,19,7,9,139
NTRK1,34,1940,57,63,2041
NTRK2,23,22,33,61,131
NTRK3,10,11,24,30,360
NTS,2,2,9,39,5
NTSR1,2,1,3,20,61
NTSR2,0,0,1,10,0
NUAK1,23,23,35,2,92
NUAK2,8,7,11,3,50
NUB1,21,22,14,6,53
NUBP1,18,19,3,11,58
NUBP2,49,53,9,12,166
NUBPL,2,4,0,101,67
NUCB1,22,25,19,3,91
NUCB2,16,20,14,9,96
NUCKS1,10,15,6,4,220
NUDC,47,69,30,224,292
NUDCD2,40,48,5,4,421
NUDCD3,29,41,11,4,146
NUDT1,12,11,12,3,80
NUDT10,4,3,4,2,20
NUDT11,1,0,3,1,6
NUDT13,1,3,1,5,16
NUDT14,7,7,9,2,17
NUDT15,1,5,1,12,10
NUDT16,0,0,0,6,22
NUDT16L1,15,18,3,2,104
NUDT17,0,0,0,1,0
NUDT19,7,6,3,0,141
NUDT21,96,113,77,41,363
NUDT22,2,2,2,2,25
NUDT3,41,41,38,3,96
NUDT5,10,16,14,7,68
NUDT6,1,9,3,2,20
NUDT9,2,11,4,4,40
NUF2,16,38,16,59,118
NUFIP1,9,94,9,13,138
NUFIP2,34,41,28,10,412
NUGGC,0,0,0,0,3
NUMA1,66,95,41,27,473
NUMB,20,38,30,218,217
NUMBL,19,23,24,141,112
NUP107,35,91,23,37,219
NUP133,29,49,16,39,186
NUP153,43,104,43,29,222
NUP155,27,42,27,31,513
NUP160,21,47,21,28,179
NUP188,21,37,11,22,152
NUP205,33,53,18,25,251
NUP210,18,29,9,32,204
NUP214,45,58,36,31,189
NUP35,8,57,3,25,425
NUP37,11,17,9,29,70
NUP43,17,44,7,28,605
NUP50,28,85,18,32,340
NUP54,19,30,15,24,117
NUP58,0,0,0,23,0
NUP62,78,90,83,32,259
NUP62CL,5,4,4,1,35
NUP85,17,46,10,33,137
NUP88,19,29,10,27,134
NUP93,44,63,34,28,267
NUP98,42,65,27,44,216
NUPR1,23,23,8,11,682
NUSAP1,16,29,1,44,106
NUTF2,11,33,14,8,98
NUTM1,0,23,23,1,55
NUTM2F,0,3,3,0,44
NVL,8,21,9,153,147
NWD1,0,0,0,2,4
NWD2,0,0,0,3,3
NXF1,1099,1113,73,36,1342
NXF3,6,5,8,3,8
NXN,4,7,4,57,36
NXNL1,4,4,3,2,4
NXNL2,0,0,1,2,6
NXPE3,0,2,1,0,41
NXPE4,0,2,0,0,5
NXPH1,0,0,1,0,23
NXPH3,2,8,7,1,56
NXT1,8,8,12,12,33
NXT2,16,16,18,0,45
NYAP1,1,1,1,1,14
NYAP2,2,3,2,0,17
NYNRIN,4,4,3,2,29
OARD1,0,7,2,4,15
OAS1,6,6,5,9,16
OAS2,3,2,3,10,15
OAS3,16,16,6,5,64
OASL,3,6,5,294,221
OAT,20,39,23,50,207
OAZ1,8,20,9,8,33
OAZ2,4,5,3,2,11
OAZ3,10,9,11,4,41
OBI1,0,0,0,2,0
OBSCN,8,15,10,95,66
OBSL1,602,616,2,21,905
OCA2,1,1,1,18,66
OCEL1,3,3,3,0,4
OCIAD1,9,22,2,4,430
OCIAD2,5,5,2,1,75
OCLN,17,30,19,45,510
OCM,0,0,1,3,5
OCM2,3,3,4,2,7
OCRL,8,29,13,181,179
ODAM,2,3,3,49,15
ODC1,9,8,12,31,21
ODF1,6,6,8,8,28
ODF2,10,123,5,9,156
ODF2L,6,10,6,1,42
ODF4,1,1,1,2,26
OFD1,19,248,13,12,348
OGA,0,0,0,89,0
OGDH,27,36,12,205,239
OGDHL,5,5,2,36,44
OGFOD1,33,32,4,8,51
OGFOD2,4,3,3,0,6
OGFOD3,0,10,1,1,35
OGFR,14,14,6,9,46
OGFRL1,0,1,0,0,3
OGG1,7,6,6,31,15
OGN,0,7,4,97,12
OGT,55,76,40,193,953
OIP5,25,38,20,47,214
OIT3,1,1,1,0,64
OLA1,34,41,7,16,144
OLFM1,4,11,4,4,18
OLFM2,4,5,12,2,87
OLFM3,5,5,5,5,15
OLFM4,4,34,7,7,74
OLFML1,0,0,0,1,0
OLFML2A,2,1,2,0,8
OLFML3,5,5,5,2,12
OLIG1,4,21,4,13,27
OLIG2,2,2,5,28,21
OLIG3,5,5,5,0,29
OLR1,3,2,3,11,28
OMG,1,1,2,13,9
ONECUT1,6,6,6,9,10
ONECUT2,1,1,1,5,12
OOEP,0,0,0,0,10
OPA1,21,32,10,14,201
OPA3,5,6,1,3,43
OPALIN,1,1,3,73,207
OPCML,3,4,4,6,18
OPHN1,4,4,3,10,8
OPN1LW,1,1,4,1,4
OPN3,0,4,0,1,5
OPN4,0,2,1,14,5
OPN5,0,0,0,2,2
OPRD1,17,16,19,16,40
OPRK1,10,9,7,0,11
OPRM1,19,19,18,30,136
OPTC,0,0,2,35,14
OPTN,62,66,64,289,423
OR10A3,0,0,0,2,0
OR10A5,0,0,0,3,1
OR10AD1,0,0,0,0,0
OR10G7,0,0,0,2,1
OR10G9,0,0,0,1,5
OR10J5,0,0,0,2,1
OR10K2,0,0,0,1,0
OR10P1,0,0,0,1,0
OR10Q1,0,0,0,1,0
OR10W1,0,0,0,14,0
OR10Z1,0,0,0,2,0
OR11A1,0,0,0,1,0
OR11H4,0,0,0,1,0
OR12D3,0,0,0,3,3
OR13A1,0,0,0,1,1
OR13C2,0,0,0,0,0
OR13C4,0,0,0,1,1
OR13C8,0,0,0,1,1
OR13C9,0,0,0,2,0
OR13J1,0,0,0,2,8
OR14A16,0,0,0,3,0
OR14C36,0,0,0,3,1
OR1A1,0,0,0,3,2
OR1A2,0,0,0,3,3
OR1C1,0,0,0,3,1
OR1D5,0,0,0,2,0
OR1E1,0,0,0,3,3
OR1E2,1,1,1,2,1
OR1J1,0,0,0,1,0
OR1J4,0,0,0,1,0
OR1K1,0,0,0,0,0
OR1L1,0,0,0,2,0
OR1L3,0,0,0,2,3
OR1L6,0,0,0,2,0
OR1L8,0,0,0,1,0
OR2A2,0,0,0,1,1
OR2A25,0,0,0,0,1
OR2AT4,0,0,0,3,0
OR2B11,0,0,0,1,0
OR2B2,0,0,0,2,0
OR2C3,0,0,0,0,0
OR2D2,0,0,0,1,0
OR2G2,0,0,0,1,0
OR2G3,0,0,0,0,1
OR2G6,0,0,0,1,16
OR2H2,0,0,0,5,2
OR2L13,1,1,0,2,6
OR2M4,0,0,0,2,0
OR2T2,0,0,0,0,1
OR2T27,0,0,0,2,0
OR2T35,2,2,1,2,3
OR2T8,0,0,0,1,0
OR2V2,0,0,0,0,0
OR2W1,1,1,1,2,1
OR2W3,0,0,0,3,2
OR3A1,0,0,1,0,4
OR4C11,0,0,0,0,0
OR4C12,0,0,1,2,0
OR4C6,0,0,0,2,1
OR4D1,0,0,0,1,0
OR4D10,0,0,0,0,0
OR4D5,0,0,0,2,0
OR4D6,1,1,1,1,2
OR4K15,0,0,0,2,0
OR4K2,0,0,0,1,0
OR4L1,0,0,0,2,1
OR4M1,0,0,0,3,1
OR4N2,0,0,0,0,28
OR4N5,0,0,0,4,1
OR51A2,0,0,0,3,1
OR51A4,0,0,0,2,1
OR51B6,0,0,0,4,0
OR51E2,0,8,0,4,10
OR51F2,0,0,0,2,1
OR51G2,0,0,0,0,0
OR51I1,0,0,0,1,0
OR51M1,0,0,0,2,1
OR51S1,0,0,0,3,0
OR51T1,0,0,0,3,0
OR52A1,0,0,0,2,0
OR52A5,0,0,0,0,0
OR52B2,0,0,0,2,18
OR52B6,0,0,0,1,0
OR52D1,0,0,0,3,0
OR52E6,0,0,0,1,1
OR52E8,0,0,0,1,0
OR52H1,0,0,0,0,0
OR52M1,0,0,0,0,0
OR52N4,0,0,0,0,3
OR52W1,0,0,0,3,1
OR56A1,0,0,0,1,2
OR56B1,0,0,0,0,0
OR5A1,0,0,1,1,0
OR5AN1,0,0,0,2,0
OR5AS1,0,0,0,3,1
OR5AU1,0,0,0,0,0
OR5B2,0,0,0,2,1
OR5B3,0,0,0,2,1
OR5D18,0,0,0,1,0
OR5I1,0,0,0,2,0
OR5K1,0,0,0,1,0
OR5M1,0,0,0,1,0
OR5M8,0,0,0,1,4
OR5M9,0,0,0,2,0
OR5T3,0,0,0,1,0
OR5V1,0,0,0,1,0
OR5W2,0,0,0,1,0
OR6A2,0,0,0,2,1
OR6B1,0,0,0,1,7
OR6B2,0,0,0,1,0
OR6B3,1,2,1,1,3
OR6C1,0,0,0,0,1
OR6C3,0,0,0,1,1
OR6C4,0,0,0,1,1
OR6C6,0,0,0,1,1
OR6F1,0,0,0,0,0
OR6K2,0,0,0,0,0
OR6M1,0,0,0,2,6
OR6P1,0,0,0,1,0
OR6S1,0,0,0,1,1
OR6V1,0,0,0,1,0
OR6X1,1,0,0,1,1
OR6Y1,0,0,0,2,0
OR7A17,0,0,0,3,4
OR7A5,1,1,1,3,6
OR8B12,0,0,0,0,0
OR8B8,0,0,0,3,3
OR8D1,0,0,0,1,0
OR8D4,1,1,0,0,1
OR8H1,0,0,0,1,0
OR8I2,0,0,0,2,0
OR8K5,1,0,0,2,0
OR9A4,0,0,0,2,1
OR9G4,0,0,0,1,0
ORAI2,5,5,7,1,7
ORAI3,1,0,4,1,0
ORC1,25,47,40,38,80
ORC2,38,57,38,14,104
ORC3,22,37,20,9,92
ORC4,32,41,29,11,112
ORC5,33,37,31,11,84
ORC6,24,31,22,23,46
ORM1,7,9,8,37,64
ORM2,3,4,3,32,17
ORMDL1,2,4,4,1,66
ORMDL2,1,3,1,4,58
ORMDL3,6,6,5,8,58
OS9,43,59,27,23,232
OSBP,31,38,5,96,122
OSBP2,7,9,3,9,24
OSBPL10,19,19,18,5,56
OSBPL11,12,18,5,12,100
OSBPL1A,3,8,2,3,40
OSBPL2,4,6,2,3,31
OSBPL3,11,15,4,7,111
OSBPL5,4,13,5,6,45
OSBPL7,0,0,0,4,11
OSBPL8,6,22,5,4,284
OSBPL9,15,20,15,4,104
OSCAR,0,0,1,31,3
OSER1,0,3,1,0,13
OSGEP,58,68,28,87,142
OSGEPL1,0,0,0,11,7
OSGIN1,16,26,15,1,52
OSM,3,10,12,173,14
OSMR,5,5,8,88,56
OSR1,3,2,4,1,3
OSR2,2,2,2,0,8
OST4,4,3,0,4,107
OSTC,4,4,4,103,55
OSTF1,22,25,22,2,87
OSTM1,7,12,7,3,91
OTOF,1,2,1,101,11
OTOG,1,1,1,5,9
OTOL1,0,0,0,2,3
OTOP2,0,0,39,0,5
OTOP3,0,0,0,1,8
OTUB1,65,205,65,16,348
OTUB2,39,39,35,7,98
OTUD1,8,9,6,11,170
OTUD3,1,2,1,12,58
OTUD4,34,48,33,6,238
OTUD5,17,19,17,8,49
OTUD6A,7,8,6,3,33
OTUD6B,15,25,6,7,95
OTUD7A,2,2,2,2,16
OTUD7B,14,18,17,14,69
OTULIN,0,17,5,82,171
OTX1,38,41,39,6,153
OTX2,6,6,8,18,51
OVCA2,1,3,0,1,6
OVGP1,1,1,4,4,4
OVOL1,4,4,4,1,11
OVOL2,1,1,1,0,126
OXA1L,19,22,48,25,158
OXCT1,45,55,3,26,124
OXER1,0,0,0,0,49
OXGR1,0,0,0,0,1
OXLD1,0,44,0,3,54
OXNAD1,0,4,0,15,19
OXR1,7,9,4,1,30
OXSM,1,6,1,210,39
OXSR1,20,28,17,3,149
OXT,2,2,6,200,7
OXTR,2,0,6,116,14
P2RX4,5,27,6,1,52
P2RX5,1,0,0,0,30
P2RX6,1,4,3,0,58
P2RX7,5,5,11,6,18
P2RY1,2,2,3,20,47
P2RY12,0,54,1,18,60
P2RY2,3,2,9,14,106
P2RY4,1,0,2,3,0
P2RY6,4,3,4,7,376
P3H1,0,66,3,6,191
P3H2,0,8,1,6,29
P3H3,0,0,1,21,0
P3H4,0,17,4,1,72
P4HA1,12,32,6,17,297
P4HA2,6,16,6,18,142
P4HA3,12,12,11,4,112
P4HB,72,119,50,51,423
P4HTM,4,5,1,1,40
PA2G4,89,98,69,53,282
PAAF1,38,39,25,2,77
PABPC1,158,224,246,56,662
PABPC3,7,22,107,6,85
PABPC4,63,131,37,11,453
PABPN1,25,34,23,38,189
PABPN1L,1,0,1,0,36
PACC1,0,0,0,5,0
PACRG,20,19,3,11,27
PACRGL,3,5,3,6,18
PACS1,6,8,16,7,45
PACS2,4,9,4,8,18
PACSIN1,33,35,59,12,53
PACSIN2,35,45,29,12,179
PACSIN3,32,55,38,7,133
PADI2,1,0,1,5,6
PADI3,2,6,0,4,35
PADI4,10,10,12,7,32
PAEP,11,19,13,7,70
PAF1,45,52,29,20,195
PAFAH1B1,53,58,33,17,216
PAFAH1B2,36,52,23,5,69
PAFAH1B3,40,41,43,3,65
PAG1,13,17,17,15,68
PAGE4,0,0,0,3,252
PAGR1,0,14,17,8,49
PAH,3,3,3,87,9
PAICS,49,78,36,220,333
PAIP1,17,38,9,9,148
PAIP2,8,11,6,2,62
PAIP2B,2,4,1,4,51
PAK1,58,68,133,40,190
PAK1IP1,7,15,107,11,125
PAK2,51,71,121,33,190
PAK3,7,6,15,19,30
PAK4,23,46,18,32,166
PAK6,17,17,16,19,70
PALB2,13,40,9,92,84
PALLD,13,38,11,66,117
PALM,2,10,1,1,80
PALM2AKAP2,0,0,0,8,0
PALM2AKAP2,0,0,0,8,0
PALM3,0,1,0,5,13
PALMD,3,8,2,28,149
PALS1,0,0,0,0,0
PAM,6,15,14,30,48
PAM16,12,20,12,10,120
PAN2,342,342,14,4,392
PAN3,6,9,7,2,66
PANK1,2,2,1,7,7
PANK2,7,8,8,7,34
PANK3,2,1,1,7,12
PANK4,19,20,3,7,83
PANX1,2,7,5,4,273
PANX2,0,0,1,0,8
PANX3,1,1,1,1,2
PAOX,1,1,0,6,3
PAPLN,0,0,0,9,17
PAPOLA,28,47,10,164,87
PAPPA,9,10,11,51,17
PAPPA2,3,3,5,1,3
PAPSS1,26,29,5,23,77
PAPSS2,11,11,3,15,58
PAQR3,1,1,2,5,26
PAQR4,0,0,0,0,8
PAQR5,1,2,1,2,9
PAQR6,1,1,0,1,8
PAQR7,2,2,1,4,9
PAQR8,0,0,0,4,3
PAQR9,0,0,0,0,9
PARD3,45,59,46,25,291
PARD3B,8,2,10,5,45
PARD6A,32,55,37,14,61
PARD6B,21,75,26,7,134
PARD6G,18,17,15,4,31
PARK7,60,74,40,62,342
PARL,2,9,2,107,222
PARN,13,17,20,125,142
PARP1,197,216,166,124,1305
PARP10,9,13,32,12,29
PARP11,8,10,9,2,15
PARP12,10,10,4,8,43
PARP14,13,13,6,6,45
PARP15,1,1,1,3,4
PARP16,3,24,3,5,57
PARP2,12,23,11,22,115
PARP3,8,7,10,9,19
PARP4,8,8,7,7,44
PARP6,10,10,0,31,13
PARP9,8,10,2,8,30
PARPBP,0,0,1,120,10
PARS2,3,7,3,20,51
PARVA,21,34,13,81,78
PARVB,3,9,3,84,19
PARVG,11,16,10,100,48
PASD1,2,1,2,2,3
PASK,38,49,31,24,135
PATJ,0,0,0,93,0
PATL1,16,21,5,5,179
PATZ1,9,16,8,3,165
PAWR,34,39,21,49,122
PAX2,9,22,11,13,79
PAX3,16,19,22,23,36
PAX4,1,1,1,13,17
PAX5,8,9,14,32,91
PAX6,26,42,40,51,345
PAX7,5,5,9,17,123
PAX8,8,9,21,28,105
PAX9,10,11,13,4,126
PAXBP1,0,11,1,3,102
PAXIP1,252,255,234,21,355
PAXX,0,0,0,66,0
PBDC1,0,14,8,1,48
PBK,15,19,20,207,149
PBLD,8,10,7,1,22
PBRM1,32,36,17,23,220
PBRM1,32,36,17,23,220
PBX1,29,37,31,19,73
PBX2,7,19,24,4,74
PBX3,13,18,19,1,88
PBX4,2,4,2,0,80
PBXIP1,23,30,22,2,220
PC,21,48,5,234,198
PCBD1,57,60,84,11,85
PCBD1,57,60,84,11,85
PCBD2,32,32,33,5,47
PCBP1,89,162,72,45,648
PCBP2,64,86,142,45,282
PCBP3,9,21,7,3,124
PCBP4,7,9,7,1,43
PCCA,5,11,3,41,137
PCCB,10,13,5,58,171
PCDH1,4,10,5,2,75
PCDH10,3,3,1,5,61
PCDH11X,0,0,1,7,7
PCDH15,0,0,0,6,4
PCDH17,3,3,3,1,38
PCDH18,0,0,1,1,12
PCDH19,0,0,0,4,20
PCDH8,2,2,2,3,3
PCDH9,4,11,1,2,38
PCDHA10,0,0,1,0,19
PCDHA4,14,14,16,1,53
PCDHA6,2,1,4,0,6
PCDHA7,1,1,3,0,10
PCDHAC2,1,0,1,1,43
PCDHB1,0,0,0,0,18
PCDHB10,2,1,2,1,7
PCDHB13,0,0,0,0,4
PCDHB14,5,4,5,2,22
PCDHB15,1,25,1,0,28
PCDHB16,0,0,0,0,40
PCDHB3,1,1,1,0,141
PCDHB4,1,0,1,1,2
PCDHB5,2,3,2,0,15
PCDHB6,0,0,0,0,26
PCDHGC3,4,6,5,0,60
PCDHGC5,1,1,1,0,21
PCED1A,0,7,10,2,15
PCF11,12,39,14,22,113
PCGF1,22,25,23,5,205
PCGF2,44,44,33,14,89
PCGF3,26,26,16,8,92
PCGF5,20,26,12,7,102
PCGF6,28,51,45,7,169
PCID2,13,26,7,5,88
PCIF1,4,11,5,3,21
PCK1,74,75,7,54,115
PCK2,6,13,5,47,105
PCLAF,0,0,0,169,0
PCLO,5,5,4,58,58
PCM1,32,221,23,6,434
PCMT1,49,95,22,9,260
PCMTD1,3,3,4,0,21
PCMTD2,8,10,3,2,25
PCNA,224,270,248,447,478
PCNP,10,16,4,27,92
PCNT,18,54,20,252,241
PCNX2,0,0,0,0,0
PCNX3,0,0,0,2,0
PCOLCE,1,1,6,77,6
PCOLCE2,0,6,0,2,27
PCP2,1,3,0,13,12
PCP2,1,3,0,13,12
PCSK1,3,1,6,26,12
PCSK1N,0,3,1,8,17
PCSK4,1,1,7,4,4
PCSK5,16,18,20,9,105
PCSK7,1,1,6,5,7
PCSK9,26,26,2,34,74
PCYOX1,3,10,1,18,94
PCYOX1L,3,5,0,0,40
PCYT1A,5,6,7,12,64
PCYT1B,7,6,7,4,14
PCYT2,19,19,8,11,38
PDAP1,8,14,10,3,104
PDC,3,2,7,42,9
PDCD1,3,3,31,39,79
PDCD10,45,51,28,3,98
PDCD11,19,28,11,54,392
PDCD1LG2,1,1,1,20,36
PDCD2,9,9,34,7,45
PDCD2L,3,11,3,2,67
PDCD4,29,50,16,14,176
PDCD5,19,21,18,7,85
PDCD6,40,89,36,12,196
PDCD6IP,72,99,74,22,240
PDCD7,12,14,22,7,49
PDCL,13,28,8,68,125
PDE11A,0,0,0,11,1
PDE12,23,27,4,11,117
PDE1A,4,3,7,9,5
PDE3B,3,13,9,18,132
PDE4A,6,6,4,12,24
PDE4B,9,10,6,13,67
PDE4C,2,1,2,5,9
PDE4D,36,37,31,15,62
PDE4DIP,70,75,68,9,190
PDE6D,22,22,29,9,60
PDE6G,6,6,10,9,8
PDE6H,3,3,4,5,11
PDE7B,2,2,1,6,11
PDE8A,1,1,0,5,19
PDE9A,18,20,20,5,55
PDF,0,17,0,11,72
PDGFA,11,11,10,197,27
PDGFB,18,18,15,240,84
PDGFC,5,6,5,70,12
PDGFRA,25,47,33,470,362
PDGFRB,44,53,88,455,203
PDGFRL,0,0,0,8,41
PDHA1,27,48,20,65,739
PDHA2,7,8,4,39,20
PDHB,38,59,22,269,317
PDHX,18,25,10,196,107
PDIA2,15,16,19,9,23
PDIA3,80,112,56,33,480
PDIA4,53,59,22,24,478
PDIA5,8,24,6,4,111
PDIA6,58,86,29,18,320
PDIK1L,3,2,6,2,19
PDK1,13,44,19,33,355
PDK2,4,5,11,27,30
PDK3,6,21,7,23,119
PDK4,2,1,4,41,48
PDLIM1,20,27,16,11,93
PDLIM2,4,12,0,5,22
PDLIM3,4,5,10,14,22
PDLIM4,3,3,6,2,22
PDLIM5,35,49,16,11,198
PDLIM7,46,118,38,14,261
PDP1,4,5,11,17,107
PDP2,2,2,2,11,19
PDPK1,46,53,75,37,181
PDPN,1,1,1,21,17
PDPR,6,16,2,80,98
PDS5A,27,51,17,20,257
PDS5B,17,30,11,9,178
PDSS1,1,3,2,14,25
PDSS2,2,3,1,23,25
PDX1,10,9,17,15,15
PDXDC1,11,20,10,1,211
PDXK,12,23,10,53,66
PDXP,5,6,1,3,28
PDYN,1,9,2,30,12
PDZD11,6,12,7,3,61
PDZD2,7,11,6,1,24
PDZD4,3,3,3,2,20
PDZD7,0,0,0,5,6
PDZD8,3,11,2,5,441
PDZD9,1,1,1,0,9
PDZK1,23,23,28,10,58
PDZK1IP1,4,4,3,4,77
PEA15,15,17,20,5,83
PEAK1,3,13,2,7,149
PEAR1,0,2,2,3,10
PEBP1,18,38,34,42,257
PEBP4,2,2,3,6,6
PECR,2,6,2,100,25
PEF1,16,28,17,6,100
PEG10,26,32,14,8,107
PEG3,6,6,8,11,12
PELI1,23,24,18,15,63
PELI2,19,18,18,6,51
PELI3,12,15,8,7,36
PELO,21,30,19,126,115
PELP1,48,64,170,14,185
PEMT,1,1,0,14,39
PENK,1,8,1,141,9
PEPD,34,40,6,20,90
PER1,12,27,15,8,80
PER2,9,17,10,27,141
PER3,5,10,10,13,17
PERP,0,0,0,37,5
PES1,24,90,10,23,254
PET117,1,0,0,0,0
PEX1,6,11,4,6,88
PEX10,11,14,16,10,26
PEX11A,3,3,3,9,12
PEX11B,6,6,5,5,37
PEX12,4,4,3,8,42
PEX13,6,6,6,10,26
PEX14,56,63,13,10,231
PEX16,3,3,2,4,63
PEX19,40,113,35,4,196
PEX2,6,6,10,19,19
PEX26,6,5,6,5,12
PEX3,9,8,4,18,176
PEX5,81,86,71,14,190
PEX5L,0,1,1,2,8
PEX6,7,8,9,7,82
PEX7,8,24,6,8,36
PF4,6,6,11,32,28
PFAS,53,70,20,33,156
PFDN1,78,84,63,8,175
PFDN2,35,59,23,17,244
PFDN4,17,37,12,12,122
PFDN5,55,67,23,21,300
PFDN6,24,34,10,21,165
PFKFB1,5,5,7,19,20
PFKFB2,6,21,11,18,54
PFKFB3,9,9,7,32,63
PFKFB4,4,4,3,15,36
PFKL,35,50,28,185,199
PFKM,24,56,17,206,168
PFKP,39,72,26,180,273
PFN1,50,55,41,67,491
PFN2,32,32,47,16,141
PGAM2,5,12,4,33,76
PGAM5,44,52,30,11,271
PGAP1,3,11,2,19,33
PGAP2,2,4,4,15,42
PGAP3,0,2,1,14,8
PGAP6,0,0,0,1,0
PGBD1,8,12,7,2,28
PGBD2,0,0,0,1,4
PGC,4,4,1,65,6
PGD,38,53,15,194,168
PGF,3,3,4,151,6
PGGT1B,5,8,5,9,21
PGK1,50,87,30,96,316
PGLS,18,22,16,56,68
PGLYRP2,0,0,0,5,1
PGM1,19,44,12,40,105
PGM3,7,14,3,35,82
PGP,3,4,3,43,24
PGPEP1,0,7,0,7,15
PGR,60,61,62,357,71
PGRMC1,36,39,30,14,389
PGRMC2,4,15,2,12,293
PGS1,1,0,3,7,10
PHACTR2,2,1,6,1,28
PHACTR3,4,5,5,0,36
PHACTR4,9,16,10,1,111
PHAF1,0,0,0,0,0
PHAX,27,43,21,130,163
PHB2,71,137,216,35,533
PHC1,25,26,21,14,78
PHC2,82,85,67,8,143
PHC3,19,19,5,13,83
PHF1,36,40,26,9,170
PHF10,20,23,9,5,138
PHF11,5,6,5,3,136
PHF12,9,15,4,5,108
PHF13,3,4,1,7,14
PHF19,7,19,2,3,80
PHF2,3,4,1,0,121
PHF20,9,10,26,13,43
PHF20L1,10,29,31,6,73
PHF21A,20,29,20,12,346
PHF21B,0,0,0,1,18
PHF23,2,6,4,2,40
PHF3,5,9,6,14,115
PHF5A,29,33,96,31,152
PHF6,39,42,6,19,160
PHF7,16,21,27,3,28
PHF8,29,55,7,6,177
PHGDH,70,108,21,76,380
PHGR1,0,0,0,0,0
PHIP,16,23,11,103,194
PHKA1,7,11,2,7,46
PHKA2,12,18,3,13,72
PHKB,9,18,5,8,61
PHKG1,1,1,6,3,4
PHKG2,24,40,1,7,95
PHLDA1,14,13,14,2,62
PHLDA2,1,1,1,5,21
PHLDA3,24,24,95,2,29
PHLDB1,4,7,0,2,45
PHLDB2,10,26,7,7,144
PHLPP1,23,27,20,9,306
PHLPP2,14,13,15,7,31
PHOSPHO1,0,4,0,7,57
PHOSPHO2,1,1,1,1,12
PHOX2A,4,5,6,3,5
PHPT1,11,18,8,7,47
PHRF1,7,14,6,4,62
PHTF1,1,1,1,2,18
PHTF2,2,2,1,1,16
PHYH,11,10,16,7,23
PHYHD1,2,2,1,0,7
PHYHIP,18,27,25,20,36
PHYKPL,0,4,3,12,15
PI16,0,0,0,1,8
PI3,3,3,7,22,7
PI4K2A,8,13,9,8,90
PI4K2B,5,9,6,8,68
PI4KA,11,24,12,13,223
PI4KB,6,11,6,15,50
PIANP,0,0,0,2,15
PIAS1,87,95,168,26,334
PIAS2,77,70,142,11,168
PIAS3,49,50,51,16,78
PIAS4,86,88,85,18,168
PIBF1,6,35,3,5,199
PICALM,26,89,12,219,265
PICK1,35,65,50,18,482
PID1,15,15,16,4,25
PIDD1,0,36,15,11,46
PIERCE1,0,0,0,0,0
PIF1,0,0,0,29,14
PIGA,5,7,6,27,55
PIGB,1,1,1,45,19
PIGC,3,3,7,18,5
PIGF,0,0,2,22,25
PIGG,4,3,1,22,71
PIGH,4,4,6,38,166
PIGK,9,12,10,57,88
PIGL,0,1,0,57,3
PIGM,2,8,2,54,39
PIGN,7,7,2,31,75
PIGO,2,10,3,52,74
PIGP,3,3,5,18,35
PIGQ,6,6,7,45,37
PIGR,7,14,7,17,133
PIGS,15,33,13,37,148
PIGT,6,9,10,54,211
PIGU,5,22,5,36,105
PIGV,2,1,1,35,2
PIGW,1,1,1,73,31
PIGZ,0,0,0,54,3
PIH1D1,18,56,12,8,732
PIK3AP1,4,4,7,8,24
PIK3C2A,20,46,17,35,177
PIK3C2B,11,14,13,11,43
PIK3C2G,0,0,0,7,3
PIK3C3,30,32,16,29,97
PIK3CA,49,61,54,107,155
PIK3CB,16,25,13,61,79
PIK3CD,9,9,16,53,14
PIK3CG,19,19,33,42,29
PIK3IP1,1,1,1,0,20
PIK3R1,124,143,270,124,360
PIK3R2,98,109,60,70,229
PIK3R3,38,108,43,56,198
PIK3R4,12,20,9,15,99
PIK3R5,4,3,8,18,7
PIKFYVE,7,7,4,173,48
PILRA,4,14,5,59,23
PILRB,1,2,5,2,42
PIM1,36,40,40,9,65
PIM2,10,17,15,2,31
PIM3,2,1,6,2,60
PIN1,196,221,167,20,358
PIN4,27,32,17,13,78
PINK1,54,59,23,42,679
PINK1,54,59,23,42,679
PINX1,26,37,104,11,98
PIP,9,10,8,83,181
PIP4K2A,4,15,6,17,201
PIP4K2B,7,18,8,11,83
PIP4K2C,5,19,3,7,143
PIP4P1,0,0,0,5,0
PIP5K1A,10,29,12,14,144
PIP5K1B,3,2,5,10,10
PIP5K1C,10,12,9,13,42
PIP5KL1,3,3,3,3,5
PIPOX,2,8,2,23,15
PIR,13,52,4,8,81
PISD,5,4,3,97,72
PITHD1,5,12,3,3,44
PITPNA,6,14,15,9,32
PITPNB,6,24,4,21,54
PITPNM1,3,6,5,8,13
PITPNM3,1,2,2,3,14
PITRM1,11,11,4,18,145
PITX1,24,27,8,5,126
PITX2,9,14,20,5,60
PITX3,4,4,2,7,6
PIWIL4,3,2,3,9,17
PJA1,36,49,36,2,122
PJA2,21,24,18,1,152
PJVK,0,0,0,97,0
PKD1,13,15,26,9,39
PKD2,12,19,17,8,78
PKDCC,0,1,0,2,17
PKHD1,1,1,1,9,11
PKHD1L1,0,0,0,1,5
PKIA,3,3,8,17,9
PKIB,5,4,7,2,8
PKIG,5,5,6,7,11
PKLR,12,13,14,370,49
PKM,0,162,68,527,478
PKMYT1,6,12,10,18,138
PKN1,52,57,46,25,137
PKN2,25,74,23,17,192
PKNOX1,11,16,18,8,70
PKNOX2,0,1,2,2,45
PKP1,19,28,13,14,136
PKP2,27,41,25,25,241
PKP3,16,35,11,11,138
PKP4,22,34,24,13,158
PLA1A,1,1,3,1,6
PLA2G12A,9,10,9,4,14
PLA2G12B,0,3,0,7,4
PLA2G15,3,2,2,0,18
PLA2G1B,2,2,5,11,6
PLA2G2A,20,20,23,12,29
PLA2G3,2,2,2,6,5
PLA2G4A,18,16,18,23,54
PLA2G4C,2,2,2,9,4
PLA2G4D,1,1,1,6,29
PLA2G6,1,1,0,17,23
PLA2R1,0,0,2,4,3
PLAA,17,30,12,103,99
PLAAT1,0,0,0,12,0
PLAC1,1,19,1,3,24
PLAC8,5,4,4,3,25
PLAG1,7,6,7,7,11
PLAGL1,12,11,5,9,21
PLAGL2,3,4,3,3,63
PLAT,19,24,27,219,55
PLAU,18,17,25,49,49
PLAUR,28,98,25,198,127
PLBD1,3,5,2,3,88
PLBD2,4,11,2,3,45
PLCB1,12,14,32,45,48
PLCB2,12,11,11,39,16
PLCB3,9,12,20,44,93
PLCB4,2,1,4,28,31
PLCD1,6,10,11,22,52
PLCD4,3,3,3,16,30
PLCE1,6,5,6,30,16
PLCG1,95,112,204,90,226
PLCG2,21,40,43,51,74
PLCH1,1,1,2,7,72
PLCH2,1,0,1,7,11
PLD1,19,28,29,31,123
PLD2,20,30,35,34,134
PLD3,17,23,7,16,259
PLD4,1,0,1,11,80
PLD5,1,0,1,0,53
PLD6,2,4,1,7,149
PLEC,60,86,43,197,420
PLEK2,4,3,1,46,14
PLEKHA3,1,1,0,3,26
PLEKHA4,6,6,7,3,2969
PLEKHA5,36,51,58,1,235
PLEKHA6,3,6,3,0,33
PLEKHA7,5,7,6,13,117
PLEKHA8,2,7,3,5,13
PLEKHB1,3,5,7,1,32
PLEKHB2,12,18,14,0,78
PLEKHF1,4,3,4,2,12
PLEKHF2,56,67,78,2,189
PLEKHG2,8,9,8,6,28
PLEKHG4,3,9,3,14,151
PLEKHG5,5,5,0,6,25
PLEKHH2,2,3,1,3,16
PLEKHJ1,8,8,10,2,31
PLEKHM1,8,7,10,3,54
PLEKHM2,0,3,3,2,17
PLEKHM3,1,0,1,0,26
PLEKHN1,10,10,10,1,54
PLEKHO1,15,15,16,3,75
PLEKHO2,3,20,2,2,38
PLG,34,34,64,372,70
PLGRKT,0,4,4,38,79
PLIN1,2,2,2,36,12
PLIN2,3,2,5,31,26
PLIN3,45,66,11,15,137
PLIN4,2,2,2,8,6
PLIN5,0,4,0,10,8
PLK1,142,203,161,96,823
PLK2,9,45,12,12,68
PLK3,15,13,18,13,38
PLK4,12,49,17,56,136
PLK5,0,0,0,6,0
PLLP,4,5,4,29,64
PLN,8,8,12,73,68
PLOD1,27,33,20,11,296
PLOD2,40,43,6,8,181
PLOD3,25,32,18,3,171
PLP1,5,7,8,32,112
PLP2,23,25,13,2,107
PLPBP,0,0,0,8,0
PLPP1,0,0,0,7,0
PLPP2,0,0,0,15,0
PLPP5,0,0,0,5,0
PLPP6,0,0,0,0,0
PLPPR2,0,0,0,3,0
PLRG1,38,55,18,31,197
PLS1,3,28,3,12,129
PLS3,22,41,18,23,232
PLSCR1,122,123,120,4,171
PLSCR2,1,1,1,0,15
PLSCR3,7,6,10,4,46
PLSCR4,8,14,43,0,75
PLTP,3,27,4,98,53
PLVAP,1,7,0,36,14
PLXDC1,1,1,3,2,5
PLXDC2,2,11,3,1,72
PLXNA1,7,15,12,10,121
PLXNA2,4,11,9,8,93
PLXNA3,5,28,7,5,96
PLXNA4,0,2,1,9,27
PLXNB1,11,18,18,15,35
PLXNB2,14,23,11,6,178
PLXNB3,6,6,11,5,10
PLXNC1,0,0,1,2,15
PLXND1,2,1,4,3,27
PMAIP1,12,11,14,22,177
PMCH,0,0,10,169,14
PMEL,0,0,0,115,62
PMEPA1,5,4,5,2,50
PMF1,17,35,18,10,96
PMFBP1,0,0,0,1,10
PML,174,213,135,286,924
PMM2,4,5,3,19,43
PMP2,1,7,1,7,8
PMP22,10,10,6,10,69
PMPCA,7,12,6,228,385
PMPCB,16,22,5,291,365
PMS1,48,53,3,23,110
PMS2,45,53,10,37,87
PMVK,10,14,9,45,94
PNCK,0,0,0,18,1
PNISR,6,15,3,82,46
PNKD,5,90,6,8,140
PNKP,53,59,28,107,133
PNLDC1,0,0,0,10,15
PNLIP,2,2,4,26,10
PNLIPRP1,0,1,2,14,54
PNMA1,113,122,120,5,186
PNMA2,31,36,30,10,253
PNMA5,32,32,32,1,65
PNMA6A,1,2,1,0,28
PNMA8A,0,0,0,1,0
PNN,36,57,34,144,290
PNO1,35,51,14,17,126
PNP,30,34,21,37,79
PNPLA2,12,11,6,40,42
PNPLA3,2,4,2,32,8
PNPLA4,0,1,0,6,12
PNPLA6,6,15,4,10,113
PNPLA7,1,1,0,4,8
PNPO,4,20,2,11,43
PNPT1,17,25,5,42,153
PNRC1,13,16,14,3,20
PNRC2,15,14,22,10,26
POC1A,3,86,0,17,121
POC1B,4,28,1,7,82
POC5,5,68,5,8,93
PODN,0,0,0,2,17
PODXL,5,10,4,12,86
POF1B,4,14,4,3,199
POFUT1,9,10,5,10,38
POFUT2,1,1,1,11,17
POGK,5,7,5,44,28
POGLUT1,3,18,0,5,107
POGLUT2,0,0,0,3,0
POGZ,35,41,21,42,269
POLA1,39,49,29,44,111
POLA2,42,45,37,16,130
POLB,18,35,17,106,62
POLD1,49,61,36,59,325
POLD2,16,20,19,22,69
POLD3,23,24,11,22,94
POLD4,8,7,8,15,10
POLDIP3,27,45,17,18,221
POLE,19,37,17,294,128
POLE2,19,23,16,41,56
POLE3,20,26,13,21,81
POLE4,10,14,8,15,32
POLG,1,3,3,164,105
POLG2,2,9,2,12,35
POLH,21,32,13,114,80
POLI,16,16,19,200,37
POLK,14,38,4,90,57
POLL,20,34,28,31,74
POLM,9,9,10,93,21
POLN,10,10,6,71,17
POLQ,1,1,1,137,18
POLR1A,37,71,146,49,197
POLR1B,29,52,48,51,154
POLR1C,66,98,148,44,301
POLR1D,23,39,39,29,137
POLR1E,18,26,49,21,329
POLR2B,79,98,43,80,363
POLR2C,90,100,60,62,331
POLR2D,39,53,30,36,143
POLR2E,85,101,45,50,279
POLR2F,19,70,23,62,140
POLR2G,44,85,37,36,173
POLR2H,47,58,49,45,219
POLR2I,21,35,20,35,123
POLR2K,17,22,15,43,147
POLR2L,35,50,55,45,165
POLR2M,20,52,22,2,127
POLR3A,27,57,9,40,160
POLR3B,16,42,3,42,121
POLR3C,24,39,19,11,111
POLR3D,29,33,29,14,88
POLR3E,9,40,6,11,100
POLR3F,20,38,18,12,63
POLR3G,7,12,4,7,34
POLR3GL,3,4,5,6,38
POLR3H,18,22,4,12,90
POLR3K,1,13,1,13,77
POLRMT,9,22,10,128,205
POM121,24,45,24,26,150
POM121C,5,11,5,23,106
POM121L2,0,0,0,0,0
POMC,7,7,12,437,31
POMGNT1,6,14,1,13,101
POMGNT2,0,13,2,5,87
POMK,0,56,2,47,272
POMP,32,36,33,76,62
POMT1,1,14,2,16,58
POMT2,0,9,1,19,57
PON1,3,1,3,43,19
PON2,11,73,6,4,212
PON3,0,0,0,8,4
POP1,47,68,17,9,272
POP4,6,21,7,10,72
POP5,10,10,11,7,36
POP7,16,20,13,11,65
POPDC2,0,20,1,0,22
POR,15,32,20,115,238
PORCN,0,0,6,70,7
POT1,203,209,29,13,233
POTEE,8,12,2,50,135
POU1F1,13,14,14,8,28
POU2AF1,11,12,18,8,51
POU2F1,50,53,52,22,163
POU2F2,14,17,15,7,25
POU2F3,3,2,2,4,7
POU3F2,8,7,9,12,15
POU3F3,1,0,6,2,15
POU3F4,3,0,4,7,0
POU4F1,3,3,3,7,7
POU4F2,1,1,1,5,80
POU5F1,59,59,11,63,333
POU5F2,0,0,0,1,2
PP2D1,1,1,1,1,1
PPA1,19,30,12,31,182
PPA2,5,36,2,29,136
PPAN,14,14,9,195,190
PPARA,39,41,41,478,78
PPARD,37,42,38,217,109
PPARG,127,128,64,549,289
PPARGC1A,57,61,53,111,72
PPARGC1B,13,16,11,22,26
PPAT,19,36,5,146,64
PPBP,15,14,29,167,29
PPCDC,7,7,14,34,12
PPCS,1,2,1,29,32
PPDPF,1,0,1,0,12
PPDPFL,0,0,0,3,0
PPEF2,1,1,3,2,25
PPFIA1,39,49,32,14,206
PPFIA2,12,13,17,3,29
PPFIA3,8,13,15,5,39
PPFIA4,5,4,9,3,8
PPFIBP1,20,27,13,12,178
PPFIBP2,7,10,11,6,41
PPHLN1,26,44,22,4,139
PPIA,58,95,44,312,873
PPIB,54,85,30,249,341
PPIC,9,9,12,104,28
PPID,38,46,26,15,89
PPIE,9,30,8,168,265
PPIF,27,35,13,28,147
PPIG,27,33,31,387,126
PPIH,20,25,18,176,119
PPIL1,24,25,18,22,129
PPIL2,8,19,11,17,76
PPIL3,19,38,4,13,75
PPIL4,9,16,5,3,166
PPIP5K1,11,10,3,5,51
PPIP5K2,8,7,3,3,64
PPL,22,40,27,100,174
PPM1A,14,38,27,3,140
PPM1B,37,57,30,12,213
PPM1D,5,20,9,8,56
PPM1F,8,12,9,2,69
PPM1G,56,82,23,10,331
PPM1H,4,3,0,2,121
PPM1J,1,1,3,1,25
PPM1L,1,1,1,6,21
PPM1M,0,0,0,2,52
PPM1N,0,0,0,1,3
PPME1,38,90,5,7,147
PPOX,5,11,4,19,74
PPP1CA,214,283,240,55,596
PPP1CB,62,223,47,40,461
PPP1CC,190,274,159,44,715
PPP1R10,22,30,12,4,177
PPP1R11,3,11,3,4,20
PPP1R12A,43,64,25,23,315
PPP1R12B,9,18,5,6,59
PPP1R12C,9,12,12,8,51
PPP1R13B,21,37,18,4,165
PPP1R13L,8,19,8,4,89
PPP1R14A,15,14,16,7,22
PPP1R14B,4,7,4,1,30
PPP1R14D,0,0,0,0,4
PPP1R15A,21,22,26,27,38
PPP1R16A,17,20,23,10,57
PPP1R16B,14,14,12,6,63
PPP1R17,1,1,3,2,3
PPP1R18,41,58,39,4,130
PPP1R1A,0,11,1,7,11
PPP1R1B,6,6,9,16,7
PPP1R2,32,45,15,0,59
PPP1R26,2,4,3,22,14
PPP1R27,1,0,2,3,9
PPP1R35,1,7,2,3,10
PPP1R37,3,5,3,1,41
PPP1R3B,2,9,5,4,18
PPP1R3C,9,17,8,3,32
PPP1R3D,5,7,7,2,21
PPP1R3F,2,4,0,1,15
PPP1R7,16,29,15,8,101
PPP1R8,28,37,29,16,90
PPP1R9A,4,19,9,6,123
PPP2CA,155,200,142,62,438
PPP2CB,91,132,80,32,251
PPP2R1A,158,238,112,49,587
PPP2R1B,56,85,57,23,159
PPP2R2A,50,72,31,18,282
PPP2R2B,45,46,140,11,237
PPP2R2C,19,38,17,6,63
PPP2R3A,6,11,13,5,42
PPP2R3C,6,25,6,4,41
PPP2R5A,17,26,27,20,79
PPP2R5B,6,9,9,14,32
PPP2R5C,26,34,22,18,77
PPP2R5D,31,57,24,16,154
PPP2R5E,19,41,22,17,108
PPP3CA,43,51,38,23,144
PPP3CB,16,28,17,12,77
PPP3CC,10,23,12,18,73
PPP3R1,13,20,19,17,65
PPP3R2,2,2,3,6,31
PPP4C,55,58,50,21,133
PPP4R1,14,29,6,6,74
PPP4R2,24,38,8,9,112
PPP4R3A,0,0,0,5,0
PPP4R3B,0,0,0,7,0
PPP4R4,1,3,1,1,14
PPP5C,64,73,35,12,188
PPP6C,32,40,26,17,224
PPP6R1,44,53,10,4,173
PPP6R2,29,37,9,6,117
PPP6R3,51,61,16,8,260
PPRC1,4,5,5,15,19
PPT1,13,37,4,14,258
PPT2,27,27,1,8,46
PPTC7,3,2,1,3,72
PQBP1,40,43,19,19,98
PRADC1,3,2,3,0,9
PRAF2,1,11,5,0,107
PRAM1,25,25,21,11,45
PRAME,33,39,5,13,99
PRAP1,3,6,3,0,17
PRC1,16,23,18,51,972
PRCC,11,24,10,78,88
PRCP,12,21,5,13,58
PRDM1,19,24,16,21,78
PRDM11,0,0,0,3,21
PRDM12,0,0,0,0,3
PRDM13,1,1,1,2,10
PRDM14,19,31,18,10,92
PRDM15,1,4,0,0,82
PRDM16,7,5,4,20,194
PRDM2,10,10,10,4,40
PRDM4,10,9,7,3,21
PRDM5,3,3,3,3,57
PRDM7,1,1,1,0,13
PRDX1,90,121,59,41,376
PRDX2,57,95,34,35,306
PRDX2,57,95,34,35,306
PRDX3,42,54,25,36,298
PRDX4,49,47,41,8,213
PRDX5,34,65,11,10,166
PRDX6,52,73,21,29,251
PREB,4,11,5,97,186
PRELP,5,12,7,10,30
PREP,6,22,11,19,84
PREPL,5,9,5,37,99
PREX1,8,7,8,11,65
PREX2,1,1,4,8,13
PRF1,4,4,6,34,47
PRG2,4,58,8,7,275
PRG4,0,0,1,5,9
PRICKLE1,4,5,7,8,16
PRICKLE2,2,2,3,5,8
PRICKLE3,4,16,9,5,73
PRIM1,17,21,14,42,97
PRIMPOL,0,0,0,20,20
PRKAA1,101,115,80,30,254
PRKAA2,73,81,75,28,235
PRKAB1,29,37,168,21,94
PRKAB2,90,92,79,24,235
PRKACA,113,128,191,567,395
PRKACB,43,58,23,561,178
PRKACG,8,10,6,559,100
PRKAG1,26,38,28,35,150
PRKAG2,18,20,17,39,66
PRKAG3,8,8,6,26,79
PRKAR1A,66,78,78,34,303
PRKAR1B,12,21,12,14,157
PRKAR2A,36,48,44,11,212
PRKAR2B,14,50,17,17,136
PRKCA,108,132,236,458,278
PRKCB,54,60,108,35,198
PRKCD,69,87,128,253,158
PRKCE,48,50,69,142,125
PRKCG,30,31,64,26,70
PRKCH,10,10,31,62,26
PRKCI,55,69,66,108,301
PRKCQ,26,27,40,143,44
PRKCSH,27,50,16,69,263
PRKCZ,68,77,120,188,360
PRKD1,24,26,40,21,173
PRKD2,20,30,25,13,252
PRKD3,8,8,14,9,43
PRKG1,20,21,34,20,46
PRKG2,5,7,8,15,12
PRKRA,44,47,30,96,398
PRKRIP1,7,10,5,12,42
PRKX,5,6,9,57,43
PRL,2,3,3,62,6
PRLHR,3,3,5,4,3
PRLR,13,12,19,116,16
PRM1,1,1,2,5,2
PRMT1,127,142,118,41,902
PRMT2,14,47,19,10,80
PRMT3,30,38,2,10,204
PRMT5,127,160,232,32,455
PRMT5,127,160,232,32,455
PRMT6,93,112,27,9,146
PRMT7,14,19,1,4,49
PRMT8,15,32,20,11,87
PRND,0,0,1,21,7
PRNP,58,57,82,239,2250
PROB1,0,0,0,2,1
PROC,5,5,14,96,15
PROCA1,1,1,1,1,3
PROCR,10,20,6,81,38
PROKR1,0,0,0,10,20
PROKR2,0,0,0,9,5
PROM1,3,3,3,39,18
PROP1,2,2,4,8,54
PRORP,0,0,0,87,0
PROS1,7,8,10,18,40
PROSER1,2,2,1,1,35
PROSER2,0,7,4,1,57
PROX1,15,16,19,7,37
PRPF18,3,4,3,9,94
PRPF19,112,138,44,51,440
PRPF3,76,93,114,29,266
PRPF31,92,112,71,23,374
PRPF38A,23,28,19,28,159
PRPF38B,4,10,3,6,102
PRPF39,10,12,8,11,58
PRPF4,70,119,44,24,263
PRPF40A,149,177,94,35,420
PRPF40B,3,8,4,11,21
PRPF6,76,85,35,30,365
PRPF8,111,150,59,51,777
PRPH,13,14,8,6,199
PRPH2,0,0,4,11,29
PRPS1,19,47,8,40,196
PRPS1L1,5,5,5,30,34
PRPS2,13,18,5,35,243
PRPSAP1,22,27,19,17,102
PRPSAP2,11,18,6,15,104
PRR11,1,88,1,0,126
PRR12,5,7,3,1,117
PRR13,23,23,23,3,54
PRR14,9,10,5,4,37
PRR14L,7,12,2,3,59
PRR15,2,2,1,1,8
PRR15L,0,0,0,3,1
PRR16,6,6,6,0,16
PRR19,2,2,2,1,12
PRR22,3,3,3,0,30
PRR23A,0,0,0,0,0
PRR23B,1,1,1,0,7
PRR3,14,25,9,4,245
PRR32,0,0,0,1,4
PRR5,6,5,6,9,39
PRR5L,6,4,4,3,22
PRR7,1,1,1,0,4
PRRC1,9,23,5,0,54
PRRC2A,45,56,35,12,375
PRRC2B,15,28,8,1,275
PRRC2C,17,26,8,10,283
PRRG1,5,4,0,3,14
PRRG4,7,9,7,1,37
PRRT1,0,0,0,1,7
PRRT2,1,9,1,4,21
PRRT4,1,1,0,0,10
PRRX1,1,1,5,5,15
PRRX2,0,0,1,4,0
PRSS1,7,13,14,17,70
PRSS16,0,2,0,2,43
PRSS21,2,6,2,3,25
PRSS22,0,2,0,0,14
PRSS23,27,33,26,1,52
PRSS27,0,0,0,2,1
PRSS3,4,7,4,7,55
PRSS33,1,1,1,1,8
PRSS36,0,0,0,1,0
PRSS50,1,22,1,6,43
PRSS58,0,0,0,6,1
PRSS8,0,0,1,6,55
PRTFDC1,14,20,14,15,38
PRTG,1,0,1,0,11
PRTN3,5,5,14,29,81
PRUNE2,13,12,3,4,31
PRX,5,5,9,41,17
PRXL2B,0,0,0,1,0
PSAP,39,39,21,132,118
PSAPL1,0,0,0,10,4
PSAT1,24,37,9,55,101
PSCA,1,1,0,65,145
PSD,2,2,7,3,5
PSD2,2,2,0,1,14
PSD3,4,4,4,0,68
PSD4,2,1,3,2,20
PSEN1,77,79,91,54,197
PSEN2,47,54,65,30,76
PSENEN,7,9,9,85,79
PSG3,3,9,4,1,19
PSIP1,41,46,14,15,204
PSKH1,5,5,5,1,62
PSKH2,1,10,2,2,64
PSMA1,158,189,149,50,495
PSMA2,103,127,73,58,220
PSMA3,253,275,160,58,460
PSMA4,77,97,68,55,511
PSMA5,98,129,68,42,346
PSMA6,110,137,91,55,313
PSMA7,97,106,89,59,279
PSMA8,33,35,4,29,71
PSMB1,105,119,80,37,346
PSMB10,19,22,19,34,90
PSMB11,0,0,0,27,7
PSMB2,71,83,56,43,210
PSMB3,69,84,68,39,202
PSMB4,70,93,67,39,219
PSMB5,77,96,67,33,249
PSMB6,51,74,57,44,227
PSMB7,63,79,56,34,207
PSMB8,40,58,22,39,103
PSMB9,31,70,26,46,87
PSMC1,86,126,72,41,352
PSMC2,104,148,74,47,362
PSMC3,97,172,82,39,419
PSMC3IP,2,17,6,4,34
PSMC4,85,110,73,41,332
PSMC5,132,175,116,58,476
PSMC6,87,112,66,42,343
PSMD1,98,116,70,44,395
PSMD10,56,64,38,30,190
PSMD11,104,129,95,42,353
PSMD12,68,90,60,42,311
PSMD13,77,88,60,35,309
PSMD14,72,106,63,59,522
PSMD2,126,158,163,49,427
PSMD3,83,120,111,38,796
PSMD4,124,157,107,48,351
PSMD5,31,71,23,25,116
PSMD6,63,86,82,36,301
PSMD7,71,103,65,37,263
PSMD8,67,80,52,39,168
PSMD9,44,63,25,33,171
PSME1,61,68,28,30,264
PSME2,41,44,8,27,128
PSME3,83,147,60,54,390
PSME3IP1,0,0,0,9,0
PSME4,19,28,45,24,94
PSMF1,27,34,31,23,95
PSMG1,24,35,4,14,100
PSMG2,14,37,8,2,70
PSMG3,24,28,5,2,97
PSMG4,1,12,1,1,54
PSPC1,24,38,12,12,509
PSPH,5,9,16,121,17
PSRC1,9,16,2,13,40
PSTPIP1,51,51,66,17,91
PSTPIP2,3,3,4,8,30
PTAFR,12,10,13,10,48
PTAR1,1,4,1,5,20
PTBP1,95,123,63,52,445
PTBP2,21,21,24,17,65
PTCD3,31,60,108,16,336
PTCH1,12,88,10,22,266
PTCH2,2,2,5,7,16
PTCHD1,0,0,0,1,1
PTDSS1,4,8,2,4,217
PTDSS2,3,4,1,7,98
PTEN,87,214,50,570,637
PTF1A,14,13,1,9,13
PTGDR,6,6,3,9,10
PTGDS,14,14,14,68,29
PTGER1,1,1,4,10,3
PTGER2,0,0,3,9,2
PTGER3,23,111,22,10,117
PTGER4,4,3,2,16,47
PTGES,1,1,3,47,21
PTGES2,8,9,6,9,98
PTGES3,61,85,40,36,434
PTGFR,1,10,4,59,18
PTGFRN,7,14,6,5,54
PTGIR,13,12,8,51,69
PTGIS,4,4,3,88,5
PTGR1,4,14,1,3,39
PTGS1,6,6,3,18,13
PTGS2,25,28,7,109,44
PTH,6,6,6,209,9
PTH1R,6,48,12,9,85
PTH2,0,0,1,9,1
PTH2R,3,3,8,5,116
PTHLH,5,5,7,18,6
PTK2,97,113,156,88,284
PTK2B,62,58,82,43,77
PTK6,19,22,19,17,91
PTK7,2,9,2,14,149
PTMA,65,66,62,121,196
PTMS,29,28,14,1,81
PTN,93,92,101,107,103
PTOV1,13,17,9,6,69
PTP4A1,10,15,9,4,102
PTP4A2,9,10,10,5,109
PTP4A3,37,38,98,0,99
PTPA,0,0,0,69,0
PTPMT1,19,21,18,5,190
PTPN1,38,88,59,41,621
PTPN11,96,105,137,89,318
PTPN12,41,42,57,27,138
PTPN13,13,18,26,12,180
PTPN14,33,34,12,9,172
PTPN18,4,5,9,3,55
PTPN2,12,21,28,11,198
PTPN21,3,4,5,2,89
PTPN22,11,13,18,20,51
PTPN23,29,36,17,9,157
PTPN3,13,15,24,20,94
PTPN4,11,12,16,1,50
PTPN5,13,14,12,1,76
PTPN6,58,65,106,31,222
PTPN7,6,6,9,3,63
PTPN9,12,13,12,2,100
PTPRA,8,12,14,77,139
PTPRB,6,5,32,62,32
PTPRC,24,23,73,533,32
PTPRD,3,9,10,116,129
PTPRE,5,4,12,22,52
PTPRF,17,38,27,87,246
PTPRG,5,6,27,10,95
PTPRH,7,7,11,1,80
PTPRJ,9,21,40,76,84
PTPRK,9,90,26,65,183
PTPRM,2,2,10,26,62
PTPRN,7,8,14,11,114
PTPRN2,3,3,5,7,55
PTPRO,11,11,28,2,139
PTPRR,3,6,7,0,105
PTPRS,21,29,27,11,143
PTPRT,1,1,3,2,9
PTPRU,3,4,9,44,111
PTPRZ1,7,8,18,19,30
PTRH2,17,22,4,3,230
PTS,14,14,17,32,44
PTTG1,23,36,28,41,58
PTTG1IP,6,6,5,2,53
PTTG2,1,1,1,14,13
PTX3,0,2,9,10,58
PUF60,102,121,73,29,371
PUM1,24,34,9,28,288
PUM2,9,13,11,18,139
PURA,27,33,18,11,264
PURB,18,21,4,1,147
PURG,1,1,1,7,221
PUS1,24,35,4,23,132
PUS10,0,1,0,2,5
PUS3,1,0,0,12,8
PUS7L,4,6,4,7,15
PUSL1,3,7,3,8,60
PVALB,0,0,0,40,5
PVR,18,17,20,127,163
PWP1,22,36,15,14,168
PWP2,18,29,9,23,132
PWWP2A,1,3,1,0,76
PWWP2B,2,2,2,0,17
PXDC1,1,3,0,0,7
PXDN,3,12,3,549,78
PXDNL,2,5,2,540,17
PXK,6,9,1,42,40
PXMP2,4,8,4,1,281
PXMP4,2,1,2,0,10
PXN,72,81,98,339,311
PXT1,0,0,0,1,1
PYCARD,31,32,18,140,81
PYCR1,17,25,7,12,200
PYCR2,12,25,10,5,197
PYCR3,0,0,0,4,0
PYDC1,1,1,2,8,2
PYGB,21,38,8,182,149
PYGL,27,39,9,42,123
PYGM,9,10,29,203,81
PYGO1,5,5,6,3,23
PYGO2,14,19,11,4,52
PYM1,0,0,0,4,0
PYROXD1,8,8,3,9,14
PYURF,0,0,0,28,7
PZP,3,5,6,3,18
QARS1,0,0,0,22,0
QDPR,9,25,11,14,39
QKI,55,60,36,174,189
QPCT,11,19,11,6,42
QPCTL,12,15,8,2,99
QPRT,8,44,8,17,83
QRFPR,1,1,0,7,11
QRICH1,26,32,18,13,141
QRSL1,2,2,5,23,106
QSER1,4,9,2,3,112
QSOX1,4,9,4,10,66
QSOX2,7,24,2,3,105
QTRT1,9,16,9,7,38
R3HDM1,2,5,3,3,86
R3HDM2,12,13,11,2,129
R3HDM4,1,1,1,13,8
R3HDML,1,1,1,3,4
RAB10,29,49,22,25,181
RAB11A,46,74,37,49,838
RAB11B,28,72,14,8,159
RAB11FIP1,9,20,6,8,127
RAB11FIP2,17,30,14,14,80
RAB11FIP3,8,12,12,7,19
RAB11FIP4,9,8,11,2,23
RAB11FIP5,16,21,14,4,179
RAB12,2,2,1,7,29
RAB13,7,12,6,23,106
RAB14,27,43,19,18,274
RAB15,4,3,5,7,32
RAB17,6,12,11,6,20
RAB18,7,18,9,8,137
RAB18,7,18,9,8,137
RAB1A,53,129,36,34,390
RAB1B,17,71,18,17,212
RAB20,2,1,1,5,26
RAB21,7,8,8,10,128
RAB22A,10,10,9,9,22
RAB23,2,4,3,9,52
RAB24,5,4,5,6,31
RAB25,11,11,16,10,256
RAB26,6,2,6,4,19
RAB27A,25,23,30,24,80
RAB28,2,1,2,4,22
RAB29,0,5,6,12,92
RAB2A,25,98,22,11,534
RAB2B,11,11,11,7,86
RAB30,2,1,4,5,34
RAB31,18,29,3,9,47
RAB32,4,19,3,11,68
RAB33A,9,7,8,5,36
RAB34,7,10,6,7,75
RAB35,16,25,16,15,565
RAB36,1,1,0,6,2
RAB37,6,4,6,4,9
RAB38,2,2,8,10,31
RAB39A,6,6,5,5,52
RAB39B,6,7,4,10,55
RAB3A,23,34,26,20,71
RAB3B,7,13,15,9,297
RAB3D,11,7,15,8,34
RAB3GAP1,20,25,9,13,151
RAB3GAP2,20,21,12,13,140
RAB3IL1,12,25,17,5,55
RAB3IP,17,21,22,12,112
RAB40A,2,12,4,7,18
RAB40B,7,13,7,6,32
RAB40C,6,8,5,8,30
RAB43,2,2,2,5,45
RAB4A,28,29,37,26,458
RAB4B,3,18,5,9,33
RAB5A,64,98,56,52,699
RAB5B,29,53,18,12,142
RAB5C,29,137,24,16,582
RAB6A,19,36,24,18,134
RAB6B,6,17,9,11,108
RAB7A,45,162,34,40,883
RAB8A,37,55,19,40,174
RAB8B,17,26,20,13,73
RAB9A,11,15,10,11,601
RAB9B,1,9,2,8,30
RABAC1,50,50,73,7,129
RABEP1,36,43,27,9,179
RABEP2,20,24,5,3,97
RABEPK,10,9,8,10,28
RABGAP1,14,24,20,2,121
RABGAP1L,8,24,1,1,120
RABGEF1,33,35,36,15,145
RABGGTA,6,12,3,95,81
RABGGTB,11,56,19,99,89
RABIF,15,26,17,412,77
RABL2A,8,17,2,1,27
RABL2B,3,4,2,0,11
RABL3,2,14,2,4,188
RABL6,0,38,5,5,133
RAC1,127,149,211,64,995
RAC2,19,18,23,52,665
RAC3,10,6,25,26,618
RACGAP1,24,75,37,54,198
RACK1,0,0,0,91,0
RACK1,0,0,0,91,0
RAD1,18,18,21,10,48
RAD17,27,27,24,29,89
RAD18,43,65,29,39,459
RAD21,237,248,215,42,380
RAD21L1,1,1,1,5,2
RAD23A,139,146,66,22,224
RAD23B,77,104,41,25,227
RAD50,59,86,33,19,372
RAD50,59,86,33,19,372
RAD51,59,102,64,115,224
RAD51,59,102,64,115,224
RAD51AP1,9,15,9,48,34
RAD51AP2,0,0,1,0,6
RAD51B,7,6,40,34,43
RAD51C,9,14,12,39,46
RAD51D,21,25,20,46,97
RAD52,37,36,16,45,61
RAD54B,32,32,37,21,55
RAD54L,3,6,5,53,9
RAD54L2,17,22,19,3,101
RAD9A,29,29,35,24,54
RAD9B,4,4,5,9,10
RADIL,20,22,23,6,47
RAE1,86,120,66,30,232
RAET1E,0,0,2,3,21
RAF1,128,149,141,71,1846
RAG1,19,20,39,28,27
RAI1,19,22,18,2,116
RAI14,16,40,11,4,223
RAI2,8,9,8,2,24
RALA,41,57,37,26,134
RALB,15,14,13,98,77
RALBP1,35,43,42,11,170
RALGAPA1,4,6,3,10,76
RALGAPA2,0,2,2,1,40
RALGAPB,2,4,3,77,61
RALGDS,21,22,25,14,30
RALGPS1,5,5,4,2,9
RALY,56,75,17,134,355
RALYL,20,37,22,43,64
RAMP1,2,2,9,5,32
RAMP3,7,7,11,6,172
RAN,91,111,148,360,454
RANBP1,23,29,24,18,215
RANBP10,18,25,13,10,113
RANBP2,85,123,86,57,353
RANBP3,42,45,15,5,103
RANBP6,13,26,5,6,109
RANBP9,94,110,67,14,427
RANGAP1,69,109,29,25,294
RANGRF,5,10,2,45,31
RAP1A,43,62,56,38,155
RAP1B,34,64,39,32,176
RAP1GAP,16,17,22,7,47
RAP1GAP2,3,3,4,2,10
RAP1GDS1,41,61,14,9,140
RAP2A,25,34,35,11,82
RAP2B,12,12,12,11,37
RAPGEF1,16,17,31,34,34
RAPGEF2,39,60,53,9,82
RAPGEF3,9,9,9,14,20
RAPGEF4,10,10,8,11,23
RAPGEF5,7,7,7,5,36
RAPGEF6,10,13,9,5,78
RAPGEFL1,3,3,2,0,7
RAPH1,7,12,5,9,65
RAPSN,5,6,8,57,18
RARA,115,107,107,346,160
RARB,20,21,21,20,27
RARG,32,31,35,124,44
RARRES1,0,0,0,2,21
RARS1,0,0,0,30,0
RARS2,2,17,3,21,96
RASA1,49,49,87,62,137
RASA3,6,7,6,5,36
RASA4,2,2,6,6,5
RASA4B,1,0,0,4,5
RASAL2,10,12,29,8,156
RASAL3,2,2,4,7,27
RASD1,9,10,11,5,41
RASD2,6,10,18,4,13
RASEF,1,1,1,2,25
RASGEF1A,1,1,1,4,6
RASGEF1B,0,0,0,0,9
RASGRF1,9,10,25,17,16
RASGRF2,5,4,6,13,28
RASGRP1,4,4,4,15,9
RASGRP2,3,2,7,7,10
RASGRP3,11,11,10,9,19
RASGRP4,0,1,2,7,10
RASIP1,4,13,9,4,16
RASL10A,0,5,0,2,6
RASL10B,4,11,3,1,55
RASL11A,1,1,0,1,13
RASL11B,6,6,5,1,18
RASL12,1,4,9,0,9
RASSF1,37,52,39,23,95
RASSF2,24,28,8,6,42
RASSF3,6,20,7,5,38
RASSF4,3,3,7,0,8
RASSF5,41,40,51,14,48
RASSF7,5,31,5,1,40
RASSF8,14,44,7,3,89
RAVER1,31,47,9,14,167
RAVER2,2,1,1,5,17
RAX2,0,0,1,2,0
RB1,197,217,215,38,317
RB1CC1,44,72,36,23,345
RBAK,4,3,3,14,57
RBBP4,156,167,122,56,565
RBBP5,63,71,42,25,282
RBBP6,53,69,33,9,217
RBBP7,110,151,93,61,510
RBBP8,39,44,41,44,110
RBBP9,5,4,6,5,9
RBCK1,63,67,68,27,558
RBFA,2,4,2,66,62
RBFOX1,34,36,28,16,87
RBFOX2,57,93,57,19,290
RBFOX3,0,4,0,44,34
RBIS,0,0,0,11,0
RBKS,2,7,1,94,19
RBL1,69,69,76,1,98
RBL2,59,60,63,7,76
RBM10,58,71,132,25,263
RBM11,7,16,11,3,170
RBM12,17,28,5,3,115
RBM12B,9,13,3,4,75
RBM14,97,105,27,29,537
RBM15,28,39,17,20,180
RBM15B,17,26,11,10,104
RBM17,28,39,50,22,204
RBM18,5,12,4,4,15
RBM19,5,22,3,13,217
RBM22,16,27,11,22,167
RBM23,28,40,28,3,93
RBM25,53,68,18,33,311
RBM26,12,39,6,2,135
RBM27,17,24,1,9,142
RBM28,25,45,9,15,353
RBM3,27,29,18,16,159
RBM33,12,20,7,1,122
RBM34,10,34,4,21,292
RBM38,3,4,3,1,23
RBM39,132,144,67,65,1036
RBM4,58,88,93,14,325
RBM41,18,18,18,9,40
RBM42,18,22,14,12,333
RBM43,1,0,1,1,10
RBM44,0,0,0,3,2
RBM45,10,30,9,23,209
RBM47,5,5,3,6,206
RBM48,48,48,53,7,72
RBM4B,13,59,11,2,264
RBM5,23,31,17,18,136
RBM6,11,15,7,5,126
RBM7,22,53,18,14,122
RBM8A,66,102,30,47,449
RBMS1,29,33,4,5,207
RBMS2,14,15,3,2,250
RBMS3,0,9,0,3,50
RBMX,103,139,53,307,457
RBMXL2,10,10,8,12,37
RBP1,11,11,16,11,32
RBP4,4,4,5,28,26
RBP5,4,4,3,1,6
RBP7,0,6,0,0,11
RBPJ,32,119,29,242,245
RBPJL,2,2,1,50,9
RBPMS,175,183,168,75,340
RBSN,0,15,14,89,59
RBX1,146,151,93,63,555
RC3H2,5,15,4,11,669
RCAN1,12,13,11,7,47
RCAN2,2,17,2,3,23
RCAN3,2,12,1,0,17
RCBTB1,9,12,10,2,20
RCBTB2,7,9,7,1,51
RCC1,74,91,86,19,195
RCC2,21,40,19,12,225
RCCD1,2,2,1,1,67
RCE1,1,0,0,12,9
RCHY1,74,79,69,7,322
RCL1,11,16,3,17,109
RCN1,43,93,6,3,261
RCN2,33,44,20,9,281
RCN3,9,9,10,0,24
RCOR1,41,51,44,18,499
RCOR2,4,6,2,0,29
RCOR3,37,47,31,0,174
RCVRN,10,10,11,11,18
RD3,3,11,3,8,15
RDH10,2,2,1,6,23
RDH11,6,17,4,8,125
RDH12,5,19,5,10,44
RDH13,7,18,4,5,80
RDH14,1,2,1,3,44
RDH5,2,6,2,3,8
RDH8,0,0,0,4,8
RDM1,2,3,2,0,8
RDX,29,66,30,226,279
REC8,3,3,3,17,39
RECK,11,12,14,56,54
RECQL,10,26,17,110,289
RECQL5,34,44,28,25,107
REEP1,2,2,1,5,28
REEP4,2,11,2,2,196
REEP5,9,42,11,10,385
REEP6,14,19,30,1,111
REG1A,2,3,2,1,6
REG3A,3,3,6,2,12
REL,206,209,253,328,376
RELA,249,263,331,514,1179
RELB,44,43,102,293,75
RELL1,1,2,4,1,80
RELL2,1,1,3,1,48
RELN,4,4,6,126,15
RELT,4,11,3,27,65
REM1,6,6,8,4,7
REN,3,3,8,290,11
REP15,0,0,0,4,19
REPIN1,16,23,6,8,109
REPS1,14,20,12,16,102
REPS2,8,13,23,14,27
RER1,8,29,5,8,186
RERE,23,25,27,43,90
RERG,0,0,0,9,2
REST,32,34,26,16,260
RET,27,42,42,269,266
RETREG3,0,0,0,2,0
RETSAT,0,13,2,65,124
REV1,17,22,12,34,32
REV3L,9,11,7,37,39
REX1BD,0,0,0,1,0
REXO1,4,5,4,4,11
REXO2,1,8,6,6,32
REXO4,6,14,4,9,260
REXO5,0,0,0,2,0
RFC1,46,61,41,28,231
RFC2,45,57,27,35,170
RFC3,29,43,24,52,177
RFC4,65,74,23,67,223
RFC5,42,55,31,35,198
RFESD,1,1,1,8,9
RFFL,18,23,14,29,84
RFK,3,8,3,84,25
RFNG,0,0,0,21,5
RFTN1,2,2,3,1,40
RFWD3,21,43,16,16,75
RFX1,13,17,15,13,75
RFX2,3,7,5,6,23
RFX3,12,16,11,4,67
RFX4,2,2,3,3,2
RFX5,20,25,7,11,51
RFX6,25,25,23,8,43
RFXANK,18,29,18,62,143
RFXAP,7,8,5,29,20
RGCC,0,8,3,18,10
RGL1,2,2,4,7,15
RGL2,15,14,17,10,27
RGL4,4,5,4,2,7
RGMA,3,14,3,2,17
RGMB,0,0,0,18,10
RGN,1,5,2,19,8
RGP1,3,1,2,7,20
RGR,1,1,6,1,10
RGS1,6,6,9,9,8
RGS1,6,6,9,9,8
RGS10,9,8,15,2,13
RGS11,4,4,1,3,11
RGS12,5,4,20,4,34
RGS13,5,4,3,5,13
RGS14,16,16,14,3,23
RGS16,14,14,15,6,15
RGS17,19,18,18,5,46
RGS18,5,5,5,10,8
RGS19,11,11,17,7,28
RGS2,55,57,62,5,75
RGS20,43,43,52,3,114
RGS22,0,0,1,4,7
RGS3,15,13,25,5,56
RGS4,8,9,14,10,18
RGS5,7,7,6,6,13
RGS6,9,9,5,3,17
RGS7,8,8,16,5,15
RGS9,6,5,5,4,13
RGSL1,1,2,1,3,8
RHBDD1,2,5,1,5,352
RHBDD3,1,8,1,0,28
RHBDF1,2,3,2,6,12
RHBDF2,1,3,1,4,171
RHBDL1,0,3,0,1,18
RHBDL2,1,1,2,6,7
RHCG,0,0,0,28,62
RHEB,27,31,30,205,94
RHEBL1,6,6,14,5,6
RHEX,0,0,0,0,0
RHNO1,0,13,8,9,21
RHO,11,10,15,20,11
RHOA,102,132,116,555,1177
RHOB,15,15,30,233,833
RHOBTB1,6,5,7,6,401
RHOBTB2,7,15,4,6,164
RHOBTB3,14,23,11,7,98
RHOC,11,14,20,254,579
RHOD,9,15,14,93,563
RHOF,6,8,2,87,673
RHOG,11,13,20,203,899
RHOH,6,5,12,22,505
RHOJ,13,19,21,16,623
RHOQ,13,12,21,148,437
RHOT1,11,12,4,17,74
RHOT2,27,27,4,10,333
RHOU,0,125,8,16,514
RHOV,1,1,2,7,242
RHOXF1,2,2,2,1,3
RHOXF2,56,58,61,5,103
RHPN1,6,9,11,8,49
RHPN2,7,7,16,7,23
RIBC1,7,7,8,2,60
RIC8A,32,32,21,4,88
RIC8B,1,15,3,9,45
RICTOR,55,60,26,213,727
RIDA,0,0,0,73,0
RIF1,27,43,123,6,215
RILP,7,12,8,67,25
RILPL1,2,1,2,1,18
RILPL2,4,4,6,3,6
RIMBP2,3,2,3,2,6
RIMBP3,18,18,15,3,21
RIMKLB,2,3,2,8,12
RIMS1,13,9,26,5,20
RIMS2,9,4,15,5,13
RIMS3,2,3,3,1,11
RIMS4,4,4,3,1,9
RIN1,15,17,18,24,108
RIN2,7,6,7,4,22
RIN3,7,41,14,11,459
RING1,54,58,42,20,202
RINL,0,0,0,2,13
RINT1,43,51,45,15,218
RIOK1,11,29,7,14,563
RIOK1,11,29,7,14,563
RIOK2,24,26,7,21,126
RIOK3,16,25,17,4,84
RIPK1,65,72,78,52,190
RIPK2,41,43,73,36,84
RIPK3,18,23,101,28,53
RIPK4,8,10,8,13,445
RIPOR3,0,0,0,2,0
RIPPLY1,6,6,6,1,54
RIPPLY2,3,3,3,1,19
RIT1,10,10,19,2,21
RIT2,7,8,15,5,15
RITA1,0,5,10,2,48
RLBP1,2,2,4,8,7
RLF,8,9,11,19,64
RLIM,26,29,29,7,382
RLN2,0,0,2,8,11
RMDN1,0,6,3,4,47
RMDN2,0,4,4,3,28
RMDN3,0,29,8,14,322
RMI1,17,18,14,23,37
RMI2,7,10,6,27,21
RMND5A,10,33,7,5,169
RMND5B,12,12,11,3,48
RNASE11,2,1,3,0,2
RNASE12,0,0,0,0,2
RNASE4,1,1,0,0,12
RNASE6,1,1,1,6,1
RNASE7,1,7,1,2,64
RNASEH1,5,7,2,25,48
RNASEH2A,9,41,2,42,77
RNASEH2B,8,39,1,10,57
RNASEL,3,3,6,202,43
RNASET2,9,11,1,4,18
RND1,13,13,12,17,242
RND2,9,8,7,10,437
RND3,11,14,7,15,268
RNF10,35,35,56,3,427
RNF103,14,13,19,2,27
RNF11,92,91,73,9,160
RNF111,49,51,46,11,99
RNF112,1,0,1,1,4
RNF113A,11,16,9,17,691
RNF113B,4,5,5,1,8
RNF114,37,42,27,5,96
RNF115,32,36,31,2,139
RNF121,1,0,0,1,17
RNF122,9,8,8,1,19
RNF123,11,24,13,1,817
RNF125,17,19,20,16,53
RNF126,33,87,47,5,146
RNF128,12,12,14,1,68
RNF13,15,30,9,2,78
RNF130,11,23,14,1,324
RNF133,2,2,2,0,24
RNF135,6,5,4,14,27
RNF138,16,22,16,12,101
RNF139,18,17,10,12,45
RNF14,26,26,23,6,39
RNF141,4,5,4,1,12
RNF144A,14,14,25,3,91
RNF144B,17,16,48,2,38
RNF145,1,0,1,5,31
RNF146,30,38,12,11,75
RNF148,0,0,0,0,6
RNF149,3,12,61,0,554
RNF150,12,12,10,1,19
RNF151,3,3,3,0,123
RNF152,4,5,4,5,20
RNF157,1,1,1,1,38
RNF166,17,51,33,4,92
RNF167,12,14,20,1,66
RNF168,31,41,20,12,99
RNF169,9,10,3,3,76
RNF170,3,15,3,1,65
RNF180,3,2,2,0,8
RNF181,21,26,19,4,138
RNF182,5,5,4,0,11
RNF183,8,9,8,0,19
RNF185,53,54,25,8,157
RNF186,5,3,3,1,12
RNF19A,13,12,17,6,19
RNF19B,6,9,6,1,81
RNF2,697,707,71,20,812
RNF20,39,65,61,12,205
RNF207,0,4,0,1,6
RNF208,4,4,5,0,74
RNF213,13,21,9,7,161
RNF214,5,8,3,0,102
RNF215,0,0,0,0,3
RNF216,20,19,16,7,53
RNF217,2,2,1,1,8
RNF220,7,7,9,0,43
RNF222,1,1,0,0,1
RNF24,3,2,4,1,19
RNF25,13,14,13,1,43
RNF26,9,25,9,2,102
RNF31,46,58,27,26,400
RNF32,41,41,41,1,45
RNF34,18,20,14,2,56
RNF38,15,15,14,6,102
RNF39,2,1,1,1,8
RNF4,43,50,40,37,1408
RNF40,34,61,42,7,261
RNF41,34,54,29,10,146
RNF43,15,17,17,13,427
RNF44,1,0,1,0,15
RNF5,38,43,50,8,138
RNF6,5,4,3,3,73
RNF7,49,49,26,15,141
RNF8,50,50,44,26,433
RNFT1,3,2,3,0,32
RNGTT,7,9,4,97,137
RNH1,26,31,13,4,218
RNLS,1,1,1,1,2
RNMT,10,14,10,97,86
RNPC3,8,9,4,10,46
RNPEP,6,7,4,30,55
RNPS1,119,168,135,33,419
RO60,0,0,0,10,0
ROBO1,5,7,13,8,95
ROBO2,11,17,16,6,46
ROBO4,4,4,8,6,10
ROCK1,29,35,35,53,167
ROCK2,14,18,18,33,149
ROGDI,3,12,3,30,30
ROM1,1,1,1,8,3
ROPN1,21,21,22,3,59
ROPN1B,0,0,2,0,2
ROPN1L,3,5,3,5,11
ROR1,6,6,6,7,112
ROR2,15,17,16,6,333
RORA,24,23,24,134,34
RORB,13,15,17,76,69
RORC,3,25,21,18,39
ROS1,5,5,8,17,94
RP1,0,0,1,2,8
RP1L1,0,1,4,6,3
RP2,3,39,3,2,104
RP9,4,7,5,6,99
RPA1,445,462,98,50,3050
RPA2,415,439,69,42,2900
RPA3,371,380,27,43,2877
RPA4,7,13,8,8,451
RPAIN,5,9,4,18,16
RPAP1,42,47,8,1,98
RPAP2,48,58,4,6,155
RPAP3,57,73,15,9,217
RPE,3,47,2,116,52
RPE65,3,2,2,12,7
RPF1,2,11,2,16,130
RPF2,15,48,9,23,227
RPGR,7,25,13,195,49
RPGRIP1,25,58,22,6,66
RPH3A,13,7,16,5,28
RPH3AL,12,5,14,4,23
RPIA,18,26,15,165,65
RPL10,83,333,159,37,683
RPL10A,104,152,127,39,490
RPL10L,78,81,7,25,115
RPL11,147,174,282,64,632
RPL12,110,141,185,45,400
RPL13,113,197,212,40,671
RPL13A,41,118,178,65,559
RPL14,126,224,199,40,542
RPL15,124,154,139,43,511
RPL15,124,154,139,43,511
RPL17,102,129,159,41,562
RPL18,139,160,234,43,511
RPL18A,106,138,174,44,434
RPL19,129,145,154,47,610
RPL21,118,138,210,39,360
RPL22,98,138,106,27,417
RPL22L1,6,15,6,13,81
RPL23,137,183,259,60,520
RPL23A,147,171,185,47,605
RPL24,121,152,223,30,380
RPL26,46,92,228,43,385
RPL26L1,25,91,8,35,436
RPL27,70,129,120,46,423
RPL27A,86,130,176,36,452
RPL28,40,66,169,31,446
RPL3,111,151,137,59,703
RPL30,107,131,116,43,456
RPL31,124,148,175,39,671
RPL32,55,81,19,37,325
RPL35,64,115,187,42,506
RPL35A,18,83,163,38,382
RPL36,65,116,29,32,510
RPL36A,8,11,6,24,127
RPL36A,8,11,6,24,127
RPL36AL,8,24,8,25,311
RPL37,14,29,8,19,155
RPL37A,96,134,139,32,393
RPL37A,96,134,139,32,393
RPL38,77,125,149,27,334
RPL38,77,125,149,27,334
RPL39,2,19,2,28,112
RPL39,2,19,2,28,112
RPL39L,3,2,2,16,4
RPL3L,4,38,3,38,64
RPL4,146,179,200,74,760
RPL41,6,6,7,6,9
RPL5,163,200,111,64,594
RPL6,162,250,238,50,611
RPL7,140,172,262,53,478
RPL7A,129,149,237,44,672
RPL7L1,10,16,7,33,202
RPL8,113,179,211,63,527
RPL9,121,163,106,55,396
RPLP0,138,190,207,92,640
RPLP1,94,122,170,21,303
RPLP2,75,122,33,29,392
RPN1,61,142,140,19,832
RPN2,40,68,33,14,795
RPP14,16,17,19,8,43
RPP25,8,17,7,7,57
RPP25L,0,14,8,9,71
RPP30,21,25,16,10,109
RPP38,17,35,16,33,90
RPP40,10,10,8,7,47
RPRD1A,25,36,7,0,173
RPRD1B,39,68,4,0,225
RPRD2,13,21,8,2,147
RPRM,7,8,8,1,98
RPRML,0,0,0,2,1
RPS10,109,154,110,25,559
RPS11,122,156,121,64,489
RPS12,95,113,85,35,327
RPS13,142,166,245,48,472
RPS14,126,167,118,56,501
RPS15,72,122,18,47,413
RPS15A,140,168,218,31,401
RPS16,151,171,109,63,711
RPS17,73,89,23,27,296
RPS18,96,150,183,68,396
RPS19,134,161,100,43,624
RPS19BP1,6,8,6,4,93
RPS2,174,267,228,62,625
RPS20,129,154,171,71,520
RPS21,100,108,16,27,261
RPS21,100,108,16,27,261
RPS23,132,143,143,49,363
RPS24,145,144,94,50,514
RPS25,116,146,29,29,384
RPS27A,89,95,189,170,468
RPS27L,61,68,87,20,199
RPS28,105,107,23,49,291
RPS28,105,107,23,49,291
RPS29,51,60,17,35,179
RPS29,51,60,17,35,179
RPS3,191,224,250,83,705
RPS3A,172,205,261,55,632
RPS4X,170,200,254,40,485
RPS4Y1,7,8,5,25,85
RPS5,123,168,164,57,413
RPS6,172,193,225,76,846
RPS6KA1,59,61,67,29,197
RPS6KA2,12,16,20,17,178
RPS6KA3,35,42,44,22,194
RPS6KA4,12,14,8,3,87
RPS6KA5,46,49,90,7,118
RPS6KA6,36,36,31,7,69
RPS6KB1,55,55,61,72,110
RPS6KB2,18,193,19,29,253
RPS6KC1,4,5,7,1,28
RPS6KL1,1,1,2,1,50
RPS7,130,165,249,31,465
RPS8,165,266,254,39,632
RPS9,117,155,262,67,512
RPSA,157,207,109,516,502
RPTN,1,1,1,9,2
RPTOR,65,74,12,318,323
RPUSD2,17,21,2,3,34
RRAD,10,10,14,35,18
RRAGA,18,20,8,125,60
RRAGB,18,27,6,119,52
RRAGC,15,23,8,129,70
RRAGD,11,11,7,114,33
RRAS,12,18,23,160,52
RRAS2,14,21,31,9,90
RRBP1,32,40,13,13,326
RREB1,11,8,2,5,91
RRM1,22,27,20,80,126
RRM2,13,36,12,67,94
RRM2B,7,11,8,24,50
RRN3,19,19,16,11,35
RRP1,7,15,3,16,151
RRP12,26,58,17,16,306
RRP15,15,27,11,13,155
RRP1B,48,61,40,22,323
RRP36,3,3,1,16,62
RRP7A,27,44,4,18,108
RRP8,5,14,5,17,257
RRP9,19,29,5,30,129
RRS1,52,75,8,20,341
RS1,0,2,0,2,2
RSAD1,0,5,0,26,54
RSAD2,1,3,0,9,25
RSBN1,4,6,4,2,156
RSBN1L,5,14,2,3,114
RSC1A1,2,2,2,2,12
RSF1,12,14,9,14,122
RSL1D1,45,55,135,25,461
RSL24D1,7,13,8,24,104
RSPH1,1,1,1,6,130
RSPH3,3,3,4,9,9
RSPH9,3,14,2,5,18
RSPO1,6,12,1,11,14
RSPO2,9,9,5,5,22
RSPO4,2,1,0,1,15
RSPRY1,4,10,3,3,75
RSRC1,9,27,9,23,106
RSRC2,15,22,13,5,69
RSRP1,0,21,5,1,26
RSU1,17,30,9,12,65
RTBDN,0,9,0,15,9
RTCA,0,13,9,15,123
RTCB,0,70,13,121,365
RTEL1,8,35,0,30,93
RTF1,27,36,14,20,107
RTKN,6,7,12,70,109
RTKN2,2,2,1,2,12
RTL10,0,0,0,15,0
RTL5,0,0,0,1,0
RTL6,0,0,0,3,0
RTL8B,0,0,0,1,0
RTN1,6,7,12,9,112
RTN2,1,9,5,6,43
RTN3,16,21,22,8,178
RTN4,53,91,55,20,342
RTN4IP1,6,14,8,6,90
RTN4R,1,1,9,15,36
RTN4RL1,5,5,5,7,12
RTN4RL2,0,1,0,6,13
RTP2,1,1,1,1,88
RTP5,0,27,27,0,52
RTRAF,0,0,0,94,0
RUBCN,0,0,0,45,0
RUFY1,34,42,15,0,483
RUFY2,5,8,4,1,44
RUFY3,3,6,2,0,53
RUNDC1,2,2,2,0,15
RUNDC3A,22,22,22,4,62
RUNDC3B,4,4,3,0,8
RUNX1,67,67,57,64,291
RUNX1T1,57,57,60,15,118
RUNX2,44,45,49,64,72
RUNX3,22,22,25,30,60
RUSC1,9,12,14,14,102
RUSC2,8,15,10,8,37
RUVBL1,155,186,152,70,545
RUVBL2,184,222,223,49,598
RWDD1,4,4,5,5,13
RWDD2A,0,2,0,0,9
RWDD2B,13,23,13,1,33
RWDD3,6,6,5,1,10
RXFP1,1,2,4,5,85
RXFP3,2,2,2,4,10
RXFP4,1,1,2,2,11
RXRA,103,107,126,356,155
RXRB,28,35,59,117,60
RXRG,27,26,32,82,35
RXYLT1,0,0,0,5,0
RYR1,8,7,24,21,32
RYR2,24,24,27,26,51
RYR3,7,6,6,8,24
S100A1,18,18,25,14,32
S100A10,35,44,16,20,118
S100A11,18,17,12,9,74
S100A12,0,0,2,21,2
S100A13,14,13,8,4,40
S100A14,7,19,4,5,70
S100A16,33,33,4,0,67
S100A2,9,9,12,6,407
S100A4,23,49,28,25,129
S100A6,20,22,18,18,232
S100A7,18,32,17,6,174
S100A8,38,43,42,22,189
S100A9,76,82,21,25,262
S100B,21,27,34,32,171
S100P,16,16,16,4,278
S100PBP,2,2,1,0,11
S100Z,1,1,1,1,10
S1PR1,10,10,11,11,105
S1PR2,0,1,3,6,29
S1PR3,2,1,5,4,3
S1PR4,2,2,4,6,134
S1PR5,2,3,4,4,16
SAAL1,9,28,6,1,194
SAC3D1,1,9,0,1,15
SACM1L,6,13,7,0,161
SACS,10,12,7,30,53
SAE1,41,51,20,18,132
SAFB,66,78,28,122,243
SAFB2,30,43,26,11,211
SALL1,6,16,8,5,95
SALL2,10,18,9,2,97
SALL4,6,3,2,14,25
SAMD10,0,0,0,1,2
SAMD12,0,0,0,0,12
SAMD15,0,0,0,0,1
SAMD3,7,7,5,3,15
SAMD4A,4,5,4,3,44
SAMD4B,8,13,5,7,120
SAMD5,0,0,0,1,1
SAMD9,2,9,1,2,29
SAMD9L,0,1,0,2,11
SAMHD1,46,62,12,12,192
SAMM50,26,28,9,26,212
SAMSN1,12,11,12,4,14
SAP130,32,39,21,7,178
SAP18,89,94,53,30,487
SAP25,28,28,4,0,28
SAP30,34,48,54,6,156
SAP30BP,43,42,28,3,106
SAP30L,7,10,5,5,32
SAPCD1,0,6,1,1,16
SAPCD2,0,5,0,2,35
SAR1A,11,19,12,5,274
SAR1B,1,15,2,14,338
SARAF,0,17,10,35,205
SARNP,40,46,8,141,155
SARS1,0,0,0,22,0
SARS2,18,27,11,19,95
SART1,92,107,27,21,322
SART3,76,86,187,20,534
SASH1,12,12,7,5,51
SASH3,2,1,11,9,4
SASS6,5,66,6,17,156
SAT1,71,71,82,10,98
SAT2,5,5,4,4,18
SATB1,29,45,29,9,126
SATB2,6,32,6,10,159
SAV1,57,71,9,10,151
SAXO1,0,0,16,0,0
SAXO2,0,0,0,1,0
SAYSD1,0,1,0,1,34
SBDS,35,53,8,202,175
SBF1,10,17,7,6,152
SBK1,4,6,4,2,10
SBNO1,5,10,0,4,72
SBNO2,1,0,0,1,13
SBSPON,0,0,0,6,3
SC5D,0,4,1,19,38
SCAF1,5,13,5,5,135
SCAF11,12,28,15,12,134
SCAF4,26,30,5,11,145
SCAF8,10,13,4,14,63
SCAMP2,6,22,8,0,140
SCAMP3,24,44,13,3,220
SCAMP4,2,4,2,0,33
SCAMP5,2,4,4,2,24
SCAND1,17,18,20,2,65
SCAP,10,17,6,73,124
SCAPER,4,5,2,1,32
SCARA3,6,46,4,1,89
SCARA5,1,1,1,4,24
SCARB1,9,18,7,91,113
SCARB2,8,18,6,95,202
SCARF1,0,0,2,8,20
SCARF2,1,0,6,0,24
SCCPDH,2,28,2,19,195
SCD,5,16,6,210,142
SCD5,1,5,1,12,54
SCEL,8,8,9,53,34
SCFD1,34,47,16,13,265
SCG2,5,5,11,12,15
SCG3,2,2,3,8,18
SCG5,4,4,6,6,23
SCGB1A1,3,3,5,14,9
SCGB1D1,0,5,1,2,131
SCHIP1,6,7,47,3,32
SCIN,4,7,6,170,56
SCLT1,4,151,7,7,170
SCLY,15,29,4,80,41
SCMH1,18,20,18,9,48
SCML1,7,9,0,0,60
SCML2,7,8,2,5,78
SCN1A,3,3,71,9,22
SCN1B,1,2,4,8,15
SCN2A,1,0,5,12,68
SCN2B,0,85,1,5,90
SCN3B,0,0,1,5,212
SCN4A,4,4,11,6,91
SCN5A,10,10,23,23,25
SCN8A,1,1,4,5,11
SCN9A,0,0,3,5,8
SCNM1,45,52,42,8,197
SCNN1A,20,20,18,5,64
SCNN1B,18,18,16,3,20
SCNN1D,4,3,6,0,22
SCNN1G,12,13,13,3,18
SCO2,34,37,5,17,133
SCP2,30,38,11,35,68
SCPEP1,12,16,1,1,79
SCRG1,1,1,1,0,5
SCRIB,23,43,24,190,269
SCRN1,8,7,5,2,54
SCRN2,2,12,2,5,29
SCRT2,0,0,0,0,9
SCTR,6,6,11,7,6
SCUBE1,0,0,2,0,0
SCUBE2,0,0,1,7,2
SCUBE3,0,0,4,1,2
SCX,0,2,2,2,5
SCYL1,10,19,7,6,149
SCYL2,14,29,9,4,182
SCYL3,5,8,6,3,91
SDAD1,9,21,2,15,158
SDC1,15,15,18,54,74
SDC2,23,31,35,16,144
SDC2,23,31,35,16,144
SDC3,11,11,23,20,36
SDC4,9,11,18,28,75
SDCBP,161,188,175,151,422
SDCBP2,37,37,41,6,67
SDE2,0,7,4,17,35
SDF2,3,7,1,6,60
SDF2L1,9,17,7,10,312
SDF4,18,76,16,8,160
SDHA,66,90,22,512,390
SDHAF1,0,0,0,10,9
SDHAF2,18,29,5,8,34
SDHAF3,0,0,0,10,0
SDHB,44,84,19,499,194
SDHC,4,12,7,403,20
SDHD,0,0,1,214,19
SDK1,4,6,3,0,22
SDR39U1,2,1,2,2,28
SDR42E1,2,1,4,11,3
SDR9C7,0,3,0,1,78
SDSL,2,1,3,16,7
SEC11A,8,15,9,3,98
SEC11C,1,4,1,4,55
SEC13,30,62,25,54,188
SEC14L1,1,3,1,2,17
SEC14L2,1,0,2,1,24
SEC14L5,0,0,0,0,5
SEC16A,32,130,20,15,431
SEC22A,12,15,12,9,127
SEC22C,2,7,2,10,11
SEC23A,67,82,29,15,241
SEC23B,32,50,24,6,184
SEC23IP,21,34,8,8,208
SEC24A,48,55,8,8,186
SEC24B,11,31,8,19,204
SEC24C,52,64,16,15,158
SEC24D,18,26,11,14,55
SEC31A,20,45,10,17,183
SEC31B,3,12,0,2,20
SEC61A1,28,54,22,40,221
SEC61A2,4,3,6,18,45
SEC61B,21,33,24,28,768
SEC61G,4,5,3,21,41
SEC62,4,17,7,10,525
SEC63,3,26,11,25,362
SECISBP2,4,6,4,23,79
SECISBP2L,2,4,5,6,39
SECTM1,2,1,2,0,18
SEH1L,23,58,8,38,134
SEL1L,34,42,11,16,166
SEL1L3,3,3,4,4,57
SELE,9,11,20,274,18
SELENBP1,26,40,14,16,155
SELENON,0,0,0,71,0
SELENOO,0,0,0,19,0
SELENOP,0,0,0,190,0
SELENOS,0,0,0,127,0
SELENOT,0,0,0,42,0
SELENOW,0,0,0,15,0
SELL,14,13,16,50,15
SELP,9,9,9,40,10
SELPLG,5,5,12,24,8
SEM1,0,0,0,41,0
SEMA3A,1,1,2,21,9
SEMA3C,0,0,2,3,51
SEMA3E,0,0,1,3,2
SEMA3F,4,4,7,5,11
SEMA4A,1,1,6,5,11
SEMA4B,2,1,5,0,37
SEMA4C,10,18,12,1,160
SEMA4D,4,5,3,11,32
SEMA4F,0,5,2,1,38
SEMA4G,7,7,7,0,49
SEMA5A,1,0,1,4,1
SEMA5B,8,9,9,0,10
SEMA6A,6,11,8,9,57
SEMA6D,0,0,1,2,17
SEMA7A,0,0,5,3,24
SEMG1,7,16,8,14,87
SEMG2,5,7,10,4,68
SENP1,25,35,6,12,130
SENP2,22,29,21,4,166
SENP5,4,10,2,1,61
SENP6,9,9,10,7,41
SENP7,4,4,1,4,27
SENP8,14,13,15,2,24
SEPHS1,24,49,17,19,72
SEPHS2,8,11,2,15,31
SEPTIN11,0,0,0,5,0
SEPTIN14,0,0,0,2,0
SEPTIN2,0,0,0,9,0
SEPTIN4,0,0,0,12,0
SEPTIN6,0,0,0,9,0
SEPTIN6,0,0,0,9,0
SEPTIN9,0,0,0,12,0
SERAC1,1,4,1,4,27
SERBP1,66,84,30,26,1442
SERF2,16,15,14,6,85
SERGEF,3,3,2,1,15
SERHL2,1,0,1,0,7
SERINC1,9,14,8,3,66
SERINC2,0,8,0,1,53
SERINC3,11,11,11,1,20
SERINC4,0,0,0,0,0
SERINC5,0,0,0,0,36
SERP1,8,7,16,6,61
SERP2,4,3,3,0,61
SERPINA1,22,29,37,77,134
SERPINA10,2,2,3,14,16
SERPINA11,0,0,0,6,2
SERPINA12,2,12,1,10,99
SERPINA3,11,15,27,42,115
SERPINA4,12,15,13,12,18
SERPINA5,12,14,22,23,32
SERPINA6,1,9,0,22,13
SERPINA7,1,5,1,19,9
SERPINB1,6,13,5,11,68
SERPINB10,1,1,1,1,3
SERPINB12,11,15,5,2,115
SERPINB13,0,4,8,3,81
SERPINB2,7,13,7,7,102
SERPINB3,11,30,10,6,209
SERPINB4,9,25,10,3,190
SERPINB5,8,52,8,13,149
SERPINB6,7,11,7,6,42
SERPINB8,7,14,8,3,81
SERPINB9,30,32,33,5,50
SERPINC1,0,8,7,43,48
SERPIND1,2,2,6,24,11
SERPINE1,16,15,25,82,47
SERPINE2,11,13,9,11,45
SERPINF1,7,8,6,36,36
SERPINF2,10,10,20,32,23
SERPING1,12,13,15,32,40
SERPINH1,76,83,27,15,304
SERTAD1,39,38,39,2,71
SERTAD2,6,5,8,1,34
SERTAD3,8,7,25,4,44
SERTAD4,4,13,3,1,18
SERTM1,1,1,1,1,14
SESN1,6,5,2,10,10
SESN2,10,11,4,15,38
SESTD1,4,7,4,1,37
SET,95,104,131,115,282
SETBP1,14,13,9,18,28
SETD1A,21,27,17,19,163
SETD1B,11,18,15,8,69
SETD2,16,23,18,37,130
SETD3,8,15,6,3,34
SETD4,2,10,21,1,20
SETD5,8,10,7,5,73
SETD6,2,1,3,3,5
SETD7,30,37,52,8,76
SETD9,0,4,0,0,7
SETDB1,118,126,143,18,213
SETDB2,2,1,1,2,17
SETMAR,7,10,5,60,24
SETX,7,23,8,168,162
SEZ6,1,1,2,1,8
SEZ6L2,6,8,6,4,43
SF1,101,122,27,40,309
SF3A1,120,152,64,40,466
SF3A2,132,144,116,34,263
SF3A3,68,106,29,36,297
SF3B1,135,176,217,53,554
SF3B2,95,122,159,34,520
SF3B3,134,170,262,39,538
SF3B4,98,100,78,29,328
SF3B5,22,30,24,32,137
SF3B6,0,65,104,31,194
SFI1,13,14,15,4,28
SFMBT1,8,11,23,3,52
SFN,150,249,171,198,679
SFPQ,132,159,79,255,560
SFR1,15,15,15,1,34
SFRP2,1,6,5,8,24
SFSWAP,4,7,2,33,98
SFT2D2,1,2,2,1,45
SFT2D3,1,1,1,0,25
SFTPA2,0,2,2,11,35
SFTPB,0,0,1,61,1
SFTPC,14,14,13,93,221
SFXN1,38,44,14,6,414
SFXN2,14,16,1,2,89
SFXN3,27,40,4,1,161
SFXN4,5,5,4,8,106
SFXN5,0,5,0,0,54
SGCA,3,11,14,90,104
SGCB,1,4,9,48,88
SGCD,2,6,9,20,11
SGCE,4,3,8,85,25
SGCG,4,2,13,18,19
SGF29,0,0,0,10,0
SGIP1,3,4,3,13,36
SGK1,49,55,68,19,66
SGK2,6,15,3,3,30
SGK3,7,6,7,5,62
SGMS1,2,2,2,4,9
SGMS2,1,4,1,4,13
SGO2,0,0,0,32,0
SGPL1,6,34,4,12,222
SGPP2,0,0,0,6,8
SGSH,8,11,2,51,44
SGSM1,3,3,3,0,13
SGSM2,13,13,15,1,28
SGSM3,10,12,10,4,21
SGTA,126,134,100,115,303
SGTB,7,86,10,36,200
SH2B1,13,16,12,19,30
SH2B3,8,9,10,14,19
SH2D1A,17,23,25,18,38
SH2D1B,6,11,8,4,29
SH2D2A,8,34,14,11,47
SH2D3A,6,6,8,13,72
SH2D3C,5,6,9,11,168
SH2D4A,49,53,47,4,124
SH2D5,2,2,1,2,6
SH2D7,0,0,0,1,1
SH3BGR,2,2,1,1,8
SH3BGRL,14,15,3,5,149
SH3BGRL3,6,5,4,0,47
SH3BP1,9,13,11,2,44
SH3BP2,17,20,23,11,37
SH3BP4,30,33,31,16,132
SH3BP5,17,19,14,5,26
SH3D19,5,6,10,11,56
SH3D21,0,0,2,0,4
SH3GL1,57,62,28,29,152
SH3GL2,58,57,56,32,74
SH3GL3,39,40,51,28,132
SH3GLB1,49,53,44,6,120
SH3GLB2,27,28,15,7,99
SH3KBP1,187,198,81,37,299
SH3PXD2A,11,15,11,14,124
SH3PXD2B,5,11,2,6,62
SH3RF1,16,16,20,2,100
SH3RF2,31,31,17,2,48
SH3TC2,0,0,0,4,1
SH3YL1,8,8,7,4,14
SHANK1,11,11,23,8,26
SHARPIN,0,26,11,111,182
SHB,16,18,21,63,79
SHBG,54,54,63,25,58
SHC1,193,213,162,85,331
SHC2,5,6,10,23,37
SHC3,11,11,16,26,61
SHC4,0,1,1,19,21
SHCBP1,11,14,6,31,107
SHCBP1L,0,1,0,2,6
SHD,2,8,2,2,17
SHF,0,0,1,4,2
SHH,5,7,7,54,9
SHISA3,1,1,1,0,32
SHISA4,0,0,0,4,12
SHISA5,3,3,4,2,11
SHISA6,0,0,0,0,38
SHISA7,0,0,0,2,0
SHKBP1,13,21,13,3,107
SHMT1,35,41,8,84,90
SHMT2,407,426,30,92,673
SHOC1,0,0,0,1,0
SHOC2,9,12,9,10,67
SHOX2,5,5,3,2,6
SHPK,2,5,2,65,26
SHPRH,14,15,14,83,96
SHQ1,7,9,5,2,25
SHROOM1,0,3,2,0,19
SHROOM2,1,1,6,1,15
SHROOM3,5,13,4,4,76
SHTN1,0,0,9,2,0
SI,0,0,1,116,4
SIAH1,152,157,148,19,214
SIAH2,57,62,46,16,94
SIDT2,0,4,0,1,142
SIGIRR,7,6,10,44,12
SIGLEC1,0,0,3,14,2
SIGLEC11,2,3,2,1,3
SIGLEC12,0,1,3,2,23
SIGLEC15,0,0,0,4,0
SIGLEC5,2,3,2,4,14
SIGLEC7,1,2,3,5,10
SIGMAR1,8,10,6,22,136
SIK1,12,12,11,4,60
SIK2,12,27,14,12,105
SIK3,17,18,10,6,70
SIKE1,18,27,18,7,61
SIL1,6,10,5,26,74
SIM2,6,7,7,4,26
SIMC1,0,11,10,1,48
SIN3A,182,189,141,49,355
SIN3B,46,57,35,11,141
SIPA1,6,15,5,4,37
SIPA1L1,12,24,6,0,164
SIPA1L3,8,22,3,3,114
SIRPA,11,11,14,216,89
SIRPB2,0,0,0,1,0
SIRPD,1,1,1,1,85
SIRPG,1,3,1,7,3
SIRT1,195,212,151,121,394
SIRT2,28,50,39,27,149
SIRT3,26,30,25,35,92
SIRT4,6,8,3,12,12
SIRT5,6,12,5,14,65
SIRT6,17,118,11,26,626
SIRT7,659,662,638,12,742
SIT1,6,5,8,4,16
SIVA1,26,26,21,5,49
SIX1,9,14,11,9,40
SIX2,1,1,5,2,27
SIX3,5,5,8,5,15
SIX4,3,4,6,0,43
SIX5,4,6,3,9,32
SIX6,4,3,5,4,8
SKA1,11,45,11,41,68
SKA2,7,11,6,8,31
SKA3,11,37,7,40,149
SKAP1,12,95,13,12,100
SKAP2,11,11,13,8,51
SKI,44,119,37,32,170
SKIC2,0,0,0,0,0
SKIDA1,0,1,0,1,13
SKIL,96,93,97,70,114
SKOR1,0,0,11,2,4
SKP1,160,184,140,60,481
SKP2,106,114,81,37,292
SLA,15,15,16,50,25
SLA2,8,8,8,8,23
SLAIN1,3,2,2,1,87
SLAIN2,12,47,5,4,123
SLAMF1,8,60,7,24,123
SLAMF6,3,3,4,11,16
SLAMF9,0,0,0,0,3
SLBP,6,8,7,197,64
SLC10A1,1,1,1,10,147
SLC10A2,1,0,1,6,30
SLC10A3,2,2,1,0,22
SLC10A7,0,1,0,0,30
SLC11A2,5,6,7,13,116
SLC12A1,0,0,2,8,20
SLC12A2,10,23,7,11,219
SLC12A3,11,10,2,6,74
SLC12A4,7,16,2,1,190
SLC12A5,0,2,0,8,31
SLC12A6,1,6,4,0,136
SLC12A7,1,7,1,2,146
SLC12A8,0,0,0,1,17
SLC12A9,1,8,2,2,204
SLC15A2,0,1,2,2,75
SLC15A3,8,8,8,1,378
SLC16A1,10,14,10,11,205
SLC16A10,1,0,2,3,137
SLC16A12,0,0,0,3,15
SLC16A13,1,1,1,1,34
SLC16A2,0,4,2,12,57
SLC16A3,4,6,5,12,104
SLC16A4,2,2,1,12,16
SLC16A5,2,1,1,0,21
SLC16A6,2,6,1,0,40
SLC16A7,3,2,3,2,44
SLC16A8,2,2,2,4,81
SLC16A9,5,4,4,0,20
SLC17A1,1,1,1,2,9
SLC17A2,1,0,1,3,55
SLC17A5,2,3,2,5,67
SLC17A7,0,0,1,22,13
SLC17A9,1,1,1,0,80
SLC18A2,2,1,5,13,134
SLC18B1,0,1,1,1,33
SLC19A1,1,3,1,13,143
SLC19A2,3,9,2,3,290
SLC19A3,3,4,4,4,97
SLC1A1,6,8,7,5,228
SLC1A2,4,10,4,27,104
SLC1A3,3,5,4,22,270
SLC1A4,1,3,2,3,42
SLC1A5,19,35,18,35,272
SLC1A6,1,1,3,4,56
SLC1A7,2,2,2,1,10
SLC20A1,7,8,4,4,92
SLC20A2,4,5,1,10,119
SLC22A11,2,3,4,0,144
SLC22A12,1,2,1,4,11
SLC22A15,0,0,0,0,36
SLC22A16,1,1,0,1,49
SLC22A17,1,1,2,1,45
SLC22A2,8,8,9,3,104
SLC22A23,5,5,5,2,61
SLC22A4,1,1,4,0,229
SLC22A5,2,1,5,7,108
SLC22A6,2,2,2,2,58
SLC22A9,0,0,3,0,289
SLC23A1,12,12,17,17,51
SLC23A2,3,3,5,16,32
SLC24A1,1,1,7,1,3
SLC24A5,0,0,0,11,35
SLC25A1,21,37,12,15,286
SLC25A10,35,46,21,2,196
SLC25A11,25,45,12,15,240
SLC25A12,18,25,10,6,234
SLC25A13,22,39,68,5,276
SLC25A14,0,2,0,2,65
SLC25A15,3,8,1,1,67
SLC25A16,1,11,0,6,60
SLC25A17,13,19,2,3,71
SLC25A19,3,10,1,11,80
SLC25A20,3,10,5,15,64
SLC25A22,14,27,10,3,203
SLC25A23,5,5,4,6,41
SLC25A24,10,15,2,7,137
SLC25A25,2,4,1,6,100
SLC25A27,0,0,1,2,1
SLC25A28,0,0,0,7,33
SLC25A29,0,0,0,4,31
SLC25A3,74,124,189,14,392
SLC25A30,1,6,1,0,42
SLC25A31,3,2,1,9,56
SLC25A32,3,17,1,10,68
SLC25A33,1,2,1,2,28
SLC25A34,0,0,1,0,1
SLC25A35,0,3,0,0,17
SLC25A36,2,2,1,2,7
SLC25A38,2,5,3,8,13
SLC25A39,4,3,1,9,8
SLC25A4,27,37,42,20,220
SLC25A40,0,1,0,0,50
SLC25A41,0,78,1,5,89
SLC25A42,1,1,0,11,14
SLC25A43,3,3,2,2,9
SLC25A44,2,5,0,2,9
SLC25A46,7,7,3,5,273
SLC25A48,6,6,6,0,34
SLC25A5,99,120,226,21,419
SLC25A51,0,3,1,0,152
SLC25A53,0,0,0,0,4
SLC26A1,1,1,1,4,9
SLC26A2,3,7,1,3,57
SLC26A6,1,5,2,2,72
SLC27A1,1,1,1,26,156
SLC27A2,8,24,5,17,285
SLC27A3,2,7,1,2,105
SLC27A4,5,10,4,15,254
SLC27A5,1,1,1,16,99
SLC27A6,7,11,7,3,239
SLC29A1,2,4,4,7,132
SLC29A2,2,2,3,4,46
SLC29A3,0,0,0,2,8
SLC29A4,0,0,0,3,11
SLC2A1,15,21,15,68,283
SLC2A10,1,0,1,11,22
SLC2A11,0,0,1,0,14
SLC2A2,2,2,4,36,112
SLC2A3,3,3,4,19,42
SLC2A4,34,37,41,64,72
SLC2A4RG,1,1,1,4,3
SLC2A6,1,0,1,2,11
SLC2A7,0,0,0,0,96
SLC2A8,1,5,1,10,72
SLC30A1,4,10,1,2,190
SLC30A10,0,0,0,5,180
SLC30A2,6,7,8,1,131
SLC30A3,2,2,6,0,75
SLC30A4,0,19,0,1,254
SLC30A5,13,20,0,3,292
SLC30A7,5,15,2,1,392
SLC30A8,1,1,1,8,203
SLC30A9,3,8,3,5,157
SLC31A1,3,6,0,1,265
SLC31A2,5,5,4,3,33
SLC32A1,0,0,0,14,112
SLC33A1,2,56,2,3,209
SLC34A1,0,1,10,10,40
SLC35A1,1,1,0,5,56
SLC35A2,3,4,3,6,37
SLC35A3,3,2,3,0,137
SLC35A4,1,1,1,0,81
SLC35A5,1,7,2,1,54
SLC35B1,1,1,1,2,97
SLC35B2,2,10,2,1,234
SLC35C1,0,0,0,7,20
SLC35C2,1,1,2,3,205
SLC35D1,1,0,1,0,3
SLC35D2,0,0,0,0,25
SLC35D3,0,1,0,0,20
SLC35E1,4,12,6,1,110
SLC35E2B,0,0,0,0,12
SLC35E3,1,1,0,2,77
SLC35E4,1,0,1,0,58
SLC35F1,0,0,0,0,150
SLC35F2,2,4,1,2,194
SLC35F5,1,1,2,0,64
SLC35F6,0,23,15,4,89
SLC35G1,1,1,0,3,115
SLC35G2,0,2,2,0,72
SLC36A1,0,1,0,10,18
SLC36A3,0,0,0,2,1
SLC36A4,0,0,0,7,10
SLC37A1,0,0,1,0,93
SLC37A3,2,2,3,1,72
SLC38A1,2,6,3,3,187
SLC38A10,1,8,1,0,67
SLC38A2,7,17,3,6,158
SLC38A5,2,5,1,4,57
SLC38A6,1,9,0,3,21
SLC38A7,1,1,1,2,92
SLC39A1,5,10,9,8,65
SLC39A10,2,15,1,0,221
SLC39A11,3,12,2,1,181
SLC39A13,2,4,3,3,51
SLC39A14,4,5,1,5,327
SLC39A3,1,3,1,0,96
SLC39A6,5,13,1,0,136
SLC39A7,8,14,5,2,333
SLC39A8,0,0,0,2,138
SLC39A9,2,2,0,2,192
SLC3A1,1,1,1,10,108
SLC3A2,30,45,28,21,404
SLC40A1,1,0,5,9,41
SLC41A1,2,4,1,3,86
SLC41A3,5,6,7,0,93
SLC43A1,1,1,1,0,39
SLC43A3,2,7,2,0,84
SLC44A1,5,8,5,2,222
SLC44A3,2,1,1,0,63
SLC44A4,0,0,0,0,54
SLC45A4,1,0,1,0,39
SLC46A3,0,1,0,0,44
SLC47A1,0,8,0,4,87
SLC47A2,0,0,0,3,19
SLC48A1,3,3,2,2,13
SLC49A4,0,0,0,5,0
SLC4A1,10,10,15,25,150
SLC4A11,1,0,1,2,13
SLC4A1AP,12,22,9,7,132
SLC4A2,4,16,5,2,146
SLC4A3,2,1,5,0,12
SLC4A4,1,1,5,6,61
SLC4A5,0,0,60,0,121
SLC4A7,2,16,4,19,254
SLC4A8,4,2,5,1,63
SLC50A1,1,2,2,0,7
SLC51A,0,1,1,2,48
SLC52A2,0,2,1,1,15
SLC5A1,2,2,4,14,10
SLC5A3,3,10,3,3,95
SLC5A4,0,0,0,2,37
SLC5A5,1,1,0,13,31
SLC5A6,3,3,2,5,74
SLC66A1,0,0,0,1,0
SLC66A2,0,0,0,3,0
SLC6A12,2,2,3,1,194
SLC6A13,1,1,1,1,18
SLC6A14,0,0,0,3,25
SLC6A15,2,5,2,0,196
SLC6A16,0,0,0,0,77
SLC6A17,1,0,1,0,21
SLC6A18,0,0,0,1,5
SLC6A3,13,12,10,25,56
SLC6A4,5,5,8,21,45
SLC6A6,1,3,1,0,48
SLC6A8,1,6,1,5,204
SLC7A1,5,7,4,7,371
SLC7A10,0,0,2,3,7
SLC7A11,2,2,4,14,213
SLC7A14,0,0,1,0,144
SLC7A4,0,0,0,0,107
SLC7A5,7,13,3,15,220
SLC7A6,0,0,0,1,79
SLC7A7,2,2,2,1,22
SLC7A8,2,1,5,3,71
SLC7A9,2,3,41,6,114
SLC8A1,1,1,12,6,11
SLC8A2,0,1,5,5,31
SLC8A3,0,8,4,5,29
SLC8B1,0,0,1,1,23
SLC9A1,14,21,26,16,126
SLC9A2,7,6,10,5,126
SLC9A3,9,8,8,11,124
SLC9A6,2,5,2,1,110
SLC9A7,1,0,4,1,57
SLC9A8,1,1,1,1,60
SLC9B1,0,0,0,1,2
SLCO1B3,0,0,0,5,112
SLCO2A1,0,0,1,4,6
SLCO2B1,1,1,0,2,17
SLCO4A1,1,2,1,0,66
SLF1,0,0,0,15,0
SLF2,0,0,0,3,0
SLFN11,12,13,6,3,375
SLFN12L,2,2,2,0,4
SLFN14,0,0,0,0,4
SLFNL1,1,1,1,0,2
SLIRP,34,38,14,145,333
SLIT1,1,1,3,5,19
SLITRK1,0,0,1,9,5
SLITRK3,1,1,1,4,19
SLITRK4,2,1,0,1,27
SLITRK5,0,2,0,5,51
SLK,9,20,7,50,183
SLMAP,35,47,14,69,143
SLN,6,6,7,9,9
SLPI,4,5,11,74,30
SLTM,13,18,9,44,160
SLU7,28,27,18,22,145
SLURP1,0,0,0,5,143
SLX4,33,41,155,29,571
SLX4IP,0,19,21,3,63
SMAD1,112,116,163,7,183
SMAD2,225,225,307,86,314
SMAD3,301,312,302,96,389
SMAD4,148,169,195,94,447
SMAD6,48,47,29,11,51
SMAD7,81,85,74,25,108
SMAD9,106,110,119,15,130
SMAGP,2,1,2,5,41
SMAP1,6,9,7,3,64
SMAP2,8,15,7,3,188
SMARCA1,21,34,6,17,187
SMARCA2,94,103,73,31,334
SMARCA4,174,198,161,73,423
SMARCA5,84,116,64,37,397
SMARCAD1,121,128,8,9,192
SMARCAL1,5,6,1,21,45
SMARCB1,103,106,86,44,347
SMARCC1,93,115,62,24,377
SMARCC2,98,126,59,20,353
SMARCD1,76,107,64,14,330
SMARCD2,27,46,24,8,177
SMARCD3,21,40,21,14,93
SMARCE1,110,118,84,18,276
SMC1A,85,128,50,27,426
SMC1B,1,6,2,12,12
SMC2,38,64,31,41,321
SMC3,84,125,58,36,419
SMC4,33,48,22,53,287
SMC5,11,13,8,18,994
SMC6,9,46,4,15,84
SMCHD1,17,27,6,10,207
SMCO4,0,6,6,0,62
SMCR8,3,7,3,8,142
SMDT1,0,4,0,8,27
SMG1,28,29,15,27,88
SMG5,12,15,8,18,79
SMG6,13,14,6,13,84
SMG7,8,25,3,13,323
SMG8,6,13,3,6,105
SMG9,9,13,6,6,70
SMIM1,0,0,0,1,58
SMIM11,0,2,2,0,20
SMIM12,0,2,1,1,38
SMIM15,0,0,0,1,1
SMIM17,0,1,1,1,3
SMIM18,0,0,0,1,0
SMIM22,0,0,0,2,0
SMIM24,0,0,0,10,2
SMIM29,0,0,0,1,0
SMIM3,0,8,8,2,52
SMIM7,0,1,1,2,4
SMIM8,0,0,0,0,18
SMNDC1,24,29,50,11,109
SMO,4,4,4,215,47
SMOC1,7,9,5,2,55
SMOC2,1,1,2,3,8
SMOX,1,0,1,4,11
SMPD1,6,11,7,17,30
SMPD2,1,7,2,12,91
SMPD3,0,0,12,8,23
SMPD4,6,22,4,8,174
SMPDL3A,1,1,3,2,2
SMPDL3B,2,5,0,3,45
SMS,29,44,8,64,116
SMTN,8,8,5,56,40
SMTNL2,1,2,1,4,30
SMU1,42,48,14,28,201
SMUG1,5,4,3,20,45
SMURF1,238,245,282,20,476
SMURF2,80,84,123,11,149
SMYD1,16,16,6,10,52
SMYD2,15,16,33,4,63
SMYD3,19,28,18,5,70
SMYD5,3,4,1,3,32
SNAI1,38,56,44,55,522
SNAI2,21,20,6,46,47
SNAI3,2,5,0,0,7
SNAP23,52,55,41,37,195
SNAP25,27,31,40,32,52
SNAP29,25,60,27,13,246
SNAP47,11,18,11,5,163
SNAP91,5,10,10,21,53
SNAPC1,11,13,10,4,33
SNAPC2,4,5,2,4,7
SNAPC3,7,7,8,6,21
SNAPC4,10,10,9,8,75
SNAPC5,14,13,15,5,45
SNAPIN,31,37,68,12,161
SNCA,134,184,134,503,988
SNCAIP,22,23,26,8,30
SNCB,9,14,13,14,19
SNCG,25,26,21,4,39
SND1,74,81,35,26,349
SNED1,2,0,0,3,3
SNF8,31,35,17,6,71
SNIP1,30,66,48,32,396
SNN,1,1,0,0,7
SNPH,0,0,1,2,13
SNRK,3,5,6,29,31
SNRNP200,121,150,157,45,450
SNRNP25,14,14,9,7,31
SNRNP27,7,13,6,13,167
SNRNP35,8,9,6,11,39
SNRNP40,39,66,24,32,636
SNRNP48,4,4,1,7,39
SNRNP70,105,124,66,62,983
SNRPA,80,86,46,314,484
SNRPA1,96,133,47,42,303
SNRPB,93,96,104,346,504
SNRPB2,52,57,63,36,252
SNRPC,69,73,43,232,426
SNRPD1,107,126,71,55,332
SNRPD2,95,109,72,69,396
SNRPD3,90,104,73,64,348
SNRPE,51,60,57,489,290
SNRPF,69,73,47,456,373
SNRPG,37,40,56,433,174
SNRPN,22,24,39,248,179
SNTA1,76,76,75,18,95
SNTB1,9,9,10,11,64
SNTB2,17,25,15,12,149
SNTG1,4,4,11,7,29
SNTG2,2,3,5,7,25
SNU13,0,0,0,59,0
SNUPN,16,26,19,103,41
SNURF,2,2,17,2,6
SNW1,113,519,85,50,738
SNX1,38,57,28,19,218
SNX10,4,3,5,2,5
SNX11,3,16,3,1,39
SNX12,8,24,6,1,49
SNX13,6,5,7,1,28
SNX14,4,8,1,5,69
SNX15,8,8,5,5,17
SNX16,1,5,0,0,15
SNX17,15,22,17,9,86
SNX18,7,11,6,3,78
SNX19,3,3,2,1,77
SNX2,38,72,23,20,211
SNX20,7,7,8,3,20
SNX21,2,3,1,1,66
SNX22,6,6,3,0,12
SNX24,5,12,4,0,32
SNX25,2,3,1,1,39
SNX27,12,18,8,15,508
SNX3,31,73,26,7,184
SNX30,3,3,3,1,30
SNX32,2,1,2,3,24
SNX33,2,5,6,5,61
SNX4,18,19,18,10,65
SNX5,24,35,18,19,132
SNX6,41,55,27,4,224
SNX7,7,11,13,2,24
SNX8,10,10,6,3,44
SNX9,20,30,27,21,148
SOAT1,4,30,3,17,297
SOAT2,1,1,0,10,5
SOBP,4,3,2,0,9
SOCS1,51,53,62,43,165
SOCS2,21,20,20,19,95
SOCS3,67,70,58,49,94
SOCS4,8,18,9,5,23
SOCS5,8,8,10,3,22
SOCS6,22,38,26,12,119
SOCS7,6,6,15,7,39
SOD1,33,143,25,63,418
SOD1,33,143,25,63,418
SOD2,17,37,37,83,93
SOD2,17,37,37,83,93
SOD3,1,1,2,11,11
SOD3,1,1,2,11,11
SOHLH1,0,0,0,3,114
SON,66,71,6,83,200
SORBS1,26,32,30,12,84
SORBS2,32,45,37,8,78
SORBS3,50,55,48,12,183
SORCS1,1,1,2,3,3
SORCS2,0,0,0,5,13
SORD,33,54,6,64,98
SORL1,12,26,10,18,133
SORT1,11,128,11,36,215
SOS1,42,44,75,75,72
SOS2,10,11,29,36,47
SOST,2,2,1,22,34
SOSTDC1,3,3,5,3,26
SOWAHA,0,0,0,1,27
SOWAHC,0,4,3,79,26
SOX1,1,1,2,9,6
SOX10,7,6,29,40,67
SOX11,0,0,2,5,6
SOX12,3,3,3,0,8
SOX13,3,6,3,0,39
SOX14,2,3,1,0,11
SOX15,3,3,3,2,135
SOX17,0,4,1,15,80
SOX18,3,3,4,5,5
SOX2,330,344,8,113,1351
SOX21,0,1,0,1,10
SOX3,3,1,1,8,17
SOX30,16,16,14,1,19
SOX4,7,26,6,9,74
SOX5,27,28,26,9,161
SOX6,14,10,13,11,150
SOX7,4,5,4,5,80
SOX8,7,6,19,3,12
SOX9,14,15,19,62,90
SP1,218,223,190,54,339
SP100,49,50,38,24,206
SP110,13,18,12,9,123
SP140,1,0,2,6,7
SP140L,3,6,3,2,9
SP2,12,12,8,3,40
SP3,29,32,26,8,74
SP4,15,14,17,2,42
SP5,1,1,1,0,3
SP6,0,8,0,2,19
SP7,1,4,1,21,297
SP8,3,3,3,0,3
SP9,0,0,0,0,3
SPA17,5,13,5,4,14
SPAG1,4,7,4,5,31
SPAG16,1,1,3,1,8
SPAG4,2,2,2,3,29
SPAG5,36,57,39,45,180
SPAG6,1,2,2,5,22
SPAG7,2,5,2,0,26
SPAG8,15,15,9,1,88
SPAG9,27,30,28,5,273
SPANXN3,2,10,2,2,28
SPANXN4,1,1,1,0,54
SPARC,9,10,27,214,50
SPARCL1,4,3,9,15,18
SPAST,6,9,5,165,82
SPATA13,1,1,0,9,18
SPATA18,1,3,3,6,26
SPATA2,19,26,20,12,85
SPATA20,3,7,3,4,54
SPATA21,1,1,1,1,2
SPATA22,4,4,3,1,12
SPATA2L,2,4,2,2,13
SPATA4,3,3,2,1,6
SPATA7,2,3,1,4,24
SPATC1L,0,14,13,2,55
SPATS1,3,3,3,0,11
SPATS2,3,14,2,2,109
SPATS2L,3,14,2,3,127
SPC24,14,37,15,33,81
SPC25,10,29,8,36,62
SPCS1,1,9,1,4,148
SPCS2,11,29,9,6,154
SPCS3,2,9,1,4,123
SPDEF,4,13,3,52,35
SPDL1,0,25,10,18,306
SPDYA,4,4,7,17,11
SPECC1,8,25,3,7,141
SPECC1L,8,35,8,3,168
SPEF1,3,3,3,1,8
SPEF2,2,1,1,6,18
SPEG,4,4,1,8,19
SPEM1,0,2,0,3,2
SPEN,30,38,33,71,142
SPG11,2,2,2,12,56
SPG21,42,41,38,8,199
SPG7,27,38,26,30,118
SPG7,27,38,26,30,118
SPHK1,8,11,14,22,34
SPHK2,2,2,13,10,17
SPHKAP,1,1,3,0,11
SPI1,38,39,45,61,47
SPIB,14,14,18,79,14
SPIC,1,1,1,0,5
SPICE1,8,147,3,7,191
SPIDR,0,1,0,54,23
SPIN1,16,32,12,3,106
SPIN3,3,4,2,0,31
SPIN4,4,4,1,0,16
SPIN4,4,4,1,0,16
SPINK1,0,1,4,9,6
SPINK4,0,0,0,2,11
SPINK5,0,1,3,9,14
SPINK6,1,1,1,0,2
SPINK7,8,8,9,3,18
SPINK8,0,0,0,1,0
SPINT1,4,4,5,6,54
SPINT2,7,99,7,9,146
SPN,5,11,12,28,52
SPNS1,5,5,4,3,98
SPO11,0,0,0,16,3
SPO11,0,0,0,16,3
SPOCD1,1,1,3,3,3
SPOCK1,1,1,5,5,10
SPOCK2,2,2,3,3,19
SPOCK3,3,4,4,0,6
SPOP,30,38,31,214,484
SPOUT1,0,0,0,10,0
SPP1,76,79,25,92,94
SPR,14,47,3,52,108
SPRED1,14,13,13,8,50
SPRED2,8,7,6,9,59
SPRED3,2,1,0,4,1
SPRN,0,0,1,6,1
SPRR1A,2,3,1,9,16
SPRR1B,0,0,1,9,44
SPRR3,0,5,4,12,27
SPRR4,1,1,1,3,3
SPRTN,0,88,10,130,594
SPRY1,37,37,32,13,108
SPRY2,105,111,94,12,147
SPRY3,1,1,1,5,28
SPRY4,6,9,3,6,82
SPRYD3,2,5,2,1,28
SPRYD4,2,2,1,1,44
SPRYD7,5,7,5,3,47
SPSB1,19,19,12,6,31
SPSB1,19,19,12,6,31
SPSB2,11,15,6,4,51
SPSB3,9,11,7,3,36
SPSB4,9,8,4,5,123
SPTA1,20,19,19,27,83
SPTAN1,117,148,90,51,482
SPTB,10,15,18,72,80
SPTBN1,84,105,73,25,395
SPTBN2,10,27,17,13,156
SPTBN4,13,14,12,13,46
SPTBN5,0,3,2,10,17
SPTLC1,14,18,11,18,162
SPTLC2,3,10,3,13,93
SPTSSA,4,4,4,26,13
SPX,0,1,1,6,32
SPZ1,4,10,3,1,19
SQLE,5,6,6,159,51
SQOR,0,0,0,71,0
SQSTM1,178,218,107,96,1219
SRA1,36,39,38,4,70
SRBD1,14,16,4,3,111
SRC,249,219,398,615,532
SRCAP,23,33,25,128,113
SRCIN1,7,10,6,4,32
SRD5A1,1,1,1,5,4
SRD5A3,2,2,2,7,5
SREBF1,53,54,45,80,97
SREBF2,55,58,91,45,131
SREK1,60,73,57,13,176
SREK1IP1,8,12,7,2,68
SRF,52,49,76,177,101
SRFBP1,2,6,11,16,64
SRGAP1,4,7,6,8,37
SRGN,8,10,41,8,14
SRI,23,34,22,66,76
SRM,12,20,9,75,62
SRMS,2,3,2,2,36
SRP14,56,69,23,13,362
SRP19,13,18,9,9,234
SRP54,18,24,5,23,141
SRP68,24,36,14,10,377
SRP72,19,47,14,5,336
SRP9,35,44,8,15,425
SRPK1,202,221,212,25,477
SRPK2,218,448,190,16,715
SRPK3,60,60,7,5,189
SRPRB,60,126,26,120,339
SRPX,3,3,4,10,8
SRPX2,0,0,3,7,0
SRR,5,6,3,53,20
SRRD,2,3,0,7,3
SRRM1,124,147,32,42,345
SRRM2,192,222,38,33,460
SRRM4,1,1,1,3,36
SRRT,45,69,18,236,343
SRSF1,139,155,67,85,557
SRSF10,52,67,97,30,267
SRSF11,62,81,29,30,199
SRSF12,4,8,5,12,131
SRSF2,75,108,59,51,257
SRSF3,107,124,40,52,491
SRSF4,40,41,36,32,298
SRSF5,97,106,37,35,466
SRSF6,42,58,31,43,500
SRSF7,91,108,30,44,394
SRSF9,60,69,24,38,227
SRY,7,7,9,19,13
SS18,20,44,19,4,86
SS18L1,35,40,35,3,100
SS18L2,1,8,1,2,75
SSB,54,89,43,217,459
SSBP1,73,83,21,43,575
SSBP2,12,22,10,2,103
SSBP3,20,31,17,2,90
SSBP4,8,21,6,1,50
SSC4D,0,1,0,1,45
SSC5D,8,8,7,0,25
SSH1,3,5,11,10,69
SSH2,3,17,2,1,34
SSH3,3,5,5,0,70
SSNA1,9,15,10,7,43
SSPN,0,0,5,48,2
SSR1,36,66,51,9,453
SSR2,3,5,2,7,44
SSR3,20,54,13,10,155
SSR4,38,68,72,10,214
SSRP1,77,107,197,50,682
SSTR1,3,3,5,16,12
SSTR2,5,5,10,19,9
SSTR3,12,12,14,16,12
SSU72,25,30,7,10,62
SSX1,3,3,5,0,13
SSX2IP,94,218,89,3,289
SSX3,15,16,15,0,35
ST13,35,42,40,7,199
ST14,4,13,8,9,202
ST3GAL2,1,1,1,5,24
ST3GAL3,4,4,5,3,19
ST3GAL5,0,3,0,8,15
ST3GAL6,1,3,1,5,24
ST6GAL1,1,0,5,4,27
ST6GAL2,0,1,1,1,16
ST6GALNAC1,2,1,1,6,7
ST6GALNAC2,1,1,1,1,2
ST6GALNAC3,0,7,0,1,34
ST6GALNAC4,4,4,1,2,24
ST6GALNAC5,0,3,0,4,3
ST6GALNAC6,2,3,2,2,103
ST7,8,11,7,1,371
ST7L,1,1,0,0,38
STAB1,5,6,7,5,10
STAB2,7,5,8,5,8
STAC,11,14,11,27,30
STAC2,4,4,3,2,18
STAC3,15,21,16,4,43
STAG1,16,24,19,11,101
STAG2,24,36,16,22,232
STAG3,2,2,2,6,16
STAM,52,58,29,148,153
STAM2,50,59,49,27,145
STAMBP,46,54,51,170,98
STAMBPL1,28,30,28,11,72
STAP2,8,9,13,7,21
STAR,5,5,5,113,11
STARD10,3,3,1,2,15
STARD13,11,10,21,10,47
STARD3,1,7,2,9,84
STARD4,1,0,1,7,6
STARD6,0,0,0,1,3
STARD7,2,6,1,3,35
STARD8,0,0,0,4,20
STARD9,5,6,5,1,36
STAT1,131,141,147,108,300
STAT2,21,25,25,21,75
STAT3,163,222,184,208,409
STAT4,8,9,12,25,31
STAT5A,57,77,79,89,97
STAT5B,39,53,57,82,99
STAT6,57,61,49,60,75
STAU1,283,294,61,35,1528
STAU2,15,26,1,7,228
STBD1,5,17,6,13,122
STC1,0,0,0,5,7
STC2,13,14,13,4,48
STEAP1,1,0,1,3,5
STEAP2,1,0,1,2,12
STEAP3,5,14,6,20,146
STIL,2,78,2,152,188
STIM1,12,18,11,17,395
STIM2,6,8,8,2,132
STIP1,56,136,45,27,1021
STK10,6,7,1,14,61
STK11,35,77,45,56,264
STK11IP,5,9,3,5,85
STK16,59,58,63,4,153
STK17A,1,0,1,3,24
STK17B,3,16,4,2,59
STK24,65,74,49,5,159
STK25,36,50,33,6,101
STK26,0,61,20,7,190
STK3,70,80,49,7,187
STK31,1,2,1,2,16
STK32A,0,0,0,1,16
STK32B,1,1,2,1,14
STK32C,4,8,5,1,86
STK33,10,9,5,3,39
STK35,3,2,6,1,25
STK36,11,13,9,3,41
STK38,34,41,25,5,169
STK38L,13,18,12,4,72
STK39,17,23,18,3,96
STK4,48,60,37,9,1051
STK40,5,16,4,4,58
STKLD1,0,4,0,0,5
STMN1,27,56,23,16,188
STMN2,24,23,21,10,86
STMN3,5,4,5,1,43
STMN4,3,3,4,1,36
STMP1,0,0,0,0,0
STOM,33,63,19,168,356
STOML1,7,5,6,28,11
STOML2,28,50,67,15,281
STOML3,1,1,3,2,8
STON1,1,1,1,3,8
STON2,13,29,12,11,86
STOX1,3,2,3,0,14
STPG1,0,0,0,0,3
STRA6,2,2,1,4,16
STRA8,0,0,0,10,10
STRADA,7,7,5,56,24
STRADB,6,6,6,60,29
STRAP,51,64,51,72,258
STRBP,25,29,18,40,233
STRC,0,0,0,7,1
STRIP1,0,40,22,2,102
STRIP2,0,17,15,1,35
STRN,47,60,48,18,139
STRN3,46,66,40,5,146
STRN4,51,62,46,2,149
STS,0,0,1,11,33
STT3A,10,16,10,16,193
STT3B,22,31,4,15,261
STUB1,207,238,112,53,620
STX10,2,13,2,5,123
STX11,63,62,58,9,144
STX12,18,87,21,8,267
STX16,9,12,11,10,77
STX17,3,2,3,13,268
STX18,8,30,10,16,150
STX1A,41,47,62,25,170
STX1B,7,11,10,13,41
STX2,15,14,15,10,76
STX3,13,58,18,9,148
STX4,46,49,53,18,427
STX5,33,56,39,29,273
STX6,21,47,26,16,448
STX7,39,84,22,11,700
STX8,16,30,25,8,232
STXBP1,22,48,33,10,135
STXBP2,7,14,16,11,84
STXBP3,11,16,20,3,104
STXBP4,4,14,4,2,83
STXBP5,5,11,4,6,37
STXBP6,1,0,4,5,20
STYK1,2,1,3,2,160
STYXL1,7,6,11,1,42
SUB1,28,58,28,15,233
SUCLA2,24,34,11,60,181
SUCLG1,14,15,4,76,121
SUCLG2,22,40,7,46,116
SUCNR1,0,1,0,3,3
SUCO,0,19,2,52,56
SUDS3,17,21,11,5,137
SUFU,16,26,26,164,90
SUGP1,46,54,8,11,138
SUGP2,20,30,7,3,207
SUGT1,61,85,21,5,290
SULF1,2,2,2,12,34
SULT1A1,36,42,2,1,65
SULT1A2,2,8,2,2,17
SULT1C2,7,9,6,0,17
SULT1E1,12,14,14,2,15
SULT2A1,6,5,6,7,9
SULT2B1,6,8,7,4,60
SULT4A1,1,6,1,2,21
SUMF2,7,10,4,8,53
SUMO1,1022,138,570,78,256
SUMO2,1631,188,1121,55,582
SUMO3,838,60,160,23,107
SUMO4,96,8,77,11,14
SUN1,7,15,4,11,158
SUN2,16,23,18,13,216
SUN5,2,2,2,3,5
SUOX,3,3,3,164,95
SUPT16H,84,123,37,42,436
SUPT20H,0,22,7,3,90
SUPT3H,34,34,32,5,58
SUPT4H1,10,19,13,27,58
SUPT5H,69,122,53,37,393
SUPT6H,27,55,17,25,215
SUPT7L,18,24,16,7,70
SUPV3L1,6,9,5,14,143
SURF1,20,21,1,14,187
SURF2,29,54,8,2,64
SURF4,32,45,14,17,208
SURF6,6,16,6,15,415
SUSD1,2,4,2,1,36
SUSD2,2,2,2,1,16
SUSD3,1,20,1,2,48
SUSD4,0,39,1,1,49
SUSD5,1,3,0,0,24
SUSD6,0,5,3,0,15
SUV39H1,142,146,63,15,228
SUV39H2,38,44,22,7,73
SUZ12,331,334,33,28,636
SV2A,3,5,4,7,87
SVBP,0,0,0,29,0
SVEP1,4,4,5,3,12
SVIL,69,98,37,48,236
SVIP,13,16,1,3,29
SWAP70,29,30,7,10,76
SWI5,2,2,2,4,3
SWSAP1,7,7,5,8,33
SWT1,0,0,0,0,7
SYBU,5,8,7,32,30
SYCE1,29,30,28,5,123
SYCE1L,0,0,0,0,36
SYCE3,3,3,2,2,59
SYCP1,1,1,1,6,20
SYCP2L,1,1,1,0,6
SYCP3,4,4,5,11,16
SYDE1,2,2,1,4,113
SYDE2,1,1,0,4,46
SYF2,4,11,4,22,69
SYF2,4,11,4,22,69
SYK,97,104,117,480,223
SYMPK,18,48,19,195,225
SYN1,21,35,36,35,42
SYNC,1,3,2,24,62
SYNCRIP,141,272,169,354,688
SYNDIG1,1,2,2,0,19
SYNDIG1L,0,0,0,2,0
SYNE1,22,31,150,20,118
SYNE2,21,33,19,13,183
SYNE3,0,0,1,4,439
SYNE4,0,91,50,4,100
SYNGAP1,5,5,14,12,187
SYNGR1,2,3,3,2,104
SYNGR2,3,6,6,1,78
SYNGR3,2,3,1,4,32
SYNJ1,14,14,28,26,84
SYNJ2,9,7,12,15,40
SYNJ2BP,21,22,13,5,136
SYNPO,10,153,7,91,180
SYNPO2,15,18,8,10,25
SYNRG,8,15,9,92,76
SYP,7,10,7,57,126
SYPL1,2,1,2,0,40
SYS1,1,0,1,4,29
SYT1,22,28,39,27,76
SYT10,0,2,0,3,4
SYT11,5,10,7,10,32
SYT12,4,3,1,3,24
SYT14,1,1,2,1,3
SYT16,7,7,7,2,40
SYT17,18,19,19,2,53
SYT2,3,3,6,12,129
SYT3,2,3,4,1,21
SYT4,3,4,10,4,9
SYT5,1,4,4,1,9
SYT6,14,19,14,2,116
SYT7,4,3,9,2,16
SYT8,1,1,1,3,1
SYT9,4,4,6,4,16
SYTL2,9,8,6,5,15
SYTL4,15,19,14,2,69
SYTL5,6,6,6,0,18
SYVN1,56,84,28,18,325
SZRD1,0,12,0,1,20
SZT2,6,7,4,10,38
TAAR1,0,0,0,7,5
TAAR6,0,0,0,3,0
TAAR8,0,0,1,1,0
TAB1,86,104,133,27,246
TAB2,71,81,92,33,167
TAB3,19,21,19,19,61
TAC1,8,6,15,49,8
TAC3,8,8,11,19,15
TACC2,14,17,13,8,73
TACC3,29,64,13,47,151
TACO1,8,8,4,14,331
TACSTD2,2,2,1,5,128
TADA1,9,24,4,5,56
TADA2A,140,143,46,9,197
TADA2B,8,22,2,6,88
TADA3,43,64,33,10,139
TAF1,53,64,61,33,237
TAF10,67,68,40,9,101
TAF11,23,28,31,5,48
TAF12,26,39,46,9,99
TAF13,22,25,12,4,31
TAF15,53,58,62,36,399
TAF1A,20,24,42,10,72
TAF1B,28,34,49,8,85
TAF1D,42,46,39,9,93
TAF1L,9,8,3,5,23
TAF2,20,22,25,9,129
TAF3,20,25,12,5,89
TAF4,37,48,34,17,153
TAF4B,7,10,2,3,23
TAF5,29,33,26,10,90
TAF5L,24,28,26,4,103
TAF6,52,59,32,10,237
TAF6L,16,22,22,4,116
TAF7,32,37,42,7,104
TAF7L,5,5,4,3,25
TAF8,19,26,16,7,51
TAF9,71,82,95,12,155
TAF9B,21,30,11,7,111
TAFA2,0,0,0,0,0
TAGAP,0,0,0,6,17
TAGLN,21,50,11,210,76
TAGLN2,32,112,25,21,220
TAGLN3,2,35,1,12,40
TAL1,49,48,51,22,89
TAL2,7,7,9,3,10
TALDO1,27,73,17,66,133
TAMM41,0,3,0,7,58
TANC1,4,8,13,3,93
TANC2,2,8,0,2,82
TANGO2,0,22,0,1,27
TANGO6,0,3,3,0,69
TANK,42,44,55,117,209
TAOK1,11,12,12,4,57
TAOK2,8,10,11,4,78
TAOK3,7,7,6,2,49
TAP1,25,33,25,5,132
TAP2,13,19,12,5,94
TAPBP,12,11,16,94,74
TAPBPL,6,5,5,2,16
TARBP1,4,16,3,5,83
TARBP2,42,53,74,12,126
TARDBP,278,298,33,505,515
TARS2,10,8,10,15,145
TARS3,0,0,0,11,0
TAS1R1,1,1,1,2,2
TAS1R3,2,2,2,6,13
TAS2R1,0,0,0,2,0
TAS2R13,3,2,0,1,2
TAS2R14,0,0,0,1,5
TAS2R3,0,0,0,1,1
TAS2R39,0,0,0,1,1
TAS2R40,0,0,0,1,0
TAS2R5,0,0,0,1,6
TAS2R60,0,0,0,1,3
TAS2R9,0,0,0,1,0
TASOR2,0,0,0,1,0
TASP1,2,2,3,5,13
TAT,2,3,4,25,5
TATDN2,4,8,1,0,19
TAX1BP1,47,60,49,16,338
TAX1BP3,18,16,20,5,58
TBC1D1,9,9,8,8,60
TBC1D10A,8,10,10,2,28
TBC1D10B,4,7,4,2,99
TBC1D10C,6,6,7,4,13
TBC1D12,0,1,0,0,10
TBC1D13,3,2,1,4,12
TBC1D15,25,39,19,4,165
TBC1D16,18,23,18,1,27
TBC1D17,23,27,23,2,48
TBC1D19,3,4,3,0,13
TBC1D2,12,11,3,1,36
TBC1D20,3,2,2,2,20
TBC1D21,1,1,1,0,32
TBC1D22A,2,22,0,2,31
TBC1D22B,21,23,19,2,192
TBC1D23,11,17,12,4,55
TBC1D24,1,5,1,2,36
TBC1D25,8,8,8,6,57
TBC1D2B,5,11,6,0,91
TBC1D31,0,22,1,3,49
TBC1D4,27,37,20,12,124
TBC1D5,14,16,10,0,90
TBC1D7,19,21,18,13,58
TBC1D8,2,3,2,0,48
TBC1D8B,1,0,1,10,6
TBC1D9,5,12,5,1,57
TBC1D9B,9,18,9,0,79
TBCA,8,13,15,64,103
TBCB,33,42,5,45,102
TBCC,1,2,4,29,10
TBCCD1,3,5,2,3,23
TBCD,33,41,15,73,134
TBCE,7,11,6,41,59
TBCK,2,4,1,1,80
TBK1,80,109,95,59,393
TBKBP1,16,15,8,10,77
TBL1X,39,47,46,30,138
TBL1XR1,34,54,30,18,152
TBL2,23,32,112,3,191
TBL3,17,47,14,23,174
TBP,137,155,136,508,223
TBPL1,23,22,18,10,39
TBR1,3,2,6,13,178
TBRG1,6,6,8,3,21
TBRG4,9,15,10,7,400
TBX10,0,0,0,2,1
TBX15,3,3,3,1,13
TBX18,0,0,0,9,8
TBX19,0,0,1,7,17
TBX2,6,6,4,5,27
TBX20,2,7,2,6,18
TBX21,9,9,6,28,11
TBX22,3,3,4,3,8
TBX3,10,18,4,6,71
TBX5,5,6,4,9,146
TBX6,7,7,4,7,39
TBXA2R,34,34,17,12,64
TCAF1,0,0,14,1,0
TCAIM,0,0,1,1,5
TCAP,14,17,27,171,48
TCEA1,45,64,25,26,119
TCEA2,58,60,47,19,156
TCEAL1,20,45,19,2,73
TCEAL2,9,9,11,1,23
TCEAL3,1,0,1,0,5
TCEAL4,14,24,6,0,47
TCEAL5,2,1,4,0,10
TCEAL8,5,4,3,0,18
TCEANC,36,36,35,74,143
TCEANC2,3,5,3,6,32
TCERG1,74,79,43,23,206
TCF12,58,68,54,15,132
TCF15,1,1,1,2,12
TCF19,6,6,6,9,30
TCF20,13,33,11,10,164
TCF21,9,9,8,7,12
TCF23,1,1,1,1,11
TCF25,12,18,12,9,93
TCF3,134,133,80,22,169
TCF4,177,204,170,17,315
TCF7,3,2,6,23,26
TCF7L1,3,2,3,11,13
TCF7L2,18,30,27,28,265
TCFL5,1,1,2,1,2
TCHP,18,47,23,29,129
TCIRG1,14,18,3,23,71
TCL1A,25,25,24,11,59
TCL1B,4,30,5,5,46
TCN1,1,1,1,11,8
TCN2,3,5,4,12,14
TCOF1,44,55,22,11,269
TCP1,103,153,158,47,545
TCP10L,7,8,7,6,70
TCP11,3,3,3,3,13
TCP11L1,4,5,4,1,76
TCP11L2,1,5,1,2,20
TCTA,2,2,2,0,7
TCTN1,0,104,0,1,150
TCTN2,3,211,1,1,304
TCTN3,3,315,0,0,332
TDG,29,35,33,126,62
TDO2,15,15,10,17,21
TDP1,5,8,7,19,32
TDP2,29,31,30,11,70
TDRD1,6,5,4,2,9
TDRD10,0,0,0,2,2
TDRD3,19,30,1,8,208
TDRD6,2,2,2,2,8
TDRD7,7,8,12,8,51
TDRD9,2,2,1,3,9
TDRKH,2,1,2,35,83
TEAD1,14,18,18,14,155
TEAD2,10,76,10,3,125
TEAD3,13,19,16,3,30
TEAD4,18,32,21,10,75
TEC,20,20,39,36,58
TECPR1,9,9,9,1,14
TECPR2,2,1,5,2,16
TECR,26,59,9,55,283
TECTA,0,0,0,46,6
TEDC1,0,0,0,1,0
TEDC2,0,0,0,3,0
TEF,1,1,8,48,5
TEFM,0,3,5,53,217
TEK,11,10,28,42,117
TEKT1,8,9,11,6,29
TEKT3,3,3,3,1,41
TEKT4,15,27,21,3,118
TEKT5,2,2,2,1,51
TELO2,30,38,23,15,143
TENM1,0,3,2,3,22
TENM4,0,1,1,2,23
TENT2,0,0,0,9,0
TENT4B,0,0,0,10,0
TENT5A,0,0,0,6,0
TENT5B,0,0,0,1,0
TENT5C,0,0,0,8,0
TENT5C,0,0,0,8,0
TEP1,12,12,6,13,48
TEPSIN,0,0,0,32,0
TERF2,244,255,222,18,325
TERF2IP,141,148,154,12,551
TERT,62,61,36,432,101
TES,25,41,15,28,331
TESC,7,6,6,18,10
TESK1,12,12,14,2,33
TESK2,3,4,5,2,95
TESMIN,0,0,0,22,0
TESPA1,0,9,1,4,15
TET1,1,3,1,17,39
TET2,4,6,2,41,141
TET3,1,5,1,10,28
TEX10,16,29,109,16,176
TEX11,48,49,47,4,93
TEX12,0,0,0,3,19
TEX14,1,2,1,1,32
TEX15,1,3,0,4,20
TEX2,1,3,1,4,186
TEX261,0,0,0,0,2
TEX264,3,41,2,1,185
TEX30,0,0,1,1,4
TF,22,33,39,145,175
TFAM,22,24,13,304,425
TFAP2A,35,55,29,18,98
TFAP2B,10,11,14,4,19
TFAP2C,17,16,15,11,35
TFAP2E,1,0,1,0,1
TFAP4,87,93,7,6,149
TFB1M,6,8,4,29,77
TFB2M,5,9,6,37,93
TFCP2,66,80,101,3,435
TFCP2L1,3,3,2,3,8
TFDP1,32,35,30,14,118
TFDP2,10,12,13,10,52
TFDP3,2,26,2,2,35
TFE3,20,22,47,26,51
TFEB,2,16,4,180,39
TFEC,7,7,9,5,12
TFF1,9,17,11,11,25
TFF2,2,1,2,5,2
TFF3,3,3,2,8,6
TFG,52,117,58,129,256
TFIP11,112,132,100,32,414
TFPI,12,12,10,120,24
TFPI2,2,2,5,9,39
TFPT,36,39,29,77,156
TFRC,45,64,33,521,519
TG,2,2,11,151,5
TGDS,3,2,3,11,9
TGFA,7,9,16,322,79
TGFB1,34,58,59,156,298
TGFB1I1,28,28,35,25,41
TGFB2,10,8,18,42,17
TGFB3,7,7,15,34,11
TGFBI,2,2,11,131,17
TGFBR1,62,69,189,45,151
TGFBR2,45,82,52,39,191
TGFBR3,4,13,13,11,43
TGFBR3L,0,0,0,0,0
TGFBRAP1,6,13,13,11,50
TGIF1,21,22,30,9,27
TGIF2,4,4,4,2,21
TGM1,3,16,7,14,220
TGM2,64,76,84,20,208
TGM3,10,17,9,8,153
TGM5,1,1,1,4,33
TGM7,0,0,0,0,32
TGOLN2,6,48,22,27,1583
TGS1,9,30,12,17,69
TH,4,4,14,51,31
THADA,17,23,3,36,121
THAP1,60,66,63,7,114
THAP10,10,11,12,0,28
THAP11,16,29,19,3,118
THAP3,4,4,4,3,67
THAP4,4,4,6,5,76
THAP5,3,2,3,0,6
THAP6,2,2,2,4,19
THAP7,35,61,57,8,96
THAP8,5,9,5,0,27
THAP9,0,3,0,2,5
THBD,3,3,5,226,35
THBS1,30,29,51,68,101
THBS2,3,2,5,27,17
THEM4,1,1,1,2,83
THEM6,0,12,3,0,148
THG1L,24,26,6,1,58
THNSL2,1,1,2,9,1
THOC1,41,81,21,13,186
THOC2,38,98,12,38,220
THOC2,38,98,12,38,220
THOC3,21,21,8,11,118
THOC5,28,60,15,18,123
THOC6,37,41,6,8,88
THOC7,33,58,13,9,115
THOP1,34,37,10,17,101
THPO,3,3,4,150,5
THRA,69,68,73,117,90
THRAP3,84,107,37,30,456
THRB,49,47,59,19,61
THSD7A,3,3,3,2,25
THTPA,6,12,1,2,66
THUMPD1,6,20,1,1,63
THUMPD2,5,4,1,2,16
THY1,22,23,8,65,42
THYN1,5,5,2,4,26
TIA1,20,35,17,42,104
TIAL1,42,56,17,33,163
TIAM1,26,29,28,37,199
TIAM2,9,9,9,7,15
TICAM1,26,32,26,15,47
TICAM2,10,10,18,11,21
TICRR,0,3,3,219,31
TIE1,8,7,14,16,15
TIFA,18,17,18,31,41
TIGAR,0,0,4,19,0
TIGD1,2,2,1,0,12
TIGD2,0,1,0,2,5
TIGD3,0,0,0,3,12
TIGD4,1,2,1,3,5
TIGD5,3,10,3,2,71
TIGD7,2,3,2,2,12
TIGIT,4,4,4,15,25
TIMELESS,15,19,17,212,87
TIMM10,15,16,4,18,89
TIMM13,29,63,18,13,173
TIMM17A,7,7,8,22,20
TIMM17B,8,12,6,16,50
TIMM22,3,2,4,15,8
TIMM23,3,11,9,20,75
TIMM44,27,28,10,20,245
TIMM50,48,57,37,19,251
TIMM8A,9,13,9,8,82
TIMM8B,4,13,4,12,56
TIMM9,19,25,5,13,45
TIMMDC1,6,51,4,6,223
TIMP1,9,8,13,71,39
TIMP2,5,8,27,37,274
TIMP3,3,9,12,28,88
TIMP4,1,1,4,6,5
TINAGL1,15,21,15,1,35
TINF2,93,111,86,16,127
TIPARP,2,1,3,28,1541
TIPIN,7,13,7,186,31
TIPRL,18,40,8,38,117
TIRAP,33,39,31,112,43
TJAP1,5,13,1,3,53
TJP1,68,93,74,78,303
TJP2,37,60,26,36,285
TJP3,5,6,7,14,13
TK1,161,163,163,53,224
TK2,0,4,0,21,14
TKFC,0,0,3,49,0
TKT,32,127,23,256,345
TKTL1,0,0,0,61,8
TKTL2,1,10,1,63,18
TLCD1,1,2,2,0,24
TLCD2,0,3,0,0,11
TLCD5,0,0,0,2,0
TLE1,93,99,100,12,206
TLE2,17,15,18,10,131
TLE3,24,42,9,12,372
TLE4,11,15,11,9,87
TLE6,1,1,1,2,6
TLK1,15,15,14,8,59
TLK2,13,18,10,6,149
TLL1,2,1,3,5,8
TLL2,0,0,0,6,15
TLN1,44,63,37,68,274
TLN2,7,24,7,50,50
TLNRD1,0,0,0,3,0
TLR1,2,2,9,38,16
TLR10,0,0,13,2,11
TLR2,12,13,23,84,39
TLR3,15,19,15,50,47
TLR4,29,29,33,137,42
TLR5,2,2,8,20,16
TLR6,1,1,3,21,6
TLR7,2,2,2,42,13
TLR8,2,1,3,34,8
TLR9,19,19,8,44,69
TLX1,4,4,13,3,168
TLX2,9,9,10,3,140
TLX3,15,15,18,4,258
TM2D1,3,2,2,2,6
TM2D2,0,0,1,1,20
TM4SF1,5,4,12,2,7
TM4SF18,0,0,0,0,46
TM4SF4,1,2,2,3,23
TM7SF2,4,3,1,15,15
TM7SF3,2,1,1,2,8
TM9SF1,6,6,5,2,66
TM9SF2,7,8,3,2,74
TM9SF3,4,8,1,0,162
TM9SF4,8,44,2,1,121
TMA16,0,10,11,7,91
TMA7,0,3,2,6,45
TMBIM1,6,5,3,1,27
TMBIM4,10,10,32,6,13
TMBIM6,5,8,8,8,126
TMC1,2,2,2,11,9
TMC2,0,0,0,4,1
TMC4,0,0,0,0,29
TMC5,1,1,1,0,5
TMCC1,2,2,1,0,31
TMCC2,24,24,26,7,44
TMCO1,9,34,5,8,199
TMCO2,0,0,0,1,6
TMCO3,3,3,2,3,63
TMCO4,0,1,0,2,6
TMCO6,1,7,1,1,14
TMED1,6,9,5,0,77
TMED10,29,42,30,25,266
TMED2,12,32,26,19,145
TMED3,5,13,4,9,29
TMED4,12,17,1,2,87
TMED5,2,2,1,1,76
TMED7,3,6,3,11,91
TMED8,1,4,1,1,62
TMED9,36,41,11,12,169
TMEFF1,0,19,1,2,36
TMEM100,4,4,5,3,34
TMEM101,2,2,1,1,31
TMEM106A,1,2,1,0,213
TMEM106B,1,1,1,10,335
TMEM106C,3,2,3,1,76
TMEM107,1,1,1,0,51
TMEM108,4,4,3,1,29
TMEM109,1,13,4,11,123
TMEM11,6,11,8,8,107
TMEM115,3,5,3,7,54
TMEM116,0,0,0,14,6
TMEM117,0,0,0,0,6
TMEM120A,3,7,4,3,66
TMEM120B,1,6,1,2,115
TMEM121,0,0,0,0,14
TMEM123,2,3,1,1,6
TMEM125,0,0,0,0,0
TMEM126B,7,15,3,5,49
TMEM127,2,1,1,12,12
TMEM128,3,5,3,1,91
TMEM129,1,11,1,5,33
TMEM130,0,0,0,0,35
TMEM131,2,11,2,1,150
TMEM131L,0,0,0,1,0
TMEM132A,3,48,3,0,127
TMEM132D,1,0,2,2,71
TMEM132E,0,0,0,0,8
TMEM134,3,3,0,1,15
TMEM135,1,0,16,1,9
TMEM138,0,1,0,2,5
TMEM140,1,2,2,0,57
TMEM141,3,3,0,1,8
TMEM143,0,1,1,1,35
TMEM147,8,7,9,5,84
TMEM14A,3,5,5,3,41
TMEM14B,5,15,10,1,277
TMEM14C,7,8,6,7,64
TMEM150A,3,8,3,1,46
TMEM151A,0,0,0,2,1
TMEM154,0,0,0,1,38
TMEM156,0,0,0,1,1
TMEM158,0,0,0,0,3
TMEM160,7,15,7,4,71
TMEM161A,3,11,3,0,91
TMEM161B,0,1,0,0,30
TMEM163,0,0,0,0,4
TMEM164,3,5,1,0,36
TMEM165,8,15,4,5,103
TMEM167A,1,0,1,1,7
TMEM167B,2,1,1,0,39
TMEM168,1,3,0,0,12
TMEM17,0,400,0,1,403
TMEM174,2,2,1,2,17
TMEM175,1,1,1,4,6
TMEM176A,4,4,5,0,16
TMEM177,29,31,0,0,47
TMEM178A,0,0,0,0,2
TMEM178B,0,0,0,0,3
TMEM179B,2,6,0,3,91
TMEM18,1,0,1,6,13
TMEM183A,3,2,3,0,28
TMEM184B,1,2,1,0,41
TMEM184C,1,2,1,2,17
TMEM185A,0,57,0,1,84
TMEM185B,1,1,1,0,4
TMEM187,0,0,3,1,16
TMEM198,0,0,0,1,0
TMEM200B,0,0,0,0,2
TMEM200C,0,0,0,1,3
TMEM201,4,7,1,3,143
TMEM203,1,2,2,0,43
TMEM205,1,7,1,0,69
TMEM208,1,3,0,4,52
TMEM214,3,23,2,3,152
TMEM215,0,0,0,0,0
TMEM216,2,244,1,1,245
TMEM219,0,6,0,2,23
TMEM221,0,0,0,0,0
TMEM222,5,7,4,2,53
TMEM223,1,3,1,1,61
TMEM229A,0,0,0,0,0
TMEM230,0,4,9,5,50
TMEM231,5,31,3,4,71
TMEM234,1,2,2,1,19
TMEM238,0,0,0,1,1
TMEM239,11,11,11,0,68
TMEM240,0,0,0,0,0
TMEM243,0,1,1,0,47
TMEM245,0,4,2,0,42
TMEM248,0,19,4,1,55
TMEM25,4,77,3,1,132
TMEM254,0,0,1,9,45
TMEM255A,0,11,2,2,16
TMEM258,0,0,1,5,39
TMEM259,0,12,2,3,105
TMEM260,0,7,0,3,13
TMEM30A,8,53,2,5,166
TMEM33,14,19,70,2,189
TMEM35A,0,0,0,1,0
TMEM35B,0,0,0,1,0
TMEM37,6,6,6,1,12
TMEM38B,2,4,1,3,67
TMEM39A,1,7,1,0,49
TMEM39B,2,6,3,0,39
TMEM40,0,0,0,0,10
TMEM41B,3,6,2,5,160
TMEM42,0,0,0,1,56
TMEM43,14,33,5,11,201
TMEM44,1,1,1,0,14
TMEM45A,1,0,1,2,17
TMEM45B,3,3,3,0,46
TMEM47,0,0,0,1,9
TMEM50A,3,2,2,4,16
TMEM50B,0,0,0,3,24
TMEM51,1,23,5,3,100
TMEM52,0,0,0,1,1
TMEM53,1,1,1,2,12
TMEM54,5,6,6,0,27
TMEM59,5,9,1,12,203
TMEM59L,1,4,1,5,48
TMEM60,0,0,0,0,91
TMEM62,2,5,8,0,18
TMEM63A,1,3,3,3,104
TMEM63B,3,77,2,0,160
TMEM63C,0,0,0,3,39
TMEM64,2,1,1,3,4
TMEM67,3,53,4,4,140
TMEM69,0,0,0,5,19
TMEM70,2,4,2,9,229
TMEM71,0,0,0,0,6
TMEM74,1,1,1,1,124
TMEM79,14,16,13,5,65
TMEM80,0,0,0,0,67
TMEM81,0,0,0,1,3
TMEM86B,1,1,1,2,106
TMEM87A,1,11,2,5,189
TMEM9,11,13,3,0,242
TMEM91,0,0,0,1,2
TMEM94,0,0,0,1,0
TMEM97,3,6,2,6,107
TMEM98,3,2,3,2,24
TMEM9B,2,1,2,3,118
TMF1,8,13,11,11,82
TMLHE,3,0,4,43,56
TMOD1,3,33,4,25,150
TMOD2,8,21,3,8,78
TMOD3,30,63,17,14,247
TMOD4,5,5,2,21,28
TMPO,50,97,37,273,769
TMPPE,0,10,0,0,72
TMPRSS3,4,4,3,6,36
TMPRSS4,4,4,4,10,308
TMPRSS5,0,7,0,1,47
TMPRSS7,0,0,0,0,3
TMSB10,9,14,8,4,54
TMSB15A,0,0,0,1,1
TMSB4X,23,25,40,12,67
TMT1B,0,0,0,0,0
TMTC2,1,1,1,4,14
TMUB1,8,23,2,4,88
TMUB2,4,3,5,1,47
TMX1,14,27,8,5,251
TMX2,8,16,3,2,231
TMX3,6,8,4,5,116
TMX4,1,7,3,6,76
TNC,3,2,12,12,23
TNF,48,93,40,664,314
TNFAIP1,26,45,21,7,73
TNFAIP2,5,5,3,2,130
TNFAIP3,74,76,59,39,181
TNFAIP6,2,2,4,11,27
TNFAIP8,20,20,12,2,34
TNFAIP8L1,6,5,5,1,48
TNFRSF10A,16,15,24,21,130
TNFRSF10B,24,50,24,30,167
TNFRSF10C,7,7,8,7,100
TNFRSF10D,7,6,46,7,41
TNFRSF11A,9,10,13,12,17
TNFRSF12A,7,4,12,10,8
TNFRSF13B,11,11,10,11,44
TNFRSF13C,5,5,4,21,11
TNFRSF14,30,30,77,13,31
TNFRSF17,7,6,6,9,21
TNFRSF18,4,4,5,11,10
TNFRSF19,0,0,7,9,45
TNFRSF1A,91,98,164,84,187
TNFRSF1B,25,25,115,28,142
TNFRSF21,8,9,6,14,28
TNFRSF25,8,7,9,20,12
TNFRSF4,6,6,8,20,8
TNFRSF6B,5,5,6,6,30
TNFRSF8,9,8,9,21,28
TNFRSF9,8,11,7,23,30
TNFSF10,14,14,13,24,22
TNFSF11,19,24,34,49,32
TNFSF12,6,6,4,12,22
TNFSF13,8,9,11,4,28
TNFSF13B,6,47,5,35,118
TNFSF14,8,8,10,7,76
TNFSF15,2,2,2,8,2
TNFSF18,0,0,1,4,67
TNFSF4,0,0,2,14,0
TNFSF8,1,1,2,12,139
TNFSF9,6,11,4,6,86
TNIK,36,39,116,49,154
TNIP1,66,86,73,19,1217
TNIP2,23,26,24,18,949
TNIP3,12,12,12,0,34
TNK1,4,19,5,3,39
TNK2,60,66,39,18,117
TNKS,21,29,19,160,98
TNKS1BP1,18,33,12,7,166
TNKS2,10,15,32,17,61
TNMD,1,1,1,6,18
TNN,3,4,1,8,22
TNNC1,13,12,12,7,28
TNNI1,9,14,11,10,52
TNNI2,7,7,15,8,27
TNNI3,10,14,20,32,20
TNNT1,53,52,69,7,78
TNNT2,9,8,10,34,14
TNNT3,5,6,7,10,21
TNP1,9,9,9,8,11
TNP2,12,12,12,6,30
TNPO1,40,59,92,20,304
TNPO2,19,40,19,3,225
TNPO3,32,50,11,9,240
TNR,10,10,15,35,13
TNRC18,4,8,2,2,90
TNRC6A,19,41,11,17,283
TNRC6B,30,70,21,13,286
TNRC6C,16,29,9,11,137
TNS1,7,7,13,10,38
TNS2,0,0,31,10,0
TNS3,13,14,11,14,83
TNS4,5,11,4,8,42
TNXB,1,1,3,86,13
TOB1,25,25,43,0,42
TOB2,9,11,6,0,18
TOE1,29,38,29,13,141
TOGARAM1,0,0,0,1,0
TOLLIP,77,81,70,82,359
TOM1,25,32,20,10,110
TOM1L1,51,51,34,4,84
TOM1L2,22,25,4,2,69
TOMM20,33,41,21,33,234
TOMM20L,0,2,0,4,8
TOMM22,25,49,8,23,366
TOMM34,28,31,13,2,112
TOMM40,47,112,8,35,309
TOMM40L,4,5,1,7,9
TOMM5,2,2,2,4,114
TOMM70,0,0,0,27,0
TONSL,28,31,6,90,105
TOP1,131,145,116,52,647
TOP1MT,3,8,1,18,33
TOP2A,61,84,55,93,507
TOP2B,50,62,20,31,267
TOP3A,15,24,12,28,93
TOP3B,22,32,19,8,1471
TOPAZ1,0,1,0,1,12
TOPBP1,48,50,33,31,572
TOPORS,47,51,26,126,93
TOR1A,20,25,13,18,71
TOR1AIP1,20,47,11,10,231
TOR1AIP2,16,18,10,3,208
TOR1B,4,8,2,3,57
TOR2A,1,3,0,1,18
TOR3A,2,15,2,0,87
TOR4A,0,2,2,0,20
TOX,1,1,0,0,12
TOX2,2,1,3,0,33
TOX4,33,41,16,0,141
TP53,782,856,543,364,2190
TP53BP1,121,127,75,76,484
TP53BP2,61,104,64,11,230
TP53I11,2,3,2,0,39
TP53I13,0,0,0,4,6
TP53I3,9,9,8,4,16
TP53INP1,3,7,2,2,18
TP53INP2,2,2,1,0,5
TP53RK,35,47,15,5,86
TP53TG5,1,1,1,2,8
TP63,117,117,61,23,156
TP73,102,111,102,22,160
TPBG,25,23,2,23,32
TPBGL,0,0,0,6,0
TPCN1,0,2,1,7,29
TPCN2,0,0,1,9,64
TPD52,19,35,11,13,105
TPD52L1,11,16,14,10,40
TPD52L2,48,63,11,3,160
TPD52L3,4,4,7,0,15
TPGS2,5,6,2,1,22
TPH1,2,2,4,24,11
TPH1,2,2,4,24,11
TPH2,1,0,0,18,4
TPI1,41,83,22,125,273
TPK1,0,0,0,11,23
TPM1,61,102,31,38,252
TPM2,30,73,21,26,203
TPM3,78,113,54,41,375
TPM4,48,75,11,23,269
TPMT,2,1,2,10,11
TPO,0,0,2,70,0
TPP1,13,14,4,17,107
TPP2,12,21,9,12,122
TPPP,4,6,5,40,38
TPPP2,0,0,0,0,8
TPPP3,1,1,2,0,5
TPR,66,76,22,282,273
TPRA1,3,2,0,1,36
TPRG1L,0,0,1,0,5
TPRKB,37,38,4,27,60
TPRN,3,21,4,16,49
TPST1,0,2,6,3,25
TPST2,0,3,5,1,122
TPT1,25,29,37,19,280
TPX2,33,38,16,43,205
TRA2A,60,143,28,33,334
TRA2B,66,77,39,39,347
TRABD,4,13,2,23,104
TRABD2B,0,0,1,1,3
TRADD,35,37,74,171,103
TRAF1,176,198,202,28,297
TRAF2,298,316,320,46,596
TRAF3,98,98,73,48,211
TRAF3IP1,60,65,34,4,95
TRAF3IP2,31,33,22,5,43
TRAF3IP3,31,30,30,10,81
TRAF4,80,87,85,7,193
TRAF5,52,55,51,24,86
TRAF6,226,243,484,93,431
TRAF7,9,23,12,7,128
TRAFD1,8,12,4,3,70
TRAIP,31,32,35,74,74
TRAK1,7,10,12,19,76
TRAK2,4,33,4,8,61
TRAM1,10,14,11,3,68
TRAM2,1,1,5,3,13
TRAP1,50,76,48,26,462
TRAPPC1,7,7,6,6,52
TRAPPC10,14,18,13,5,74
TRAPPC11,0,16,18,9,57
TRAPPC12,0,21,14,3,46
TRAPPC2L,20,21,22,8,70
TRAPPC3,17,22,21,8,69
TRAPPC3L,0,12,12,0,12
TRAPPC4,12,20,15,7,76
TRAPPC5,9,15,7,7,81
TRAPPC6A,15,15,16,5,52
TRAPPC6B,9,10,9,4,38
TRAPPC8,15,17,14,4,73
TRAT1,8,9,10,11,22
TRDMT1,14,14,17,8,21
TRDN,5,5,4,128,79
TREM1,2,1,2,12,15
TREML1,2,2,2,3,7
TREML4,0,0,0,0,0
TRERF1,11,10,5,2,35
TREX1,9,9,12,6,51
TREX2,1,2,3,3,52
TRH,0,0,3,30,2
TRHDE,1,1,3,0,24
TRIAP1,6,9,7,3,49
TRIB1,4,14,5,12,40
TRIB2,9,8,3,5,47
TRIB3,34,36,34,11,154
TRIM10,9,25,9,6,46
TRIM11,12,21,14,4,173
TRIM13,15,19,5,13,156
TRIM14,2,3,2,2,385
TRIM15,14,39,14,2,47
TRIM16,14,14,8,3,58
TRIM17,18,18,21,6,80
TRIM2,25,29,26,6,49
TRIM21,65,82,54,34,686
TRIM22,10,9,7,6,28
TRIM23,142,143,194,9,377
TRIM24,62,66,51,29,382
TRIM25,55,89,30,33,2523
TRIM26,26,56,25,4,199
TRIM27,270,302,325,15,510
TRIM28,186,220,114,58,1465
TRIM29,39,83,44,5,222
TRIM3,11,13,7,3,71
TRIM31,17,20,20,4,455
TRIM32,61,69,52,19,192
TRIM33,51,65,23,19,456
TRIM34,8,7,5,0,16
TRIM35,13,15,24,1,99
TRIM36,12,16,13,6,140
TRIM37,63,78,66,3,633
TRIM38,26,26,24,2,47
TRIM39,56,63,61,3,106
TRIM4,5,7,5,11,51
TRIM40,6,5,4,5,12
TRIM41,62,70,73,3,224
TRIM42,63,63,61,1,147
TRIM43,11,10,11,2,50
TRIM44,8,8,10,0,69
TRIM45,11,10,7,3,33
TRIM46,17,19,30,1,29
TRIM47,16,15,6,1,47
TRIM5,44,46,35,14,89
TRIM50,12,11,8,1,53
TRIM52,6,5,6,2,132
TRIM54,125,126,127,7,319
TRIM55,87,87,40,3,465
TRIM56,11,15,9,4,134
TRIM58,6,5,1,4,19
TRIM59,6,6,7,2,48
TRIM6,6,5,4,1,72
TRIM62,4,9,3,2,31
TRIM63,87,88,86,16,334
TRIM65,12,14,10,1,79
TRIM68,11,24,5,3,102
TRIM69,25,25,21,4,85
TRIM7,7,8,9,3,79
TRIM72,7,7,4,7,48
TRIM8,48,50,76,2,91
TRIM9,33,36,29,6,87
TRIML1,4,4,4,0,6
TRIO,17,24,14,186,99
TRIOBP,8,26,9,88,123
TRIP10,34,45,34,18,101
TRIP11,9,10,13,7,156
TRIP12,32,45,24,25,216
TRIP13,101,109,96,43,276
TRIP4,33,41,23,8,200
TRIP6,131,171,126,16,355
TRIR,0,0,0,126,0
TRIT1,2,4,2,23,16
TRMO,0,0,0,35,0
TRMT1,28,33,3,7,131
TRMT10A,0,11,0,6,24
TRMT10B,0,32,1,4,40
TRMT10C,0,15,24,18,206
TRMT11,5,6,4,13,40
TRMT112,25,31,16,13,84
TRMT12,1,1,1,2,10
TRMT13,0,2,0,4,12
TRMT1L,12,22,1,6,201
TRMT2A,25,32,19,6,141
TRMT2B,2,3,1,4,27
TRMT44,0,10,1,0,39
TRMT5,2,0,1,7,43
TRMT6,10,42,7,14,97
TRMT61A,13,20,4,10,84
TRMT61B,4,13,4,11,280
TRNAU1AP,2,4,2,20,31
TRNP1,0,0,0,1,4
TRO,7,17,9,2,73
TROAP,15,19,18,120,54
TRPC1,15,15,19,11,24
TRPC3,7,7,25,8,19
TRPC4,11,10,13,4,17
TRPC4AP,19,22,14,6,107
TRPC5,17,16,16,4,21
TRPC6,11,11,13,14,16
TRPM1,0,0,0,5,11
TRPM2,1,0,4,2,8
TRPM3,0,2,0,2,22
TRPM5,0,0,0,3,4
TRPM6,0,0,4,3,5
TRPM7,7,12,13,5,126
TRPS1,5,17,4,8,137
TRPT1,3,3,4,7,13
TRPV1,6,6,11,34,10
TRPV2,1,0,3,5,6
TRPV4,12,11,21,15,16
TRPV5,3,20,5,10,27
TRPV6,15,14,19,6,17
TRRAP,74,97,74,310,755
TRUB1,5,7,5,20,38
TSACC,0,3,2,2,6
TSC1,34,43,54,33,245
TSC2,43,54,53,48,160
TSC22D1,83,86,158,0,99
TSC22D2,2,2,2,0,63
TSC22D3,25,30,17,5,64
TSC22D4,51,78,54,0,114
TSEN15,8,8,9,1,59
TSEN2,12,20,6,11,53
TSEN34,12,14,6,4,36
TSEN54,9,10,7,8,33
TSFM,8,13,5,385,370
TSG101,112,144,107,37,286
TSGA10,46,46,42,2,95
TSGA10IP,6,16,5,3,138
TSGA13,0,2,0,2,3
TSHR,11,27,24,20,83
TSHZ1,1,2,1,2,20
TSHZ2,3,3,2,0,36
TSHZ3,18,20,17,0,86
TSKS,5,5,6,17,38
TSKU,1,1,1,25,4
TSLP,3,3,7,198,10
TSN,26,30,17,93,109
TSNARE1,0,3,0,5,37
TSNAX,29,95,28,79,185
TSNAXIP1,2,3,2,3,20
TSPAN1,1,1,2,1,17
TSPAN12,1,1,2,2,21
TSPAN13,3,3,1,0,3
TSPAN14,4,4,2,4,12
TSPAN15,3,7,4,3,276
TSPAN17,3,43,1,1,71
TSPAN18,0,1,0,1,28
TSPAN3,2,34,4,2,108
TSPAN31,1,1,0,3,50
TSPAN32,0,0,0,4,0
TSPAN33,1,4,0,3,66
TSPAN4,7,7,10,3,51
TSPAN5,3,59,3,2,79
TSPAN6,8,10,8,1,62
TSPAN7,3,4,6,2,36
TSPAN8,0,0,0,5,73
TSPAN9,2,1,1,3,7
TSPO,3,11,3,118,42
TSPYL1,9,11,6,0,120
TSPYL2,13,17,15,5,103
TSPYL4,8,11,17,1,36
TSR1,79,106,16,25,315
TSR2,8,8,8,11,34
TSR3,0,9,1,5,48
TSSC4,15,57,14,13,107
TSSK1B,2,12,6,3,39
TSSK2,7,7,6,2,24
TSSK3,18,19,25,2,78
TSSK4,1,1,3,5,8
TSSK6,8,17,19,5,45
TST,13,13,3,93,57
TSTD1,0,0,0,13,0
TTBK1,4,5,8,2,24
TTBK2,7,8,6,2,20
TTC1,68,83,17,5,152
TTC12,3,3,3,5,16
TTC13,1,2,2,0,88
TTC14,12,11,14,6,26
TTC16,0,0,0,0,6
TTC17,2,9,4,0,114
TTC19,13,24,17,8,127
TTC21B,2,2,2,4,22
TTC23,22,22,21,1,101
TTC23L,5,8,5,2,26
TTC24,0,0,0,0,1
TTC27,9,23,9,14,108
TTC29,0,15,0,3,19
TTC3,6,16,12,4,122
TTC31,0,4,0,0,17
TTC34,1,1,3,1,2
TTC38,3,10,3,2,25
TTC39A,0,1,0,1,13
TTC39B,2,7,2,4,16
TTC4,30,46,5,10,125
TTC5,11,22,7,24,62
TTC7A,1,1,1,2,17
TTC7B,2,1,2,1,24
TTC8,1,1,2,6,21
TTC9,0,0,0,1,5
TTC9B,0,1,0,2,6
TTC9C,30,35,7,3,135
TTF1,9,16,8,13,107
TTF2,24,44,25,40,141
TTI1,27,37,14,8,107
TTI2,15,16,10,4,52
TTK,21,55,16,264,170
TTL,2,3,0,4,19
TTLL1,0,18,0,2,26
TTLL10,10,10,11,3,16
TTLL11,2,2,0,3,7
TTLL12,48,53,9,1,121
TTLL2,0,0,0,1,2
TTLL3,1,13,4,1,15
TTLL5,4,13,5,3,48
TTLL6,1,3,1,1,13
TTLL7,3,4,1,2,14
TTLL9,0,0,0,1,13
TTN,44,48,97,310,307
TTPA,3,3,2,30,48
TTPAL,2,2,2,4,11
TTR,44,44,53,251,90
TTYH1,1,0,1,0,298
TTYH2,4,3,3,0,23
TTYH3,5,12,3,0,79
TUB,5,4,11,66,23
TUBA1A,151,205,174,45,694
TUBA1B,85,105,50,46,465
TUBA1C,81,165,27,33,469
TUBA3C,20,40,46,14,138
TUBA3D,7,8,45,22,13
TUBA3E,15,20,4,19,41
TUBA4A,81,119,128,41,496
TUBA8,11,22,10,20,90
TUBB,177,215,220,350,681
TUBB1,28,38,56,21,135
TUBB2A,90,109,38,38,299
TUBB2B,30,60,44,17,210
TUBB3,76,111,37,35,448
TUBB4A,40,53,63,26,224
TUBB4B,110,134,57,31,550
TUBB6,53,58,14,18,241
TUBD1,3,3,2,1,27
TUBE1,4,4,1,7,15
TUBG1,171,222,40,17,367
TUBG2,4,2,6,6,35
TUBGCP2,57,74,11,6,181
TUBGCP3,121,131,13,12,220
TUBGCP4,70,82,35,7,161
TUBGCP6,8,17,7,11,61
TUFM,130,152,37,514,672
TUFT1,10,17,13,4,59
TULP1,0,0,3,7,3
TULP2,5,6,6,1,37
TULP3,9,8,59,9,337
TULP4,2,2,5,5,19
TUSC1,1,2,0,0,8
TUSC2,7,7,8,1,69
TUSC3,4,7,3,8,58
TUT4,0,0,0,8,0
TUT7,0,0,0,6,0
TWF1,23,45,6,21,172
TWF2,49,51,19,21,93
TWF2,49,51,19,21,93
TWIST1,22,29,14,34,66
TWIST2,6,9,6,4,17
TWNK,0,0,0,89,0
TWSG1,5,5,4,11,15
TXK,3,3,10,80,48
TXLNA,70,99,56,39,241
TXLNB,33,32,31,2,90
TXLNG,17,37,6,5,98
TXN,57,102,44,419,336
TXN2,54,58,36,25,143
TXNDC11,19,36,19,9,86
TXNDC12,12,11,5,4,138
TXNDC15,3,28,1,2,64
TXNDC5,57,70,28,20,223
TXNDC9,32,55,20,23,122
TXNIP,21,24,11,10,211
TXNL1,50,58,9,8,221
TXNL4A,10,23,10,20,74
TXNL4B,13,13,8,9,34
TXNRD1,32,37,8,64,107
TXNRD2,8,13,8,59,55
TYK2,40,71,44,36,142
TYMS,39,47,7,469,92
TYR,2,1,2,212,3
TYRO3,21,23,24,3,156
TYROBP,7,7,18,41,76
TYRP1,5,5,3,24,9
TYSND1,4,5,2,9,31
TYW1,6,12,2,2,121
TYW1B,1,5,0,1,22
U2AF1,109,114,35,58,229
U2AF1L4,5,3,3,12,14
U2AF2,134,150,91,62,639
U2SURP,34,43,24,29,351
UACA,13,25,11,12,137
UAP1,9,16,1,16,40
UAP1L1,0,6,0,13,13
UBA1,90,125,63,32,363
UBA2,60,77,21,14,164
UBA3,29,32,16,22,69
UBA5,49,74,43,8,118
UBA52,42,71,228,166,403
UBA6,43,67,6,17,155
UBA7,7,10,3,15,16
UBAC1,28,40,24,3,116
UBAC2,7,55,4,7,194
UBALD1,0,0,2,0,1
UBALD2,0,0,0,1,8
UBAP1,13,16,1,7,31
UBAP2,19,23,3,7,170
UBAP2L,37,46,8,12,309
UBASH3A,20,20,19,15,123
UBASH3B,83,108,24,14,146
UBB,69,77,206,601,412
UBC,10113,851,8611,605,1715
UBD,664,19,478,17,49
UBE2A,48,74,32,14,222
UBE2B,60,73,28,10,86
UBE2C,54,57,34,51,90
UBE2D1,227,238,202,49,286
UBE2D2,188,221,183,38,313
UBE2D3,185,201,181,39,274
UBE2D4,91,92,96,8,121
UBE2E1,109,111,110,17,163
UBE2E2,69,69,69,9,93
UBE2E3,77,86,91,8,127
UBE2F,13,14,13,5,21
UBE2G1,15,21,14,8,35
UBE2G2,43,51,39,10,95
UBE2H,78,77,61,8,1960
UBE2I,301,425,323,72,614
UBE2J1,29,35,18,9,183
UBE2J2,11,12,14,12,39
UBE2K,78,86,78,22,141
UBE2L3,101,127,73,18,208
UBE2L6,41,45,39,14,114
UBE2M,45,58,105,27,612
UBE2N,119,151,100,51,322
UBE2O,26,48,35,9,779
UBE2Q1,7,12,8,1,62
UBE2Q2,15,16,11,0,28
UBE2QL1,2,1,0,0,3
UBE2R2,28,30,18,5,63
UBE2S,48,61,23,22,141
UBE2T,19,29,14,45,73
UBE2U,66,67,67,5,138
UBE2V1,67,78,42,24,113
UBE2V2,46,52,28,31,88
UBE2W,71,74,68,6,94
UBE2Z,35,35,39,4,61
UBE3A,131,160,88,25,419
UBE3B,3,6,2,0,52
UBE3C,30,40,13,4,210
UBE3D,0,5,3,0,36
UBE4A,14,25,10,8,105
UBE4B,66,72,14,13,130
UBFD1,28,33,1,8,57
UBIAD1,1,3,3,6,123
UBL3,3,2,2,1,33
UBL4A,277,298,239,23,361
UBL4B,2,2,2,7,14
UBL5,11,14,9,23,76
UBL5,11,14,9,23,76
UBL7,26,41,12,8,67
UBLCP1,6,9,3,7,83
UBN1,8,11,3,11,82
UBN2,3,4,2,3,97
UBOX5,19,18,27,5,21
UBP1,10,21,5,4,66
UBQLN1,198,212,164,24,427
UBQLN2,60,77,23,46,785
UBQLN4,179,184,159,23,252
UBQLNL,0,0,1,4,4
UBR1,49,64,31,12,258
UBR2,14,41,8,8,124
UBR3,5,18,6,2,99
UBR4,47,76,16,3,315
UBR5,79,112,46,19,549
UBR7,25,33,13,7,94
UBTD1,19,19,8,1,39
UBTD2,4,8,2,1,28
UBTF,46,63,46,171,223
UBXN1,96,133,43,4,204
UBXN10,5,39,4,1,41
UBXN11,22,34,18,3,50
UBXN2A,5,17,5,4,23
UBXN2B,8,26,8,4,39
UBXN4,9,29,5,3,185
UBXN6,44,52,14,9,321
UBXN7,74,106,42,18,271
UCHL1,51,53,47,32,236
UCHL3,56,86,23,9,178
UCHL5,188,211,148,12,312
UCK1,2,4,2,20,16
UCK2,6,6,3,21,57
UCKL1,2,6,2,21,50
UCN,2,2,4,90,3
UCN2,0,0,2,2,0
UEVLD,6,6,8,106,27
UFC1,0,44,5,2,63
UFL1,6,17,13,2,1040
UFM1,0,76,17,2,108
UFSP1,0,0,0,0,46
UFSP2,3,9,3,1,113
UGCG,4,9,4,105,43
UGDH,28,34,9,22,99
UGGT1,31,51,16,14,243
UGGT2,7,9,5,11,87
UGP2,38,51,10,26,91
UGT1A1,4,3,4,11,8
UGT1A10,1,19,2,10,32
UGT1A3,0,0,0,6,3
UGT1A9,0,0,0,6,12
UGT2B15,0,0,0,7,5
UGT2B28,0,0,0,6,5
UGT3A2,0,3,0,1,19
UGT8,1,10,0,16,88
UGT8,1,10,0,16,88
UHMK1,2,1,4,4,47
UHRF2,54,51,59,5,128
UIMC1,61,63,56,18,118
ULBP2,2,4,4,10,28
ULBP3,0,6,3,5,60
ULK1,34,45,20,29,174
ULK2,13,13,15,10,24
ULK3,4,7,2,4,60
ULK4,4,4,3,1,27
UMODL1,0,0,0,2,13
UMPS,15,41,14,225,104
UNC119,90,105,95,13,145
UNC119B,5,9,0,1,38
UNC13B,13,14,15,6,49
UNC45A,31,72,14,2,238
UNC45B,4,4,0,5,20
UNC50,1,2,3,3,45
UNC5A,3,3,3,4,5
UNC5B,3,8,4,5,91
UNC5C,2,4,2,4,31
UNC79,3,3,4,7,10
UNG,14,16,9,131,42
UNK,32,293,2,4,407
UNKL,3,5,5,12,69
UPB1,0,1,0,17,1
UPF1,93,128,169,46,568
UPF2,86,92,43,15,160
UPF3A,20,25,20,11,46
UPF3B,27,38,32,17,135
UPK1B,4,4,5,1,59
UPK3A,2,2,2,1,3
UPK3B,0,2,1,7,10
UPP1,9,12,2,19,78
UPP2,2,2,2,17,6
UQCC1,0,8,1,6,104
UQCC2,0,12,3,3,50
UQCC3,0,5,2,2,20
UQCR10,5,14,2,30,59
UQCR11,5,4,3,14,51
UQCRB,26,53,8,246,122
UQCRC1,35,46,17,45,225
UQCRC2,31,126,17,52,356
UQCRFS1,36,69,7,57,238
UQCRQ,14,65,9,259,163
URB1,7,17,5,8,133
URB2,6,11,4,1,102
URGCP,3,3,2,1,31
URI1,18,29,13,3,136
URM1,15,15,6,5,26
UROC1,1,0,1,1,1
UROD,13,16,9,63,31
UROS,2,11,2,55,13
USB1,0,30,2,4,49
USE1,5,20,6,9,117
USF1,40,58,26,33,79
USF2,20,22,32,22,43
USH1C,10,10,9,7,29
USH2A,1,2,2,20,5
USHBP1,124,125,119,3,238
USP1,40,50,32,31,128
USP10,34,50,18,14,307
USP11,98,128,76,14,542
USP12,23,29,18,7,66
USP13,38,46,29,13,111
USP14,56,66,39,26,476
USP15,120,139,93,16,487
USP16,20,22,6,6,80
USP18,13,23,10,9,58
USP19,65,70,35,8,152
USP2,89,97,31,17,241
USP20,59,63,54,10,209
USP21,70,72,63,16,159
USP22,48,56,38,10,157
USP24,9,17,6,3,112
USP25,36,38,34,10,103
USP26,4,4,2,1,13
USP27X,2,3,2,3,38
USP28,46,49,35,11,114
USP3,28,34,19,6,64
USP30,7,10,7,16,112
USP31,2,2,0,2,27
USP32,26,29,24,1,117
USP33,29,38,20,9,139
USP34,39,40,3,12,162
USP35,1,0,1,2,25
USP36,26,36,25,7,598
USP37,18,96,5,7,115
USP38,8,11,7,6,31
USP39,79,89,46,13,215
USP4,75,87,69,21,288
USP42,30,30,2,0,70
USP43,9,31,1,9,53
USP44,12,11,12,2,47
USP45,22,27,25,7,35
USP46,21,30,19,6,58
USP47,15,28,20,8,190
USP48,15,25,9,6,170
USP49,39,38,37,5,59
USP5,66,75,27,13,215
USP50,25,25,22,1,34
USP51,4,4,4,2,49
USP53,25,24,24,1,139
USP54,14,24,19,0,216
USP6,13,12,14,2,24
USP6NL,7,11,7,0,105
USP7,199,291,143,56,826
USP8,59,66,49,28,147
USP9X,102,117,48,29,417
USP9Y,5,6,3,6,49
USPL1,24,24,16,3,35
UST,3,2,3,34,39
UTP11,0,0,0,17,0
UTP14A,89,105,45,20,229
UTP14C,9,10,9,18,52
UTP15,10,27,3,19,107
UTP18,11,17,13,22,134
UTP20,14,27,5,15,209
UTP23,15,25,14,15,188
UTP25,0,0,0,15,0
UTP3,9,21,8,22,153
UTP4,0,0,0,21,0
UTP6,12,15,6,21,86
UTRN,31,42,25,118,215
UTS2R,1,1,2,10,1
UTY,4,6,3,15,26
UVRAG,15,17,14,156,63
UVSSA,0,11,3,6,38
UXS1,0,4,1,8,99
UXT,22,37,26,123,113
VAC14,52,63,46,5,203
VAMP2,61,71,38,46,192
VAMP3,21,33,33,52,331
VAMP4,16,23,13,13,140
VAMP5,8,7,6,6,169
VAMP7,13,18,20,33,130
VAMP8,23,31,26,35,100
VANGL1,10,20,12,33,239
VANGL2,1,10,4,13,210
VAPA,50,206,27,181,686
VAPB,52,124,20,202,473
VARS1,0,0,0,45,0
VARS2,8,7,17,22,113
VASH1,2,5,2,1,14
VASH2,1,1,1,1,14
VASN,31,30,8,1,162
VASP,60,77,39,210,287
VAT1,19,20,3,2,128
VAT1L,3,2,3,5,10
VAV1,67,65,86,62,186
VAV2,60,64,64,37,93
VAV3,15,14,20,31,48
VAX1,0,0,0,0,16
VAX2,0,2,0,0,8
VBP1,42,58,15,13,199
VCAM1,438,442,424,81,466
VCAN,17,15,24,164,43
VCL,82,104,48,417,276
VCP,525,580,376,516,1403
VCPIP1,27,40,22,8,152
VCPKMT,0,14,1,4,17
VDAC1,61,125,124,81,531
VDAC2,50,117,84,34,434
VDAC3,40,97,79,28,349
VDR,93,88,88,0,118
VEGFA,23,23,24,0,50
VEGFB,4,12,5,106,29
VEGFC,1,1,2,179,3
VENTX,10,10,10,3,102
VEPH1,0,0,7,0,5
VEZF1,3,3,2,1,107
VEZT,6,11,5,245,181
VGF,3,5,1,67,27
VGLL1,4,4,4,3,15
VGLL2,1,1,3,0,2
VGLL3,1,1,1,2,70
VGLL4,6,11,6,2,28
VHL,274,297,254,241,465
VIL1,4,5,8,2,18
VILL,0,0,0,9,8
VIM,204,231,258,338,780
VIP,4,4,10,35,16
VIPAS39,0,6,5,2,38
VIPR1,7,7,19,9,192
VIPR2,2,2,3,10,191
VIRMA,0,0,0,171,0
VKORC1,85,90,79,7,128
VLDLR,9,7,12,34,35
VMA21,12,19,5,2,112
VMAC,0,3,0,1,20
VMP1,4,10,3,4,190
VN1R1,0,0,0,0,3
VN1R2,0,0,0,0,2
VN1R4,0,0,0,0,0
VOPP1,1,0,16,2,10
VPREB3,0,0,1,6,0
VPS13A,1,11,6,11,112
VPS13B,2,4,1,3,75
VPS13C,1,4,1,7,123
VPS13D,3,4,3,2,64
VPS16,14,40,11,7,117
VPS18,21,46,23,9,123
VPS25,29,28,12,7,69
VPS26A,58,95,7,9,165
VPS26C,0,0,0,0,0
VPS28,29,52,37,11,112
VPS29,45,56,10,15,125
VPS33A,13,24,9,8,237
VPS33B,19,26,6,8,193
VPS35,64,70,27,17,263
VPS35L,0,0,0,0,0
VPS36,31,33,10,11,55
VPS37A,12,11,6,6,32
VPS37B,24,28,20,5,56
VPS37C,35,32,33,6,133
VPS37D,1,1,3,6,18
VPS41,17,26,13,3,60
VPS45,5,26,8,8,145
VPS4A,16,25,16,9,78
VPS4B,30,43,13,10,88
VPS50,0,0,0,2,0
VPS51,0,20,8,6,137
VPS52,53,61,48,10,184
VPS53,12,17,5,7,104
VPS54,4,7,1,9,33
VPS72,18,34,27,10,117
VPS8,1,9,1,3,70
VPS9D1,0,1,2,1,35
VRK1,15,22,16,20,275
VRK2,15,25,12,8,227
VRK3,4,9,7,5,143
VRTN,0,0,0,3,19
VSIG10,2,1,1,2,7
VSIG10L,0,0,0,1,1
VSIG4,2,59,3,6,178
VSNL1,4,10,7,10,31
VSTM2L,1,3,1,1,4
VSTM5,0,0,0,0,0
VTA1,30,37,24,11,139
VTCN1,0,0,1,3,18
VTI1A,7,9,10,7,69
VTI1B,13,63,20,9,212
VTN,76,77,50,70,177
VWA1,0,3,1,1,23
VWA3B,0,0,0,0,13
VWA5A,3,3,2,3,49
VWA5B2,1,2,1,3,12
VWA8,0,14,2,3,334
VWDE,1,3,0,6,67
VWF,14,13,20,468,31
WAC,26,32,12,100,92
WAPL,0,0,0,85,0
WARS2,2,2,1,13,40
WAS,56,61,74,322,73
WASF1,15,27,37,23,86
WASF2,14,26,20,28,135
WASF3,4,7,6,10,53
WASHC2A,0,0,0,2,0
WASHC2C,0,0,0,2,0
WASHC4,0,0,0,2,0
WASHC5,0,0,0,6,0
WASL,51,59,51,298,113
WBP1,5,37,7,2,41
WBP11,33,40,32,13,154
WBP1L,0,2,3,2,8
WBP2,13,14,13,17,80
WBP4,44,44,42,19,106
WDCP,0,0,0,52,0
WDFY3,18,40,13,12,106
WDFY4,2,1,1,7,6
WDHD1,29,40,5,47,174
WDPCP,0,0,0,3,2
WDR1,36,91,12,22,205
WDR11,4,19,3,7,135
WDR12,35,62,8,25,135
WDR13,1,1,2,0,22
WDR18,38,47,115,16,123
WDR19,1,3,1,4,33
WDR20,21,28,18,7,84
WDR24,2,16,2,12,40
WDR25,7,7,6,10,55
WDR26,37,46,13,5,177
WDR27,2,2,1,1,8
WDR3,14,27,5,22,156
WDR33,36,47,19,15,141
WDR35,4,13,2,4,37
WDR36,23,56,9,31,207
WDR37,4,15,4,1,75
WDR38,0,0,0,1,0
WDR41,2,7,2,8,128
WDR43,13,16,4,29,114
WDR44,18,27,5,3,107
WDR45,5,10,3,4,48
WDR45B,0,14,2,0,64
WDR46,5,11,0,19,169
WDR47,2,6,4,1,36
WDR48,69,73,68,21,151
WDR5,125,154,82,44,1087
WDR53,1,4,1,9,28
WDR54,2,7,2,1,48
WDR55,6,10,2,5,59
WDR59,4,14,4,11,109
WDR5B,4,4,10,0,49
WDR6,19,28,12,3,322
WDR62,13,34,13,17,103
WDR7,3,6,3,4,50
WDR70,7,11,2,12,77
WDR72,0,0,0,5,8
WDR73,9,14,9,9,27
WDR74,14,29,5,15,110
WDR75,7,12,3,18,101
WDR76,4,43,3,27,376
WDR77,77,95,171,27,361
WDR81,9,11,3,2,36
WDR82,48,55,12,12,200
WDR83,29,118,24,11,190
WDR83OS,2,2,1,2,8
WDR88,2,1,2,0,5
WDR89,6,8,6,1,33
WDR90,2,15,1,12,34
WDR91,3,10,3,1,34
WDSUB1,1,1,0,0,4
WDTC1,9,12,8,5,155
WEE1,19,30,26,27,88
WEE2,0,0,0,4,0
WFDC1,7,7,5,1,12
WFDC11,0,0,0,0,18
WFDC2,1,1,1,5,24
WFIKKN1,1,1,6,3,8
WFIKKN2,0,0,6,1,0
WFS1,8,10,8,13,114
WHAMM,0,0,0,49,9
WHRN,0,0,0,12,0
WIF1,5,8,5,5,144
WIPF1,27,29,27,19,41
WIPF2,16,18,7,14,38
WIPF3,2,3,1,5,14
WIPI1,7,12,8,10,50
WIPI2,21,27,17,13,79
WIZ,31,53,17,3,216
WLS,6,10,2,64,100
WNK1,43,51,190,16,128
WNK1,43,51,190,16,128
WNK4,11,10,13,7,18
WNT1,6,6,10,21,7
WNT10A,0,1,0,6,36
WNT10B,1,5,1,9,23
WNT11,4,3,4,12,29
WNT16,1,1,1,5,29
WNT2,5,6,8,20,18
WNT2B,2,2,2,6,5
WNT3A,3,14,13,30,34
WNT4,5,25,6,20,37
WNT5A,4,7,5,40,63
WNT5B,2,1,3,5,4
WNT7A,0,0,3,11,38
WNT7B,3,4,4,10,8
WNT9A,0,0,0,6,2
WNT9B,1,5,0,7,7
WRAP53,9,34,2,16,90
WRAP73,31,71,53,2,124
WRN,37,40,38,333,94
WRNIP1,24,31,16,11,128
WSB1,12,12,13,10,26
WSB2,8,8,7,3,83
WSCD2,0,0,0,1,1
WT1,21,26,26,48,68
WTAP,13,19,11,134,195
WTIP,4,8,3,4,12
WWC1,17,36,27,11,93
WWC2,3,11,2,2,29
WWOX,235,243,33,187,619
WWP1,58,72,63,13,255
WWP2,69,88,59,25,841
WWTR1,18,24,19,17,387
XAB2,30,51,22,34,178
XAF1,12,11,7,6,40
XAGE2,5,7,5,0,15
XAGE3,2,2,2,0,20
XBP1,26,27,24,44,47
XBP1,26,27,24,44,47
XIAP,116,135,99,335,234
XIRP1,6,6,1,8,17
XIRP2,5,5,2,21,42
XK,4,7,4,20,10
XKR4,0,1,0,1,8
XKR6,1,1,0,5,7
XKR7,0,0,0,0,1
XKR8,1,1,0,3,7
XKRX,0,0,0,11,9
XPA,23,28,25,205,85
XPC,37,48,24,184,172
XPNPEP1,42,69,8,10,107
XPNPEP3,6,7,2,14,81
XPO1,152,1206,116,59,1491
XPO4,16,28,8,9,106
XPO5,54,64,29,10,239
XPO6,14,28,12,6,90
XPO7,57,71,19,3,1097
XPOT,26,36,20,123,235
XPR1,3,16,1,30,211
XRCC1,38,61,32,41,175
XRCC2,9,11,9,26,24
XRCC3,8,140,7,34,178
XRCC4,29,35,26,23,117
XRCC5,171,212,102,66,509
XRCC6,235,261,175,69,918
XRN1,72,101,37,30,255
XRN2,67,75,35,32,339
XRN2,67,75,35,32,339
XRRA1,1,1,0,0,9
XYLT2,0,6,0,6,52
YAF2,30,31,11,9,200
YAP1,101,120,44,50,1084
YARS2,9,22,7,24,230
YBEY,1,11,2,135,97
YBX1,147,177,240,64,736
YBX2,4,6,1,3,285
YBX3,0,84,26,12,389
YDJC,2,2,1,2,5
YEATS2,22,30,3,7,172
YEATS4,26,98,35,12,175
YES1,56,84,67,34,371
YIF1A,5,14,6,6,129
YIPF1,4,3,2,5,56
YIPF2,4,8,5,3,44
YIPF3,14,18,9,3,195
YIPF4,4,6,4,0,73
YIPF5,3,41,2,1,132
YIPF6,4,5,3,19,133
YJEFN3,0,0,0,3,10
YJU2,0,0,0,16,0
YKT6,10,43,7,23,231
YLPM1,29,37,18,6,161
YME1L1,17,29,6,25,193
YOD1,21,25,11,10,519
YPEL1,1,1,0,0,7
YPEL2,2,2,2,0,5
YPEL3,7,8,8,1,133
YPEL4,0,0,0,0,0
YPEL5,3,11,1,4,75
YRDC,5,7,3,80,23
YTHDC1,41,45,42,23,393
YTHDC2,12,22,7,17,208
YTHDF1,20,46,5,17,443
YTHDF2,24,39,8,21,452
YWHAB,291,311,233,432,982
YWHAE,311,348,218,438,1167
YWHAG,251,271,477,294,1185
YWHAH,120,179,231,227,1076
YWHAQ,385,410,197,268,1094
YWHAZ,372,332,543,500,1201
YY1,113,120,94,52,439
YY1AP1,14,15,14,0,55
ZACN,0,67,0,0,95
ZAP70,46,47,63,44,67
ZAR1L,0,0,0,0,16
ZBBX,0,0,1,2,30
ZBED2,3,2,3,0,5
ZBED4,3,3,3,1,32
ZBP1,13,13,12,14,39
ZBTB1,92,97,13,2,138
ZBTB10,14,23,8,1,152
ZBTB11,8,11,5,1,112
ZBTB12,0,0,2,1,8
ZBTB14,0,44,39,2,82
ZBTB16,111,112,116,29,171
ZBTB17,14,25,28,5,43
ZBTB18,0,8,7,5,51
ZBTB2,11,19,6,3,446
ZBTB20,5,12,3,4,37
ZBTB21,0,14,4,3,166
ZBTB22,10,10,10,2,20
ZBTB24,38,43,36,4,156
ZBTB25,22,25,40,0,43
ZBTB26,8,8,7,1,37
ZBTB3,23,23,21,3,58
ZBTB32,19,20,14,3,57
ZBTB33,16,40,11,10,129
ZBTB34,1,4,0,1,29
ZBTB37,1,3,1,1,7
ZBTB38,16,43,17,4,146
ZBTB39,2,1,1,1,32
ZBTB4,7,6,2,3,32
ZBTB40,2,2,5,4,23
ZBTB41,2,1,1,2,13
ZBTB42,0,0,0,0,66
ZBTB43,25,25,19,2,46
ZBTB44,8,20,11,1,63
ZBTB45,1,1,1,0,6
ZBTB46,6,22,2,7,29
ZBTB47,1,2,2,0,144
ZBTB48,17,24,17,3,138
ZBTB49,6,10,7,2,27
ZBTB5,11,11,10,2,53
ZBTB6,6,6,8,0,11
ZBTB7A,28,29,22,8,137
ZBTB7B,32,32,17,6,56
ZBTB8A,53,53,52,0,82
ZBTB9,34,35,35,0,115
ZC2HC1A,0,12,4,1,59
ZC2HC1C,0,23,23,5,98
ZC3H10,7,9,11,3,197
ZC3H11A,33,44,6,11,215
ZC3H12A,13,17,13,14,42
ZC3H13,42,52,10,23,167
ZC3H14,17,33,7,16,177
ZC3H15,23,37,7,10,116
ZC3H18,35,61,9,34,887
ZC3H4,16,19,1,9,148
ZC3H7A,4,6,5,6,211
ZC3H7B,10,9,6,7,55
ZC3HAV1,32,46,11,20,605
ZC3HAV1L,9,12,5,1,40
ZC3HC1,20,24,12,2,124
ZCCHC10,50,51,50,4,235
ZCCHC12,11,10,9,2,36
ZCCHC13,2,2,2,4,6
ZCCHC14,4,5,2,3,36
ZCCHC17,11,18,7,10,104
ZCCHC18,0,0,0,2,2
ZCCHC2,1,0,1,1,24
ZCCHC24,1,1,1,0,8
ZCCHC3,9,16,6,2,173
ZCCHC7,11,18,7,10,65
ZCWPW1,0,1,1,16,10
ZDHHC1,1,0,1,1,24
ZDHHC11,0,1,1,1,22
ZDHHC14,1,1,0,1,6
ZDHHC15,0,0,0,0,120
ZDHHC16,1,1,1,2,9
ZDHHC17,222,230,10,3,284
ZDHHC18,0,5,0,0,73
ZDHHC20,1,1,1,0,37
ZDHHC23,2,2,2,0,72
ZDHHC24,2,2,2,0,13
ZDHHC4,0,0,1,0,8
ZDHHC5,4,13,1,6,113
ZDHHC6,4,8,3,3,54
ZDHHC7,5,10,3,1,18
ZDHHC8,1,1,1,4,31
ZEB1,23,25,14,38,187
ZEB2,23,21,15,20,92
ZER1,5,19,5,7,77
ZFAND1,2,1,0,1,16
ZFAND3,2,3,2,1,16
ZFAND4,1,1,1,6,6
ZFAND5,11,12,11,3,31
ZFAND6,7,13,6,4,20
ZFAT,1,2,2,18,8
ZFC3H1,19,40,16,10,188
ZFP1,4,6,2,1,45
ZFP14,2,1,1,0,8
ZFP2,10,10,9,0,15
ZFP28,6,5,5,0,6
ZFP3,0,0,0,1,4
ZFP36,49,50,32,20,175
ZFP36L1,12,12,10,6,29
ZFP36L2,4,6,3,10,210
ZFP37,0,0,1,2,5
ZFP41,0,43,0,0,55
ZFP57,0,4,0,4,15
ZFP62,2,2,0,3,66
ZFP64,24,25,21,0,49
ZFP69B,0,2,1,1,13
ZFP90,0,0,0,3,31
ZFP91,9,16,7,5,138
ZFPL1,2,5,2,3,453
ZFPM1,7,7,7,7,12
ZFPM2,14,14,8,8,29
ZFR,45,55,15,58,297
ZFX,2,2,1,75,17
ZFY,3,2,2,59,11
ZFYVE1,4,4,3,7,56
ZFYVE16,6,7,5,2,104
ZFYVE19,42,43,6,4,54
ZFYVE21,22,23,20,0,83
ZFYVE26,18,19,20,5,48
ZFYVE27,1,1,4,6,64
ZFYVE28,7,6,1,0,7
ZFYVE9,39,39,44,3,104
ZG16B,7,33,7,1,141
ZGPAT,37,44,37,59,175
ZGRF1,0,3,2,3,23
ZHX1,52,55,55,3,95
ZHX2,12,11,12,4,72
ZHX3,5,8,5,3,46
ZIC1,3,3,3,7,114
ZIC2,7,7,6,6,37
ZIC5,0,0,0,0,4
ZIK1,0,0,1,0,3
ZIM3,1,0,1,0,4
ZKSCAN1,7,14,5,1,68
ZKSCAN2,0,0,0,0,9
ZKSCAN3,1,6,2,2,28
ZKSCAN4,9,14,10,0,78
ZKSCAN5,6,7,3,1,15
ZKSCAN7,0,14,9,1,18
ZKSCAN8,0,13,5,0,133
ZMAT1,4,7,5,1,27
ZMAT2,28,38,30,21,113
ZMAT3,10,23,7,3,24
ZMAT4,4,4,4,2,29
ZMIZ1,7,7,10,3,45
ZMIZ2,26,25,19,4,62
ZMPSTE24,23,28,3,22,163
ZMYM1,2,16,2,4,72
ZMYM2,36,48,36,15,271
ZMYM3,19,36,15,3,143
ZMYM4,17,24,12,6,169
ZMYM5,4,7,6,0,37
ZMYM6,2,12,4,1,87
ZMYND10,8,9,10,4,20
ZMYND11,34,51,28,4,93
ZMYND19,15,23,17,4,116
ZMYND8,23,49,13,3,199
ZNF10,5,5,4,0,12
ZNF101,9,10,9,2,32
ZNF106,0,14,12,6,81
ZNF107,4,2,3,0,31
ZNF112,0,0,0,2,7
ZNF114,3,10,3,1,19
ZNF12,2,0,1,1,18
ZNF121,4,4,4,0,51
ZNF124,21,20,21,0,59
ZNF131,15,19,8,1,120
ZNF133,7,7,3,1,28
ZNF134,0,0,0,0,2
ZNF135,7,6,7,0,10
ZNF136,7,6,8,1,36
ZNF138,8,7,8,0,18
ZNF140,2,4,2,0,9
ZNF141,3,0,2,1,2
ZNF142,4,4,3,0,18
ZNF143,4,5,3,10,58
ZNF146,4,11,2,2,96
ZNF148,21,22,18,4,132
ZNF154,0,0,0,0,27
ZNF157,0,0,0,2,9
ZNF16,2,2,31,0,34
ZNF160,4,2,5,0,9
ZNF165,22,22,21,0,46
ZNF169,3,4,3,3,53
ZNF174,7,13,7,1,66
ZNF175,9,8,9,0,12
ZNF177,2,3,2,0,22
ZNF180,4,3,3,1,9
ZNF181,1,0,1,0,8
ZNF182,0,1,0,2,4
ZNF184,6,4,5,0,64
ZNF185,2,1,2,0,63
ZNF189,3,4,0,0,50
ZNF19,0,2,0,0,24
ZNF195,4,3,2,0,58
ZNF2,5,6,3,2,78
ZNF20,20,20,21,0,42
ZNF200,4,4,3,2,12
ZNF202,6,6,7,1,31
ZNF205,12,12,12,0,21
ZNF207,18,22,11,6,99
ZNF212,23,23,21,0,47
ZNF213,1,5,1,1,29
ZNF214,0,0,0,1,14
ZNF215,3,3,3,0,21
ZNF217,11,11,8,5,89
ZNF219,10,40,11,1,79
ZNF22,2,20,2,1,114
ZNF223,5,4,4,1,29
ZNF226,4,3,3,0,12
ZNF227,6,6,6,0,20
ZNF229,1,0,1,0,4
ZNF23,5,6,6,0,28
ZNF230,6,6,6,1,10
ZNF232,7,11,7,1,52
ZNF235,6,5,5,0,12
ZNF236,1,0,1,1,9
ZNF239,2,2,4,2,13
ZNF24,52,59,61,4,159
ZNF248,2,1,1,0,12
ZNF25,1,0,1,0,5
ZNF250,44,49,46,0,129
ZNF251,5,6,6,0,20
ZNF253,1,0,3,0,6
ZNF256,2,1,2,2,3
ZNF26,6,6,6,1,13
ZNF263,15,17,15,5,144
ZNF264,12,11,10,0,39
ZNF266,10,9,11,0,14
ZNF267,5,4,4,0,12
ZNF268,0,1,0,1,11
ZNF273,5,6,4,0,20
ZNF276,3,3,3,6,31
ZNF277,9,13,14,1,24
ZNF280A,1,1,0,0,15
ZNF281,20,37,10,4,176
ZNF282,5,4,6,2,25
ZNF283,0,0,0,0,1
ZNF284,1,0,1,0,13
ZNF286A,3,7,3,1,29
ZNF287,1,0,2,0,13
ZNF296,0,1,0,3,29
ZNF3,8,7,7,0,36
ZNF300,1,0,1,1,5
ZNF302,8,9,5,1,26
ZNF304,0,0,0,1,5
ZNF311,1,0,2,1,9
ZNF317,7,12,6,0,64
ZNF318,10,21,6,11,134
ZNF319,1,0,1,0,25
ZNF32,8,8,9,0,15
ZNF320,4,2,3,0,26
ZNF322,1,1,1,0,3
ZNF324,3,11,0,0,46
ZNF326,42,49,142,19,223
ZNF329,11,11,11,0,31
ZNF330,2,2,2,3,438
ZNF331,9,9,9,4,62
ZNF333,2,4,0,2,21
ZNF334,1,1,2,0,2
ZNF335,11,13,9,7,31
ZNF337,8,8,9,0,15
ZNF34,5,4,5,0,48
ZNF341,7,7,6,4,21
ZNF343,4,3,2,0,25
ZNF346,28,29,9,9,377
ZNF35,3,3,3,0,40
ZNF350,6,7,7,4,17
ZNF354A,3,2,4,1,39
ZNF354B,0,0,0,0,3
ZNF354C,1,0,1,1,32
ZNF358,1,2,1,3,16
ZNF362,2,2,1,2,39
ZNF365,2,2,4,2,17
ZNF366,2,2,5,1,7
ZNF367,0,0,0,1,1
ZNF382,3,3,3,1,7
ZNF383,2,2,1,1,19
ZNF384,5,6,7,8,68
ZNF385A,1,1,5,4,20
ZNF385B,1,2,0,0,5
ZNF391,5,5,5,0,7
ZNF394,3,6,3,2,12
ZNF395,5,6,3,5,18
ZNF396,4,14,5,4,21
ZNF397,6,32,6,0,61
ZNF398,14,13,10,2,42
ZNF404,1,1,1,0,1
ZNF407,6,5,7,0,13
ZNF408,37,37,37,5,142
ZNF41,4,4,5,3,9
ZNF410,15,13,16,0,54
ZNF414,3,11,3,1,114
ZNF417,66,67,68,0,177
ZNF418,3,2,3,1,22
ZNF420,11,13,11,1,31
ZNF423,10,14,14,11,39
ZNF426,18,17,17,2,53
ZNF428,3,3,2,0,30
ZNF43,1,0,2,1,3
ZNF432,0,0,0,0,7
ZNF433,6,5,6,0,9
ZNF436,5,5,1,4,19
ZNF438,0,0,0,0,71
ZNF439,16,15,16,1,26
ZNF440,12,12,14,1,38
ZNF441,1,0,1,0,9
ZNF443,2,1,2,0,3
ZNF444,2,23,1,1,106
ZNF446,25,27,26,0,82
ZNF449,2,3,2,0,10
ZNF45,3,2,1,1,8
ZNF451,25,27,21,6,83
ZNF454,5,4,1,1,4
ZNF460,10,9,4,1,142
ZNF461,3,3,3,0,7
ZNF462,5,4,3,0,65
ZNF467,0,0,3,1,174
ZNF468,3,2,3,0,6
ZNF470,0,0,0,1,3
ZNF471,9,8,7,1,12
ZNF473,16,15,17,7,26
ZNF474,1,0,1,0,43
ZNF48,0,2,0,1,147
ZNF483,10,9,7,0,59
ZNF484,1,0,2,0,12
ZNF486,1,1,1,0,2
ZNF488,10,10,11,0,20
ZNF490,21,20,21,0,49
ZNF496,21,24,20,1,54
ZNF500,0,1,0,0,8
ZNF501,1,4,1,4,7
ZNF502,3,2,3,0,3
ZNF503,2,10,1,0,60
ZNF511,1,11,1,2,34
ZNF512,3,10,2,7,255
ZNF512B,64,71,66,7,198
ZNF513,4,4,4,5,7
ZNF514,1,1,1,0,20
ZNF517,0,0,0,0,27
ZNF518B,2,1,1,0,19
ZNF519,2,1,2,1,1
ZNF521,5,10,6,4,38
ZNF524,1,8,1,2,55
ZNF527,0,0,0,0,2
ZNF532,2,3,1,1,24
ZNF541,1,0,0,2,6
ZNF543,5,2,3,0,21
ZNF544,7,8,5,0,16
ZNF546,1,0,1,0,2
ZNF548,1,0,1,0,5
ZNF550,1,1,1,0,65
ZNF551,1,0,1,0,2
ZNF554,3,2,2,0,11
ZNF555,4,3,3,0,11
ZNF556,2,2,1,0,15
ZNF558,4,8,2,0,25
ZNF559,6,5,6,0,13
ZNF561,2,4,0,0,10
ZNF562,1,11,0,0,18
ZNF563,1,0,1,0,10
ZNF564,24,23,25,0,45
ZNF565,0,0,0,0,3
ZNF566,5,3,3,0,18
ZNF567,4,3,4,1,10
ZNF568,4,2,0,0,7
ZNF569,3,4,3,5,11
ZNF57,2,1,1,2,16
ZNF570,1,0,1,0,2
ZNF571,1,0,1,0,5
ZNF572,29,29,29,1,60
ZNF574,3,11,2,2,205
ZNF575,0,0,0,1,26
ZNF576,7,7,7,1,26
ZNF577,1,1,0,0,5
ZNF579,12,20,11,1,67
ZNF580,6,6,6,0,31
ZNF581,40,40,39,1,108
ZNF582,0,1,0,0,4
ZNF583,0,0,0,0,3
ZNF584,1,1,1,0,11
ZNF585A,1,1,0,0,4
ZNF585B,3,3,1,0,6
ZNF586,1,1,1,0,4
ZNF587,42,42,46,0,133
ZNF587B,0,1,2,0,7
ZNF589,0,2,0,1,11
ZNF592,10,14,3,5,77
ZNF593,19,20,7,15,58
ZNF596,1,1,1,0,2
ZNF597,2,10,1,5,25
ZNF599,4,4,5,0,9
ZNF600,2,1,2,0,4
ZNF605,1,1,0,0,2
ZNF607,2,3,3,0,10
ZNF608,1,2,2,4,90
ZNF609,4,10,2,8,141
ZNF610,1,0,2,1,6
ZNF611,1,0,1,0,11
ZNF613,0,0,0,0,7
ZNF614,3,3,3,2,8
ZNF618,3,4,0,0,34
ZNF619,0,0,1,0,2
ZNF621,0,5,0,2,7
ZNF622,30,39,7,12,127
ZNF623,3,4,0,0,11
ZNF624,3,4,2,0,39
ZNF625,7,7,6,0,14
ZNF626,3,2,3,0,3
ZNF627,2,1,2,0,19
ZNF628,1,1,0,1,19
ZNF629,1,6,1,5,129
ZNF638,34,44,16,14,263
ZNF639,6,7,6,0,23
ZNF641,2,4,2,0,22
ZNF644,7,26,2,3,185
ZNF646,8,7,7,1,40
ZNF649,3,3,0,0,12
ZNF653,1,1,1,1,51
ZNF654,0,0,0,0,2
ZNF655,17,20,17,0,181
ZNF658,0,0,0,0,8
ZNF660,1,0,1,0,7
ZNF662,2,3,2,1,8
ZNF668,5,19,0,2,223
ZNF669,1,0,1,0,51
ZNF670,13,13,17,0,23
ZNF671,3,2,3,0,4
ZNF672,1,1,0,0,11
ZNF675,4,2,5,0,12
ZNF677,3,2,3,0,26
ZNF680,1,0,1,2,4
ZNF684,1,1,1,0,12
ZNF687,17,27,7,2,113
ZNF689,6,11,4,1,73
ZNF69,2,2,2,0,17
ZNF691,2,2,1,0,28
ZNF692,0,0,0,4,41
ZNF697,9,10,10,0,16
ZNF699,4,3,4,1,12
ZNF7,3,4,6,2,22
ZNF703,1,13,1,0,99
ZNF706,5,4,3,1,9
ZNF707,5,57,5,1,78
ZNF709,2,0,3,0,11
ZNF71,4,6,4,1,78
ZNF710,0,0,0,2,3
ZNF711,3,4,2,2,37
ZNF713,1,0,1,1,5
ZNF714,5,3,3,0,16
ZNF74,4,3,5,2,33
ZNF740,7,7,3,2,26
ZNF746,15,15,12,4,319
ZNF747,4,7,2,1,39
ZNF75A,1,1,1,0,8
ZNF75D,1,0,1,2,1
ZNF76,11,10,7,1,103
ZNF763,2,1,2,4,4
ZNF764,7,7,5,0,92
ZNF765,5,3,4,0,23
ZNF768,8,17,6,4,127
ZNF77,2,1,1,2,21
ZNF771,1,3,0,0,59
ZNF772,3,2,2,0,8
ZNF773,2,1,2,0,13
ZNF774,4,5,5,1,78
ZNF775,7,6,5,0,25
ZNF777,1,1,3,1,99
ZNF782,1,0,1,1,38
ZNF783,0,1,0,1,10
ZNF784,2,3,2,0,31
ZNF785,7,7,7,0,94
ZNF786,1,1,1,0,21
ZNF787,7,7,0,0,41
ZNF789,1,0,0,0,4
ZNF79,4,3,4,1,12
ZNF791,1,0,1,1,20
ZNF792,12,12,11,0,60
ZNF793,0,0,0,0,8
ZNF8,6,6,11,1,42
ZNF800,4,6,1,1,41
ZNF804A,2,2,2,6,9
ZNF805,0,0,0,0,7
ZNF81,0,0,0,2,5
ZNF816,1,0,1,1,15
ZNF821,4,5,5,0,14
ZNF823,2,1,3,3,5
ZNF829,4,8,0,0,21
ZNF83,4,3,4,0,12
ZNF830,15,18,11,5,53
ZNF831,0,0,0,1,7
ZNF839,3,3,5,1,8
ZNF84,1,1,1,1,12
ZNF844,6,5,6,0,13
ZNF845,2,1,1,0,30
ZNF85,2,1,2,0,7
ZNF853,0,0,0,0,1
ZNF862,1,0,3,0,3
ZNF865,1,1,1,0,49
ZNF879,1,0,1,0,4
ZNF91,6,3,5,0,14
ZNF92,3,3,3,1,55
ZNHIT1,8,13,27,6,53
ZNHIT2,6,18,1,5,93
ZNHIT3,13,19,13,7,48
ZNHIT6,6,7,5,7,67
ZNRF1,16,25,14,2,35
ZNRF3,6,11,3,6,37
ZNRF4,10,10,10,2,109
ZP2,0,0,4,8,8
ZP3,8,7,2,8,14
ZPBP2,0,10,0,4,20
ZPR1,0,66,7,23,82
ZRANB1,28,30,24,9,4160
ZRANB2,51,72,24,6,196
ZRANB3,4,4,2,14,32
ZRSR2,7,40,20,13,69
ZSCAN1,38,48,38,3,54
ZSCAN16,3,4,3,0,13
ZSCAN18,6,9,5,1,52
ZSCAN20,3,50,2,2,64
ZSCAN21,12,18,12,0,102
ZSCAN22,6,6,6,2,33
ZSCAN23,0,2,1,1,38
ZSCAN25,0,8,0,0,73
ZSCAN29,4,5,1,0,26
ZSCAN30,0,4,0,1,14
ZSCAN31,0,1,1,0,18
ZSCAN32,0,36,16,2,45
ZSCAN4,2,2,2,4,15
ZSCAN5A,1,9,1,0,39
ZSCAN9,0,8,5,0,18
ZSWIM1,2,1,2,2,3
ZSWIM2,3,2,3,0,9
ZSWIM3,0,0,1,1,3
ZSWIM4,0,0,0,3,3
ZSWIM6,1,1,1,3,7
ZSWIM7,8,7,3,7,16
ZSWIM8,0,14,2,5,70
ZW10,25,37,19,24,148
ZWILCH,4,6,4,150,31
ZWINT,37,83,19,203,135
ZXDA,1,0,2,2,13
ZXDB,1,1,0,1,19
ZXDC,12,12,15,11,28
ZYG11A,1,0,1,4,21
ZYX,70,79,41,128,321
ZZEF1,12,31,7,2,134
ZZZ3,23,29,18,4,138
